env_dir,stage,run_tag,optimizer,learning_rate,batch,eval_actiononly_ppl,eval_actiononly_acc,eval_action_acc,eval_ppl,eval_n_action_tokens,eval_n_label_tokens,log_dir
act_prm_snorkel_finance_split,s2,snorkel_finance_split_s2_actions_only_heldout,,4e-05,5,2.84264,0.82349,0.82349,,,,snorkel_finance_split_s2_actions_only_heldout-act-prm-ia=0-rr=0-ec=act_prm_snorkel_finance_split-gc=act_prm_actions_only-tc=sft-rbc=default-nb=60-nt=0-mc=hf_qwen3_4b_instruct-lc=r8_a16_linea-515c91d1
act_prm_snorkel_finance_split,s2,snorkel_finance_split_s2_actions_only_heldout,,4e-05,5,2.84264,0.82349,0.82349,,,,snorkel_finance_split_s2_actions_only_heldout-act-prm-ia=0-rr=0-ec=act_prm_snorkel_finance_split-gc=act_prm_actions_only-tc=sft-rbc=default-nb=60-nt=0-mc=hf_qwen3_4b_instruct-lc=r8_a16_linea-515c91d1
act_prm_snorkel_finance_split,s2,snorkel_finance_split_s2_actions_only_heldout,,4e-05,10,2.844663,0.823458,0.823458,,,,snorkel_finance_split_s2_actions_only_heldout-act-prm-ia=0-rr=0-ec=act_prm_snorkel_finance_split-gc=act_prm_actions_only-tc=sft-rbc=default-nb=60-nt=0-mc=hf_qwen3_4b_instruct-lc=r8_a16_linea-515c91d1
act_prm_snorkel_finance_split,s2,snorkel_finance_split_s2_actions_only_heldout,,4e-05,10,2.844663,0.823458,0.823458,,,,snorkel_finance_split_s2_actions_only_heldout-act-prm-ia=0-rr=0-ec=act_prm_snorkel_finance_split-gc=act_prm_actions_only-tc=sft-rbc=default-nb=60-nt=0-mc=hf_qwen3_4b_instruct-lc=r8_a16_linea-515c91d1
act_prm_snorkel_finance_split,s2,snorkel_finance_split_s2_actions_only_heldout,,4e-05,15,2.847143,0.823362,0.823362,,,,snorkel_finance_split_s2_actions_only_heldout-act-prm-ia=0-rr=0-ec=act_prm_snorkel_finance_split-gc=act_prm_actions_only-tc=sft-rbc=default-nb=60-nt=0-mc=hf_qwen3_4b_instruct-lc=r8_a16_linea-515c91d1
act_prm_snorkel_finance_split,s2,snorkel_finance_split_s2_actions_only_heldout,,4e-05,15,2.847143,0.823362,0.823362,,,,snorkel_finance_split_s2_actions_only_heldout-act-prm-ia=0-rr=0-ec=act_prm_snorkel_finance_split-gc=act_prm_actions_only-tc=sft-rbc=default-nb=60-nt=0-mc=hf_qwen3_4b_instruct-lc=r8_a16_linea-515c91d1
act_prm_snorkel_finance_split,s2,snorkel_finance_split_s2_actions_only_heldout,,4e-05,20,2.844037,0.823842,0.823842,,,,snorkel_finance_split_s2_actions_only_heldout-act-prm-ia=0-rr=0-ec=act_prm_snorkel_finance_split-gc=act_prm_actions_only-tc=sft-rbc=default-nb=60-nt=0-mc=hf_qwen3_4b_instruct-lc=r8_a16_linea-515c91d1
act_prm_snorkel_finance_split,s2,snorkel_finance_split_s2_actions_only_heldout,,4e-05,20,2.844037,0.823842,0.823842,,,,snorkel_finance_split_s2_actions_only_heldout-act-prm-ia=0-rr=0-ec=act_prm_snorkel_finance_split-gc=act_prm_actions_only-tc=sft-rbc=default-nb=60-nt=0-mc=hf_qwen3_4b_instruct-lc=r8_a16_linea-515c91d1
act_prm_snorkel_finance_split,s2,snorkel_finance_split_s2_actions_only_heldout,,4e-05,25,2.845916,0.823682,0.823682,,,,snorkel_finance_split_s2_actions_only_heldout-act-prm-ia=0-rr=0-ec=act_prm_snorkel_finance_split-gc=act_prm_actions_only-tc=sft-rbc=default-nb=60-nt=0-mc=hf_qwen3_4b_instruct-lc=r8_a16_linea-515c91d1
act_prm_snorkel_finance_split,s2,snorkel_finance_split_s2_actions_only_heldout,,4e-05,25,2.845916,0.823682,0.823682,,,,snorkel_finance_split_s2_actions_only_heldout-act-prm-ia=0-rr=0-ec=act_prm_snorkel_finance_split-gc=act_prm_actions_only-tc=sft-rbc=default-nb=60-nt=0-mc=hf_qwen3_4b_instruct-lc=r8_a16_linea-515c91d1
act_prm_snorkel_finance_split,s2,snorkel_finance_split_s2_actions_only_heldout,,4e-05,30,2.847247,0.823778,0.823778,,,,snorkel_finance_split_s2_actions_only_heldout-act-prm-ia=0-rr=0-ec=act_prm_snorkel_finance_split-gc=act_prm_actions_only-tc=sft-rbc=default-nb=60-nt=0-mc=hf_qwen3_4b_instruct-lc=r8_a16_linea-515c91d1
act_prm_snorkel_finance_split,s2,snorkel_finance_split_s2_actions_only_heldout,,4e-05,30,2.847247,0.823778,0.823778,,,,snorkel_finance_split_s2_actions_only_heldout-act-prm-ia=0-rr=0-ec=act_prm_snorkel_finance_split-gc=act_prm_actions_only-tc=sft-rbc=default-nb=60-nt=0-mc=hf_qwen3_4b_instruct-lc=r8_a16_linea-515c91d1
act_prm_snorkel_finance_split,s2,snorkel_finance_split_s2_actions_only_heldout,,4e-05,35,2.847175,0.82333,0.82333,,,,snorkel_finance_split_s2_actions_only_heldout-act-prm-ia=0-rr=0-ec=act_prm_snorkel_finance_split-gc=act_prm_actions_only-tc=sft-rbc=default-nb=60-nt=0-mc=hf_qwen3_4b_instruct-lc=r8_a16_linea-515c91d1
act_prm_snorkel_finance_split,s2,snorkel_finance_split_s2_actions_only_heldout,,4e-05,35,2.847175,0.82333,0.82333,,,,snorkel_finance_split_s2_actions_only_heldout-act-prm-ia=0-rr=0-ec=act_prm_snorkel_finance_split-gc=act_prm_actions_only-tc=sft-rbc=default-nb=60-nt=0-mc=hf_qwen3_4b_instruct-lc=r8_a16_linea-515c91d1
act_prm_snorkel_finance_split,s2,snorkel_finance_split_s2_actions_only_heldout,,4e-05,40,2.846295,0.823746,0.823746,,,,snorkel_finance_split_s2_actions_only_heldout-act-prm-ia=0-rr=0-ec=act_prm_snorkel_finance_split-gc=act_prm_actions_only-tc=sft-rbc=default-nb=60-nt=0-mc=hf_qwen3_4b_instruct-lc=r8_a16_linea-515c91d1
act_prm_snorkel_finance_split,s2,snorkel_finance_split_s2_actions_only_heldout,,4e-05,40,2.846295,0.823746,0.823746,,,,snorkel_finance_split_s2_actions_only_heldout-act-prm-ia=0-rr=0-ec=act_prm_snorkel_finance_split-gc=act_prm_actions_only-tc=sft-rbc=default-nb=60-nt=0-mc=hf_qwen3_4b_instruct-lc=r8_a16_linea-515c91d1
act_prm_snorkel_finance_split,s2,snorkel_finance_split_s2_actions_only_heldout,,4e-05,45,2.845973,0.823362,0.823362,,,,snorkel_finance_split_s2_actions_only_heldout-act-prm-ia=0-rr=0-ec=act_prm_snorkel_finance_split-gc=act_prm_actions_only-tc=sft-rbc=default-nb=60-nt=0-mc=hf_qwen3_4b_instruct-lc=r8_a16_linea-515c91d1
act_prm_snorkel_finance_split,s2,snorkel_finance_split_s2_actions_only_heldout,,4e-05,45,2.845973,0.823362,0.823362,,,,snorkel_finance_split_s2_actions_only_heldout-act-prm-ia=0-rr=0-ec=act_prm_snorkel_finance_split-gc=act_prm_actions_only-tc=sft-rbc=default-nb=60-nt=0-mc=hf_qwen3_4b_instruct-lc=r8_a16_linea-515c91d1
act_prm_snorkel_finance_split,s2,snorkel_finance_split_s2_actions_only_heldout,,4e-05,50,2.844765,0.823426,0.823426,,,,snorkel_finance_split_s2_actions_only_heldout-act-prm-ia=0-rr=0-ec=act_prm_snorkel_finance_split-gc=act_prm_actions_only-tc=sft-rbc=default-nb=60-nt=0-mc=hf_qwen3_4b_instruct-lc=r8_a16_linea-515c91d1
act_prm_snorkel_finance_split,s2,snorkel_finance_split_s2_actions_only_heldout,,4e-05,50,2.844765,0.823426,0.823426,,,,snorkel_finance_split_s2_actions_only_heldout-act-prm-ia=0-rr=0-ec=act_prm_snorkel_finance_split-gc=act_prm_actions_only-tc=sft-rbc=default-nb=60-nt=0-mc=hf_qwen3_4b_instruct-lc=r8_a16_linea-515c91d1
act_prm_snorkel_finance_split,s2,snorkel_finance_split_s2_actions_only_heldout,,4e-05,55,2.845057,0.82333,0.82333,,,,snorkel_finance_split_s2_actions_only_heldout-act-prm-ia=0-rr=0-ec=act_prm_snorkel_finance_split-gc=act_prm_actions_only-tc=sft-rbc=default-nb=60-nt=0-mc=hf_qwen3_4b_instruct-lc=r8_a16_linea-515c91d1
act_prm_snorkel_finance_split,s2,snorkel_finance_split_s2_actions_only_heldout,,4e-05,55,2.845057,0.82333,0.82333,,,,snorkel_finance_split_s2_actions_only_heldout-act-prm-ia=0-rr=0-ec=act_prm_snorkel_finance_split-gc=act_prm_actions_only-tc=sft-rbc=default-nb=60-nt=0-mc=hf_qwen3_4b_instruct-lc=r8_a16_linea-515c91d1
act_prm_snorkel_finance_split,s2,snorkel_finance_split_s2_actions_only_heldout,,4e-05,59,2.845985,0.823522,0.823522,,,,snorkel_finance_split_s2_actions_only_heldout-act-prm-ia=0-rr=0-ec=act_prm_snorkel_finance_split-gc=act_prm_actions_only-tc=sft-rbc=default-nb=60-nt=0-mc=hf_qwen3_4b_instruct-lc=r8_a16_linea-515c91d1
act_prm_snorkel_finance_split,s2,snorkel_finance_split_s2_actions_only_heldout,,4e-05,59,2.845985,0.823522,0.823522,,,,snorkel_finance_split_s2_actions_only_heldout-act-prm-ia=0-rr=0-ec=act_prm_snorkel_finance_split-gc=act_prm_actions_only-tc=sft-rbc=default-nb=60-nt=0-mc=hf_qwen3_4b_instruct-lc=r8_a16_linea-515c91d1
act_prm_snorkel_finance_split,s2,snorkel_finance_split_s2_actions_only_heldout_fullctx,,4e-05,5,2.445725,0.870771,0.870771,,,,snorkel_finance_split_s2_actions_only_heldout_fullctx-act-prm-ia=0-rr=0-ec=act_prm_snorkel_finance_split-gc=act_prm_actions_only-tc=sft-rbc=default-nb=60-nt=0-mc=hf_qwen3_4b_instruct-lc=r8_a-2d09b853
act_prm_snorkel_finance_split,s2,snorkel_finance_split_s2_actions_only_heldout_fullctx,,4e-05,5,2.445725,0.870771,0.870771,,,,snorkel_finance_split_s2_actions_only_heldout_fullctx-act-prm-ia=0-rr=0-ec=act_prm_snorkel_finance_split-gc=act_prm_actions_only-tc=sft-rbc=default-nb=60-nt=0-mc=hf_qwen3_4b_instruct-lc=r8_a-2d09b853
act_prm_snorkel_finance_split,s2,snorkel_finance_split_s2_actions_only_heldout_fullctx,,4e-05,10,2.446917,0.870514,0.870514,,,,snorkel_finance_split_s2_actions_only_heldout_fullctx-act-prm-ia=0-rr=0-ec=act_prm_snorkel_finance_split-gc=act_prm_actions_only-tc=sft-rbc=default-nb=60-nt=0-mc=hf_qwen3_4b_instruct-lc=r8_a-2d09b853
act_prm_snorkel_finance_split,s2,snorkel_finance_split_s2_actions_only_heldout_fullctx,,4e-05,10,2.446917,0.870514,0.870514,,,,snorkel_finance_split_s2_actions_only_heldout_fullctx-act-prm-ia=0-rr=0-ec=act_prm_snorkel_finance_split-gc=act_prm_actions_only-tc=sft-rbc=default-nb=60-nt=0-mc=hf_qwen3_4b_instruct-lc=r8_a-2d09b853
act_prm_snorkel_finance_split,s2,snorkel_finance_split_s2_actions_only_heldout_fullctx,,4e-05,15,2.446085,0.870258,0.870258,,,,snorkel_finance_split_s2_actions_only_heldout_fullctx-act-prm-ia=0-rr=0-ec=act_prm_snorkel_finance_split-gc=act_prm_actions_only-tc=sft-rbc=default-nb=60-nt=0-mc=hf_qwen3_4b_instruct-lc=r8_a-2d09b853
act_prm_snorkel_finance_split,s2,snorkel_finance_split_s2_actions_only_heldout_fullctx,,4e-05,15,2.446085,0.870258,0.870258,,,,snorkel_finance_split_s2_actions_only_heldout_fullctx-act-prm-ia=0-rr=0-ec=act_prm_snorkel_finance_split-gc=act_prm_actions_only-tc=sft-rbc=default-nb=60-nt=0-mc=hf_qwen3_4b_instruct-lc=r8_a-2d09b853
act_prm_snorkel_finance_split,s2,snorkel_finance_split_s2_actions_only_heldout_fullctx,,4e-05,20,2.445829,0.870995,0.870995,,,,snorkel_finance_split_s2_actions_only_heldout_fullctx-act-prm-ia=0-rr=0-ec=act_prm_snorkel_finance_split-gc=act_prm_actions_only-tc=sft-rbc=default-nb=60-nt=0-mc=hf_qwen3_4b_instruct-lc=r8_a-2d09b853
act_prm_snorkel_finance_split,s2,snorkel_finance_split_s2_actions_only_heldout_fullctx,,4e-05,20,2.445829,0.870995,0.870995,,,,snorkel_finance_split_s2_actions_only_heldout_fullctx-act-prm-ia=0-rr=0-ec=act_prm_snorkel_finance_split-gc=act_prm_actions_only-tc=sft-rbc=default-nb=60-nt=0-mc=hf_qwen3_4b_instruct-lc=r8_a-2d09b853
act_prm_snorkel_finance_split,s2,snorkel_finance_split_s2_actions_only_heldout_fullctx,,4e-05,25,2.441149,0.870642,0.870642,,,,snorkel_finance_split_s2_actions_only_heldout_fullctx-act-prm-ia=0-rr=0-ec=act_prm_snorkel_finance_split-gc=act_prm_actions_only-tc=sft-rbc=default-nb=60-nt=0-mc=hf_qwen3_4b_instruct-lc=r8_a-2d09b853
act_prm_snorkel_finance_split,s2,snorkel_finance_split_s2_actions_only_heldout_fullctx,,4e-05,25,2.441149,0.870642,0.870642,,,,snorkel_finance_split_s2_actions_only_heldout_fullctx-act-prm-ia=0-rr=0-ec=act_prm_snorkel_finance_split-gc=act_prm_actions_only-tc=sft-rbc=default-nb=60-nt=0-mc=hf_qwen3_4b_instruct-lc=r8_a-2d09b853
act_prm_snorkel_finance_split,s2,snorkel_finance_split_s2_actions_only_heldout_fullctx,,4e-05,30,2.444593,0.870867,0.870867,,,,snorkel_finance_split_s2_actions_only_heldout_fullctx-act-prm-ia=0-rr=0-ec=act_prm_snorkel_finance_split-gc=act_prm_actions_only-tc=sft-rbc=default-nb=60-nt=0-mc=hf_qwen3_4b_instruct-lc=r8_a-2d09b853
act_prm_snorkel_finance_split,s2,snorkel_finance_split_s2_actions_only_heldout_fullctx,,4e-05,30,2.444593,0.870867,0.870867,,,,snorkel_finance_split_s2_actions_only_heldout_fullctx-act-prm-ia=0-rr=0-ec=act_prm_snorkel_finance_split-gc=act_prm_actions_only-tc=sft-rbc=default-nb=60-nt=0-mc=hf_qwen3_4b_instruct-lc=r8_a-2d09b853
act_prm_snorkel_finance_split,s2,snorkel_finance_split_s2_actions_only_heldout_fullctx,,4e-05,35,2.449162,0.870354,0.870354,,,,snorkel_finance_split_s2_actions_only_heldout_fullctx-act-prm-ia=0-rr=0-ec=act_prm_snorkel_finance_split-gc=act_prm_actions_only-tc=sft-rbc=default-nb=60-nt=0-mc=hf_qwen3_4b_instruct-lc=r8_a-2d09b853
act_prm_snorkel_finance_split,s2,snorkel_finance_split_s2_actions_only_heldout_fullctx,,4e-05,35,2.449162,0.870354,0.870354,,,,snorkel_finance_split_s2_actions_only_heldout_fullctx-act-prm-ia=0-rr=0-ec=act_prm_snorkel_finance_split-gc=act_prm_actions_only-tc=sft-rbc=default-nb=60-nt=0-mc=hf_qwen3_4b_instruct-lc=r8_a-2d09b853
act_prm_snorkel_finance_split,s2,snorkel_finance_split_s2_actions_only_heldout_fullctx,,4e-05,40,2.444503,0.870771,0.870771,,,,snorkel_finance_split_s2_actions_only_heldout_fullctx-act-prm-ia=0-rr=0-ec=act_prm_snorkel_finance_split-gc=act_prm_actions_only-tc=sft-rbc=default-nb=60-nt=0-mc=hf_qwen3_4b_instruct-lc=r8_a-2d09b853
act_prm_snorkel_finance_split,s2,snorkel_finance_split_s2_actions_only_heldout_fullctx,,4e-05,40,2.444503,0.870771,0.870771,,,,snorkel_finance_split_s2_actions_only_heldout_fullctx-act-prm-ia=0-rr=0-ec=act_prm_snorkel_finance_split-gc=act_prm_actions_only-tc=sft-rbc=default-nb=60-nt=0-mc=hf_qwen3_4b_instruct-lc=r8_a-2d09b853
act_prm_snorkel_finance_split,s2,snorkel_finance_split_s2_actions_only_heldout_fullctx,,4e-05,45,2.445496,0.870066,0.870066,,,,snorkel_finance_split_s2_actions_only_heldout_fullctx-act-prm-ia=0-rr=0-ec=act_prm_snorkel_finance_split-gc=act_prm_actions_only-tc=sft-rbc=default-nb=60-nt=0-mc=hf_qwen3_4b_instruct-lc=r8_a-2d09b853
act_prm_snorkel_finance_split,s2,snorkel_finance_split_s2_actions_only_heldout_fullctx,,4e-05,45,2.445496,0.870066,0.870066,,,,snorkel_finance_split_s2_actions_only_heldout_fullctx-act-prm-ia=0-rr=0-ec=act_prm_snorkel_finance_split-gc=act_prm_actions_only-tc=sft-rbc=default-nb=60-nt=0-mc=hf_qwen3_4b_instruct-lc=r8_a-2d09b853
act_prm_snorkel_finance_split,s2,snorkel_finance_split_s2_actions_only_heldout_fullctx,,4e-05,50,2.44379,0.870931,0.870931,,,,snorkel_finance_split_s2_actions_only_heldout_fullctx-act-prm-ia=0-rr=0-ec=act_prm_snorkel_finance_split-gc=act_prm_actions_only-tc=sft-rbc=default-nb=60-nt=0-mc=hf_qwen3_4b_instruct-lc=r8_a-2d09b853
act_prm_snorkel_finance_split,s2,snorkel_finance_split_s2_actions_only_heldout_fullctx,,4e-05,50,2.44379,0.870931,0.870931,,,,snorkel_finance_split_s2_actions_only_heldout_fullctx-act-prm-ia=0-rr=0-ec=act_prm_snorkel_finance_split-gc=act_prm_actions_only-tc=sft-rbc=default-nb=60-nt=0-mc=hf_qwen3_4b_instruct-lc=r8_a-2d09b853
act_prm_snorkel_finance_split,s2,snorkel_finance_split_s2_actions_only_heldout_fullctx,,4e-05,55,2.442832,0.87061,0.87061,,,,snorkel_finance_split_s2_actions_only_heldout_fullctx-act-prm-ia=0-rr=0-ec=act_prm_snorkel_finance_split-gc=act_prm_actions_only-tc=sft-rbc=default-nb=60-nt=0-mc=hf_qwen3_4b_instruct-lc=r8_a-2d09b853
act_prm_snorkel_finance_split,s2,snorkel_finance_split_s2_actions_only_heldout_fullctx,,4e-05,55,2.442832,0.87061,0.87061,,,,snorkel_finance_split_s2_actions_only_heldout_fullctx-act-prm-ia=0-rr=0-ec=act_prm_snorkel_finance_split-gc=act_prm_actions_only-tc=sft-rbc=default-nb=60-nt=0-mc=hf_qwen3_4b_instruct-lc=r8_a-2d09b853
act_prm_snorkel_finance_split,s2,snorkel_finance_split_s2_actions_only_heldout_fullctx,,4e-05,59,2.445481,0.870931,0.870931,,,,snorkel_finance_split_s2_actions_only_heldout_fullctx-act-prm-ia=0-rr=0-ec=act_prm_snorkel_finance_split-gc=act_prm_actions_only-tc=sft-rbc=default-nb=60-nt=0-mc=hf_qwen3_4b_instruct-lc=r8_a-2d09b853
act_prm_snorkel_finance_split,s2,snorkel_finance_split_s2_actions_only_heldout_fullctx,,4e-05,59,2.445481,0.870931,0.870931,,,,snorkel_finance_split_s2_actions_only_heldout_fullctx-act-prm-ia=0-rr=0-ec=act_prm_snorkel_finance_split-gc=act_prm_actions_only-tc=sft-rbc=default-nb=60-nt=0-mc=hf_qwen3_4b_instruct-lc=r8_a-2d09b853
act_prm_snorkel_finance_split,s2,snorkel_finance_split_s2_actions_only_lr1e_3_adamw_nb100_heldout,adamw,0.001,10,1.760287,0.853176,0.853176,,,,snorkel_finance_split_s2_actions_only_lr1e_3_adamw_nb100_heldout-act-prm-ia=0-rr=0-ec=act_prm_snorkel_finance_split-gc=act_prm_actions_only-tc=sft-rbc=default-nb=100-nt=0-mc=hf_qwen3_4b_inst-36e2c3ab
act_prm_snorkel_finance_split,s2,snorkel_finance_split_s2_actions_only_lr1e_3_adamw_nb100_heldout,adamw,0.001,10,1.760287,0.853176,0.853176,,,,snorkel_finance_split_s2_actions_only_lr1e_3_adamw_nb100_heldout-act-prm-ia=0-rr=0-ec=act_prm_snorkel_finance_split-gc=act_prm_actions_only-tc=sft-rbc=default-nb=100-nt=0-mc=hf_qwen3_4b_inst-36e2c3ab
act_prm_snorkel_finance_split,s2,snorkel_finance_split_s2_actions_only_lr1e_3_adamw_nb100_heldout,adamw,0.001,20,1.713524,0.855292,0.855292,,,,snorkel_finance_split_s2_actions_only_lr1e_3_adamw_nb100_heldout-act-prm-ia=0-rr=0-ec=act_prm_snorkel_finance_split-gc=act_prm_actions_only-tc=sft-rbc=default-nb=100-nt=0-mc=hf_qwen3_4b_inst-36e2c3ab
act_prm_snorkel_finance_split,s2,snorkel_finance_split_s2_actions_only_lr1e_3_adamw_nb100_heldout,adamw,0.001,20,1.713524,0.855292,0.855292,,,,snorkel_finance_split_s2_actions_only_lr1e_3_adamw_nb100_heldout-act-prm-ia=0-rr=0-ec=act_prm_snorkel_finance_split-gc=act_prm_actions_only-tc=sft-rbc=default-nb=100-nt=0-mc=hf_qwen3_4b_inst-36e2c3ab
act_prm_snorkel_finance_split,s2,snorkel_finance_split_s2_actions_only_lr1e_3_adamw_nb100_heldout,adamw,0.001,30,1.666758,0.861872,0.861872,,,,snorkel_finance_split_s2_actions_only_lr1e_3_adamw_nb100_heldout-act-prm-ia=0-rr=0-ec=act_prm_snorkel_finance_split-gc=act_prm_actions_only-tc=sft-rbc=default-nb=100-nt=0-mc=hf_qwen3_4b_inst-36e2c3ab
act_prm_snorkel_finance_split,s2,snorkel_finance_split_s2_actions_only_lr1e_3_adamw_nb100_heldout,adamw,0.001,30,1.666758,0.861872,0.861872,,,,snorkel_finance_split_s2_actions_only_lr1e_3_adamw_nb100_heldout-act-prm-ia=0-rr=0-ec=act_prm_snorkel_finance_split-gc=act_prm_actions_only-tc=sft-rbc=default-nb=100-nt=0-mc=hf_qwen3_4b_inst-36e2c3ab
act_prm_snorkel_finance_split,s2,snorkel_finance_split_s2_actions_only_lr1e_3_adamw_nb100_heldout,adamw,0.001,40,1.666999,0.862829,0.862829,,,,snorkel_finance_split_s2_actions_only_lr1e_3_adamw_nb100_heldout-act-prm-ia=0-rr=0-ec=act_prm_snorkel_finance_split-gc=act_prm_actions_only-tc=sft-rbc=default-nb=100-nt=0-mc=hf_qwen3_4b_inst-36e2c3ab
act_prm_snorkel_finance_split,s2,snorkel_finance_split_s2_actions_only_lr1e_3_adamw_nb100_heldout,adamw,0.001,40,1.666999,0.862829,0.862829,,,,snorkel_finance_split_s2_actions_only_lr1e_3_adamw_nb100_heldout-act-prm-ia=0-rr=0-ec=act_prm_snorkel_finance_split-gc=act_prm_actions_only-tc=sft-rbc=default-nb=100-nt=0-mc=hf_qwen3_4b_inst-36e2c3ab
act_prm_snorkel_finance_split,s2,snorkel_finance_split_s2_actions_only_lr1e_3_adamw_nb100_heldout,adamw,0.001,50,1.653468,0.866336,0.866336,,,,snorkel_finance_split_s2_actions_only_lr1e_3_adamw_nb100_heldout-act-prm-ia=0-rr=0-ec=act_prm_snorkel_finance_split-gc=act_prm_actions_only-tc=sft-rbc=default-nb=100-nt=0-mc=hf_qwen3_4b_inst-36e2c3ab
act_prm_snorkel_finance_split,s2,snorkel_finance_split_s2_actions_only_lr1e_3_adamw_nb100_heldout,adamw,0.001,50,1.653468,0.866336,0.866336,,,,snorkel_finance_split_s2_actions_only_lr1e_3_adamw_nb100_heldout-act-prm-ia=0-rr=0-ec=act_prm_snorkel_finance_split-gc=act_prm_actions_only-tc=sft-rbc=default-nb=100-nt=0-mc=hf_qwen3_4b_inst-36e2c3ab
act_prm_snorkel_finance_split,s2,snorkel_finance_split_s2_actions_only_lr1e_3_adamw_nb100_heldout,adamw,0.001,60,1.662847,0.866452,0.866452,,,,snorkel_finance_split_s2_actions_only_lr1e_3_adamw_nb100_heldout-act-prm-ia=0-rr=0-ec=act_prm_snorkel_finance_split-gc=act_prm_actions_only-tc=sft-rbc=default-nb=100-nt=0-mc=hf_qwen3_4b_inst-36e2c3ab
act_prm_snorkel_finance_split,s2,snorkel_finance_split_s2_actions_only_lr1e_3_adamw_nb100_heldout,adamw,0.001,60,1.662847,0.866452,0.866452,,,,snorkel_finance_split_s2_actions_only_lr1e_3_adamw_nb100_heldout-act-prm-ia=0-rr=0-ec=act_prm_snorkel_finance_split-gc=act_prm_actions_only-tc=sft-rbc=default-nb=100-nt=0-mc=hf_qwen3_4b_inst-36e2c3ab
act_prm_snorkel_finance_split,s2,snorkel_finance_split_s2_actions_only_lr1e_3_adamw_nb100_heldout,adamw,0.001,70,1.678722,0.86564,0.86564,,,,snorkel_finance_split_s2_actions_only_lr1e_3_adamw_nb100_heldout-act-prm-ia=0-rr=0-ec=act_prm_snorkel_finance_split-gc=act_prm_actions_only-tc=sft-rbc=default-nb=100-nt=0-mc=hf_qwen3_4b_inst-36e2c3ab
act_prm_snorkel_finance_split,s2,snorkel_finance_split_s2_actions_only_lr1e_3_adamw_nb100_heldout,adamw,0.001,70,1.678722,0.86564,0.86564,,,,snorkel_finance_split_s2_actions_only_lr1e_3_adamw_nb100_heldout-act-prm-ia=0-rr=0-ec=act_prm_snorkel_finance_split-gc=act_prm_actions_only-tc=sft-rbc=default-nb=100-nt=0-mc=hf_qwen3_4b_inst-36e2c3ab
act_prm_snorkel_finance_split,s2,snorkel_finance_split_s2_actions_only_lr1e_3_adamw_nb100_heldout,adamw,0.001,80,1.694204,0.8648,0.8648,,,,snorkel_finance_split_s2_actions_only_lr1e_3_adamw_nb100_heldout-act-prm-ia=0-rr=0-ec=act_prm_snorkel_finance_split-gc=act_prm_actions_only-tc=sft-rbc=default-nb=100-nt=0-mc=hf_qwen3_4b_inst-36e2c3ab
act_prm_snorkel_finance_split,s2,snorkel_finance_split_s2_actions_only_lr1e_3_adamw_nb200_flat32_heldout,adamw,0.001,5,1.893394,0.841837,0.841837,1.893394,34497.0,34497.0,snorkel_finance_split_s2_actions_only_lr1e_3_adamw_nb200_flat32_heldout-act-prm-ia=0-rr=0-ec=act_prm_snorkel_finance_split-gc=act_prm_actions_only-tc=sft_flat-rbc=default-nb=200-nt=0-mc=hf_q-829b5468
act_prm_snorkel_finance_split,s2,snorkel_finance_split_s2_actions_only_lr1e_3_adamw_nb200_flat32_heldout,adamw,0.001,10,1.836945,0.845769,0.845769,1.836945,34497.0,34497.0,snorkel_finance_split_s2_actions_only_lr1e_3_adamw_nb200_flat32_heldout-act-prm-ia=0-rr=0-ec=act_prm_snorkel_finance_split-gc=act_prm_actions_only-tc=sft_flat-rbc=default-nb=200-nt=0-mc=hf_q-829b5468
act_prm_snorkel_finance_split,s2,snorkel_finance_split_s2_actions_only_lr1e_3_adamw_nb200_flat32_heldout,adamw,0.001,15,1.765379,0.852976,0.852976,1.765379,34497.0,34497.0,snorkel_finance_split_s2_actions_only_lr1e_3_adamw_nb200_flat32_heldout-act-prm-ia=0-rr=0-ec=act_prm_snorkel_finance_split-gc=act_prm_actions_only-tc=sft_flat-rbc=default-nb=200-nt=0-mc=hf_q-829b5468
act_prm_snorkel_finance_split,s2,snorkel_finance_split_s2_actions_only_lr1e_3_adamw_nb200_flat32_heldout,adamw,0.001,20,1.737168,0.853805,0.853805,1.737168,34497.0,34497.0,snorkel_finance_split_s2_actions_only_lr1e_3_adamw_nb200_flat32_heldout-act-prm-ia=0-rr=0-ec=act_prm_snorkel_finance_split-gc=act_prm_actions_only-tc=sft_flat-rbc=default-nb=200-nt=0-mc=hf_q-829b5468
act_prm_snorkel_finance_split,s2,snorkel_finance_split_s2_actions_only_lr1e_3_adamw_nb200_flat32_heldout,adamw,0.001,25,1.728889,0.85477,0.85477,1.728889,34497.0,34497.0,snorkel_finance_split_s2_actions_only_lr1e_3_adamw_nb200_flat32_heldout-act-prm-ia=0-rr=0-ec=act_prm_snorkel_finance_split-gc=act_prm_actions_only-tc=sft_flat-rbc=default-nb=200-nt=0-mc=hf_q-829b5468
act_prm_snorkel_finance_split,s2,snorkel_finance_split_s2_actions_only_lr1e_3_adamw_nb200_flat32_heldout,adamw,0.001,30,1.696215,0.858398,0.858398,1.696215,34497.0,34497.0,snorkel_finance_split_s2_actions_only_lr1e_3_adamw_nb200_flat32_heldout-act-prm-ia=0-rr=0-ec=act_prm_snorkel_finance_split-gc=act_prm_actions_only-tc=sft_flat-rbc=default-nb=200-nt=0-mc=hf_q-829b5468
act_prm_snorkel_finance_split,s2,snorkel_finance_split_s2_actions_only_lr1e_3_adamw_nb200_flat32_heldout,adamw,0.001,35,1.684078,0.859145,0.859145,1.684078,34497.0,34497.0,snorkel_finance_split_s2_actions_only_lr1e_3_adamw_nb200_flat32_heldout-act-prm-ia=0-rr=0-ec=act_prm_snorkel_finance_split-gc=act_prm_actions_only-tc=sft_flat-rbc=default-nb=200-nt=0-mc=hf_q-829b5468
act_prm_snorkel_finance_split,s2,snorkel_finance_split_s2_actions_only_lr1e_3_adamw_nb200_flat32_heldout,adamw,0.001,40,1.671133,0.862789,0.862789,1.671133,34497.0,34497.0,snorkel_finance_split_s2_actions_only_lr1e_3_adamw_nb200_flat32_heldout-act-prm-ia=0-rr=0-ec=act_prm_snorkel_finance_split-gc=act_prm_actions_only-tc=sft_flat-rbc=default-nb=200-nt=0-mc=hf_q-829b5468
act_prm_snorkel_finance_split,s2,snorkel_finance_split_s2_actions_only_lr1e_3_adamw_nb200_flat32_heldout,adamw,0.001,45,1.661154,0.862789,0.862789,1.661154,34497.0,34497.0,snorkel_finance_split_s2_actions_only_lr1e_3_adamw_nb200_flat32_heldout-act-prm-ia=0-rr=0-ec=act_prm_snorkel_finance_split-gc=act_prm_actions_only-tc=sft_flat-rbc=default-nb=200-nt=0-mc=hf_q-829b5468
act_prm_snorkel_finance_split,s2,snorkel_finance_split_s2_actions_only_lr1e_3_adamw_nb200_flat32_heldout,adamw,0.001,50,1.68094,0.863846,0.863846,1.68094,34497.0,34497.0,snorkel_finance_split_s2_actions_only_lr1e_3_adamw_nb200_flat32_heldout-act-prm-ia=0-rr=0-ec=act_prm_snorkel_finance_split-gc=act_prm_actions_only-tc=sft_flat-rbc=default-nb=200-nt=0-mc=hf_q-829b5468
act_prm_snorkel_finance_split,s2,snorkel_finance_split_s2_actions_only_lr1e_3_adamw_nb200_flat32_heldout,adamw,0.001,55,1.677005,0.863881,0.863881,1.677005,34497.0,34497.0,snorkel_finance_split_s2_actions_only_lr1e_3_adamw_nb200_flat32_heldout-act-prm-ia=0-rr=0-ec=act_prm_snorkel_finance_split-gc=act_prm_actions_only-tc=sft_flat-rbc=default-nb=200-nt=0-mc=hf_q-829b5468
act_prm_snorkel_finance_split,s2,snorkel_finance_split_s2_actions_only_lr1e_3_adamw_nb200_flat32_heldout,adamw,0.001,60,1.661501,0.86397,0.86397,1.661501,34497.0,34497.0,snorkel_finance_split_s2_actions_only_lr1e_3_adamw_nb200_flat32_heldout-act-prm-ia=0-rr=0-ec=act_prm_snorkel_finance_split-gc=act_prm_actions_only-tc=sft_flat-rbc=default-nb=200-nt=0-mc=hf_q-829b5468
act_prm_snorkel_finance_split,s2,snorkel_finance_split_s2_actions_only_lr1e_3_adamw_nb200_flat32_heldout,adamw,0.001,65,1.668836,0.863033,0.863033,1.668836,34497.0,34497.0,snorkel_finance_split_s2_actions_only_lr1e_3_adamw_nb200_flat32_heldout-act-prm-ia=0-rr=0-ec=act_prm_snorkel_finance_split-gc=act_prm_actions_only-tc=sft_flat-rbc=default-nb=200-nt=0-mc=hf_q-829b5468
act_prm_snorkel_finance_split,s2,snorkel_finance_split_s2_actions_only_lr1e_3_adamw_nb200_flat32_heldout,adamw,0.001,70,1.658324,0.86374,0.86374,1.658324,34497.0,34497.0,snorkel_finance_split_s2_actions_only_lr1e_3_adamw_nb200_flat32_heldout-act-prm-ia=0-rr=0-ec=act_prm_snorkel_finance_split-gc=act_prm_actions_only-tc=sft_flat-rbc=default-nb=200-nt=0-mc=hf_q-829b5468
act_prm_snorkel_finance_split,s2,snorkel_finance_split_s2_actions_only_lr1e_3_adamw_nb200_flat32_heldout,adamw,0.001,75,1.655419,0.865505,0.865505,1.655419,34497.0,34497.0,snorkel_finance_split_s2_actions_only_lr1e_3_adamw_nb200_flat32_heldout-act-prm-ia=0-rr=0-ec=act_prm_snorkel_finance_split-gc=act_prm_actions_only-tc=sft_flat-rbc=default-nb=200-nt=0-mc=hf_q-829b5468
act_prm_snorkel_finance_split,s2,snorkel_finance_split_s2_actions_only_lr1e_3_adamw_nb200_flat32_heldout,adamw,0.001,80,1.670082,0.864487,0.864487,1.670082,34497.0,34497.0,snorkel_finance_split_s2_actions_only_lr1e_3_adamw_nb200_flat32_heldout-act-prm-ia=0-rr=0-ec=act_prm_snorkel_finance_split-gc=act_prm_actions_only-tc=sft_flat-rbc=default-nb=200-nt=0-mc=hf_q-829b5468
act_prm_snorkel_finance_split,s2,snorkel_finance_split_s2_actions_only_lr1e_3_adamw_nb200_flat32_heldout,adamw,0.001,85,1.661093,0.866224,0.866224,1.661093,34497.0,34497.0,snorkel_finance_split_s2_actions_only_lr1e_3_adamw_nb200_flat32_heldout-act-prm-ia=0-rr=0-ec=act_prm_snorkel_finance_split-gc=act_prm_actions_only-tc=sft_flat-rbc=default-nb=200-nt=0-mc=hf_q-829b5468
act_prm_snorkel_finance_split,s2,snorkel_finance_split_s2_actions_only_lr1e_3_adamw_nb200_flat32_heldout,adamw,0.001,90,1.708945,0.863715,0.863715,1.708945,34497.0,34497.0,snorkel_finance_split_s2_actions_only_lr1e_3_adamw_nb200_flat32_heldout-act-prm-ia=0-rr=0-ec=act_prm_snorkel_finance_split-gc=act_prm_actions_only-tc=sft_flat-rbc=default-nb=200-nt=0-mc=hf_q-829b5468
act_prm_snorkel_finance_split,s2,snorkel_finance_split_s2_actions_only_lr1e_3_adamw_nb200_flat32_heldout,adamw,0.001,95,1.735511,0.862336,0.862336,1.735511,34497.0,34497.0,snorkel_finance_split_s2_actions_only_lr1e_3_adamw_nb200_flat32_heldout-act-prm-ia=0-rr=0-ec=act_prm_snorkel_finance_split-gc=act_prm_actions_only-tc=sft_flat-rbc=default-nb=200-nt=0-mc=hf_q-829b5468
act_prm_snorkel_finance_split,s2,snorkel_finance_split_s2_actions_only_lr1e_3_adamw_nb200_flat32_heldout,adamw,0.001,100,1.685175,0.86421,0.86421,1.685175,34497.0,34497.0,snorkel_finance_split_s2_actions_only_lr1e_3_adamw_nb200_flat32_heldout-act-prm-ia=0-rr=0-ec=act_prm_snorkel_finance_split-gc=act_prm_actions_only-tc=sft_flat-rbc=default-nb=200-nt=0-mc=hf_q-829b5468
act_prm_snorkel_finance_split,s2,snorkel_finance_split_s2_actions_only_lr1e_3_adamw_nb200_flat32_heldout,adamw,0.001,105,1.706322,0.858775,0.858775,1.706322,34497.0,34497.0,snorkel_finance_split_s2_actions_only_lr1e_3_adamw_nb200_flat32_heldout-act-prm-ia=0-rr=0-ec=act_prm_snorkel_finance_split-gc=act_prm_actions_only-tc=sft_flat-rbc=default-nb=200-nt=0-mc=hf_q-829b5468
act_prm_snorkel_finance_split,s2,snorkel_finance_split_s2_actions_only_lr1e_3_nb200_flat32sgd_heldout,sgd,0.001,5,2.777369,0.827616,0.827616,2.777369,34497.0,34497.0,snorkel_finance_split_s2_actions_only_lr1e_3_nb200_flat32sgd_heldout-act-prm-ia=0-rr=0-ec=act_prm_snorkel_finance_split-gc=act_prm_actions_only-tc=sft_flat-rbc=default-nb=200-nt=0-mc=hf_qwen-0b8bb895
act_prm_snorkel_finance_split,s2,snorkel_finance_split_s2_actions_only_lr1e_3_nb200_flat32sgd_heldout,sgd,0.001,10,2.772773,0.827193,0.827193,2.772773,34497.0,34497.0,snorkel_finance_split_s2_actions_only_lr1e_3_nb200_flat32sgd_heldout-act-prm-ia=0-rr=0-ec=act_prm_snorkel_finance_split-gc=act_prm_actions_only-tc=sft_flat-rbc=default-nb=200-nt=0-mc=hf_qwen-0b8bb895
act_prm_snorkel_finance_split,s2,snorkel_finance_split_s2_actions_only_lr1e_3_nb200_flat32sgd_heldout,sgd,0.001,15,2.764656,0.827332,0.827332,2.764656,34497.0,34497.0,snorkel_finance_split_s2_actions_only_lr1e_3_nb200_flat32sgd_heldout-act-prm-ia=0-rr=0-ec=act_prm_snorkel_finance_split-gc=act_prm_actions_only-tc=sft_flat-rbc=default-nb=200-nt=0-mc=hf_qwen-0b8bb895
act_prm_snorkel_finance_split,s2,snorkel_finance_split_s2_actions_only_lr1e_3_nb200_flat32sgd_heldout,sgd,0.001,20,2.750499,0.827915,0.827915,2.750499,34497.0,34497.0,snorkel_finance_split_s2_actions_only_lr1e_3_nb200_flat32sgd_heldout-act-prm-ia=0-rr=0-ec=act_prm_snorkel_finance_split-gc=act_prm_actions_only-tc=sft_flat-rbc=default-nb=200-nt=0-mc=hf_qwen-0b8bb895
act_prm_snorkel_finance_split,s2,snorkel_finance_split_s2_actions_only_lr1e_3_nb200_flat32sgd_heldout,sgd,0.001,25,2.733383,0.827952,0.827952,2.733383,34497.0,34497.0,snorkel_finance_split_s2_actions_only_lr1e_3_nb200_flat32sgd_heldout-act-prm-ia=0-rr=0-ec=act_prm_snorkel_finance_split-gc=act_prm_actions_only-tc=sft_flat-rbc=default-nb=200-nt=0-mc=hf_qwen-0b8bb895
act_prm_snorkel_finance_split,s2,snorkel_finance_split_s2_actions_only_lr1e_3_nb200_flat32sgd_heldout,sgd,0.001,30,2.72068,0.82796,0.82796,2.72068,34497.0,34497.0,snorkel_finance_split_s2_actions_only_lr1e_3_nb200_flat32sgd_heldout-act-prm-ia=0-rr=0-ec=act_prm_snorkel_finance_split-gc=act_prm_actions_only-tc=sft_flat-rbc=default-nb=200-nt=0-mc=hf_qwen-0b8bb895
act_prm_snorkel_finance_split,s2,snorkel_finance_split_s2_actions_only_lr1e_3_nb200_flat32sgd_heldout,sgd,0.001,35,2.704478,0.828587,0.828587,2.704478,34497.0,34497.0,snorkel_finance_split_s2_actions_only_lr1e_3_nb200_flat32sgd_heldout-act-prm-ia=0-rr=0-ec=act_prm_snorkel_finance_split-gc=act_prm_actions_only-tc=sft_flat-rbc=default-nb=200-nt=0-mc=hf_qwen-0b8bb895
act_prm_snorkel_finance_split,s2,snorkel_finance_split_s2_actions_only_lr1e_3_nb200_flat32sgd_heldout,sgd,0.001,40,2.680274,0.829019,0.829019,2.680274,34497.0,34497.0,snorkel_finance_split_s2_actions_only_lr1e_3_nb200_flat32sgd_heldout-act-prm-ia=0-rr=0-ec=act_prm_snorkel_finance_split-gc=act_prm_actions_only-tc=sft_flat-rbc=default-nb=200-nt=0-mc=hf_qwen-0b8bb895
act_prm_snorkel_finance_split,s2,snorkel_finance_split_s2_actions_only_lr1e_3_nb200_flat32sgd_heldout,sgd,0.001,45,2.662062,0.828705,0.828705,2.662062,34497.0,34497.0,snorkel_finance_split_s2_actions_only_lr1e_3_nb200_flat32sgd_heldout-act-prm-ia=0-rr=0-ec=act_prm_snorkel_finance_split-gc=act_prm_actions_only-tc=sft_flat-rbc=default-nb=200-nt=0-mc=hf_qwen-0b8bb895
act_prm_snorkel_finance_split,s2,snorkel_finance_split_s2_actions_only_lr1e_3_nb200_flat32sgd_heldout,sgd,0.001,50,2.633035,0.829694,0.829694,2.633035,34497.0,34497.0,snorkel_finance_split_s2_actions_only_lr1e_3_nb200_flat32sgd_heldout-act-prm-ia=0-rr=0-ec=act_prm_snorkel_finance_split-gc=act_prm_actions_only-tc=sft_flat-rbc=default-nb=200-nt=0-mc=hf_qwen-0b8bb895
act_prm_snorkel_finance_split,s2,snorkel_finance_split_s2_actions_only_lr1e_3_nb200_flat32sgd_heldout,sgd,0.001,55,2.611159,0.829525,0.829525,2.611159,34497.0,34497.0,snorkel_finance_split_s2_actions_only_lr1e_3_nb200_flat32sgd_heldout-act-prm-ia=0-rr=0-ec=act_prm_snorkel_finance_split-gc=act_prm_actions_only-tc=sft_flat-rbc=default-nb=200-nt=0-mc=hf_qwen-0b8bb895
act_prm_snorkel_finance_split,s2,snorkel_finance_split_s2_actions_only_lr1e_3_nb200_flat32sgd_heldout,sgd,0.001,60,2.578216,0.829973,0.829973,2.578216,34497.0,34497.0,snorkel_finance_split_s2_actions_only_lr1e_3_nb200_flat32sgd_heldout-act-prm-ia=0-rr=0-ec=act_prm_snorkel_finance_split-gc=act_prm_actions_only-tc=sft_flat-rbc=default-nb=200-nt=0-mc=hf_qwen-0b8bb895
act_prm_snorkel_finance_split,s2,snorkel_finance_split_s2_actions_only_lr1e_3_nb200_flat32sgd_heldout,sgd,0.001,65,2.545627,0.830332,0.830332,2.545627,34497.0,34497.0,snorkel_finance_split_s2_actions_only_lr1e_3_nb200_flat32sgd_heldout-act-prm-ia=0-rr=0-ec=act_prm_snorkel_finance_split-gc=act_prm_actions_only-tc=sft_flat-rbc=default-nb=200-nt=0-mc=hf_qwen-0b8bb895
act_prm_snorkel_finance_split,s2,snorkel_finance_split_s2_actions_only_lr1e_3_nb200_flat32sgd_heldout,sgd,0.001,70,2.511234,0.831046,0.831046,2.511234,34497.0,34497.0,snorkel_finance_split_s2_actions_only_lr1e_3_nb200_flat32sgd_heldout-act-prm-ia=0-rr=0-ec=act_prm_snorkel_finance_split-gc=act_prm_actions_only-tc=sft_flat-rbc=default-nb=200-nt=0-mc=hf_qwen-0b8bb895
act_prm_snorkel_finance_split,s2,snorkel_finance_split_s2_actions_only_lr1e_3_nb200_flat32sgd_heldout,sgd,0.001,75,2.48271,0.831036,0.831036,2.48271,34497.0,34497.0,snorkel_finance_split_s2_actions_only_lr1e_3_nb200_flat32sgd_heldout-act-prm-ia=0-rr=0-ec=act_prm_snorkel_finance_split-gc=act_prm_actions_only-tc=sft_flat-rbc=default-nb=200-nt=0-mc=hf_qwen-0b8bb895
act_prm_snorkel_finance_split,s2,snorkel_finance_split_s2_actions_only_lr1e_3_nb200_flat32sgd_heldout,sgd,0.001,80,2.448912,0.831801,0.831801,2.448912,34497.0,34497.0,snorkel_finance_split_s2_actions_only_lr1e_3_nb200_flat32sgd_heldout-act-prm-ia=0-rr=0-ec=act_prm_snorkel_finance_split-gc=act_prm_actions_only-tc=sft_flat-rbc=default-nb=200-nt=0-mc=hf_qwen-0b8bb895
act_prm_snorkel_finance_split,s2,snorkel_finance_split_s2_actions_only_lr1e_3_nb200_flat32sgd_heldout,sgd,0.001,85,2.415471,0.832456,0.832456,2.415471,34497.0,34497.0,snorkel_finance_split_s2_actions_only_lr1e_3_nb200_flat32sgd_heldout-act-prm-ia=0-rr=0-ec=act_prm_snorkel_finance_split-gc=act_prm_actions_only-tc=sft_flat-rbc=default-nb=200-nt=0-mc=hf_qwen-0b8bb895
act_prm_snorkel_finance_split,s2,snorkel_finance_split_s2_actions_only_lr1e_3_nb200_flat32sgd_heldout,sgd,0.001,90,2.380708,0.833105,0.833105,2.380708,34497.0,34497.0,snorkel_finance_split_s2_actions_only_lr1e_3_nb200_flat32sgd_heldout-act-prm-ia=0-rr=0-ec=act_prm_snorkel_finance_split-gc=act_prm_actions_only-tc=sft_flat-rbc=default-nb=200-nt=0-mc=hf_qwen-0b8bb895
act_prm_snorkel_finance_split,s2,snorkel_finance_split_s2_actions_only_lr1e_3_nb200_flat32sgd_heldout,sgd,0.001,95,2.350736,0.833703,0.833703,2.350736,34497.0,34497.0,snorkel_finance_split_s2_actions_only_lr1e_3_nb200_flat32sgd_heldout-act-prm-ia=0-rr=0-ec=act_prm_snorkel_finance_split-gc=act_prm_actions_only-tc=sft_flat-rbc=default-nb=200-nt=0-mc=hf_qwen-0b8bb895
act_prm_snorkel_finance_split,s2,snorkel_finance_split_s2_actions_only_lr1e_3_nb200_flat32sgd_heldout,sgd,0.001,100,2.321093,0.834627,0.834627,2.321093,34497.0,34497.0,snorkel_finance_split_s2_actions_only_lr1e_3_nb200_flat32sgd_heldout-act-prm-ia=0-rr=0-ec=act_prm_snorkel_finance_split-gc=act_prm_actions_only-tc=sft_flat-rbc=default-nb=200-nt=0-mc=hf_qwen-0b8bb895
act_prm_snorkel_finance_split,s2,snorkel_finance_split_s2_actions_only_lr1e_3_nb200_flat32sgd_heldout,sgd,0.001,105,2.293191,0.834926,0.834926,2.293191,34497.0,34497.0,snorkel_finance_split_s2_actions_only_lr1e_3_nb200_flat32sgd_heldout-act-prm-ia=0-rr=0-ec=act_prm_snorkel_finance_split-gc=act_prm_actions_only-tc=sft_flat-rbc=default-nb=200-nt=0-mc=hf_qwen-0b8bb895
act_prm_snorkel_finance_split,s2,snorkel_finance_split_s2_actions_only_lr1e_3_nb200_flat32sgd_heldout,sgd,0.001,110,2.265946,0.835924,0.835924,2.265946,34497.0,34497.0,snorkel_finance_split_s2_actions_only_lr1e_3_nb200_flat32sgd_heldout-act-prm-ia=0-rr=0-ec=act_prm_snorkel_finance_split-gc=act_prm_actions_only-tc=sft_flat-rbc=default-nb=200-nt=0-mc=hf_qwen-0b8bb895
act_prm_snorkel_finance_split,s2,snorkel_finance_split_s2_actions_only_lr1e_3_nb200_flat32sgd_heldout,sgd,0.001,115,2.246222,0.835905,0.835905,2.246222,34497.0,34497.0,snorkel_finance_split_s2_actions_only_lr1e_3_nb200_flat32sgd_heldout-act-prm-ia=0-rr=0-ec=act_prm_snorkel_finance_split-gc=act_prm_actions_only-tc=sft_flat-rbc=default-nb=200-nt=0-mc=hf_qwen-0b8bb895
act_prm_snorkel_finance_split,s2,snorkel_finance_split_s2_actions_only_lr1e_3_nb200_flat32sgd_heldout,sgd,0.001,120,2.226457,0.836498,0.836498,2.226457,34497.0,34497.0,snorkel_finance_split_s2_actions_only_lr1e_3_nb200_flat32sgd_heldout-act-prm-ia=0-rr=0-ec=act_prm_snorkel_finance_split-gc=act_prm_actions_only-tc=sft_flat-rbc=default-nb=200-nt=0-mc=hf_qwen-0b8bb895
act_prm_snorkel_finance_split,s2,snorkel_finance_split_s2_actions_only_lr1e_3_nb200_flat32sgd_heldout,sgd,0.001,125,2.209579,0.836764,0.836764,2.209579,34497.0,34497.0,snorkel_finance_split_s2_actions_only_lr1e_3_nb200_flat32sgd_heldout-act-prm-ia=0-rr=0-ec=act_prm_snorkel_finance_split-gc=act_prm_actions_only-tc=sft_flat-rbc=default-nb=200-nt=0-mc=hf_qwen-0b8bb895
act_prm_snorkel_finance_split,s2,snorkel_finance_split_s2_actions_only_lr1e_3_nb200_flat32sgd_heldout,sgd,0.001,130,2.191145,0.836881,0.836881,2.191145,34497.0,34497.0,snorkel_finance_split_s2_actions_only_lr1e_3_nb200_flat32sgd_heldout-act-prm-ia=0-rr=0-ec=act_prm_snorkel_finance_split-gc=act_prm_actions_only-tc=sft_flat-rbc=default-nb=200-nt=0-mc=hf_qwen-0b8bb895
act_prm_snorkel_finance_split,s2,snorkel_finance_split_s2_actions_only_lr1e_3_nb200_flat32sgd_heldout,sgd,0.001,135,2.177579,0.837417,0.837417,2.177579,34497.0,34497.0,snorkel_finance_split_s2_actions_only_lr1e_3_nb200_flat32sgd_heldout-act-prm-ia=0-rr=0-ec=act_prm_snorkel_finance_split-gc=act_prm_actions_only-tc=sft_flat-rbc=default-nb=200-nt=0-mc=hf_qwen-0b8bb895
act_prm_snorkel_finance_split,s2,snorkel_finance_split_s2_actions_only_lr1e_3_nb200_flat32sgd_heldout,sgd,0.001,140,2.163377,0.83735,0.83735,2.163377,34497.0,34497.0,snorkel_finance_split_s2_actions_only_lr1e_3_nb200_flat32sgd_heldout-act-prm-ia=0-rr=0-ec=act_prm_snorkel_finance_split-gc=act_prm_actions_only-tc=sft_flat-rbc=default-nb=200-nt=0-mc=hf_qwen-0b8bb895
act_prm_snorkel_finance_split,s2,snorkel_finance_split_s2_actions_only_lr1e_3_nb200_flat32sgd_heldout,sgd,0.001,145,2.1511,0.83736,0.83736,2.1511,34497.0,34497.0,snorkel_finance_split_s2_actions_only_lr1e_3_nb200_flat32sgd_heldout-act-prm-ia=0-rr=0-ec=act_prm_snorkel_finance_split-gc=act_prm_actions_only-tc=sft_flat-rbc=default-nb=200-nt=0-mc=hf_qwen-0b8bb895
act_prm_snorkel_finance_split,s2,snorkel_finance_split_s2_actions_only_lr1e_3_nb200_flat32sgd_heldout,sgd,0.001,150,2.138363,0.837533,0.837533,2.138363,34497.0,34497.0,snorkel_finance_split_s2_actions_only_lr1e_3_nb200_flat32sgd_heldout-act-prm-ia=0-rr=0-ec=act_prm_snorkel_finance_split-gc=act_prm_actions_only-tc=sft_flat-rbc=default-nb=200-nt=0-mc=hf_qwen-0b8bb895
act_prm_snorkel_finance_split,s2,snorkel_finance_split_s2_actions_only_lr1e_3_nb200_flat32sgd_heldout,sgd,0.001,155,2.13016,0.837322,0.837322,2.13016,34497.0,34497.0,snorkel_finance_split_s2_actions_only_lr1e_3_nb200_flat32sgd_heldout-act-prm-ia=0-rr=0-ec=act_prm_snorkel_finance_split-gc=act_prm_actions_only-tc=sft_flat-rbc=default-nb=200-nt=0-mc=hf_qwen-0b8bb895
act_prm_snorkel_finance_split,s2,snorkel_finance_split_s2_actions_only_lr1e_3_nb200_flat32sgd_heldout,sgd,0.001,160,2.119092,0.838033,0.838033,2.119092,34497.0,34497.0,snorkel_finance_split_s2_actions_only_lr1e_3_nb200_flat32sgd_heldout-act-prm-ia=0-rr=0-ec=act_prm_snorkel_finance_split-gc=act_prm_actions_only-tc=sft_flat-rbc=default-nb=200-nt=0-mc=hf_qwen-0b8bb895
act_prm_snorkel_finance_split,s2,snorkel_finance_split_s2_actions_only_lr1e_3_nb200_flat32sgd_heldout,sgd,0.001,165,2.111266,0.837924,0.837924,2.111266,34497.0,34497.0,snorkel_finance_split_s2_actions_only_lr1e_3_nb200_flat32sgd_heldout-act-prm-ia=0-rr=0-ec=act_prm_snorkel_finance_split-gc=act_prm_actions_only-tc=sft_flat-rbc=default-nb=200-nt=0-mc=hf_qwen-0b8bb895
act_prm_snorkel_finance_split,s2,snorkel_finance_split_s2_actions_only_lr1e_3_nb200_flat32sgd_heldout,sgd,0.001,170,2.101651,0.838124,0.838124,2.101651,34497.0,34497.0,snorkel_finance_split_s2_actions_only_lr1e_3_nb200_flat32sgd_heldout-act-prm-ia=0-rr=0-ec=act_prm_snorkel_finance_split-gc=act_prm_actions_only-tc=sft_flat-rbc=default-nb=200-nt=0-mc=hf_qwen-0b8bb895
act_prm_snorkel_finance_split,s2,snorkel_finance_split_s2_actions_only_lr1e_3_nb200_flat32sgd_heldout,sgd,0.001,175,2.092974,0.838552,0.838552,2.092974,34497.0,34497.0,snorkel_finance_split_s2_actions_only_lr1e_3_nb200_flat32sgd_heldout-act-prm-ia=0-rr=0-ec=act_prm_snorkel_finance_split-gc=act_prm_actions_only-tc=sft_flat-rbc=default-nb=200-nt=0-mc=hf_qwen-0b8bb895
act_prm_snorkel_finance_split,s2,snorkel_finance_split_s2_actions_only_lr1e_3_nb200_flat32sgd_heldout,sgd,0.001,180,2.085447,0.838031,0.838031,2.085447,34497.0,34497.0,snorkel_finance_split_s2_actions_only_lr1e_3_nb200_flat32sgd_heldout-act-prm-ia=0-rr=0-ec=act_prm_snorkel_finance_split-gc=act_prm_actions_only-tc=sft_flat-rbc=default-nb=200-nt=0-mc=hf_qwen-0b8bb895
act_prm_snorkel_finance_split,s2,snorkel_finance_split_s2_actions_only_lr1e_3_nb200_flat32sgd_heldout,sgd,0.001,185,2.078884,0.838501,0.838501,2.078884,34497.0,34497.0,snorkel_finance_split_s2_actions_only_lr1e_3_nb200_flat32sgd_heldout-act-prm-ia=0-rr=0-ec=act_prm_snorkel_finance_split-gc=act_prm_actions_only-tc=sft_flat-rbc=default-nb=200-nt=0-mc=hf_qwen-0b8bb895
act_prm_snorkel_finance_split,s2,snorkel_finance_split_s2_actions_only_lr1e_3_nb200_flat32sgd_heldout,sgd,0.001,190,2.072999,0.838292,0.838292,2.072999,34497.0,34497.0,snorkel_finance_split_s2_actions_only_lr1e_3_nb200_flat32sgd_heldout-act-prm-ia=0-rr=0-ec=act_prm_snorkel_finance_split-gc=act_prm_actions_only-tc=sft_flat-rbc=default-nb=200-nt=0-mc=hf_qwen-0b8bb895
act_prm_snorkel_finance_split,s2,snorkel_finance_split_s2_actions_only_lr1e_3_nb200_flat32sgd_heldout,sgd,0.001,195,2.067678,0.838313,0.838313,2.067678,34497.0,34497.0,snorkel_finance_split_s2_actions_only_lr1e_3_nb200_flat32sgd_heldout-act-prm-ia=0-rr=0-ec=act_prm_snorkel_finance_split-gc=act_prm_actions_only-tc=sft_flat-rbc=default-nb=200-nt=0-mc=hf_qwen-0b8bb895
act_prm_snorkel_finance_split,s2,snorkel_finance_split_s2_actions_only_lr1e_3_nb200_flat32sgd_heldout,sgd,0.001,199,2.063718,0.837962,0.837962,2.063718,34497.0,34497.0,snorkel_finance_split_s2_actions_only_lr1e_3_nb200_flat32sgd_heldout-act-prm-ia=0-rr=0-ec=act_prm_snorkel_finance_split-gc=act_prm_actions_only-tc=sft_flat-rbc=default-nb=200-nt=0-mc=hf_qwen-0b8bb895
act_prm_snorkel_finance_split,s2,snorkel_finance_split_s2_actions_only_lr3e_3_nb150_heldout,,0.003,10,2.772907,0.824418,0.824418,,,,snorkel_finance_split_s2_actions_only_lr3e_3_nb150_heldout-act-prm-ia=0-rr=0-ec=act_prm_snorkel_finance_split-gc=act_prm_actions_only-tc=sft-rbc=default-nb=150-nt=0-mc=hf_qwen3_4b_instruct-l-71940788
act_prm_snorkel_finance_split,s2,snorkel_finance_split_s2_actions_only_lr3e_3_nb150_heldout,,0.003,10,2.772907,0.824418,0.824418,,,,snorkel_finance_split_s2_actions_only_lr3e_3_nb150_heldout-act-prm-ia=0-rr=0-ec=act_prm_snorkel_finance_split-gc=act_prm_actions_only-tc=sft-rbc=default-nb=150-nt=0-mc=hf_qwen3_4b_instruct-l-71940788
act_prm_snorkel_finance_split,s2,snorkel_finance_split_s2_actions_only_lr3e_3_nb150_heldout,,0.003,20,2.611707,0.826563,0.826563,,,,snorkel_finance_split_s2_actions_only_lr3e_3_nb150_heldout-act-prm-ia=0-rr=0-ec=act_prm_snorkel_finance_split-gc=act_prm_actions_only-tc=sft-rbc=default-nb=150-nt=0-mc=hf_qwen3_4b_instruct-l-71940788
act_prm_snorkel_finance_split,s2,snorkel_finance_split_s2_actions_only_lr3e_3_nb150_heldout,,0.003,20,2.611707,0.826563,0.826563,,,,snorkel_finance_split_s2_actions_only_lr3e_3_nb150_heldout-act-prm-ia=0-rr=0-ec=act_prm_snorkel_finance_split-gc=act_prm_actions_only-tc=sft-rbc=default-nb=150-nt=0-mc=hf_qwen3_4b_instruct-l-71940788
act_prm_snorkel_finance_split,s2,snorkel_finance_split_s2_actions_only_lr3e_3_nb150_heldout,,0.003,30,2.398523,0.828996,0.828996,,,,snorkel_finance_split_s2_actions_only_lr3e_3_nb150_heldout-act-prm-ia=0-rr=0-ec=act_prm_snorkel_finance_split-gc=act_prm_actions_only-tc=sft-rbc=default-nb=150-nt=0-mc=hf_qwen3_4b_instruct-l-71940788
act_prm_snorkel_finance_split,s2,snorkel_finance_split_s2_actions_only_lr3e_3_nb150_heldout,,0.003,30,2.398523,0.828996,0.828996,,,,snorkel_finance_split_s2_actions_only_lr3e_3_nb150_heldout-act-prm-ia=0-rr=0-ec=act_prm_snorkel_finance_split-gc=act_prm_actions_only-tc=sft-rbc=default-nb=150-nt=0-mc=hf_qwen3_4b_instruct-l-71940788
act_prm_snorkel_finance_split,s2,snorkel_finance_split_s2_actions_only_lr3e_3_nb150_heldout,,0.003,40,2.204551,0.833317,0.833317,,,,snorkel_finance_split_s2_actions_only_lr3e_3_nb150_heldout-act-prm-ia=0-rr=0-ec=act_prm_snorkel_finance_split-gc=act_prm_actions_only-tc=sft-rbc=default-nb=150-nt=0-mc=hf_qwen3_4b_instruct-l-71940788
act_prm_snorkel_finance_split,s2,snorkel_finance_split_s2_actions_only_lr3e_3_nb150_heldout,,0.003,40,2.204551,0.833317,0.833317,,,,snorkel_finance_split_s2_actions_only_lr3e_3_nb150_heldout-act-prm-ia=0-rr=0-ec=act_prm_snorkel_finance_split-gc=act_prm_actions_only-tc=sft-rbc=default-nb=150-nt=0-mc=hf_qwen3_4b_instruct-l-71940788
act_prm_snorkel_finance_split,s2,snorkel_finance_split_s2_actions_only_lr3e_3_nb150_heldout,,0.003,50,2.112613,0.83463,0.83463,,,,snorkel_finance_split_s2_actions_only_lr3e_3_nb150_heldout-act-prm-ia=0-rr=0-ec=act_prm_snorkel_finance_split-gc=act_prm_actions_only-tc=sft-rbc=default-nb=150-nt=0-mc=hf_qwen3_4b_instruct-l-71940788
act_prm_snorkel_finance_split,s2,snorkel_finance_split_s2_actions_only_lr3e_3_nb150_heldout,,0.003,50,2.112613,0.83463,0.83463,,,,snorkel_finance_split_s2_actions_only_lr3e_3_nb150_heldout-act-prm-ia=0-rr=0-ec=act_prm_snorkel_finance_split-gc=act_prm_actions_only-tc=sft-rbc=default-nb=150-nt=0-mc=hf_qwen3_4b_instruct-l-71940788
act_prm_snorkel_finance_split,s2,snorkel_finance_split_s2_actions_only_lr3e_3_nb150_heldout,,0.003,60,2.054,0.835334,0.835334,,,,snorkel_finance_split_s2_actions_only_lr3e_3_nb150_heldout-act-prm-ia=0-rr=0-ec=act_prm_snorkel_finance_split-gc=act_prm_actions_only-tc=sft-rbc=default-nb=150-nt=0-mc=hf_qwen3_4b_instruct-l-71940788
act_prm_snorkel_finance_split,s2,snorkel_finance_split_s2_actions_only_lr3e_3_nb150_heldout,,0.003,60,2.054,0.835334,0.835334,,,,snorkel_finance_split_s2_actions_only_lr3e_3_nb150_heldout-act-prm-ia=0-rr=0-ec=act_prm_snorkel_finance_split-gc=act_prm_actions_only-tc=sft-rbc=default-nb=150-nt=0-mc=hf_qwen3_4b_instruct-l-71940788
act_prm_snorkel_finance_split,s2,snorkel_finance_split_s2_actions_only_lr3e_3_nb150_heldout,,0.003,70,2.014881,0.836038,0.836038,,,,snorkel_finance_split_s2_actions_only_lr3e_3_nb150_heldout-act-prm-ia=0-rr=0-ec=act_prm_snorkel_finance_split-gc=act_prm_actions_only-tc=sft-rbc=default-nb=150-nt=0-mc=hf_qwen3_4b_instruct-l-71940788
act_prm_snorkel_finance_split,s2,snorkel_finance_split_s2_actions_only_lr3e_3_nb150_heldout,,0.003,70,2.014881,0.836038,0.836038,,,,snorkel_finance_split_s2_actions_only_lr3e_3_nb150_heldout-act-prm-ia=0-rr=0-ec=act_prm_snorkel_finance_split-gc=act_prm_actions_only-tc=sft-rbc=default-nb=150-nt=0-mc=hf_qwen3_4b_instruct-l-71940788
act_prm_snorkel_finance_split,s2,snorkel_finance_split_s2_actions_only_lr3e_3_nb150_heldout,,0.003,80,1.98472,0.836582,0.836582,,,,snorkel_finance_split_s2_actions_only_lr3e_3_nb150_heldout-act-prm-ia=0-rr=0-ec=act_prm_snorkel_finance_split-gc=act_prm_actions_only-tc=sft-rbc=default-nb=150-nt=0-mc=hf_qwen3_4b_instruct-l-71940788
act_prm_snorkel_finance_split,s2,snorkel_finance_split_s2_actions_only_lr3e_3_nb150_heldout,,0.003,80,1.98472,0.836582,0.836582,,,,snorkel_finance_split_s2_actions_only_lr3e_3_nb150_heldout-act-prm-ia=0-rr=0-ec=act_prm_snorkel_finance_split-gc=act_prm_actions_only-tc=sft-rbc=default-nb=150-nt=0-mc=hf_qwen3_4b_instruct-l-71940788
act_prm_snorkel_finance_split,s2,snorkel_finance_split_s2_actions_only_lr3e_3_nb150_heldout,,0.003,90,1.9531,0.837575,0.837575,,,,snorkel_finance_split_s2_actions_only_lr3e_3_nb150_heldout-act-prm-ia=0-rr=0-ec=act_prm_snorkel_finance_split-gc=act_prm_actions_only-tc=sft-rbc=default-nb=150-nt=0-mc=hf_qwen3_4b_instruct-l-71940788
act_prm_snorkel_finance_split,s2,snorkel_finance_split_s2_actions_only_lr3e_3_nb150_heldout,,0.003,90,1.9531,0.837575,0.837575,,,,snorkel_finance_split_s2_actions_only_lr3e_3_nb150_heldout-act-prm-ia=0-rr=0-ec=act_prm_snorkel_finance_split-gc=act_prm_actions_only-tc=sft-rbc=default-nb=150-nt=0-mc=hf_qwen3_4b_instruct-l-71940788
act_prm_snorkel_finance_split,s2,snorkel_finance_split_s2_actions_only_lr3e_3_nb150_heldout,,0.003,100,1.937295,0.838567,0.838567,,,,snorkel_finance_split_s2_actions_only_lr3e_3_nb150_heldout-act-prm-ia=0-rr=0-ec=act_prm_snorkel_finance_split-gc=act_prm_actions_only-tc=sft-rbc=default-nb=150-nt=0-mc=hf_qwen3_4b_instruct-l-71940788
act_prm_snorkel_finance_split,s2,snorkel_finance_split_s2_actions_only_lr3e_3_nb150_heldout,,0.003,100,1.937295,0.838567,0.838567,,,,snorkel_finance_split_s2_actions_only_lr3e_3_nb150_heldout-act-prm-ia=0-rr=0-ec=act_prm_snorkel_finance_split-gc=act_prm_actions_only-tc=sft-rbc=default-nb=150-nt=0-mc=hf_qwen3_4b_instruct-l-71940788
act_prm_snorkel_finance_split,s2,snorkel_finance_split_s2_actions_only_lr3e_3_nb150_heldout,,0.003,110,1.926453,0.838375,0.838375,,,,snorkel_finance_split_s2_actions_only_lr3e_3_nb150_heldout-act-prm-ia=0-rr=0-ec=act_prm_snorkel_finance_split-gc=act_prm_actions_only-tc=sft-rbc=default-nb=150-nt=0-mc=hf_qwen3_4b_instruct-l-71940788
act_prm_snorkel_finance_split,s2,snorkel_finance_split_s2_actions_only_lr3e_3_nb150_heldout,,0.003,110,1.926453,0.838375,0.838375,,,,snorkel_finance_split_s2_actions_only_lr3e_3_nb150_heldout-act-prm-ia=0-rr=0-ec=act_prm_snorkel_finance_split-gc=act_prm_actions_only-tc=sft-rbc=default-nb=150-nt=0-mc=hf_qwen3_4b_instruct-l-71940788
act_prm_snorkel_finance_split,s2,snorkel_finance_split_s2_actions_only_lr3e_3_nb150_heldout,,0.003,120,1.916376,0.839175,0.839175,,,,snorkel_finance_split_s2_actions_only_lr3e_3_nb150_heldout-act-prm-ia=0-rr=0-ec=act_prm_snorkel_finance_split-gc=act_prm_actions_only-tc=sft-rbc=default-nb=150-nt=0-mc=hf_qwen3_4b_instruct-l-71940788
act_prm_snorkel_finance_split,s2,snorkel_finance_split_s2_actions_only_lr3e_3_nb150_heldout,,0.003,120,1.916376,0.839175,0.839175,,,,snorkel_finance_split_s2_actions_only_lr3e_3_nb150_heldout-act-prm-ia=0-rr=0-ec=act_prm_snorkel_finance_split-gc=act_prm_actions_only-tc=sft-rbc=default-nb=150-nt=0-mc=hf_qwen3_4b_instruct-l-71940788
act_prm_snorkel_finance_split,s2,snorkel_finance_split_s2_actions_only_lr3e_3_nb150_heldout,,0.003,130,1.907918,0.839463,0.839463,,,,snorkel_finance_split_s2_actions_only_lr3e_3_nb150_heldout-act-prm-ia=0-rr=0-ec=act_prm_snorkel_finance_split-gc=act_prm_actions_only-tc=sft-rbc=default-nb=150-nt=0-mc=hf_qwen3_4b_instruct-l-71940788
act_prm_snorkel_finance_split,s2,snorkel_finance_split_s2_actions_only_lr3e_3_nb150_heldout,,0.003,130,1.907918,0.839463,0.839463,,,,snorkel_finance_split_s2_actions_only_lr3e_3_nb150_heldout-act-prm-ia=0-rr=0-ec=act_prm_snorkel_finance_split-gc=act_prm_actions_only-tc=sft-rbc=default-nb=150-nt=0-mc=hf_qwen3_4b_instruct-l-71940788
act_prm_snorkel_finance_split,s2,snorkel_finance_split_s2_actions_only_lr3e_3_nb150_heldout,,0.003,140,1.899552,0.839912,0.839912,,,,snorkel_finance_split_s2_actions_only_lr3e_3_nb150_heldout-act-prm-ia=0-rr=0-ec=act_prm_snorkel_finance_split-gc=act_prm_actions_only-tc=sft-rbc=default-nb=150-nt=0-mc=hf_qwen3_4b_instruct-l-71940788
act_prm_snorkel_finance_split,s2,snorkel_finance_split_s2_actions_only_lr3e_3_nb150_heldout,,0.003,140,1.899552,0.839912,0.839912,,,,snorkel_finance_split_s2_actions_only_lr3e_3_nb150_heldout-act-prm-ia=0-rr=0-ec=act_prm_snorkel_finance_split-gc=act_prm_actions_only-tc=sft-rbc=default-nb=150-nt=0-mc=hf_qwen3_4b_instruct-l-71940788
act_prm_snorkel_finance_split,s2,snorkel_finance_split_s2_actions_only_lr3e_3_nb150_heldout,,0.003,149,1.892991,0.839752,0.839752,,,,snorkel_finance_split_s2_actions_only_lr3e_3_nb150_heldout-act-prm-ia=0-rr=0-ec=act_prm_snorkel_finance_split-gc=act_prm_actions_only-tc=sft-rbc=default-nb=150-nt=0-mc=hf_qwen3_4b_instruct-l-71940788
act_prm_snorkel_finance_split,s2,snorkel_finance_split_s2_actions_only_lr3e_3_nb150_heldout,,0.003,149,1.892991,0.839752,0.839752,,,,snorkel_finance_split_s2_actions_only_lr3e_3_nb150_heldout-act-prm-ia=0-rr=0-ec=act_prm_snorkel_finance_split-gc=act_prm_actions_only-tc=sft-rbc=default-nb=150-nt=0-mc=hf_qwen3_4b_instruct-l-71940788
act_prm_snorkel_finance_split,s2,snorkel_finance_split_s2_actions_only_v3_lr3e_3_nb150_heldout,,0.003,10,2.719058,0.828536,0.828536,,,,snorkel_finance_split_s2_actions_only_v3_lr3e_3_nb150_heldout-act-prm-ia=0-rr=0-ec=act_prm_snorkel_finance_split-gc=act_prm_actions_only-tc=sft-rbc=default-nb=150-nt=0-mc=hf_qwen3_4b_instruc-2e63bdc4
act_prm_snorkel_finance_split,s2,snorkel_finance_split_s2_actions_only_v3_lr3e_3_nb150_heldout,,0.003,10,2.719058,0.828536,0.828536,,,,snorkel_finance_split_s2_actions_only_v3_lr3e_3_nb150_heldout-act-prm-ia=0-rr=0-ec=act_prm_snorkel_finance_split-gc=act_prm_actions_only-tc=sft-rbc=default-nb=150-nt=0-mc=hf_qwen3_4b_instruc-2e63bdc4
act_prm_snorkel_finance_split,s2,snorkel_finance_split_s2_actions_only_v3_lr3e_3_nb150_heldout,,0.003,20,2.580789,0.829869,0.829869,,,,snorkel_finance_split_s2_actions_only_v3_lr3e_3_nb150_heldout-act-prm-ia=0-rr=0-ec=act_prm_snorkel_finance_split-gc=act_prm_actions_only-tc=sft-rbc=default-nb=150-nt=0-mc=hf_qwen3_4b_instruc-2e63bdc4
act_prm_snorkel_finance_split,s2,snorkel_finance_split_s2_actions_only_v3_lr3e_3_nb150_heldout,,0.003,20,2.580789,0.829869,0.829869,,,,snorkel_finance_split_s2_actions_only_v3_lr3e_3_nb150_heldout-act-prm-ia=0-rr=0-ec=act_prm_snorkel_finance_split-gc=act_prm_actions_only-tc=sft-rbc=default-nb=150-nt=0-mc=hf_qwen3_4b_instruc-2e63bdc4
act_prm_snorkel_finance_split,s2,snorkel_finance_split_s2_actions_only_v3_lr3e_3_nb150_heldout,,0.003,30,2.39202,0.832913,0.832913,,,,snorkel_finance_split_s2_actions_only_v3_lr3e_3_nb150_heldout-act-prm-ia=0-rr=0-ec=act_prm_snorkel_finance_split-gc=act_prm_actions_only-tc=sft-rbc=default-nb=150-nt=0-mc=hf_qwen3_4b_instruc-2e63bdc4
act_prm_snorkel_finance_split,s2,snorkel_finance_split_s2_actions_only_v3_lr3e_3_nb150_heldout,,0.003,30,2.39202,0.832913,0.832913,,,,snorkel_finance_split_s2_actions_only_v3_lr3e_3_nb150_heldout-act-prm-ia=0-rr=0-ec=act_prm_snorkel_finance_split-gc=act_prm_actions_only-tc=sft-rbc=default-nb=150-nt=0-mc=hf_qwen3_4b_instruc-2e63bdc4
act_prm_snorkel_finance_split,s2,snorkel_finance_split_s2_actions_only_v3_lr3e_3_nb150_heldout,,0.003,40,2.228261,0.836739,0.836739,,,,snorkel_finance_split_s2_actions_only_v3_lr3e_3_nb150_heldout-act-prm-ia=0-rr=0-ec=act_prm_snorkel_finance_split-gc=act_prm_actions_only-tc=sft-rbc=default-nb=150-nt=0-mc=hf_qwen3_4b_instruc-2e63bdc4
act_prm_snorkel_finance_split,s2,snorkel_finance_split_s2_actions_only_v3_lr3e_3_nb150_heldout,,0.003,40,2.228261,0.836739,0.836739,,,,snorkel_finance_split_s2_actions_only_v3_lr3e_3_nb150_heldout-act-prm-ia=0-rr=0-ec=act_prm_snorkel_finance_split-gc=act_prm_actions_only-tc=sft-rbc=default-nb=150-nt=0-mc=hf_qwen3_4b_instruc-2e63bdc4
act_prm_snorkel_finance_split,s2,snorkel_finance_split_s2_actions_only_v3_lr3e_3_nb150_heldout,,0.003,50,2.138606,0.837348,0.837348,,,,snorkel_finance_split_s2_actions_only_v3_lr3e_3_nb150_heldout-act-prm-ia=0-rr=0-ec=act_prm_snorkel_finance_split-gc=act_prm_actions_only-tc=sft-rbc=default-nb=150-nt=0-mc=hf_qwen3_4b_instruc-2e63bdc4
act_prm_snorkel_finance_split,s2,snorkel_finance_split_s2_actions_only_v3_lr3e_3_nb150_heldout,,0.003,50,2.138606,0.837348,0.837348,,,,snorkel_finance_split_s2_actions_only_v3_lr3e_3_nb150_heldout-act-prm-ia=0-rr=0-ec=act_prm_snorkel_finance_split-gc=act_prm_actions_only-tc=sft-rbc=default-nb=150-nt=0-mc=hf_qwen3_4b_instruc-2e63bdc4
act_prm_snorkel_finance_split,s2,snorkel_finance_split_s2_actions_only_v3_lr3e_3_nb150_heldout,,0.003,60,2.085737,0.838044,0.838044,,,,snorkel_finance_split_s2_actions_only_v3_lr3e_3_nb150_heldout-act-prm-ia=0-rr=0-ec=act_prm_snorkel_finance_split-gc=act_prm_actions_only-tc=sft-rbc=default-nb=150-nt=0-mc=hf_qwen3_4b_instruc-2e63bdc4
act_prm_snorkel_finance_split,s2,snorkel_finance_split_s2_actions_only_v3_lr3e_3_nb150_heldout,,0.003,60,2.085737,0.838044,0.838044,,,,snorkel_finance_split_s2_actions_only_v3_lr3e_3_nb150_heldout-act-prm-ia=0-rr=0-ec=act_prm_snorkel_finance_split-gc=act_prm_actions_only-tc=sft-rbc=default-nb=150-nt=0-mc=hf_qwen3_4b_instruc-2e63bdc4
act_prm_snorkel_finance_split,s2,snorkel_finance_split_s2_actions_only_v3_lr3e_3_nb150_heldout,,0.003,70,2.048112,0.838392,0.838392,,,,snorkel_finance_split_s2_actions_only_v3_lr3e_3_nb150_heldout-act-prm-ia=0-rr=0-ec=act_prm_snorkel_finance_split-gc=act_prm_actions_only-tc=sft-rbc=default-nb=150-nt=0-mc=hf_qwen3_4b_instruc-2e63bdc4
act_prm_snorkel_finance_split,s2,snorkel_finance_split_s2_actions_only_v3_lr3e_3_nb150_heldout,,0.003,70,2.048112,0.838392,0.838392,,,,snorkel_finance_split_s2_actions_only_v3_lr3e_3_nb150_heldout-act-prm-ia=0-rr=0-ec=act_prm_snorkel_finance_split-gc=act_prm_actions_only-tc=sft-rbc=default-nb=150-nt=0-mc=hf_qwen3_4b_instruc-2e63bdc4
act_prm_snorkel_finance_split,s2,snorkel_finance_split_s2_actions_only_v3_lr3e_3_nb150_heldout,,0.003,80,2.016075,0.838334,0.838334,,,,snorkel_finance_split_s2_actions_only_v3_lr3e_3_nb150_heldout-act-prm-ia=0-rr=0-ec=act_prm_snorkel_finance_split-gc=act_prm_actions_only-tc=sft-rbc=default-nb=150-nt=0-mc=hf_qwen3_4b_instruc-2e63bdc4
act_prm_snorkel_finance_split,s2,snorkel_finance_split_s2_actions_only_v3_lr3e_3_nb150_heldout,,0.003,80,2.016075,0.838334,0.838334,,,,snorkel_finance_split_s2_actions_only_v3_lr3e_3_nb150_heldout-act-prm-ia=0-rr=0-ec=act_prm_snorkel_finance_split-gc=act_prm_actions_only-tc=sft-rbc=default-nb=150-nt=0-mc=hf_qwen3_4b_instruc-2e63bdc4
act_prm_snorkel_finance_split,s2,snorkel_finance_split_s2_actions_only_v3_lr3e_3_nb150_heldout,,0.003,90,1.988643,0.839522,0.839522,,,,snorkel_finance_split_s2_actions_only_v3_lr3e_3_nb150_heldout-act-prm-ia=0-rr=0-ec=act_prm_snorkel_finance_split-gc=act_prm_actions_only-tc=sft-rbc=default-nb=150-nt=0-mc=hf_qwen3_4b_instruc-2e63bdc4
act_prm_snorkel_finance_split,s2,snorkel_finance_split_s2_actions_only_v3_lr3e_3_nb150_heldout,,0.003,90,1.988643,0.839522,0.839522,,,,snorkel_finance_split_s2_actions_only_v3_lr3e_3_nb150_heldout-act-prm-ia=0-rr=0-ec=act_prm_snorkel_finance_split-gc=act_prm_actions_only-tc=sft-rbc=default-nb=150-nt=0-mc=hf_qwen3_4b_instruc-2e63bdc4
act_prm_snorkel_finance_split,s2,snorkel_finance_split_s2_actions_only_v3_lr3e_3_nb150_heldout,,0.003,100,1.972069,0.840624,0.840624,,,,snorkel_finance_split_s2_actions_only_v3_lr3e_3_nb150_heldout-act-prm-ia=0-rr=0-ec=act_prm_snorkel_finance_split-gc=act_prm_actions_only-tc=sft-rbc=default-nb=150-nt=0-mc=hf_qwen3_4b_instruc-2e63bdc4
act_prm_snorkel_finance_split,s2,snorkel_finance_split_s2_actions_only_v3_lr3e_3_nb150_heldout,,0.003,100,1.972069,0.840624,0.840624,,,,snorkel_finance_split_s2_actions_only_v3_lr3e_3_nb150_heldout-act-prm-ia=0-rr=0-ec=act_prm_snorkel_finance_split-gc=act_prm_actions_only-tc=sft-rbc=default-nb=150-nt=0-mc=hf_qwen3_4b_instruc-2e63bdc4
act_prm_snorkel_finance_split,s2,snorkel_finance_split_s2_actions_only_v3_lr3e_3_nb150_heldout,,0.003,110,1.962316,0.84074,0.84074,,,,snorkel_finance_split_s2_actions_only_v3_lr3e_3_nb150_heldout-act-prm-ia=0-rr=0-ec=act_prm_snorkel_finance_split-gc=act_prm_actions_only-tc=sft-rbc=default-nb=150-nt=0-mc=hf_qwen3_4b_instruc-2e63bdc4
act_prm_snorkel_finance_split,s2,snorkel_finance_split_s2_actions_only_v3_lr3e_3_nb150_heldout,,0.003,110,1.962316,0.84074,0.84074,,,,snorkel_finance_split_s2_actions_only_v3_lr3e_3_nb150_heldout-act-prm-ia=0-rr=0-ec=act_prm_snorkel_finance_split-gc=act_prm_actions_only-tc=sft-rbc=default-nb=150-nt=0-mc=hf_qwen3_4b_instruc-2e63bdc4
act_prm_snorkel_finance_split,s2,snorkel_finance_split_s2_actions_only_v3_lr3e_3_nb150_heldout,,0.003,120,1.952202,0.840624,0.840624,,,,snorkel_finance_split_s2_actions_only_v3_lr3e_3_nb150_heldout-act-prm-ia=0-rr=0-ec=act_prm_snorkel_finance_split-gc=act_prm_actions_only-tc=sft-rbc=default-nb=150-nt=0-mc=hf_qwen3_4b_instruc-2e63bdc4
act_prm_snorkel_finance_split,s2,snorkel_finance_split_s2_actions_only_v3_lr3e_3_nb150_heldout,,0.003,120,1.952202,0.840624,0.840624,,,,snorkel_finance_split_s2_actions_only_v3_lr3e_3_nb150_heldout-act-prm-ia=0-rr=0-ec=act_prm_snorkel_finance_split-gc=act_prm_actions_only-tc=sft-rbc=default-nb=150-nt=0-mc=hf_qwen3_4b_instruc-2e63bdc4
act_prm_snorkel_finance_split,s2,snorkel_finance_split_s2_actions_only_v3_lr3e_3_nb150_heldout,,0.003,130,1.942842,0.840508,0.840508,,,,snorkel_finance_split_s2_actions_only_v3_lr3e_3_nb150_heldout-act-prm-ia=0-rr=0-ec=act_prm_snorkel_finance_split-gc=act_prm_actions_only-tc=sft-rbc=default-nb=150-nt=0-mc=hf_qwen3_4b_instruc-2e63bdc4
act_prm_snorkel_finance_split,s2,snorkel_finance_split_s2_actions_only_v3_lr3e_3_nb150_heldout,,0.003,130,1.942842,0.840508,0.840508,,,,snorkel_finance_split_s2_actions_only_v3_lr3e_3_nb150_heldout-act-prm-ia=0-rr=0-ec=act_prm_snorkel_finance_split-gc=act_prm_actions_only-tc=sft-rbc=default-nb=150-nt=0-mc=hf_qwen3_4b_instruc-2e63bdc4
act_prm_snorkel_finance_split,s2,snorkel_finance_split_s2_actions_only_v3_lr3e_3_nb150_heldout,,0.003,140,1.934523,0.840508,0.840508,,,,snorkel_finance_split_s2_actions_only_v3_lr3e_3_nb150_heldout-act-prm-ia=0-rr=0-ec=act_prm_snorkel_finance_split-gc=act_prm_actions_only-tc=sft-rbc=default-nb=150-nt=0-mc=hf_qwen3_4b_instruc-2e63bdc4
act_prm_snorkel_finance_split,s2,snorkel_finance_split_s2_actions_only_v3_lr3e_3_nb150_heldout,,0.003,140,1.934523,0.840508,0.840508,,,,snorkel_finance_split_s2_actions_only_v3_lr3e_3_nb150_heldout-act-prm-ia=0-rr=0-ec=act_prm_snorkel_finance_split-gc=act_prm_actions_only-tc=sft-rbc=default-nb=150-nt=0-mc=hf_qwen3_4b_instruc-2e63bdc4
act_prm_snorkel_finance_split,s2,snorkel_finance_split_s2_actions_only_v3_lr3e_3_nb150_heldout,,0.003,149,1.928214,0.84074,0.84074,,,,snorkel_finance_split_s2_actions_only_v3_lr3e_3_nb150_heldout-act-prm-ia=0-rr=0-ec=act_prm_snorkel_finance_split-gc=act_prm_actions_only-tc=sft-rbc=default-nb=150-nt=0-mc=hf_qwen3_4b_instruc-2e63bdc4
act_prm_snorkel_finance_split,s2,snorkel_finance_split_s2_actions_only_v3_lr3e_3_nb150_heldout,,0.003,149,1.928214,0.84074,0.84074,,,,snorkel_finance_split_s2_actions_only_v3_lr3e_3_nb150_heldout-act-prm-ia=0-rr=0-ec=act_prm_snorkel_finance_split-gc=act_prm_actions_only-tc=sft-rbc=default-nb=150-nt=0-mc=hf_qwen3_4b_instruc-2e63bdc4
act_prm_snorkel_finance_split,s2,snorkel_finance_split_s2_expert_thoughts_all_lr1e_3_nb200_flat32sgd_heldout,sgd,0.001,5,2.652643,0.833107,0.820633,2.902775,34497.0,36649.0,snorkel_finance_split_s2_expert_thoughts_all_lr1e_3_nb200_flat32sgd_heldout-act-prm-ia=0-rr=0-ec=act_prm_snorkel_finance_split-gc=act_prm_actions_only-tc=sft_flat-rbc=default-nb=200-nt=0-mc=-a285925c
act_prm_snorkel_finance_split,s2,snorkel_finance_split_s2_expert_thoughts_all_lr1e_3_nb200_flat32sgd_heldout,sgd,0.001,10,2.647962,0.832907,0.820546,2.895402,34497.0,36649.0,snorkel_finance_split_s2_expert_thoughts_all_lr1e_3_nb200_flat32sgd_heldout-act-prm-ia=0-rr=0-ec=act_prm_snorkel_finance_split-gc=act_prm_actions_only-tc=sft_flat-rbc=default-nb=200-nt=0-mc=-a285925c
act_prm_snorkel_finance_split,s2,snorkel_finance_split_s2_expert_thoughts_all_lr1e_3_nb200_flat32sgd_heldout,sgd,0.001,15,2.643307,0.833409,0.820916,2.888906,34497.0,36649.0,snorkel_finance_split_s2_expert_thoughts_all_lr1e_3_nb200_flat32sgd_heldout-act-prm-ia=0-rr=0-ec=act_prm_snorkel_finance_split-gc=act_prm_actions_only-tc=sft_flat-rbc=default-nb=200-nt=0-mc=-a285925c
act_prm_snorkel_finance_split,s2,snorkel_finance_split_s2_expert_thoughts_all_lr1e_3_nb200_flat32sgd_heldout,sgd,0.001,20,2.637471,0.832978,0.820664,2.881463,34497.0,36649.0,snorkel_finance_split_s2_expert_thoughts_all_lr1e_3_nb200_flat32sgd_heldout-act-prm-ia=0-rr=0-ec=act_prm_snorkel_finance_split-gc=act_prm_actions_only-tc=sft_flat-rbc=default-nb=200-nt=0-mc=-a285925c
act_prm_snorkel_finance_split,s2,snorkel_finance_split_s2_expert_thoughts_all_lr1e_3_nb200_flat32sgd_heldout,sgd,0.001,25,2.631848,0.833014,0.820571,2.873673,34497.0,36649.0,snorkel_finance_split_s2_expert_thoughts_all_lr1e_3_nb200_flat32sgd_heldout-act-prm-ia=0-rr=0-ec=act_prm_snorkel_finance_split-gc=act_prm_actions_only-tc=sft_flat-rbc=default-nb=200-nt=0-mc=-a285925c
act_prm_snorkel_finance_split,s2,snorkel_finance_split_s2_expert_thoughts_all_lr1e_3_nb200_flat32sgd_heldout,sgd,0.001,30,2.623655,0.833639,0.821148,2.862927,34497.0,36649.0,snorkel_finance_split_s2_expert_thoughts_all_lr1e_3_nb200_flat32sgd_heldout-act-prm-ia=0-rr=0-ec=act_prm_snorkel_finance_split-gc=act_prm_actions_only-tc=sft_flat-rbc=default-nb=200-nt=0-mc=-a285925c
act_prm_snorkel_finance_split,s2,snorkel_finance_split_s2_expert_thoughts_all_lr1e_3_nb200_flat32sgd_heldout,sgd,0.001,35,2.614987,0.83366,0.821349,2.850596,34497.0,36649.0,snorkel_finance_split_s2_expert_thoughts_all_lr1e_3_nb200_flat32sgd_heldout-act-prm-ia=0-rr=0-ec=act_prm_snorkel_finance_split-gc=act_prm_actions_only-tc=sft_flat-rbc=default-nb=200-nt=0-mc=-a285925c
act_prm_snorkel_finance_split,s2,snorkel_finance_split_s2_expert_thoughts_all_lr1e_3_nb200_flat32sgd_heldout,sgd,0.001,40,2.602904,0.833415,0.820909,2.833826,34497.0,36649.0,snorkel_finance_split_s2_expert_thoughts_all_lr1e_3_nb200_flat32sgd_heldout-act-prm-ia=0-rr=0-ec=act_prm_snorkel_finance_split-gc=act_prm_actions_only-tc=sft_flat-rbc=default-nb=200-nt=0-mc=-a285925c
act_prm_snorkel_finance_split,s2,snorkel_finance_split_s2_expert_thoughts_all_lr1e_3_nb200_flat32sgd_heldout,sgd,0.001,45,2.589436,0.833976,0.821638,2.816082,34497.0,36649.0,snorkel_finance_split_s2_expert_thoughts_all_lr1e_3_nb200_flat32sgd_heldout-act-prm-ia=0-rr=0-ec=act_prm_snorkel_finance_split-gc=act_prm_actions_only-tc=sft_flat-rbc=default-nb=200-nt=0-mc=-a285925c
act_prm_snorkel_finance_split,s2,snorkel_finance_split_s2_expert_thoughts_all_lr1e_3_nb200_flat32sgd_heldout,sgd,0.001,50,2.577459,0.833678,0.821348,2.799504,34497.0,36649.0,snorkel_finance_split_s2_expert_thoughts_all_lr1e_3_nb200_flat32sgd_heldout-act-prm-ia=0-rr=0-ec=act_prm_snorkel_finance_split-gc=act_prm_actions_only-tc=sft_flat-rbc=default-nb=200-nt=0-mc=-a285925c
act_prm_snorkel_finance_split,s2,snorkel_finance_split_s2_expert_thoughts_all_lr1e_3_nb200_flat32sgd_heldout,sgd,0.001,55,2.563707,0.834017,0.821652,2.781198,34497.0,36649.0,snorkel_finance_split_s2_expert_thoughts_all_lr1e_3_nb200_flat32sgd_heldout-act-prm-ia=0-rr=0-ec=act_prm_snorkel_finance_split-gc=act_prm_actions_only-tc=sft_flat-rbc=default-nb=200-nt=0-mc=-a285925c
act_prm_snorkel_finance_split,s2,snorkel_finance_split_s2_expert_thoughts_all_lr1e_3_nb200_flat32sgd_heldout,sgd,0.001,60,2.548994,0.834101,0.821776,2.760777,34497.0,36649.0,snorkel_finance_split_s2_expert_thoughts_all_lr1e_3_nb200_flat32sgd_heldout-act-prm-ia=0-rr=0-ec=act_prm_snorkel_finance_split-gc=act_prm_actions_only-tc=sft_flat-rbc=default-nb=200-nt=0-mc=-a285925c
act_prm_snorkel_finance_split,s2,snorkel_finance_split_s2_expert_thoughts_all_lr1e_3_nb200_flat32sgd_heldout,sgd,0.001,65,2.531127,0.834192,0.821937,2.736906,34497.0,36649.0,snorkel_finance_split_s2_expert_thoughts_all_lr1e_3_nb200_flat32sgd_heldout-act-prm-ia=0-rr=0-ec=act_prm_snorkel_finance_split-gc=act_prm_actions_only-tc=sft_flat-rbc=default-nb=200-nt=0-mc=-a285925c
act_prm_snorkel_finance_split,s2,snorkel_finance_split_s2_expert_thoughts_all_lr1e_3_nb200_flat32sgd_heldout,sgd,0.001,70,2.510876,0.834336,0.822073,2.710485,34497.0,36649.0,snorkel_finance_split_s2_expert_thoughts_all_lr1e_3_nb200_flat32sgd_heldout-act-prm-ia=0-rr=0-ec=act_prm_snorkel_finance_split-gc=act_prm_actions_only-tc=sft_flat-rbc=default-nb=200-nt=0-mc=-a285925c
act_prm_snorkel_finance_split,s2,snorkel_finance_split_s2_expert_thoughts_all_lr1e_3_nb200_flat32sgd_heldout,sgd,0.001,75,2.491095,0.834326,0.822206,2.682217,34497.0,36649.0,snorkel_finance_split_s2_expert_thoughts_all_lr1e_3_nb200_flat32sgd_heldout-act-prm-ia=0-rr=0-ec=act_prm_snorkel_finance_split-gc=act_prm_actions_only-tc=sft_flat-rbc=default-nb=200-nt=0-mc=-a285925c
act_prm_snorkel_finance_split,s2,snorkel_finance_split_s2_expert_thoughts_all_lr1e_3_nb200_flat32sgd_heldout,sgd,0.001,80,2.4685,0.834898,0.822786,2.652627,34497.0,36649.0,snorkel_finance_split_s2_expert_thoughts_all_lr1e_3_nb200_flat32sgd_heldout-act-prm-ia=0-rr=0-ec=act_prm_snorkel_finance_split-gc=act_prm_actions_only-tc=sft_flat-rbc=default-nb=200-nt=0-mc=-a285925c
act_prm_snorkel_finance_split,s2,snorkel_finance_split_s2_expert_thoughts_all_lr1e_3_nb200_flat32sgd_heldout,sgd,0.001,85,2.440765,0.834647,0.822422,2.615216,34497.0,36649.0,snorkel_finance_split_s2_expert_thoughts_all_lr1e_3_nb200_flat32sgd_heldout-act-prm-ia=0-rr=0-ec=act_prm_snorkel_finance_split-gc=act_prm_actions_only-tc=sft_flat-rbc=default-nb=200-nt=0-mc=-a285925c
act_prm_snorkel_finance_split,s2,snorkel_finance_split_s2_expert_thoughts_all_lr1e_3_nb200_flat32sgd_heldout,sgd,0.001,90,2.412019,0.835564,0.823432,2.577604,34497.0,36649.0,snorkel_finance_split_s2_expert_thoughts_all_lr1e_3_nb200_flat32sgd_heldout-act-prm-ia=0-rr=0-ec=act_prm_snorkel_finance_split-gc=act_prm_actions_only-tc=sft_flat-rbc=default-nb=200-nt=0-mc=-a285925c
act_prm_snorkel_finance_split,s2,snorkel_finance_split_s2_expert_thoughts_all_lr1e_3_nb200_flat32sgd_heldout,sgd,0.001,95,2.383472,0.835802,0.823712,2.54019,34497.0,36649.0,snorkel_finance_split_s2_expert_thoughts_all_lr1e_3_nb200_flat32sgd_heldout-act-prm-ia=0-rr=0-ec=act_prm_snorkel_finance_split-gc=act_prm_actions_only-tc=sft_flat-rbc=default-nb=200-nt=0-mc=-a285925c
act_prm_snorkel_finance_split,s2,snorkel_finance_split_s2_expert_thoughts_all_lr1e_3_nb200_flat32sgd_heldout,sgd,0.001,100,2.351519,0.83628,0.824411,2.497576,34497.0,36649.0,snorkel_finance_split_s2_expert_thoughts_all_lr1e_3_nb200_flat32sgd_heldout-act-prm-ia=0-rr=0-ec=act_prm_snorkel_finance_split-gc=act_prm_actions_only-tc=sft_flat-rbc=default-nb=200-nt=0-mc=-a285925c
act_prm_snorkel_finance_split,s2,snorkel_finance_split_s2_expert_thoughts_all_lr1e_3_nb200_flat32sgd_heldout,sgd,0.001,105,2.319399,0.836171,0.824569,2.455451,34497.0,36649.0,snorkel_finance_split_s2_expert_thoughts_all_lr1e_3_nb200_flat32sgd_heldout-act-prm-ia=0-rr=0-ec=act_prm_snorkel_finance_split-gc=act_prm_actions_only-tc=sft_flat-rbc=default-nb=200-nt=0-mc=-a285925c
act_prm_snorkel_finance_split,s2,snorkel_finance_split_s2_expert_thoughts_all_lr1e_3_nb200_flat32sgd_heldout,sgd,0.001,110,2.29046,0.836603,0.824943,2.417155,34497.0,36649.0,snorkel_finance_split_s2_expert_thoughts_all_lr1e_3_nb200_flat32sgd_heldout-act-prm-ia=0-rr=0-ec=act_prm_snorkel_finance_split-gc=act_prm_actions_only-tc=sft_flat-rbc=default-nb=200-nt=0-mc=-a285925c
act_prm_snorkel_finance_split,s2,snorkel_finance_split_s2_expert_thoughts_all_lr1e_3_nb200_flat32sgd_heldout,sgd,0.001,115,2.260126,0.836849,0.825473,2.378099,34497.0,36649.0,snorkel_finance_split_s2_expert_thoughts_all_lr1e_3_nb200_flat32sgd_heldout-act-prm-ia=0-rr=0-ec=act_prm_snorkel_finance_split-gc=act_prm_actions_only-tc=sft_flat-rbc=default-nb=200-nt=0-mc=-a285925c
act_prm_snorkel_finance_split,s2,snorkel_finance_split_s2_expert_thoughts_all_lr1e_3_nb200_flat32sgd_heldout,sgd,0.001,120,2.230544,0.83699,0.82573,2.340277,34497.0,36649.0,snorkel_finance_split_s2_expert_thoughts_all_lr1e_3_nb200_flat32sgd_heldout-act-prm-ia=0-rr=0-ec=act_prm_snorkel_finance_split-gc=act_prm_actions_only-tc=sft_flat-rbc=default-nb=200-nt=0-mc=-a285925c
act_prm_snorkel_finance_split,s2,snorkel_finance_split_s2_expert_thoughts_all_lr1e_3_nb200_flat32sgd_heldout,sgd,0.001,125,2.207327,0.837285,0.826248,2.309904,34497.0,36649.0,snorkel_finance_split_s2_expert_thoughts_all_lr1e_3_nb200_flat32sgd_heldout-act-prm-ia=0-rr=0-ec=act_prm_snorkel_finance_split-gc=act_prm_actions_only-tc=sft_flat-rbc=default-nb=200-nt=0-mc=-a285925c
act_prm_snorkel_finance_split,s2,snorkel_finance_split_s2_expert_thoughts_all_lr1e_3_nb200_flat32sgd_heldout,sgd,0.001,130,2.184556,0.837644,0.826815,2.280107,34497.0,36649.0,snorkel_finance_split_s2_expert_thoughts_all_lr1e_3_nb200_flat32sgd_heldout-act-prm-ia=0-rr=0-ec=act_prm_snorkel_finance_split-gc=act_prm_actions_only-tc=sft_flat-rbc=default-nb=200-nt=0-mc=-a285925c
act_prm_snorkel_finance_split,s2,snorkel_finance_split_s2_expert_thoughts_all_lr1e_3_nb200_flat32sgd_heldout,sgd,0.001,135,2.167167,0.837484,0.826714,2.258088,34497.0,36649.0,snorkel_finance_split_s2_expert_thoughts_all_lr1e_3_nb200_flat32sgd_heldout-act-prm-ia=0-rr=0-ec=act_prm_snorkel_finance_split-gc=act_prm_actions_only-tc=sft_flat-rbc=default-nb=200-nt=0-mc=-a285925c
act_prm_snorkel_finance_split,s2,snorkel_finance_split_s2_expert_thoughts_all_lr1e_3_nb200_flat32sgd_heldout,sgd,0.001,140,2.148575,0.837621,0.826725,2.234232,34497.0,36649.0,snorkel_finance_split_s2_expert_thoughts_all_lr1e_3_nb200_flat32sgd_heldout-act-prm-ia=0-rr=0-ec=act_prm_snorkel_finance_split-gc=act_prm_actions_only-tc=sft_flat-rbc=default-nb=200-nt=0-mc=-a285925c
act_prm_snorkel_finance_split,s2,snorkel_finance_split_s2_expert_thoughts_all_lr1e_3_nb200_flat32sgd_heldout,sgd,0.001,145,2.133078,0.83743,0.826695,2.214745,34497.0,36649.0,snorkel_finance_split_s2_expert_thoughts_all_lr1e_3_nb200_flat32sgd_heldout-act-prm-ia=0-rr=0-ec=act_prm_snorkel_finance_split-gc=act_prm_actions_only-tc=sft_flat-rbc=default-nb=200-nt=0-mc=-a285925c
act_prm_snorkel_finance_split,s2,snorkel_finance_split_s2_expert_thoughts_all_lr1e_3_nb200_flat32sgd_heldout,sgd,0.001,150,2.120695,0.838075,0.827401,2.1988,34497.0,36649.0,snorkel_finance_split_s2_expert_thoughts_all_lr1e_3_nb200_flat32sgd_heldout-act-prm-ia=0-rr=0-ec=act_prm_snorkel_finance_split-gc=act_prm_actions_only-tc=sft_flat-rbc=default-nb=200-nt=0-mc=-a285925c
act_prm_snorkel_finance_split,s2,snorkel_finance_split_s2_expert_thoughts_all_lr1e_3_nb200_flat32sgd_heldout,sgd,0.001,155,2.108801,0.838001,0.827555,2.183617,34497.0,36649.0,snorkel_finance_split_s2_expert_thoughts_all_lr1e_3_nb200_flat32sgd_heldout-act-prm-ia=0-rr=0-ec=act_prm_snorkel_finance_split-gc=act_prm_actions_only-tc=sft_flat-rbc=default-nb=200-nt=0-mc=-a285925c
act_prm_snorkel_finance_split,s2,snorkel_finance_split_s2_expert_thoughts_all_lr1e_3_nb200_flat32sgd_heldout,sgd,0.001,160,2.09933,0.837849,0.827202,2.171834,34497.0,36649.0,snorkel_finance_split_s2_expert_thoughts_all_lr1e_3_nb200_flat32sgd_heldout-act-prm-ia=0-rr=0-ec=act_prm_snorkel_finance_split-gc=act_prm_actions_only-tc=sft_flat-rbc=default-nb=200-nt=0-mc=-a285925c
act_prm_snorkel_finance_split,s2,snorkel_finance_split_s2_expert_thoughts_all_lr1e_3_nb200_flat32sgd_heldout,sgd,0.001,165,2.088418,0.83846,0.827957,2.158815,34497.0,36649.0,snorkel_finance_split_s2_expert_thoughts_all_lr1e_3_nb200_flat32sgd_heldout-act-prm-ia=0-rr=0-ec=act_prm_snorkel_finance_split-gc=act_prm_actions_only-tc=sft_flat-rbc=default-nb=200-nt=0-mc=-a285925c
act_prm_snorkel_finance_split,s2,snorkel_finance_split_s2_expert_thoughts_all_lr1e_3_nb200_flat32sgd_heldout,sgd,0.001,170,2.078844,0.838173,0.827752,2.146983,34497.0,36649.0,snorkel_finance_split_s2_expert_thoughts_all_lr1e_3_nb200_flat32sgd_heldout-act-prm-ia=0-rr=0-ec=act_prm_snorkel_finance_split-gc=act_prm_actions_only-tc=sft_flat-rbc=default-nb=200-nt=0-mc=-a285925c
act_prm_snorkel_finance_split,s2,snorkel_finance_split_s2_expert_thoughts_all_lr1e_3_nb200_flat32sgd_heldout,sgd,0.001,175,2.072555,0.838244,0.828057,2.13905,34497.0,36649.0,snorkel_finance_split_s2_expert_thoughts_all_lr1e_3_nb200_flat32sgd_heldout-act-prm-ia=0-rr=0-ec=act_prm_snorkel_finance_split-gc=act_prm_actions_only-tc=sft_flat-rbc=default-nb=200-nt=0-mc=-a285925c
act_prm_snorkel_finance_split,s2,snorkel_finance_split_s2_expert_thoughts_all_lr1e_3_nb200_flat32sgd_heldout,sgd,0.001,180,2.064203,0.837829,0.827724,2.128957,34497.0,36649.0,snorkel_finance_split_s2_expert_thoughts_all_lr1e_3_nb200_flat32sgd_heldout-act-prm-ia=0-rr=0-ec=act_prm_snorkel_finance_split-gc=act_prm_actions_only-tc=sft_flat-rbc=default-nb=200-nt=0-mc=-a285925c
act_prm_snorkel_finance_split,s2,snorkel_finance_split_s2_expert_thoughts_all_lr1e_3_nb200_flat32sgd_heldout,sgd,0.001,185,2.058909,0.83856,0.828401,2.122409,34497.0,36649.0,snorkel_finance_split_s2_expert_thoughts_all_lr1e_3_nb200_flat32sgd_heldout-act-prm-ia=0-rr=0-ec=act_prm_snorkel_finance_split-gc=act_prm_actions_only-tc=sft_flat-rbc=default-nb=200-nt=0-mc=-a285925c
act_prm_snorkel_finance_split,s2,snorkel_finance_split_s2_expert_thoughts_all_lr1e_3_nb200_flat32sgd_heldout,sgd,0.001,190,2.053676,0.837931,0.827934,2.11577,34497.0,36649.0,snorkel_finance_split_s2_expert_thoughts_all_lr1e_3_nb200_flat32sgd_heldout-act-prm-ia=0-rr=0-ec=act_prm_snorkel_finance_split-gc=act_prm_actions_only-tc=sft_flat-rbc=default-nb=200-nt=0-mc=-a285925c
act_prm_snorkel_finance_split,s2,snorkel_finance_split_s2_expert_thoughts_all_lr1e_3_nb200_flat32sgd_heldout,sgd,0.001,195,2.048658,0.838699,0.828696,2.109823,34497.0,36649.0,snorkel_finance_split_s2_expert_thoughts_all_lr1e_3_nb200_flat32sgd_heldout-act-prm-ia=0-rr=0-ec=act_prm_snorkel_finance_split-gc=act_prm_actions_only-tc=sft_flat-rbc=default-nb=200-nt=0-mc=-a285925c
act_prm_snorkel_finance_split,s2,snorkel_finance_split_s2_expert_thoughts_all_lr1e_3_nb200_flat32sgd_heldout,sgd,0.001,199,2.043747,0.838879,0.828876,2.103882,34497.0,36649.0,snorkel_finance_split_s2_expert_thoughts_all_lr1e_3_nb200_flat32sgd_heldout-act-prm-ia=0-rr=0-ec=act_prm_snorkel_finance_split-gc=act_prm_actions_only-tc=sft_flat-rbc=default-nb=200-nt=0-mc=-a285925c
act_prm_snorkel_finance_split,s2,snorkel_finance_split_s2_expert_thoughts_all_v3_lr3e_3_nb150_heldout,,0.003,10,2.624266,0.833116,0.82065,,,,snorkel_finance_split_s2_expert_thoughts_all_v3_lr3e_3_nb150_heldout-act-prm-ia=0-rr=0-ec=act_prm_snorkel_finance_split-gc=act_prm_actions_only-tc=sft-rbc=default-nb=150-nt=0-mc=hf_qwen3_4b_-30f8eb22
act_prm_snorkel_finance_split,s2,snorkel_finance_split_s2_expert_thoughts_all_v3_lr3e_3_nb150_heldout,,0.003,10,2.624266,0.833116,0.82065,,,,snorkel_finance_split_s2_expert_thoughts_all_v3_lr3e_3_nb150_heldout-act-prm-ia=0-rr=0-ec=act_prm_snorkel_finance_split-gc=act_prm_actions_only-tc=sft-rbc=default-nb=150-nt=0-mc=hf_qwen3_4b_-30f8eb22
act_prm_snorkel_finance_split,s2,snorkel_finance_split_s2_expert_thoughts_all_v3_lr3e_3_nb150_heldout,,0.003,20,2.550136,0.833667,0.821278,,,,snorkel_finance_split_s2_expert_thoughts_all_v3_lr3e_3_nb150_heldout-act-prm-ia=0-rr=0-ec=act_prm_snorkel_finance_split-gc=act_prm_actions_only-tc=sft-rbc=default-nb=150-nt=0-mc=hf_qwen3_4b_-30f8eb22
act_prm_snorkel_finance_split,s2,snorkel_finance_split_s2_expert_thoughts_all_v3_lr3e_3_nb150_heldout,,0.003,20,2.550136,0.833667,0.821278,,,,snorkel_finance_split_s2_expert_thoughts_all_v3_lr3e_3_nb150_heldout-act-prm-ia=0-rr=0-ec=act_prm_snorkel_finance_split-gc=act_prm_actions_only-tc=sft-rbc=default-nb=150-nt=0-mc=hf_qwen3_4b_-30f8eb22
act_prm_snorkel_finance_split,s2,snorkel_finance_split_s2_expert_thoughts_all_v3_lr3e_3_nb150_heldout,,0.003,30,2.412126,0.835145,0.822942,,,,snorkel_finance_split_s2_expert_thoughts_all_v3_lr3e_3_nb150_heldout-act-prm-ia=0-rr=0-ec=act_prm_snorkel_finance_split-gc=act_prm_actions_only-tc=sft-rbc=default-nb=150-nt=0-mc=hf_qwen3_4b_-30f8eb22
act_prm_snorkel_finance_split,s2,snorkel_finance_split_s2_expert_thoughts_all_v3_lr3e_3_nb150_heldout,,0.003,30,2.412126,0.835145,0.822942,,,,snorkel_finance_split_s2_expert_thoughts_all_v3_lr3e_3_nb150_heldout-act-prm-ia=0-rr=0-ec=act_prm_snorkel_finance_split-gc=act_prm_actions_only-tc=sft-rbc=default-nb=150-nt=0-mc=hf_qwen3_4b_-30f8eb22
act_prm_snorkel_finance_split,s2,snorkel_finance_split_s2_expert_thoughts_all_v3_lr3e_3_nb150_heldout,,0.003,40,2.227618,0.836855,0.825698,,,,snorkel_finance_split_s2_expert_thoughts_all_v3_lr3e_3_nb150_heldout-act-prm-ia=0-rr=0-ec=act_prm_snorkel_finance_split-gc=act_prm_actions_only-tc=sft-rbc=default-nb=150-nt=0-mc=hf_qwen3_4b_-30f8eb22
act_prm_snorkel_finance_split,s2,snorkel_finance_split_s2_expert_thoughts_all_v3_lr3e_3_nb150_heldout,,0.003,40,2.227618,0.836855,0.825698,,,,snorkel_finance_split_s2_expert_thoughts_all_v3_lr3e_3_nb150_heldout-act-prm-ia=0-rr=0-ec=act_prm_snorkel_finance_split-gc=act_prm_actions_only-tc=sft-rbc=default-nb=150-nt=0-mc=hf_qwen3_4b_-30f8eb22
act_prm_snorkel_finance_split,s2,snorkel_finance_split_s2_expert_thoughts_all_v3_lr3e_3_nb150_heldout,,0.003,50,2.117362,0.837522,0.82698,,,,snorkel_finance_split_s2_expert_thoughts_all_v3_lr3e_3_nb150_heldout-act-prm-ia=0-rr=0-ec=act_prm_snorkel_finance_split-gc=act_prm_actions_only-tc=sft-rbc=default-nb=150-nt=0-mc=hf_qwen3_4b_-30f8eb22
act_prm_snorkel_finance_split,s2,snorkel_finance_split_s2_expert_thoughts_all_v3_lr3e_3_nb150_heldout,,0.003,50,2.117362,0.837522,0.82698,,,,snorkel_finance_split_s2_expert_thoughts_all_v3_lr3e_3_nb150_heldout-act-prm-ia=0-rr=0-ec=act_prm_snorkel_finance_split-gc=act_prm_actions_only-tc=sft-rbc=default-nb=150-nt=0-mc=hf_qwen3_4b_-30f8eb22
act_prm_snorkel_finance_split,s2,snorkel_finance_split_s2_expert_thoughts_all_v3_lr3e_3_nb150_heldout,,0.003,60,2.062788,0.837696,0.827526,,,,snorkel_finance_split_s2_expert_thoughts_all_v3_lr3e_3_nb150_heldout-act-prm-ia=0-rr=0-ec=act_prm_snorkel_finance_split-gc=act_prm_actions_only-tc=sft-rbc=default-nb=150-nt=0-mc=hf_qwen3_4b_-30f8eb22
act_prm_snorkel_finance_split,s2,snorkel_finance_split_s2_expert_thoughts_all_v3_lr3e_3_nb150_heldout,,0.003,60,2.062788,0.837696,0.827526,,,,snorkel_finance_split_s2_expert_thoughts_all_v3_lr3e_3_nb150_heldout-act-prm-ia=0-rr=0-ec=act_prm_snorkel_finance_split-gc=act_prm_actions_only-tc=sft-rbc=default-nb=150-nt=0-mc=hf_qwen3_4b_-30f8eb22
act_prm_snorkel_finance_split,s2,snorkel_finance_split_s2_expert_thoughts_all_v3_lr3e_3_nb150_heldout,,0.003,70,2.033417,0.83874,0.829054,,,,snorkel_finance_split_s2_expert_thoughts_all_v3_lr3e_3_nb150_heldout-act-prm-ia=0-rr=0-ec=act_prm_snorkel_finance_split-gc=act_prm_actions_only-tc=sft-rbc=default-nb=150-nt=0-mc=hf_qwen3_4b_-30f8eb22
act_prm_snorkel_finance_split,s2,snorkel_finance_split_s2_expert_thoughts_all_v3_lr3e_3_nb150_heldout,,0.003,70,2.033417,0.83874,0.829054,,,,snorkel_finance_split_s2_expert_thoughts_all_v3_lr3e_3_nb150_heldout-act-prm-ia=0-rr=0-ec=act_prm_snorkel_finance_split-gc=act_prm_actions_only-tc=sft-rbc=default-nb=150-nt=0-mc=hf_qwen3_4b_-30f8eb22
act_prm_snorkel_finance_split,s2,snorkel_finance_split_s2_expert_thoughts_all_v3_lr3e_3_nb150_heldout,,0.003,80,2.013639,0.839696,0.8305,,,,snorkel_finance_split_s2_expert_thoughts_all_v3_lr3e_3_nb150_heldout-act-prm-ia=0-rr=0-ec=act_prm_snorkel_finance_split-gc=act_prm_actions_only-tc=sft-rbc=default-nb=150-nt=0-mc=hf_qwen3_4b_-30f8eb22
act_prm_snorkel_finance_split,s2,snorkel_finance_split_s2_expert_thoughts_all_v3_lr3e_3_nb150_heldout,,0.003,80,2.013639,0.839696,0.8305,,,,snorkel_finance_split_s2_expert_thoughts_all_v3_lr3e_3_nb150_heldout-act-prm-ia=0-rr=0-ec=act_prm_snorkel_finance_split-gc=act_prm_actions_only-tc=sft-rbc=default-nb=150-nt=0-mc=hf_qwen3_4b_-30f8eb22
act_prm_snorkel_finance_split,s2,snorkel_finance_split_s2_expert_thoughts_all_v3_lr3e_3_nb150_heldout,,0.003,90,1.99995,0.839464,0.830637,,,,snorkel_finance_split_s2_expert_thoughts_all_v3_lr3e_3_nb150_heldout-act-prm-ia=0-rr=0-ec=act_prm_snorkel_finance_split-gc=act_prm_actions_only-tc=sft-rbc=default-nb=150-nt=0-mc=hf_qwen3_4b_-30f8eb22
act_prm_snorkel_finance_split,s2,snorkel_finance_split_s2_expert_thoughts_all_v3_lr3e_3_nb150_heldout,,0.003,90,1.99995,0.839464,0.830637,,,,snorkel_finance_split_s2_expert_thoughts_all_v3_lr3e_3_nb150_heldout-act-prm-ia=0-rr=0-ec=act_prm_snorkel_finance_split-gc=act_prm_actions_only-tc=sft-rbc=default-nb=150-nt=0-mc=hf_qwen3_4b_-30f8eb22
act_prm_snorkel_finance_split,s2,snorkel_finance_split_s2_expert_thoughts_all_v3_lr3e_3_nb150_heldout,,0.003,100,1.987228,0.839667,0.830855,,,,snorkel_finance_split_s2_expert_thoughts_all_v3_lr3e_3_nb150_heldout-act-prm-ia=0-rr=0-ec=act_prm_snorkel_finance_split-gc=act_prm_actions_only-tc=sft-rbc=default-nb=150-nt=0-mc=hf_qwen3_4b_-30f8eb22
act_prm_snorkel_finance_split,s2,snorkel_finance_split_s2_expert_thoughts_all_v3_lr3e_3_nb150_heldout,,0.003,100,1.987228,0.839667,0.830855,,,,snorkel_finance_split_s2_expert_thoughts_all_v3_lr3e_3_nb150_heldout-act-prm-ia=0-rr=0-ec=act_prm_snorkel_finance_split-gc=act_prm_actions_only-tc=sft-rbc=default-nb=150-nt=0-mc=hf_qwen3_4b_-30f8eb22
act_prm_snorkel_finance_split,s2,snorkel_finance_split_s2_expert_thoughts_all_v3_lr3e_3_nb150_heldout,,0.003,110,1.977289,0.840682,0.832301,,,,snorkel_finance_split_s2_expert_thoughts_all_v3_lr3e_3_nb150_heldout-act-prm-ia=0-rr=0-ec=act_prm_snorkel_finance_split-gc=act_prm_actions_only-tc=sft-rbc=default-nb=150-nt=0-mc=hf_qwen3_4b_-30f8eb22
act_prm_snorkel_finance_split,s2,snorkel_finance_split_s2_expert_thoughts_all_v3_lr3e_3_nb150_heldout,,0.003,110,1.977289,0.840682,0.832301,,,,snorkel_finance_split_s2_expert_thoughts_all_v3_lr3e_3_nb150_heldout-act-prm-ia=0-rr=0-ec=act_prm_snorkel_finance_split-gc=act_prm_actions_only-tc=sft-rbc=default-nb=150-nt=0-mc=hf_qwen3_4b_-30f8eb22
act_prm_snorkel_finance_split,s2,snorkel_finance_split_s2_expert_thoughts_all_v3_lr3e_3_nb150_heldout,,0.003,120,1.96747,0.840711,0.832328,,,,snorkel_finance_split_s2_expert_thoughts_all_v3_lr3e_3_nb150_heldout-act-prm-ia=0-rr=0-ec=act_prm_snorkel_finance_split-gc=act_prm_actions_only-tc=sft-rbc=default-nb=150-nt=0-mc=hf_qwen3_4b_-30f8eb22
act_prm_snorkel_finance_split,s2,snorkel_finance_split_s2_expert_thoughts_all_v3_lr3e_3_nb150_heldout,,0.003,120,1.96747,0.840711,0.832328,,,,snorkel_finance_split_s2_expert_thoughts_all_v3_lr3e_3_nb150_heldout-act-prm-ia=0-rr=0-ec=act_prm_snorkel_finance_split-gc=act_prm_actions_only-tc=sft-rbc=default-nb=150-nt=0-mc=hf_qwen3_4b_-30f8eb22
act_prm_snorkel_finance_split,s2,snorkel_finance_split_s2_expert_thoughts_all_v3_lr3e_3_nb150_heldout,,0.003,130,1.961829,0.841841,0.833556,,,,snorkel_finance_split_s2_expert_thoughts_all_v3_lr3e_3_nb150_heldout-act-prm-ia=0-rr=0-ec=act_prm_snorkel_finance_split-gc=act_prm_actions_only-tc=sft-rbc=default-nb=150-nt=0-mc=hf_qwen3_4b_-30f8eb22
act_prm_snorkel_finance_split,s2,snorkel_finance_split_s2_expert_thoughts_all_v3_lr3e_3_nb150_heldout,,0.003,130,1.961829,0.841841,0.833556,,,,snorkel_finance_split_s2_expert_thoughts_all_v3_lr3e_3_nb150_heldout-act-prm-ia=0-rr=0-ec=act_prm_snorkel_finance_split-gc=act_prm_actions_only-tc=sft-rbc=default-nb=150-nt=0-mc=hf_qwen3_4b_-30f8eb22
act_prm_snorkel_finance_split,s2,snorkel_finance_split_s2_expert_thoughts_all_v3_lr3e_3_nb150_heldout,,0.003,140,1.958689,0.841609,0.833802,,,,snorkel_finance_split_s2_expert_thoughts_all_v3_lr3e_3_nb150_heldout-act-prm-ia=0-rr=0-ec=act_prm_snorkel_finance_split-gc=act_prm_actions_only-tc=sft-rbc=default-nb=150-nt=0-mc=hf_qwen3_4b_-30f8eb22
act_prm_snorkel_finance_split,s2,snorkel_finance_split_s2_expert_thoughts_all_v3_lr3e_3_nb150_heldout,,0.003,140,1.958689,0.841609,0.833802,,,,snorkel_finance_split_s2_expert_thoughts_all_v3_lr3e_3_nb150_heldout-act-prm-ia=0-rr=0-ec=act_prm_snorkel_finance_split-gc=act_prm_actions_only-tc=sft-rbc=default-nb=150-nt=0-mc=hf_qwen3_4b_-30f8eb22
act_prm_snorkel_finance_split,s2,snorkel_finance_split_s2_expert_thoughts_all_v3_lr3e_3_nb150_heldout,,0.003,149,1.955707,0.841349,0.833638,,,,snorkel_finance_split_s2_expert_thoughts_all_v3_lr3e_3_nb150_heldout-act-prm-ia=0-rr=0-ec=act_prm_snorkel_finance_split-gc=act_prm_actions_only-tc=sft-rbc=default-nb=150-nt=0-mc=hf_qwen3_4b_-30f8eb22
act_prm_snorkel_finance_split,s2,snorkel_finance_split_s2_expert_thoughts_all_v3_lr3e_3_nb150_heldout,,0.003,149,1.955707,0.841349,0.833638,,,,snorkel_finance_split_s2_expert_thoughts_all_v3_lr3e_3_nb150_heldout-act-prm-ia=0-rr=0-ec=act_prm_snorkel_finance_split-gc=act_prm_actions_only-tc=sft-rbc=default-nb=150-nt=0-mc=hf_qwen3_4b_-30f8eb22
act_prm_snorkel_finance_split,s2,snorkel_finance_split_s2_expert_thoughts_heldout,,4e-05,5,2.653725,0.832357,0.813179,,,,snorkel_finance_split_s2_expert_thoughts_heldout-act-prm-ia=0-rr=0-ec=act_prm_snorkel_finance_split-gc=act_prm_actions_only-tc=sft-rbc=default-nb=60-nt=0-mc=hf_qwen3_4b_instruct-lc=r8_a16_li-f637d77d
act_prm_snorkel_finance_split,s2,snorkel_finance_split_s2_expert_thoughts_heldout,,4e-05,5,2.653725,0.832357,0.813179,,,,snorkel_finance_split_s2_expert_thoughts_heldout-act-prm-ia=0-rr=0-ec=act_prm_snorkel_finance_split-gc=act_prm_actions_only-tc=sft-rbc=default-nb=60-nt=0-mc=hf_qwen3_4b_instruct-lc=r8_a16_li-f637d77d
act_prm_snorkel_finance_split,s2,snorkel_finance_split_s2_expert_thoughts_heldout,,4e-05,10,2.651828,0.832133,0.813179,,,,snorkel_finance_split_s2_expert_thoughts_heldout-act-prm-ia=0-rr=0-ec=act_prm_snorkel_finance_split-gc=act_prm_actions_only-tc=sft-rbc=default-nb=60-nt=0-mc=hf_qwen3_4b_instruct-lc=r8_a16_li-f637d77d
act_prm_snorkel_finance_split,s2,snorkel_finance_split_s2_expert_thoughts_heldout,,4e-05,10,2.651828,0.832133,0.813179,,,,snorkel_finance_split_s2_expert_thoughts_heldout-act-prm-ia=0-rr=0-ec=act_prm_snorkel_finance_split-gc=act_prm_actions_only-tc=sft-rbc=default-nb=60-nt=0-mc=hf_qwen3_4b_instruct-lc=r8_a16_li-f637d77d
act_prm_snorkel_finance_split,s2,snorkel_finance_split_s2_expert_thoughts_heldout,,4e-05,15,2.652122,0.832197,0.813031,,,,snorkel_finance_split_s2_expert_thoughts_heldout-act-prm-ia=0-rr=0-ec=act_prm_snorkel_finance_split-gc=act_prm_actions_only-tc=sft-rbc=default-nb=60-nt=0-mc=hf_qwen3_4b_instruct-lc=r8_a16_li-f637d77d
act_prm_snorkel_finance_split,s2,snorkel_finance_split_s2_expert_thoughts_heldout,,4e-05,15,2.652122,0.832197,0.813031,,,,snorkel_finance_split_s2_expert_thoughts_heldout-act-prm-ia=0-rr=0-ec=act_prm_snorkel_finance_split-gc=act_prm_actions_only-tc=sft-rbc=default-nb=60-nt=0-mc=hf_qwen3_4b_instruct-lc=r8_a16_li-f637d77d
act_prm_snorkel_finance_split,s2,snorkel_finance_split_s2_expert_thoughts_heldout,,4e-05,20,2.654409,0.832229,0.813238,,,,snorkel_finance_split_s2_expert_thoughts_heldout-act-prm-ia=0-rr=0-ec=act_prm_snorkel_finance_split-gc=act_prm_actions_only-tc=sft-rbc=default-nb=60-nt=0-mc=hf_qwen3_4b_instruct-lc=r8_a16_li-f637d77d
act_prm_snorkel_finance_split,s2,snorkel_finance_split_s2_expert_thoughts_heldout,,4e-05,20,2.654409,0.832229,0.813238,,,,snorkel_finance_split_s2_expert_thoughts_heldout-act-prm-ia=0-rr=0-ec=act_prm_snorkel_finance_split-gc=act_prm_actions_only-tc=sft-rbc=default-nb=60-nt=0-mc=hf_qwen3_4b_instruct-lc=r8_a16_li-f637d77d
act_prm_snorkel_finance_split,s2,snorkel_finance_split_s2_expert_thoughts_heldout,,4e-05,25,2.654194,0.832773,0.813798,,,,snorkel_finance_split_s2_expert_thoughts_heldout-act-prm-ia=0-rr=0-ec=act_prm_snorkel_finance_split-gc=act_prm_actions_only-tc=sft-rbc=default-nb=60-nt=0-mc=hf_qwen3_4b_instruct-lc=r8_a16_li-f637d77d
act_prm_snorkel_finance_split,s2,snorkel_finance_split_s2_expert_thoughts_heldout,,4e-05,25,2.654194,0.832773,0.813798,,,,snorkel_finance_split_s2_expert_thoughts_heldout-act-prm-ia=0-rr=0-ec=act_prm_snorkel_finance_split-gc=act_prm_actions_only-tc=sft-rbc=default-nb=60-nt=0-mc=hf_qwen3_4b_instruct-lc=r8_a16_li-f637d77d
act_prm_snorkel_finance_split,s2,snorkel_finance_split_s2_expert_thoughts_heldout,,4e-05,30,2.653016,0.832549,0.813474,,,,snorkel_finance_split_s2_expert_thoughts_heldout-act-prm-ia=0-rr=0-ec=act_prm_snorkel_finance_split-gc=act_prm_actions_only-tc=sft-rbc=default-nb=60-nt=0-mc=hf_qwen3_4b_instruct-lc=r8_a16_li-f637d77d
act_prm_snorkel_finance_split,s2,snorkel_finance_split_s2_expert_thoughts_heldout,,4e-05,30,2.653016,0.832549,0.813474,,,,snorkel_finance_split_s2_expert_thoughts_heldout-act-prm-ia=0-rr=0-ec=act_prm_snorkel_finance_split-gc=act_prm_actions_only-tc=sft-rbc=default-nb=60-nt=0-mc=hf_qwen3_4b_instruct-lc=r8_a16_li-f637d77d
act_prm_snorkel_finance_split,s2,snorkel_finance_split_s2_expert_thoughts_heldout,,4e-05,35,2.651467,0.832645,0.813533,,,,snorkel_finance_split_s2_expert_thoughts_heldout-act-prm-ia=0-rr=0-ec=act_prm_snorkel_finance_split-gc=act_prm_actions_only-tc=sft-rbc=default-nb=60-nt=0-mc=hf_qwen3_4b_instruct-lc=r8_a16_li-f637d77d
act_prm_snorkel_finance_split,s2,snorkel_finance_split_s2_expert_thoughts_heldout,,4e-05,35,2.651467,0.832645,0.813533,,,,snorkel_finance_split_s2_expert_thoughts_heldout-act-prm-ia=0-rr=0-ec=act_prm_snorkel_finance_split-gc=act_prm_actions_only-tc=sft-rbc=default-nb=60-nt=0-mc=hf_qwen3_4b_instruct-lc=r8_a16_li-f637d77d
act_prm_snorkel_finance_split,s2,snorkel_finance_split_s2_expert_thoughts_heldout,,4e-05,40,2.652538,0.832549,0.813444,,,,snorkel_finance_split_s2_expert_thoughts_heldout-act-prm-ia=0-rr=0-ec=act_prm_snorkel_finance_split-gc=act_prm_actions_only-tc=sft-rbc=default-nb=60-nt=0-mc=hf_qwen3_4b_instruct-lc=r8_a16_li-f637d77d
act_prm_snorkel_finance_split,s2,snorkel_finance_split_s2_expert_thoughts_heldout,,4e-05,40,2.652538,0.832549,0.813444,,,,snorkel_finance_split_s2_expert_thoughts_heldout-act-prm-ia=0-rr=0-ec=act_prm_snorkel_finance_split-gc=act_prm_actions_only-tc=sft-rbc=default-nb=60-nt=0-mc=hf_qwen3_4b_instruct-lc=r8_a16_li-f637d77d
act_prm_snorkel_finance_split,s2,snorkel_finance_split_s2_expert_thoughts_heldout,,4e-05,45,2.652203,0.832741,0.813621,,,,snorkel_finance_split_s2_expert_thoughts_heldout-act-prm-ia=0-rr=0-ec=act_prm_snorkel_finance_split-gc=act_prm_actions_only-tc=sft-rbc=default-nb=60-nt=0-mc=hf_qwen3_4b_instruct-lc=r8_a16_li-f637d77d
act_prm_snorkel_finance_split,s2,snorkel_finance_split_s2_expert_thoughts_heldout,,4e-05,45,2.652203,0.832741,0.813621,,,,snorkel_finance_split_s2_expert_thoughts_heldout-act-prm-ia=0-rr=0-ec=act_prm_snorkel_finance_split-gc=act_prm_actions_only-tc=sft-rbc=default-nb=60-nt=0-mc=hf_qwen3_4b_instruct-lc=r8_a16_li-f637d77d
act_prm_snorkel_finance_split,s2,snorkel_finance_split_s2_expert_thoughts_heldout,,4e-05,50,2.65355,0.832005,0.813061,,,,snorkel_finance_split_s2_expert_thoughts_heldout-act-prm-ia=0-rr=0-ec=act_prm_snorkel_finance_split-gc=act_prm_actions_only-tc=sft-rbc=default-nb=60-nt=0-mc=hf_qwen3_4b_instruct-lc=r8_a16_li-f637d77d
act_prm_snorkel_finance_split,s2,snorkel_finance_split_s2_expert_thoughts_heldout,,4e-05,50,2.65355,0.832005,0.813061,,,,snorkel_finance_split_s2_expert_thoughts_heldout-act-prm-ia=0-rr=0-ec=act_prm_snorkel_finance_split-gc=act_prm_actions_only-tc=sft-rbc=default-nb=60-nt=0-mc=hf_qwen3_4b_instruct-lc=r8_a16_li-f637d77d
act_prm_snorkel_finance_split,s2,snorkel_finance_split_s2_expert_thoughts_heldout,,4e-05,55,2.652468,0.832229,0.81312,,,,snorkel_finance_split_s2_expert_thoughts_heldout-act-prm-ia=0-rr=0-ec=act_prm_snorkel_finance_split-gc=act_prm_actions_only-tc=sft-rbc=default-nb=60-nt=0-mc=hf_qwen3_4b_instruct-lc=r8_a16_li-f637d77d
act_prm_snorkel_finance_split,s2,snorkel_finance_split_s2_expert_thoughts_heldout,,4e-05,55,2.652468,0.832229,0.81312,,,,snorkel_finance_split_s2_expert_thoughts_heldout-act-prm-ia=0-rr=0-ec=act_prm_snorkel_finance_split-gc=act_prm_actions_only-tc=sft-rbc=default-nb=60-nt=0-mc=hf_qwen3_4b_instruct-lc=r8_a16_li-f637d77d
act_prm_snorkel_finance_split,s2,snorkel_finance_split_s2_expert_thoughts_heldout,,4e-05,59,2.652248,0.832261,0.813238,,,,snorkel_finance_split_s2_expert_thoughts_heldout-act-prm-ia=0-rr=0-ec=act_prm_snorkel_finance_split-gc=act_prm_actions_only-tc=sft-rbc=default-nb=60-nt=0-mc=hf_qwen3_4b_instruct-lc=r8_a16_li-f637d77d
act_prm_snorkel_finance_split,s2,snorkel_finance_split_s2_expert_thoughts_heldout,,4e-05,59,2.652248,0.832261,0.813238,,,,snorkel_finance_split_s2_expert_thoughts_heldout-act-prm-ia=0-rr=0-ec=act_prm_snorkel_finance_split-gc=act_prm_actions_only-tc=sft-rbc=default-nb=60-nt=0-mc=hf_qwen3_4b_instruct-lc=r8_a16_li-f637d77d
act_prm_snorkel_finance_split,s2,snorkel_finance_split_s2_expert_thoughts_heldout_fullctx,,4e-05,5,2.225018,0.877205,0.856498,,,,snorkel_finance_split_s2_expert_thoughts_heldout_fullctx-act-prm-ia=0-rr=0-ec=act_prm_snorkel_finance_split-gc=act_prm_actions_only-tc=sft-rbc=default-nb=60-nt=0-mc=hf_qwen3_4b_instruct-lc=r-d632d668
act_prm_snorkel_finance_split,s2,snorkel_finance_split_s2_expert_thoughts_heldout_fullctx,,4e-05,5,2.225018,0.877205,0.856498,,,,snorkel_finance_split_s2_expert_thoughts_heldout_fullctx-act-prm-ia=0-rr=0-ec=act_prm_snorkel_finance_split-gc=act_prm_actions_only-tc=sft-rbc=default-nb=60-nt=0-mc=hf_qwen3_4b_instruct-lc=r-d632d668
act_prm_snorkel_finance_split,s2,snorkel_finance_split_s2_expert_thoughts_heldout_fullctx,,4e-05,10,2.222852,0.877109,0.856439,,,,snorkel_finance_split_s2_expert_thoughts_heldout_fullctx-act-prm-ia=0-rr=0-ec=act_prm_snorkel_finance_split-gc=act_prm_actions_only-tc=sft-rbc=default-nb=60-nt=0-mc=hf_qwen3_4b_instruct-lc=r-d632d668
act_prm_snorkel_finance_split,s2,snorkel_finance_split_s2_expert_thoughts_heldout_fullctx,,4e-05,10,2.222852,0.877109,0.856439,,,,snorkel_finance_split_s2_expert_thoughts_heldout_fullctx-act-prm-ia=0-rr=0-ec=act_prm_snorkel_finance_split-gc=act_prm_actions_only-tc=sft-rbc=default-nb=60-nt=0-mc=hf_qwen3_4b_instruct-lc=r-d632d668
act_prm_snorkel_finance_split,s2,snorkel_finance_split_s2_expert_thoughts_heldout_fullctx,,4e-05,15,2.225877,0.877333,0.856763,,,,snorkel_finance_split_s2_expert_thoughts_heldout_fullctx-act-prm-ia=0-rr=0-ec=act_prm_snorkel_finance_split-gc=act_prm_actions_only-tc=sft-rbc=default-nb=60-nt=0-mc=hf_qwen3_4b_instruct-lc=r-d632d668
act_prm_snorkel_finance_split,s2,snorkel_finance_split_s2_expert_thoughts_heldout_fullctx,,4e-05,15,2.225877,0.877333,0.856763,,,,snorkel_finance_split_s2_expert_thoughts_heldout_fullctx-act-prm-ia=0-rr=0-ec=act_prm_snorkel_finance_split-gc=act_prm_actions_only-tc=sft-rbc=default-nb=60-nt=0-mc=hf_qwen3_4b_instruct-lc=r-d632d668
act_prm_snorkel_finance_split,s2,snorkel_finance_split_s2_expert_thoughts_heldout_fullctx,,4e-05,20,2.224781,0.876949,0.85635,,,,snorkel_finance_split_s2_expert_thoughts_heldout_fullctx-act-prm-ia=0-rr=0-ec=act_prm_snorkel_finance_split-gc=act_prm_actions_only-tc=sft-rbc=default-nb=60-nt=0-mc=hf_qwen3_4b_instruct-lc=r-d632d668
act_prm_snorkel_finance_split,s2,snorkel_finance_split_s2_expert_thoughts_heldout_fullctx,,4e-05,20,2.224781,0.876949,0.85635,,,,snorkel_finance_split_s2_expert_thoughts_heldout_fullctx-act-prm-ia=0-rr=0-ec=act_prm_snorkel_finance_split-gc=act_prm_actions_only-tc=sft-rbc=default-nb=60-nt=0-mc=hf_qwen3_4b_instruct-lc=r-d632d668
act_prm_snorkel_finance_split,s2,snorkel_finance_split_s2_expert_thoughts_heldout_fullctx,,4e-05,25,2.224638,0.877013,0.856527,,,,snorkel_finance_split_s2_expert_thoughts_heldout_fullctx-act-prm-ia=0-rr=0-ec=act_prm_snorkel_finance_split-gc=act_prm_actions_only-tc=sft-rbc=default-nb=60-nt=0-mc=hf_qwen3_4b_instruct-lc=r-d632d668
act_prm_snorkel_finance_split,s2,snorkel_finance_split_s2_expert_thoughts_heldout_fullctx,,4e-05,25,2.224638,0.877013,0.856527,,,,snorkel_finance_split_s2_expert_thoughts_heldout_fullctx-act-prm-ia=0-rr=0-ec=act_prm_snorkel_finance_split-gc=act_prm_actions_only-tc=sft-rbc=default-nb=60-nt=0-mc=hf_qwen3_4b_instruct-lc=r-d632d668
act_prm_snorkel_finance_split,s2,snorkel_finance_split_s2_expert_thoughts_heldout_fullctx,,4e-05,30,2.224883,0.877301,0.856793,,,,snorkel_finance_split_s2_expert_thoughts_heldout_fullctx-act-prm-ia=0-rr=0-ec=act_prm_snorkel_finance_split-gc=act_prm_actions_only-tc=sft-rbc=default-nb=60-nt=0-mc=hf_qwen3_4b_instruct-lc=r-d632d668
act_prm_snorkel_finance_split,s2,snorkel_finance_split_s2_expert_thoughts_heldout_fullctx,,4e-05,30,2.224883,0.877301,0.856793,,,,snorkel_finance_split_s2_expert_thoughts_heldout_fullctx-act-prm-ia=0-rr=0-ec=act_prm_snorkel_finance_split-gc=act_prm_actions_only-tc=sft-rbc=default-nb=60-nt=0-mc=hf_qwen3_4b_instruct-lc=r-d632d668
act_prm_snorkel_finance_split,s2,snorkel_finance_split_s2_expert_thoughts_heldout_fullctx,,4e-05,35,2.224702,0.876917,0.856439,,,,snorkel_finance_split_s2_expert_thoughts_heldout_fullctx-act-prm-ia=0-rr=0-ec=act_prm_snorkel_finance_split-gc=act_prm_actions_only-tc=sft-rbc=default-nb=60-nt=0-mc=hf_qwen3_4b_instruct-lc=r-d632d668
act_prm_snorkel_finance_split,s2,snorkel_finance_split_s2_expert_thoughts_heldout_fullctx,,4e-05,35,2.224702,0.876917,0.856439,,,,snorkel_finance_split_s2_expert_thoughts_heldout_fullctx-act-prm-ia=0-rr=0-ec=act_prm_snorkel_finance_split-gc=act_prm_actions_only-tc=sft-rbc=default-nb=60-nt=0-mc=hf_qwen3_4b_instruct-lc=r-d632d668
act_prm_snorkel_finance_split,s2,snorkel_finance_split_s2_expert_thoughts_heldout_fullctx,,4e-05,40,2.222727,0.877429,0.856734,,,,snorkel_finance_split_s2_expert_thoughts_heldout_fullctx-act-prm-ia=0-rr=0-ec=act_prm_snorkel_finance_split-gc=act_prm_actions_only-tc=sft-rbc=default-nb=60-nt=0-mc=hf_qwen3_4b_instruct-lc=r-d632d668
act_prm_snorkel_finance_split,s2,snorkel_finance_split_s2_expert_thoughts_heldout_fullctx,,4e-05,40,2.222727,0.877429,0.856734,,,,snorkel_finance_split_s2_expert_thoughts_heldout_fullctx-act-prm-ia=0-rr=0-ec=act_prm_snorkel_finance_split-gc=act_prm_actions_only-tc=sft-rbc=default-nb=60-nt=0-mc=hf_qwen3_4b_instruct-lc=r-d632d668
act_prm_snorkel_finance_split,s2,snorkel_finance_split_s2_expert_thoughts_heldout_fullctx,,4e-05,45,2.223385,0.877461,0.856763,,,,snorkel_finance_split_s2_expert_thoughts_heldout_fullctx-act-prm-ia=0-rr=0-ec=act_prm_snorkel_finance_split-gc=act_prm_actions_only-tc=sft-rbc=default-nb=60-nt=0-mc=hf_qwen3_4b_instruct-lc=r-d632d668
act_prm_snorkel_finance_split,s2,snorkel_finance_split_s2_expert_thoughts_heldout_fullctx,,4e-05,45,2.223385,0.877461,0.856763,,,,snorkel_finance_split_s2_expert_thoughts_heldout_fullctx-act-prm-ia=0-rr=0-ec=act_prm_snorkel_finance_split-gc=act_prm_actions_only-tc=sft-rbc=default-nb=60-nt=0-mc=hf_qwen3_4b_instruct-lc=r-d632d668
act_prm_snorkel_finance_split,s2,snorkel_finance_split_s2_expert_thoughts_heldout_fullctx,,4e-05,50,2.222298,0.877333,0.856704,,,,snorkel_finance_split_s2_expert_thoughts_heldout_fullctx-act-prm-ia=0-rr=0-ec=act_prm_snorkel_finance_split-gc=act_prm_actions_only-tc=sft-rbc=default-nb=60-nt=0-mc=hf_qwen3_4b_instruct-lc=r-d632d668
act_prm_snorkel_finance_split,s2,snorkel_finance_split_s2_expert_thoughts_heldout_fullctx,,4e-05,50,2.222298,0.877333,0.856704,,,,snorkel_finance_split_s2_expert_thoughts_heldout_fullctx-act-prm-ia=0-rr=0-ec=act_prm_snorkel_finance_split-gc=act_prm_actions_only-tc=sft-rbc=default-nb=60-nt=0-mc=hf_qwen3_4b_instruct-lc=r-d632d668
act_prm_snorkel_finance_split,s2,snorkel_finance_split_s2_expert_thoughts_heldout_fullctx,,4e-05,55,2.223934,0.877013,0.856409,,,,snorkel_finance_split_s2_expert_thoughts_heldout_fullctx-act-prm-ia=0-rr=0-ec=act_prm_snorkel_finance_split-gc=act_prm_actions_only-tc=sft-rbc=default-nb=60-nt=0-mc=hf_qwen3_4b_instruct-lc=r-d632d668
act_prm_snorkel_finance_split,s2,snorkel_finance_split_s2_expert_thoughts_heldout_fullctx,,4e-05,55,2.223934,0.877013,0.856409,,,,snorkel_finance_split_s2_expert_thoughts_heldout_fullctx-act-prm-ia=0-rr=0-ec=act_prm_snorkel_finance_split-gc=act_prm_actions_only-tc=sft-rbc=default-nb=60-nt=0-mc=hf_qwen3_4b_instruct-lc=r-d632d668
act_prm_snorkel_finance_split,s2,snorkel_finance_split_s2_expert_thoughts_heldout_fullctx,,4e-05,59,2.22214,0.877173,0.856645,,,,snorkel_finance_split_s2_expert_thoughts_heldout_fullctx-act-prm-ia=0-rr=0-ec=act_prm_snorkel_finance_split-gc=act_prm_actions_only-tc=sft-rbc=default-nb=60-nt=0-mc=hf_qwen3_4b_instruct-lc=r-d632d668
act_prm_snorkel_finance_split,s2,snorkel_finance_split_s2_expert_thoughts_heldout_fullctx,,4e-05,59,2.22214,0.877173,0.856645,,,,snorkel_finance_split_s2_expert_thoughts_heldout_fullctx-act-prm-ia=0-rr=0-ec=act_prm_snorkel_finance_split-gc=act_prm_actions_only-tc=sft-rbc=default-nb=60-nt=0-mc=hf_qwen3_4b_instruct-lc=r-d632d668
act_prm_snorkel_finance_split,s2,snorkel_finance_split_s2_expert_thoughts_lr1e_3_adamw_nb100_heldout,adamw,0.001,10,1.683474,0.859471,0.844724,,,,snorkel_finance_split_s2_expert_thoughts_lr1e_3_adamw_nb100_heldout-act-prm-ia=0-rr=0-ec=act_prm_snorkel_finance_split-gc=act_prm_actions_only-tc=sft-rbc=default-nb=100-nt=0-mc=hf_qwen3_4b_i-818919e8
act_prm_snorkel_finance_split,s2,snorkel_finance_split_s2_expert_thoughts_lr1e_3_adamw_nb100_heldout,adamw,0.001,10,1.683474,0.859471,0.844724,,,,snorkel_finance_split_s2_expert_thoughts_lr1e_3_adamw_nb100_heldout-act-prm-ia=0-rr=0-ec=act_prm_snorkel_finance_split-gc=act_prm_actions_only-tc=sft-rbc=default-nb=100-nt=0-mc=hf_qwen3_4b_i-818919e8
act_prm_snorkel_finance_split,s2,snorkel_finance_split_s2_expert_thoughts_lr1e_3_adamw_nb100_heldout,adamw,0.001,20,1.642793,0.863696,0.851422,,,,snorkel_finance_split_s2_expert_thoughts_lr1e_3_adamw_nb100_heldout-act-prm-ia=0-rr=0-ec=act_prm_snorkel_finance_split-gc=act_prm_actions_only-tc=sft-rbc=default-nb=100-nt=0-mc=hf_qwen3_4b_i-818919e8
act_prm_snorkel_finance_split,s2,snorkel_finance_split_s2_expert_thoughts_lr1e_3_adamw_nb100_heldout,adamw,0.001,20,1.642793,0.863696,0.851422,,,,snorkel_finance_split_s2_expert_thoughts_lr1e_3_adamw_nb100_heldout-act-prm-ia=0-rr=0-ec=act_prm_snorkel_finance_split-gc=act_prm_actions_only-tc=sft-rbc=default-nb=100-nt=0-mc=hf_qwen3_4b_i-818919e8
act_prm_snorkel_finance_split,s2,snorkel_finance_split_s2_expert_thoughts_lr1e_3_adamw_nb100_heldout,adamw,0.001,30,1.600278,0.869906,0.858268,,,,snorkel_finance_split_s2_expert_thoughts_lr1e_3_adamw_nb100_heldout-act-prm-ia=0-rr=0-ec=act_prm_snorkel_finance_split-gc=act_prm_actions_only-tc=sft-rbc=default-nb=100-nt=0-mc=hf_qwen3_4b_i-818919e8
act_prm_snorkel_finance_split,s2,snorkel_finance_split_s2_expert_thoughts_lr1e_3_adamw_nb100_heldout,adamw,0.001,30,1.600278,0.869906,0.858268,,,,snorkel_finance_split_s2_expert_thoughts_lr1e_3_adamw_nb100_heldout-act-prm-ia=0-rr=0-ec=act_prm_snorkel_finance_split-gc=act_prm_actions_only-tc=sft-rbc=default-nb=100-nt=0-mc=hf_qwen3_4b_i-818919e8
act_prm_snorkel_finance_split,s2,snorkel_finance_split_s2_expert_thoughts_lr1e_3_adamw_nb100_heldout,adamw,0.001,40,1.608069,0.868178,0.856557,,,,snorkel_finance_split_s2_expert_thoughts_lr1e_3_adamw_nb100_heldout-act-prm-ia=0-rr=0-ec=act_prm_snorkel_finance_split-gc=act_prm_actions_only-tc=sft-rbc=default-nb=100-nt=0-mc=hf_qwen3_4b_i-818919e8
act_prm_snorkel_finance_split,s2,snorkel_finance_split_s2_expert_thoughts_lr1e_3_adamw_nb100_heldout,adamw,0.001,40,1.608069,0.868178,0.856557,,,,snorkel_finance_split_s2_expert_thoughts_lr1e_3_adamw_nb100_heldout-act-prm-ia=0-rr=0-ec=act_prm_snorkel_finance_split-gc=act_prm_actions_only-tc=sft-rbc=default-nb=100-nt=0-mc=hf_qwen3_4b_i-818919e8
act_prm_snorkel_finance_split,s2,snorkel_finance_split_s2_expert_thoughts_lr1e_3_adamw_nb100_heldout,adamw,0.001,50,1.596036,0.868018,0.857118,,,,snorkel_finance_split_s2_expert_thoughts_lr1e_3_adamw_nb100_heldout-act-prm-ia=0-rr=0-ec=act_prm_snorkel_finance_split-gc=act_prm_actions_only-tc=sft-rbc=default-nb=100-nt=0-mc=hf_qwen3_4b_i-818919e8
act_prm_snorkel_finance_split,s2,snorkel_finance_split_s2_expert_thoughts_lr1e_3_adamw_nb100_heldout,adamw,0.001,50,1.596036,0.868018,0.857118,,,,snorkel_finance_split_s2_expert_thoughts_lr1e_3_adamw_nb100_heldout-act-prm-ia=0-rr=0-ec=act_prm_snorkel_finance_split-gc=act_prm_actions_only-tc=sft-rbc=default-nb=100-nt=0-mc=hf_qwen3_4b_i-818919e8
act_prm_snorkel_finance_split,s2,snorkel_finance_split_s2_expert_thoughts_lr1e_3_adamw_nb100_heldout,adamw,0.001,60,1.611139,0.869874,0.859891,,,,snorkel_finance_split_s2_expert_thoughts_lr1e_3_adamw_nb100_heldout-act-prm-ia=0-rr=0-ec=act_prm_snorkel_finance_split-gc=act_prm_actions_only-tc=sft-rbc=default-nb=100-nt=0-mc=hf_qwen3_4b_i-818919e8
act_prm_snorkel_finance_split,s2,snorkel_finance_split_s2_expert_thoughts_lr1e_3_adamw_nb100_heldout,adamw,0.001,60,1.611139,0.869874,0.859891,,,,snorkel_finance_split_s2_expert_thoughts_lr1e_3_adamw_nb100_heldout-act-prm-ia=0-rr=0-ec=act_prm_snorkel_finance_split-gc=act_prm_actions_only-tc=sft-rbc=default-nb=100-nt=0-mc=hf_qwen3_4b_i-818919e8
act_prm_snorkel_finance_split,s2,snorkel_finance_split_s2_expert_thoughts_lr1e_3_adamw_nb100_heldout,adamw,0.001,70,1.623004,0.87045,0.858386,,,,snorkel_finance_split_s2_expert_thoughts_lr1e_3_adamw_nb100_heldout-act-prm-ia=0-rr=0-ec=act_prm_snorkel_finance_split-gc=act_prm_actions_only-tc=sft-rbc=default-nb=100-nt=0-mc=hf_qwen3_4b_i-818919e8
act_prm_snorkel_finance_split,s2,snorkel_finance_split_s2_expert_thoughts_lr1e_3_adamw_nb100_heldout,adamw,0.001,70,1.623004,0.87045,0.858386,,,,snorkel_finance_split_s2_expert_thoughts_lr1e_3_adamw_nb100_heldout-act-prm-ia=0-rr=0-ec=act_prm_snorkel_finance_split-gc=act_prm_actions_only-tc=sft-rbc=default-nb=100-nt=0-mc=hf_qwen3_4b_i-818919e8
act_prm_snorkel_finance_split,s2,snorkel_finance_split_s2_expert_thoughts_lr1e_3_adamw_nb100_heldout,adamw,0.001,80,1.604461,0.873395,0.862193,,,,snorkel_finance_split_s2_expert_thoughts_lr1e_3_adamw_nb100_heldout-act-prm-ia=0-rr=0-ec=act_prm_snorkel_finance_split-gc=act_prm_actions_only-tc=sft-rbc=default-nb=100-nt=0-mc=hf_qwen3_4b_i-818919e8
act_prm_snorkel_finance_split,s2,snorkel_finance_split_s2_expert_thoughts_lr1e_3_adamw_nb200_flat32_heldout,adamw,0.001,5,1.843552,0.84773,0.837532,1.900374,34497.0,36649.0,snorkel_finance_split_s2_expert_thoughts_lr1e_3_adamw_nb200_flat32_heldout-act-prm-ia=0-rr=0-ec=act_prm_snorkel_finance_split-gc=act_prm_actions_only-tc=sft_flat-rbc=default-nb=200-nt=0-mc=h-ca0dfc34
act_prm_snorkel_finance_split,s2,snorkel_finance_split_s2_expert_thoughts_lr1e_3_adamw_nb200_flat32_heldout,adamw,0.001,10,1.767489,0.854043,0.84686,1.801232,34497.0,36649.0,snorkel_finance_split_s2_expert_thoughts_lr1e_3_adamw_nb200_flat32_heldout-act-prm-ia=0-rr=0-ec=act_prm_snorkel_finance_split-gc=act_prm_actions_only-tc=sft_flat-rbc=default-nb=200-nt=0-mc=h-ca0dfc34
act_prm_snorkel_finance_split,s2,snorkel_finance_split_s2_expert_thoughts_lr1e_3_adamw_nb200_flat32_heldout,adamw,0.001,15,1.719029,0.858004,0.850588,1.753464,34497.0,36649.0,snorkel_finance_split_s2_expert_thoughts_lr1e_3_adamw_nb200_flat32_heldout-act-prm-ia=0-rr=0-ec=act_prm_snorkel_finance_split-gc=act_prm_actions_only-tc=sft_flat-rbc=default-nb=200-nt=0-mc=h-ca0dfc34
act_prm_snorkel_finance_split,s2,snorkel_finance_split_s2_expert_thoughts_lr1e_3_adamw_nb200_flat32_heldout,adamw,0.001,20,1.692319,0.862412,0.854593,1.731449,34497.0,36649.0,snorkel_finance_split_s2_expert_thoughts_lr1e_3_adamw_nb200_flat32_heldout-act-prm-ia=0-rr=0-ec=act_prm_snorkel_finance_split-gc=act_prm_actions_only-tc=sft_flat-rbc=default-nb=200-nt=0-mc=h-ca0dfc34
act_prm_snorkel_finance_split,s2,snorkel_finance_split_s2_expert_thoughts_lr1e_3_adamw_nb200_flat32_heldout,adamw,0.001,25,1.692661,0.8598,0.85387,1.719073,34497.0,36649.0,snorkel_finance_split_s2_expert_thoughts_lr1e_3_adamw_nb200_flat32_heldout-act-prm-ia=0-rr=0-ec=act_prm_snorkel_finance_split-gc=act_prm_actions_only-tc=sft_flat-rbc=default-nb=200-nt=0-mc=h-ca0dfc34
act_prm_snorkel_finance_split,s2,snorkel_finance_split_s2_expert_thoughts_lr1e_3_adamw_nb200_flat32_heldout,adamw,0.001,30,1.654284,0.865186,0.85732,1.691021,34497.0,36649.0,snorkel_finance_split_s2_expert_thoughts_lr1e_3_adamw_nb200_flat32_heldout-act-prm-ia=0-rr=0-ec=act_prm_snorkel_finance_split-gc=act_prm_actions_only-tc=sft_flat-rbc=default-nb=200-nt=0-mc=h-ca0dfc34
act_prm_snorkel_finance_split,s2,snorkel_finance_split_s2_expert_thoughts_lr1e_3_adamw_nb200_flat32_heldout,adamw,0.001,35,1.653416,0.864823,0.857174,1.687152,34497.0,36649.0,snorkel_finance_split_s2_expert_thoughts_lr1e_3_adamw_nb200_flat32_heldout-act-prm-ia=0-rr=0-ec=act_prm_snorkel_finance_split-gc=act_prm_actions_only-tc=sft_flat-rbc=default-nb=200-nt=0-mc=h-ca0dfc34
act_prm_snorkel_finance_split,s2,snorkel_finance_split_s2_expert_thoughts_lr1e_3_adamw_nb200_flat32_heldout,adamw,0.001,40,1.655227,0.863471,0.856101,1.686903,34497.0,36649.0,snorkel_finance_split_s2_expert_thoughts_lr1e_3_adamw_nb200_flat32_heldout-act-prm-ia=0-rr=0-ec=act_prm_snorkel_finance_split-gc=act_prm_actions_only-tc=sft_flat-rbc=default-nb=200-nt=0-mc=h-ca0dfc34
act_prm_snorkel_finance_split,s2,snorkel_finance_split_s2_expert_thoughts_lr1e_3_adamw_nb200_flat32_heldout,adamw,0.001,45,1.644138,0.868067,0.861491,1.670024,34497.0,36649.0,snorkel_finance_split_s2_expert_thoughts_lr1e_3_adamw_nb200_flat32_heldout-act-prm-ia=0-rr=0-ec=act_prm_snorkel_finance_split-gc=act_prm_actions_only-tc=sft_flat-rbc=default-nb=200-nt=0-mc=h-ca0dfc34
act_prm_snorkel_finance_split,s2,snorkel_finance_split_s2_expert_thoughts_lr1e_3_adamw_nb200_flat32_heldout,adamw,0.001,50,1.658782,0.868308,0.861193,1.690373,34497.0,36649.0,snorkel_finance_split_s2_expert_thoughts_lr1e_3_adamw_nb200_flat32_heldout-act-prm-ia=0-rr=0-ec=act_prm_snorkel_finance_split-gc=act_prm_actions_only-tc=sft_flat-rbc=default-nb=200-nt=0-mc=h-ca0dfc34
act_prm_snorkel_finance_split,s2,snorkel_finance_split_s2_expert_thoughts_lr1e_3_adamw_nb200_flat32_heldout,adamw,0.001,55,1.651706,0.867201,0.860275,1.680278,34497.0,36649.0,snorkel_finance_split_s2_expert_thoughts_lr1e_3_adamw_nb200_flat32_heldout-act-prm-ia=0-rr=0-ec=act_prm_snorkel_finance_split-gc=act_prm_actions_only-tc=sft_flat-rbc=default-nb=200-nt=0-mc=h-ca0dfc34
act_prm_snorkel_finance_split,s2,snorkel_finance_split_s2_expert_thoughts_lr1e_3_adamw_nb200_flat32_heldout,adamw,0.001,60,1.649431,0.866778,0.859594,1.678391,34497.0,36649.0,snorkel_finance_split_s2_expert_thoughts_lr1e_3_adamw_nb200_flat32_heldout-act-prm-ia=0-rr=0-ec=act_prm_snorkel_finance_split-gc=act_prm_actions_only-tc=sft_flat-rbc=default-nb=200-nt=0-mc=h-ca0dfc34
act_prm_snorkel_finance_split,s2,snorkel_finance_split_s2_expert_thoughts_lr1e_3_adamw_nb200_flat32_heldout,adamw,0.001,65,1.653341,0.866697,0.860018,1.68172,34497.0,36649.0,snorkel_finance_split_s2_expert_thoughts_lr1e_3_adamw_nb200_flat32_heldout-act-prm-ia=0-rr=0-ec=act_prm_snorkel_finance_split-gc=act_prm_actions_only-tc=sft_flat-rbc=default-nb=200-nt=0-mc=h-ca0dfc34
act_prm_snorkel_finance_split,s2,snorkel_finance_split_s2_expert_thoughts_lr1e_3_adamw_nb200_flat32_heldout,adamw,0.001,70,1.634697,0.868114,0.860603,1.666498,34497.0,36649.0,snorkel_finance_split_s2_expert_thoughts_lr1e_3_adamw_nb200_flat32_heldout-act-prm-ia=0-rr=0-ec=act_prm_snorkel_finance_split-gc=act_prm_actions_only-tc=sft_flat-rbc=default-nb=200-nt=0-mc=h-ca0dfc34
act_prm_snorkel_finance_split,s2,snorkel_finance_split_s2_expert_thoughts_lr1e_3_adamw_nb200_flat32_heldout,adamw,0.001,75,1.633746,0.867996,0.861073,1.664763,34497.0,36649.0,snorkel_finance_split_s2_expert_thoughts_lr1e_3_adamw_nb200_flat32_heldout-act-prm-ia=0-rr=0-ec=act_prm_snorkel_finance_split-gc=act_prm_actions_only-tc=sft_flat-rbc=default-nb=200-nt=0-mc=h-ca0dfc34
act_prm_snorkel_finance_split,s2,snorkel_finance_split_s2_expert_thoughts_lr1e_3_adamw_nb200_flat32_heldout,adamw,0.001,80,1.649093,0.86687,0.860536,1.675471,34497.0,36649.0,snorkel_finance_split_s2_expert_thoughts_lr1e_3_adamw_nb200_flat32_heldout-act-prm-ia=0-rr=0-ec=act_prm_snorkel_finance_split-gc=act_prm_actions_only-tc=sft_flat-rbc=default-nb=200-nt=0-mc=h-ca0dfc34
act_prm_snorkel_finance_split,s2,snorkel_finance_split_s2_expert_thoughts_lr1e_3_adamw_nb200_flat32_heldout,adamw,0.001,85,1.638648,0.869688,0.86248,1.66926,34497.0,36649.0,snorkel_finance_split_s2_expert_thoughts_lr1e_3_adamw_nb200_flat32_heldout-act-prm-ia=0-rr=0-ec=act_prm_snorkel_finance_split-gc=act_prm_actions_only-tc=sft_flat-rbc=default-nb=200-nt=0-mc=h-ca0dfc34
act_prm_snorkel_finance_split,s2,snorkel_finance_split_s2_expert_thoughts_lr1e_3_adamw_nb200_flat32_heldout,adamw,0.001,90,1.700128,0.866774,0.860622,1.731257,34497.0,36649.0,snorkel_finance_split_s2_expert_thoughts_lr1e_3_adamw_nb200_flat32_heldout-act-prm-ia=0-rr=0-ec=act_prm_snorkel_finance_split-gc=act_prm_actions_only-tc=sft_flat-rbc=default-nb=200-nt=0-mc=h-ca0dfc34
act_prm_snorkel_finance_split,s2,snorkel_finance_split_s2_expert_thoughts_lr1e_3_adamw_nb200_flat32_heldout,adamw,0.001,95,1.709745,0.865379,0.857663,1.751977,34497.0,36649.0,snorkel_finance_split_s2_expert_thoughts_lr1e_3_adamw_nb200_flat32_heldout-act-prm-ia=0-rr=0-ec=act_prm_snorkel_finance_split-gc=act_prm_actions_only-tc=sft_flat-rbc=default-nb=200-nt=0-mc=h-ca0dfc34
act_prm_snorkel_finance_split,s2,snorkel_finance_split_s2_expert_thoughts_lr1e_3_adamw_nb200_flat32_heldout,adamw,0.001,100,1.666794,0.867869,0.860685,1.70017,34497.0,36649.0,snorkel_finance_split_s2_expert_thoughts_lr1e_3_adamw_nb200_flat32_heldout-act-prm-ia=0-rr=0-ec=act_prm_snorkel_finance_split-gc=act_prm_actions_only-tc=sft_flat-rbc=default-nb=200-nt=0-mc=h-ca0dfc34
act_prm_snorkel_finance_split,s2,snorkel_finance_split_s2_expert_thoughts_lr1e_3_adamw_nb200_flat32_heldout,adamw,0.001,105,1.662843,0.869397,0.861952,1.697505,34497.0,36649.0,snorkel_finance_split_s2_expert_thoughts_lr1e_3_adamw_nb200_flat32_heldout-act-prm-ia=0-rr=0-ec=act_prm_snorkel_finance_split-gc=act_prm_actions_only-tc=sft_flat-rbc=default-nb=200-nt=0-mc=h-ca0dfc34
act_prm_snorkel_finance_split,s2,snorkel_finance_split_s2_expert_thoughts_lr3e_3_nb150_heldout,,0.003,10,2.621744,0.832773,0.813975,,,,snorkel_finance_split_s2_expert_thoughts_lr3e_3_nb150_heldout-act-prm-ia=0-rr=0-ec=act_prm_snorkel_finance_split-gc=act_prm_actions_only-tc=sft-rbc=default-nb=150-nt=0-mc=hf_qwen3_4b_instruc-01dd0aea
act_prm_snorkel_finance_split,s2,snorkel_finance_split_s2_expert_thoughts_lr3e_3_nb150_heldout,,0.003,10,2.621744,0.832773,0.813975,,,,snorkel_finance_split_s2_expert_thoughts_lr3e_3_nb150_heldout-act-prm-ia=0-rr=0-ec=act_prm_snorkel_finance_split-gc=act_prm_actions_only-tc=sft-rbc=default-nb=150-nt=0-mc=hf_qwen3_4b_instruc-01dd0aea
act_prm_snorkel_finance_split,s2,snorkel_finance_split_s2_expert_thoughts_lr3e_3_nb150_heldout,,0.003,20,2.545485,0.833509,0.81492,,,,snorkel_finance_split_s2_expert_thoughts_lr3e_3_nb150_heldout-act-prm-ia=0-rr=0-ec=act_prm_snorkel_finance_split-gc=act_prm_actions_only-tc=sft-rbc=default-nb=150-nt=0-mc=hf_qwen3_4b_instruc-01dd0aea
act_prm_snorkel_finance_split,s2,snorkel_finance_split_s2_expert_thoughts_lr3e_3_nb150_heldout,,0.003,20,2.545485,0.833509,0.81492,,,,snorkel_finance_split_s2_expert_thoughts_lr3e_3_nb150_heldout-act-prm-ia=0-rr=0-ec=act_prm_snorkel_finance_split-gc=act_prm_actions_only-tc=sft-rbc=default-nb=150-nt=0-mc=hf_qwen3_4b_instruc-01dd0aea
act_prm_snorkel_finance_split,s2,snorkel_finance_split_s2_expert_thoughts_lr3e_3_nb150_heldout,,0.003,30,2.422584,0.834918,0.816513,,,,snorkel_finance_split_s2_expert_thoughts_lr3e_3_nb150_heldout-act-prm-ia=0-rr=0-ec=act_prm_snorkel_finance_split-gc=act_prm_actions_only-tc=sft-rbc=default-nb=150-nt=0-mc=hf_qwen3_4b_instruc-01dd0aea
act_prm_snorkel_finance_split,s2,snorkel_finance_split_s2_expert_thoughts_lr3e_3_nb150_heldout,,0.003,30,2.422584,0.834918,0.816513,,,,snorkel_finance_split_s2_expert_thoughts_lr3e_3_nb150_heldout-act-prm-ia=0-rr=0-ec=act_prm_snorkel_finance_split-gc=act_prm_actions_only-tc=sft-rbc=default-nb=150-nt=0-mc=hf_qwen3_4b_instruc-01dd0aea
act_prm_snorkel_finance_split,s2,snorkel_finance_split_s2_expert_thoughts_lr3e_3_nb150_heldout,,0.003,40,2.243255,0.837159,0.819169,,,,snorkel_finance_split_s2_expert_thoughts_lr3e_3_nb150_heldout-act-prm-ia=0-rr=0-ec=act_prm_snorkel_finance_split-gc=act_prm_actions_only-tc=sft-rbc=default-nb=150-nt=0-mc=hf_qwen3_4b_instruc-01dd0aea
act_prm_snorkel_finance_split,s2,snorkel_finance_split_s2_expert_thoughts_lr3e_3_nb150_heldout,,0.003,40,2.243255,0.837159,0.819169,,,,snorkel_finance_split_s2_expert_thoughts_lr3e_3_nb150_heldout-act-prm-ia=0-rr=0-ec=act_prm_snorkel_finance_split-gc=act_prm_actions_only-tc=sft-rbc=default-nb=150-nt=0-mc=hf_qwen3_4b_instruc-01dd0aea
act_prm_snorkel_finance_split,s2,snorkel_finance_split_s2_expert_thoughts_lr3e_3_nb150_heldout,,0.003,50,2.114849,0.838663,0.82091,,,,snorkel_finance_split_s2_expert_thoughts_lr3e_3_nb150_heldout-act-prm-ia=0-rr=0-ec=act_prm_snorkel_finance_split-gc=act_prm_actions_only-tc=sft-rbc=default-nb=150-nt=0-mc=hf_qwen3_4b_instruc-01dd0aea
act_prm_snorkel_finance_split,s2,snorkel_finance_split_s2_expert_thoughts_lr3e_3_nb150_heldout,,0.003,50,2.114849,0.838663,0.82091,,,,snorkel_finance_split_s2_expert_thoughts_lr3e_3_nb150_heldout-act-prm-ia=0-rr=0-ec=act_prm_snorkel_finance_split-gc=act_prm_actions_only-tc=sft-rbc=default-nb=150-nt=0-mc=hf_qwen3_4b_instruc-01dd0aea
act_prm_snorkel_finance_split,s2,snorkel_finance_split_s2_expert_thoughts_lr3e_3_nb150_heldout,,0.003,60,2.03049,0.83972,0.821677,,,,snorkel_finance_split_s2_expert_thoughts_lr3e_3_nb150_heldout-act-prm-ia=0-rr=0-ec=act_prm_snorkel_finance_split-gc=act_prm_actions_only-tc=sft-rbc=default-nb=150-nt=0-mc=hf_qwen3_4b_instruc-01dd0aea
act_prm_snorkel_finance_split,s2,snorkel_finance_split_s2_expert_thoughts_lr3e_3_nb150_heldout,,0.003,60,2.03049,0.83972,0.821677,,,,snorkel_finance_split_s2_expert_thoughts_lr3e_3_nb150_heldout-act-prm-ia=0-rr=0-ec=act_prm_snorkel_finance_split-gc=act_prm_actions_only-tc=sft-rbc=default-nb=150-nt=0-mc=hf_qwen3_4b_instruc-01dd0aea
act_prm_snorkel_finance_split,s2,snorkel_finance_split_s2_expert_thoughts_lr3e_3_nb150_heldout,,0.003,70,1.98268,0.839752,0.821441,,,,snorkel_finance_split_s2_expert_thoughts_lr3e_3_nb150_heldout-act-prm-ia=0-rr=0-ec=act_prm_snorkel_finance_split-gc=act_prm_actions_only-tc=sft-rbc=default-nb=150-nt=0-mc=hf_qwen3_4b_instruc-01dd0aea
act_prm_snorkel_finance_split,s2,snorkel_finance_split_s2_expert_thoughts_lr3e_3_nb150_heldout,,0.003,70,1.98268,0.839752,0.821441,,,,snorkel_finance_split_s2_expert_thoughts_lr3e_3_nb150_heldout-act-prm-ia=0-rr=0-ec=act_prm_snorkel_finance_split-gc=act_prm_actions_only-tc=sft-rbc=default-nb=150-nt=0-mc=hf_qwen3_4b_instruc-01dd0aea
act_prm_snorkel_finance_split,s2,snorkel_finance_split_s2_expert_thoughts_lr3e_3_nb150_heldout,,0.003,80,1.954604,0.840808,0.822622,,,,snorkel_finance_split_s2_expert_thoughts_lr3e_3_nb150_heldout-act-prm-ia=0-rr=0-ec=act_prm_snorkel_finance_split-gc=act_prm_actions_only-tc=sft-rbc=default-nb=150-nt=0-mc=hf_qwen3_4b_instruc-01dd0aea
act_prm_snorkel_finance_split,s2,snorkel_finance_split_s2_expert_thoughts_lr3e_3_nb150_heldout,,0.003,80,1.954604,0.840808,0.822622,,,,snorkel_finance_split_s2_expert_thoughts_lr3e_3_nb150_heldout-act-prm-ia=0-rr=0-ec=act_prm_snorkel_finance_split-gc=act_prm_actions_only-tc=sft-rbc=default-nb=150-nt=0-mc=hf_qwen3_4b_instruc-01dd0aea
act_prm_snorkel_finance_split,s2,snorkel_finance_split_s2_expert_thoughts_lr3e_3_nb150_heldout,,0.003,90,1.933191,0.840648,0.823123,,,,snorkel_finance_split_s2_expert_thoughts_lr3e_3_nb150_heldout-act-prm-ia=0-rr=0-ec=act_prm_snorkel_finance_split-gc=act_prm_actions_only-tc=sft-rbc=default-nb=150-nt=0-mc=hf_qwen3_4b_instruc-01dd0aea
act_prm_snorkel_finance_split,s2,snorkel_finance_split_s2_expert_thoughts_lr3e_3_nb150_heldout,,0.003,90,1.933191,0.840648,0.823123,,,,snorkel_finance_split_s2_expert_thoughts_lr3e_3_nb150_heldout-act-prm-ia=0-rr=0-ec=act_prm_snorkel_finance_split-gc=act_prm_actions_only-tc=sft-rbc=default-nb=150-nt=0-mc=hf_qwen3_4b_instruc-01dd0aea
act_prm_snorkel_finance_split,s2,snorkel_finance_split_s2_expert_thoughts_lr3e_3_nb150_heldout,,0.003,100,1.914429,0.841384,0.82392,,,,snorkel_finance_split_s2_expert_thoughts_lr3e_3_nb150_heldout-act-prm-ia=0-rr=0-ec=act_prm_snorkel_finance_split-gc=act_prm_actions_only-tc=sft-rbc=default-nb=150-nt=0-mc=hf_qwen3_4b_instruc-01dd0aea
act_prm_snorkel_finance_split,s2,snorkel_finance_split_s2_expert_thoughts_lr3e_3_nb150_heldout,,0.003,100,1.914429,0.841384,0.82392,,,,snorkel_finance_split_s2_expert_thoughts_lr3e_3_nb150_heldout-act-prm-ia=0-rr=0-ec=act_prm_snorkel_finance_split-gc=act_prm_actions_only-tc=sft-rbc=default-nb=150-nt=0-mc=hf_qwen3_4b_instruc-01dd0aea
act_prm_snorkel_finance_split,s2,snorkel_finance_split_s2_expert_thoughts_lr3e_3_nb150_heldout,,0.003,110,1.897002,0.842216,0.824717,,,,snorkel_finance_split_s2_expert_thoughts_lr3e_3_nb150_heldout-act-prm-ia=0-rr=0-ec=act_prm_snorkel_finance_split-gc=act_prm_actions_only-tc=sft-rbc=default-nb=150-nt=0-mc=hf_qwen3_4b_instruc-01dd0aea
act_prm_snorkel_finance_split,s2,snorkel_finance_split_s2_expert_thoughts_lr3e_3_nb150_heldout,,0.003,110,1.897002,0.842216,0.824717,,,,snorkel_finance_split_s2_expert_thoughts_lr3e_3_nb150_heldout-act-prm-ia=0-rr=0-ec=act_prm_snorkel_finance_split-gc=act_prm_actions_only-tc=sft-rbc=default-nb=150-nt=0-mc=hf_qwen3_4b_instruc-01dd0aea
act_prm_snorkel_finance_split,s2,snorkel_finance_split_s2_expert_thoughts_lr3e_3_nb150_heldout,,0.003,120,1.882945,0.843273,0.826074,,,,snorkel_finance_split_s2_expert_thoughts_lr3e_3_nb150_heldout-act-prm-ia=0-rr=0-ec=act_prm_snorkel_finance_split-gc=act_prm_actions_only-tc=sft-rbc=default-nb=150-nt=0-mc=hf_qwen3_4b_instruc-01dd0aea
act_prm_snorkel_finance_split,s2,snorkel_finance_split_s2_expert_thoughts_lr3e_3_nb150_heldout,,0.003,120,1.882945,0.843273,0.826074,,,,snorkel_finance_split_s2_expert_thoughts_lr3e_3_nb150_heldout-act-prm-ia=0-rr=0-ec=act_prm_snorkel_finance_split-gc=act_prm_actions_only-tc=sft-rbc=default-nb=150-nt=0-mc=hf_qwen3_4b_instruc-01dd0aea
act_prm_snorkel_finance_split,s2,snorkel_finance_split_s2_expert_thoughts_lr3e_3_nb150_heldout,,0.003,130,1.874,0.844329,0.827284,,,,snorkel_finance_split_s2_expert_thoughts_lr3e_3_nb150_heldout-act-prm-ia=0-rr=0-ec=act_prm_snorkel_finance_split-gc=act_prm_actions_only-tc=sft-rbc=default-nb=150-nt=0-mc=hf_qwen3_4b_instruc-01dd0aea
act_prm_snorkel_finance_split,s2,snorkel_finance_split_s2_expert_thoughts_lr3e_3_nb150_heldout,,0.003,130,1.874,0.844329,0.827284,,,,snorkel_finance_split_s2_expert_thoughts_lr3e_3_nb150_heldout-act-prm-ia=0-rr=0-ec=act_prm_snorkel_finance_split-gc=act_prm_actions_only-tc=sft-rbc=default-nb=150-nt=0-mc=hf_qwen3_4b_instruc-01dd0aea
act_prm_snorkel_finance_split,s2,snorkel_finance_split_s2_expert_thoughts_lr3e_3_nb150_heldout,,0.003,140,1.865365,0.845097,0.82814,,,,snorkel_finance_split_s2_expert_thoughts_lr3e_3_nb150_heldout-act-prm-ia=0-rr=0-ec=act_prm_snorkel_finance_split-gc=act_prm_actions_only-tc=sft-rbc=default-nb=150-nt=0-mc=hf_qwen3_4b_instruc-01dd0aea
act_prm_snorkel_finance_split,s2,snorkel_finance_split_s2_expert_thoughts_lr3e_3_nb150_heldout,,0.003,140,1.865365,0.845097,0.82814,,,,snorkel_finance_split_s2_expert_thoughts_lr3e_3_nb150_heldout-act-prm-ia=0-rr=0-ec=act_prm_snorkel_finance_split-gc=act_prm_actions_only-tc=sft-rbc=default-nb=150-nt=0-mc=hf_qwen3_4b_instruc-01dd0aea
act_prm_snorkel_finance_split,s2,snorkel_finance_split_s2_expert_thoughts_lr3e_3_nb150_heldout,,0.003,149,1.858929,0.845546,0.828671,,,,snorkel_finance_split_s2_expert_thoughts_lr3e_3_nb150_heldout-act-prm-ia=0-rr=0-ec=act_prm_snorkel_finance_split-gc=act_prm_actions_only-tc=sft-rbc=default-nb=150-nt=0-mc=hf_qwen3_4b_instruc-01dd0aea
act_prm_snorkel_finance_split,s2,snorkel_finance_split_s2_expert_thoughts_lr3e_3_nb150_heldout,,0.003,149,1.858929,0.845546,0.828671,,,,snorkel_finance_split_s2_expert_thoughts_lr3e_3_nb150_heldout-act-prm-ia=0-rr=0-ec=act_prm_snorkel_finance_split-gc=act_prm_actions_only-tc=sft-rbc=default-nb=150-nt=0-mc=hf_qwen3_4b_instruc-01dd0aea
act_prm_snorkel_finance_split,s2,snorkel_finance_split_s2_expert_thoughts_v3_lr3e_3_nb150_heldout,,0.003,10,2.624321,0.833377,0.821032,,,,snorkel_finance_split_s2_expert_thoughts_v3_lr3e_3_nb150_heldout-act-prm-ia=0-rr=0-ec=act_prm_snorkel_finance_split-gc=act_prm_actions_only-tc=sft-rbc=default-nb=150-nt=0-mc=hf_qwen3_4b_inst-f4a32cf1
act_prm_snorkel_finance_split,s2,snorkel_finance_split_s2_expert_thoughts_v3_lr3e_3_nb150_heldout,,0.003,10,2.624321,0.833377,0.821032,,,,snorkel_finance_split_s2_expert_thoughts_v3_lr3e_3_nb150_heldout-act-prm-ia=0-rr=0-ec=act_prm_snorkel_finance_split-gc=act_prm_actions_only-tc=sft-rbc=default-nb=150-nt=0-mc=hf_qwen3_4b_inst-f4a32cf1
act_prm_snorkel_finance_split,s2,snorkel_finance_split_s2_expert_thoughts_v3_lr3e_3_nb150_heldout,,0.003,20,2.549048,0.834797,0.822369,,,,snorkel_finance_split_s2_expert_thoughts_v3_lr3e_3_nb150_heldout-act-prm-ia=0-rr=0-ec=act_prm_snorkel_finance_split-gc=act_prm_actions_only-tc=sft-rbc=default-nb=150-nt=0-mc=hf_qwen3_4b_inst-f4a32cf1
act_prm_snorkel_finance_split,s2,snorkel_finance_split_s2_expert_thoughts_v3_lr3e_3_nb150_heldout,,0.003,20,2.549048,0.834797,0.822369,,,,snorkel_finance_split_s2_expert_thoughts_v3_lr3e_3_nb150_heldout-act-prm-ia=0-rr=0-ec=act_prm_snorkel_finance_split-gc=act_prm_actions_only-tc=sft-rbc=default-nb=150-nt=0-mc=hf_qwen3_4b_inst-f4a32cf1
act_prm_snorkel_finance_split,s2,snorkel_finance_split_s2_expert_thoughts_v3_lr3e_3_nb150_heldout,,0.003,30,2.429661,0.835841,0.823433,,,,snorkel_finance_split_s2_expert_thoughts_v3_lr3e_3_nb150_heldout-act-prm-ia=0-rr=0-ec=act_prm_snorkel_finance_split-gc=act_prm_actions_only-tc=sft-rbc=default-nb=150-nt=0-mc=hf_qwen3_4b_inst-f4a32cf1
act_prm_snorkel_finance_split,s2,snorkel_finance_split_s2_expert_thoughts_v3_lr3e_3_nb150_heldout,,0.003,30,2.429661,0.835841,0.823433,,,,snorkel_finance_split_s2_expert_thoughts_v3_lr3e_3_nb150_heldout-act-prm-ia=0-rr=0-ec=act_prm_snorkel_finance_split-gc=act_prm_actions_only-tc=sft-rbc=default-nb=150-nt=0-mc=hf_qwen3_4b_inst-f4a32cf1
act_prm_snorkel_finance_split,s2,snorkel_finance_split_s2_expert_thoughts_v3_lr3e_3_nb150_heldout,,0.003,40,2.261106,0.838421,0.826735,,,,snorkel_finance_split_s2_expert_thoughts_v3_lr3e_3_nb150_heldout-act-prm-ia=0-rr=0-ec=act_prm_snorkel_finance_split-gc=act_prm_actions_only-tc=sft-rbc=default-nb=150-nt=0-mc=hf_qwen3_4b_inst-f4a32cf1
act_prm_snorkel_finance_split,s2,snorkel_finance_split_s2_expert_thoughts_v3_lr3e_3_nb150_heldout,,0.003,40,2.261106,0.838421,0.826735,,,,snorkel_finance_split_s2_expert_thoughts_v3_lr3e_3_nb150_heldout-act-prm-ia=0-rr=0-ec=act_prm_snorkel_finance_split-gc=act_prm_actions_only-tc=sft-rbc=default-nb=150-nt=0-mc=hf_qwen3_4b_inst-f4a32cf1
act_prm_snorkel_finance_split,s2,snorkel_finance_split_s2_expert_thoughts_v3_lr3e_3_nb150_heldout,,0.003,50,2.135636,0.839667,0.828536,,,,snorkel_finance_split_s2_expert_thoughts_v3_lr3e_3_nb150_heldout-act-prm-ia=0-rr=0-ec=act_prm_snorkel_finance_split-gc=act_prm_actions_only-tc=sft-rbc=default-nb=150-nt=0-mc=hf_qwen3_4b_inst-f4a32cf1
act_prm_snorkel_finance_split,s2,snorkel_finance_split_s2_expert_thoughts_v3_lr3e_3_nb150_heldout,,0.003,50,2.135636,0.839667,0.828536,,,,snorkel_finance_split_s2_expert_thoughts_v3_lr3e_3_nb150_heldout-act-prm-ia=0-rr=0-ec=act_prm_snorkel_finance_split-gc=act_prm_actions_only-tc=sft-rbc=default-nb=150-nt=0-mc=hf_qwen3_4b_inst-f4a32cf1
act_prm_snorkel_finance_split,s2,snorkel_finance_split_s2_expert_thoughts_v3_lr3e_3_nb150_heldout,,0.003,60,2.057763,0.840276,0.828836,,,,snorkel_finance_split_s2_expert_thoughts_v3_lr3e_3_nb150_heldout-act-prm-ia=0-rr=0-ec=act_prm_snorkel_finance_split-gc=act_prm_actions_only-tc=sft-rbc=default-nb=150-nt=0-mc=hf_qwen3_4b_inst-f4a32cf1
act_prm_snorkel_finance_split,s2,snorkel_finance_split_s2_expert_thoughts_v3_lr3e_3_nb150_heldout,,0.003,60,2.057763,0.840276,0.828836,,,,snorkel_finance_split_s2_expert_thoughts_v3_lr3e_3_nb150_heldout-act-prm-ia=0-rr=0-ec=act_prm_snorkel_finance_split-gc=act_prm_actions_only-tc=sft-rbc=default-nb=150-nt=0-mc=hf_qwen3_4b_inst-f4a32cf1
act_prm_snorkel_finance_split,s2,snorkel_finance_split_s2_expert_thoughts_v3_lr3e_3_nb150_heldout,,0.003,70,2.018292,0.840856,0.829736,,,,snorkel_finance_split_s2_expert_thoughts_v3_lr3e_3_nb150_heldout-act-prm-ia=0-rr=0-ec=act_prm_snorkel_finance_split-gc=act_prm_actions_only-tc=sft-rbc=default-nb=150-nt=0-mc=hf_qwen3_4b_inst-f4a32cf1
act_prm_snorkel_finance_split,s2,snorkel_finance_split_s2_expert_thoughts_v3_lr3e_3_nb150_heldout,,0.003,70,2.018292,0.840856,0.829736,,,,snorkel_finance_split_s2_expert_thoughts_v3_lr3e_3_nb150_heldout-act-prm-ia=0-rr=0-ec=act_prm_snorkel_finance_split-gc=act_prm_actions_only-tc=sft-rbc=default-nb=150-nt=0-mc=hf_qwen3_4b_inst-f4a32cf1
act_prm_snorkel_finance_split,s2,snorkel_finance_split_s2_expert_thoughts_v3_lr3e_3_nb150_heldout,,0.003,80,1.991209,0.841175,0.8302,,,,snorkel_finance_split_s2_expert_thoughts_v3_lr3e_3_nb150_heldout-act-prm-ia=0-rr=0-ec=act_prm_snorkel_finance_split-gc=act_prm_actions_only-tc=sft-rbc=default-nb=150-nt=0-mc=hf_qwen3_4b_inst-f4a32cf1
act_prm_snorkel_finance_split,s2,snorkel_finance_split_s2_expert_thoughts_v3_lr3e_3_nb150_heldout,,0.003,80,1.991209,0.841175,0.8302,,,,snorkel_finance_split_s2_expert_thoughts_v3_lr3e_3_nb150_heldout-act-prm-ia=0-rr=0-ec=act_prm_snorkel_finance_split-gc=act_prm_actions_only-tc=sft-rbc=default-nb=150-nt=0-mc=hf_qwen3_4b_inst-f4a32cf1
act_prm_snorkel_finance_split,s2,snorkel_finance_split_s2_expert_thoughts_v3_lr3e_3_nb150_heldout,,0.003,90,1.970081,0.840856,0.830091,,,,snorkel_finance_split_s2_expert_thoughts_v3_lr3e_3_nb150_heldout-act-prm-ia=0-rr=0-ec=act_prm_snorkel_finance_split-gc=act_prm_actions_only-tc=sft-rbc=default-nb=150-nt=0-mc=hf_qwen3_4b_inst-f4a32cf1
act_prm_snorkel_finance_split,s2,snorkel_finance_split_s2_expert_thoughts_v3_lr3e_3_nb150_heldout,,0.003,90,1.970081,0.840856,0.830091,,,,snorkel_finance_split_s2_expert_thoughts_v3_lr3e_3_nb150_heldout-act-prm-ia=0-rr=0-ec=act_prm_snorkel_finance_split-gc=act_prm_actions_only-tc=sft-rbc=default-nb=150-nt=0-mc=hf_qwen3_4b_inst-f4a32cf1
act_prm_snorkel_finance_split,s2,snorkel_finance_split_s2_expert_thoughts_v3_lr3e_3_nb150_heldout,,0.003,100,1.950005,0.841464,0.831073,,,,snorkel_finance_split_s2_expert_thoughts_v3_lr3e_3_nb150_heldout-act-prm-ia=0-rr=0-ec=act_prm_snorkel_finance_split-gc=act_prm_actions_only-tc=sft-rbc=default-nb=150-nt=0-mc=hf_qwen3_4b_inst-f4a32cf1
act_prm_snorkel_finance_split,s2,snorkel_finance_split_s2_expert_thoughts_v3_lr3e_3_nb150_heldout,,0.003,100,1.950005,0.841464,0.831073,,,,snorkel_finance_split_s2_expert_thoughts_v3_lr3e_3_nb150_heldout-act-prm-ia=0-rr=0-ec=act_prm_snorkel_finance_split-gc=act_prm_actions_only-tc=sft-rbc=default-nb=150-nt=0-mc=hf_qwen3_4b_inst-f4a32cf1
act_prm_snorkel_finance_split,s2,snorkel_finance_split_s2_expert_thoughts_v3_lr3e_3_nb150_heldout,,0.003,110,1.936312,0.841233,0.830828,,,,snorkel_finance_split_s2_expert_thoughts_v3_lr3e_3_nb150_heldout-act-prm-ia=0-rr=0-ec=act_prm_snorkel_finance_split-gc=act_prm_actions_only-tc=sft-rbc=default-nb=150-nt=0-mc=hf_qwen3_4b_inst-f4a32cf1
act_prm_snorkel_finance_split,s2,snorkel_finance_split_s2_expert_thoughts_v3_lr3e_3_nb150_heldout,,0.003,110,1.936312,0.841233,0.830828,,,,snorkel_finance_split_s2_expert_thoughts_v3_lr3e_3_nb150_heldout-act-prm-ia=0-rr=0-ec=act_prm_snorkel_finance_split-gc=act_prm_actions_only-tc=sft-rbc=default-nb=150-nt=0-mc=hf_qwen3_4b_inst-f4a32cf1
act_prm_snorkel_finance_split,s2,snorkel_finance_split_s2_expert_thoughts_v3_lr3e_3_nb150_heldout,,0.003,120,1.92383,0.84245,0.832001,,,,snorkel_finance_split_s2_expert_thoughts_v3_lr3e_3_nb150_heldout-act-prm-ia=0-rr=0-ec=act_prm_snorkel_finance_split-gc=act_prm_actions_only-tc=sft-rbc=default-nb=150-nt=0-mc=hf_qwen3_4b_inst-f4a32cf1
act_prm_snorkel_finance_split,s2,snorkel_finance_split_s2_expert_thoughts_v3_lr3e_3_nb150_heldout,,0.003,120,1.92383,0.84245,0.832001,,,,snorkel_finance_split_s2_expert_thoughts_v3_lr3e_3_nb150_heldout-act-prm-ia=0-rr=0-ec=act_prm_snorkel_finance_split-gc=act_prm_actions_only-tc=sft-rbc=default-nb=150-nt=0-mc=hf_qwen3_4b_inst-f4a32cf1
act_prm_snorkel_finance_split,s2,snorkel_finance_split_s2_expert_thoughts_v3_lr3e_3_nb150_heldout,,0.003,130,1.915296,0.843986,0.833638,,,,snorkel_finance_split_s2_expert_thoughts_v3_lr3e_3_nb150_heldout-act-prm-ia=0-rr=0-ec=act_prm_snorkel_finance_split-gc=act_prm_actions_only-tc=sft-rbc=default-nb=150-nt=0-mc=hf_qwen3_4b_inst-f4a32cf1
act_prm_snorkel_finance_split,s2,snorkel_finance_split_s2_expert_thoughts_v3_lr3e_3_nb150_heldout,,0.003,130,1.915296,0.843986,0.833638,,,,snorkel_finance_split_s2_expert_thoughts_v3_lr3e_3_nb150_heldout-act-prm-ia=0-rr=0-ec=act_prm_snorkel_finance_split-gc=act_prm_actions_only-tc=sft-rbc=default-nb=150-nt=0-mc=hf_qwen3_4b_inst-f4a32cf1
act_prm_snorkel_finance_split,s2,snorkel_finance_split_s2_expert_thoughts_v3_lr3e_3_nb150_heldout,,0.003,140,1.90876,0.843581,0.833229,,,,snorkel_finance_split_s2_expert_thoughts_v3_lr3e_3_nb150_heldout-act-prm-ia=0-rr=0-ec=act_prm_snorkel_finance_split-gc=act_prm_actions_only-tc=sft-rbc=default-nb=150-nt=0-mc=hf_qwen3_4b_inst-f4a32cf1
act_prm_snorkel_finance_split,s2,snorkel_finance_split_s2_expert_thoughts_v3_lr3e_3_nb150_heldout,,0.003,140,1.90876,0.843581,0.833229,,,,snorkel_finance_split_s2_expert_thoughts_v3_lr3e_3_nb150_heldout-act-prm-ia=0-rr=0-ec=act_prm_snorkel_finance_split-gc=act_prm_actions_only-tc=sft-rbc=default-nb=150-nt=0-mc=hf_qwen3_4b_inst-f4a32cf1
act_prm_snorkel_finance_split,s2,snorkel_finance_split_s2_expert_thoughts_v3_lr3e_3_nb150_heldout,,0.003,149,1.90306,0.843639,0.833338,,,,snorkel_finance_split_s2_expert_thoughts_v3_lr3e_3_nb150_heldout-act-prm-ia=0-rr=0-ec=act_prm_snorkel_finance_split-gc=act_prm_actions_only-tc=sft-rbc=default-nb=150-nt=0-mc=hf_qwen3_4b_inst-f4a32cf1
act_prm_snorkel_finance_split,s2,snorkel_finance_split_s2_expert_thoughts_v3_lr3e_3_nb150_heldout,,0.003,149,1.90306,0.843639,0.833338,,,,snorkel_finance_split_s2_expert_thoughts_v3_lr3e_3_nb150_heldout-act-prm-ia=0-rr=0-ec=act_prm_snorkel_finance_split-gc=act_prm_actions_only-tc=sft-rbc=default-nb=150-nt=0-mc=hf_qwen3_4b_inst-f4a32cf1
act_prm_snorkel_finance_split,s2,snorkel_finance_split_s2_thoughts_base_heldout,,4e-05,5,2.367288,0.849131,0.774865,,,,snorkel_finance_split_s2_thoughts_base_heldout-act-prm-ia=0-rr=0-ec=act_prm_snorkel_finance_split-gc=act_prm_actions_only-tc=sft-rbc=default-nb=60-nt=0-mc=hf_qwen3_4b_instruct-lc=r8_a16_line-aeb61467
act_prm_snorkel_finance_split,s2,snorkel_finance_split_s2_thoughts_base_heldout,,4e-05,5,2.367288,0.849131,0.774865,,,,snorkel_finance_split_s2_thoughts_base_heldout-act-prm-ia=0-rr=0-ec=act_prm_snorkel_finance_split-gc=act_prm_actions_only-tc=sft-rbc=default-nb=60-nt=0-mc=hf_qwen3_4b_instruct-lc=r8_a16_line-aeb61467
act_prm_snorkel_finance_split,s2,snorkel_finance_split_s2_thoughts_base_heldout,,4e-05,10,2.367063,0.849195,0.774557,,,,snorkel_finance_split_s2_thoughts_base_heldout-act-prm-ia=0-rr=0-ec=act_prm_snorkel_finance_split-gc=act_prm_actions_only-tc=sft-rbc=default-nb=60-nt=0-mc=hf_qwen3_4b_instruct-lc=r8_a16_line-aeb61467
act_prm_snorkel_finance_split,s2,snorkel_finance_split_s2_thoughts_base_heldout,,4e-05,10,2.367063,0.849195,0.774557,,,,snorkel_finance_split_s2_thoughts_base_heldout-act-prm-ia=0-rr=0-ec=act_prm_snorkel_finance_split-gc=act_prm_actions_only-tc=sft-rbc=default-nb=60-nt=0-mc=hf_qwen3_4b_instruct-lc=r8_a16_line-aeb61467
act_prm_snorkel_finance_split,s2,snorkel_finance_split_s2_thoughts_base_heldout,,4e-05,15,2.36694,0.849131,0.775019,,,,snorkel_finance_split_s2_thoughts_base_heldout-act-prm-ia=0-rr=0-ec=act_prm_snorkel_finance_split-gc=act_prm_actions_only-tc=sft-rbc=default-nb=60-nt=0-mc=hf_qwen3_4b_instruct-lc=r8_a16_line-aeb61467
act_prm_snorkel_finance_split,s2,snorkel_finance_split_s2_thoughts_base_heldout,,4e-05,15,2.36694,0.849131,0.775019,,,,snorkel_finance_split_s2_thoughts_base_heldout-act-prm-ia=0-rr=0-ec=act_prm_snorkel_finance_split-gc=act_prm_actions_only-tc=sft-rbc=default-nb=60-nt=0-mc=hf_qwen3_4b_instruct-lc=r8_a16_line-aeb61467
act_prm_snorkel_finance_split,s2,snorkel_finance_split_s2_thoughts_base_heldout,,4e-05,20,2.368483,0.849003,0.774481,,,,snorkel_finance_split_s2_thoughts_base_heldout-act-prm-ia=0-rr=0-ec=act_prm_snorkel_finance_split-gc=act_prm_actions_only-tc=sft-rbc=default-nb=60-nt=0-mc=hf_qwen3_4b_instruct-lc=r8_a16_line-aeb61467
act_prm_snorkel_finance_split,s2,snorkel_finance_split_s2_thoughts_base_heldout,,4e-05,20,2.368483,0.849003,0.774481,,,,snorkel_finance_split_s2_thoughts_base_heldout-act-prm-ia=0-rr=0-ec=act_prm_snorkel_finance_split-gc=act_prm_actions_only-tc=sft-rbc=default-nb=60-nt=0-mc=hf_qwen3_4b_instruct-lc=r8_a16_line-aeb61467
act_prm_snorkel_finance_split,s2,snorkel_finance_split_s2_thoughts_base_heldout,,4e-05,25,2.367373,0.849323,0.77473,,,,snorkel_finance_split_s2_thoughts_base_heldout-act-prm-ia=0-rr=0-ec=act_prm_snorkel_finance_split-gc=act_prm_actions_only-tc=sft-rbc=default-nb=60-nt=0-mc=hf_qwen3_4b_instruct-lc=r8_a16_line-aeb61467
act_prm_snorkel_finance_split,s2,snorkel_finance_split_s2_thoughts_base_heldout,,4e-05,25,2.367373,0.849323,0.77473,,,,snorkel_finance_split_s2_thoughts_base_heldout-act-prm-ia=0-rr=0-ec=act_prm_snorkel_finance_split-gc=act_prm_actions_only-tc=sft-rbc=default-nb=60-nt=0-mc=hf_qwen3_4b_instruct-lc=r8_a16_line-aeb61467
act_prm_snorkel_finance_split,s2,snorkel_finance_split_s2_thoughts_base_heldout,,4e-05,30,2.367531,0.848907,0.775057,,,,snorkel_finance_split_s2_thoughts_base_heldout-act-prm-ia=0-rr=0-ec=act_prm_snorkel_finance_split-gc=act_prm_actions_only-tc=sft-rbc=default-nb=60-nt=0-mc=hf_qwen3_4b_instruct-lc=r8_a16_line-aeb61467
act_prm_snorkel_finance_split,s2,snorkel_finance_split_s2_thoughts_base_heldout,,4e-05,30,2.367531,0.848907,0.775057,,,,snorkel_finance_split_s2_thoughts_base_heldout-act-prm-ia=0-rr=0-ec=act_prm_snorkel_finance_split-gc=act_prm_actions_only-tc=sft-rbc=default-nb=60-nt=0-mc=hf_qwen3_4b_instruct-lc=r8_a16_line-aeb61467
act_prm_snorkel_finance_split,s2,snorkel_finance_split_s2_thoughts_base_heldout,,4e-05,35,2.367478,0.848939,0.774788,,,,snorkel_finance_split_s2_thoughts_base_heldout-act-prm-ia=0-rr=0-ec=act_prm_snorkel_finance_split-gc=act_prm_actions_only-tc=sft-rbc=default-nb=60-nt=0-mc=hf_qwen3_4b_instruct-lc=r8_a16_line-aeb61467
act_prm_snorkel_finance_split,s2,snorkel_finance_split_s2_thoughts_base_heldout,,4e-05,35,2.367478,0.848939,0.774788,,,,snorkel_finance_split_s2_thoughts_base_heldout-act-prm-ia=0-rr=0-ec=act_prm_snorkel_finance_split-gc=act_prm_actions_only-tc=sft-rbc=default-nb=60-nt=0-mc=hf_qwen3_4b_instruct-lc=r8_a16_line-aeb61467
act_prm_snorkel_finance_split,s2,snorkel_finance_split_s2_thoughts_base_heldout,,4e-05,40,2.367286,0.849387,0.774884,,,,snorkel_finance_split_s2_thoughts_base_heldout-act-prm-ia=0-rr=0-ec=act_prm_snorkel_finance_split-gc=act_prm_actions_only-tc=sft-rbc=default-nb=60-nt=0-mc=hf_qwen3_4b_instruct-lc=r8_a16_line-aeb61467
act_prm_snorkel_finance_split,s2,snorkel_finance_split_s2_thoughts_base_heldout,,4e-05,40,2.367286,0.849387,0.774884,,,,snorkel_finance_split_s2_thoughts_base_heldout-act-prm-ia=0-rr=0-ec=act_prm_snorkel_finance_split-gc=act_prm_actions_only-tc=sft-rbc=default-nb=60-nt=0-mc=hf_qwen3_4b_instruct-lc=r8_a16_line-aeb61467
act_prm_snorkel_finance_split,s2,snorkel_finance_split_s2_thoughts_base_heldout,,4e-05,45,2.366999,0.849131,0.774769,,,,snorkel_finance_split_s2_thoughts_base_heldout-act-prm-ia=0-rr=0-ec=act_prm_snorkel_finance_split-gc=act_prm_actions_only-tc=sft-rbc=default-nb=60-nt=0-mc=hf_qwen3_4b_instruct-lc=r8_a16_line-aeb61467
act_prm_snorkel_finance_split,s2,snorkel_finance_split_s2_thoughts_base_heldout,,4e-05,45,2.366999,0.849131,0.774769,,,,snorkel_finance_split_s2_thoughts_base_heldout-act-prm-ia=0-rr=0-ec=act_prm_snorkel_finance_split-gc=act_prm_actions_only-tc=sft-rbc=default-nb=60-nt=0-mc=hf_qwen3_4b_instruct-lc=r8_a16_line-aeb61467
act_prm_snorkel_finance_split,s2,snorkel_finance_split_s2_thoughts_base_heldout,,4e-05,50,2.367901,0.848875,0.774596,,,,snorkel_finance_split_s2_thoughts_base_heldout-act-prm-ia=0-rr=0-ec=act_prm_snorkel_finance_split-gc=act_prm_actions_only-tc=sft-rbc=default-nb=60-nt=0-mc=hf_qwen3_4b_instruct-lc=r8_a16_line-aeb61467
act_prm_snorkel_finance_split,s2,snorkel_finance_split_s2_thoughts_base_heldout,,4e-05,50,2.367901,0.848875,0.774596,,,,snorkel_finance_split_s2_thoughts_base_heldout-act-prm-ia=0-rr=0-ec=act_prm_snorkel_finance_split-gc=act_prm_actions_only-tc=sft-rbc=default-nb=60-nt=0-mc=hf_qwen3_4b_instruct-lc=r8_a16_line-aeb61467
act_prm_snorkel_finance_split,s2,snorkel_finance_split_s2_thoughts_base_heldout,,4e-05,55,2.366599,0.849067,0.774288,,,,snorkel_finance_split_s2_thoughts_base_heldout-act-prm-ia=0-rr=0-ec=act_prm_snorkel_finance_split-gc=act_prm_actions_only-tc=sft-rbc=default-nb=60-nt=0-mc=hf_qwen3_4b_instruct-lc=r8_a16_line-aeb61467
act_prm_snorkel_finance_split,s2,snorkel_finance_split_s2_thoughts_base_heldout,,4e-05,55,2.366599,0.849067,0.774288,,,,snorkel_finance_split_s2_thoughts_base_heldout-act-prm-ia=0-rr=0-ec=act_prm_snorkel_finance_split-gc=act_prm_actions_only-tc=sft-rbc=default-nb=60-nt=0-mc=hf_qwen3_4b_instruct-lc=r8_a16_line-aeb61467
act_prm_snorkel_finance_split,s2,snorkel_finance_split_s2_thoughts_base_heldout,,4e-05,59,2.366215,0.849131,0.774634,,,,snorkel_finance_split_s2_thoughts_base_heldout-act-prm-ia=0-rr=0-ec=act_prm_snorkel_finance_split-gc=act_prm_actions_only-tc=sft-rbc=default-nb=60-nt=0-mc=hf_qwen3_4b_instruct-lc=r8_a16_line-aeb61467
act_prm_snorkel_finance_split,s2,snorkel_finance_split_s2_thoughts_base_heldout,,4e-05,59,2.366215,0.849131,0.774634,,,,snorkel_finance_split_s2_thoughts_base_heldout-act-prm-ia=0-rr=0-ec=act_prm_snorkel_finance_split-gc=act_prm_actions_only-tc=sft-rbc=default-nb=60-nt=0-mc=hf_qwen3_4b_instruct-lc=r8_a16_line-aeb61467
act_prm_snorkel_finance_split,s2,snorkel_finance_split_s2_thoughts_base_heldout_fullctx,,4e-05,5,2.066599,0.883959,0.805981,,,,snorkel_finance_split_s2_thoughts_base_heldout_fullctx-act-prm-ia=0-rr=0-ec=act_prm_snorkel_finance_split-gc=act_prm_actions_only-tc=sft-rbc=default-nb=60-nt=0-mc=hf_qwen3_4b_instruct-lc=r8_-f8a68e46
act_prm_snorkel_finance_split,s2,snorkel_finance_split_s2_thoughts_base_heldout_fullctx,,4e-05,5,2.066599,0.883959,0.805981,,,,snorkel_finance_split_s2_thoughts_base_heldout_fullctx-act-prm-ia=0-rr=0-ec=act_prm_snorkel_finance_split-gc=act_prm_actions_only-tc=sft-rbc=default-nb=60-nt=0-mc=hf_qwen3_4b_instruct-lc=r8_-f8a68e46
act_prm_snorkel_finance_split,s2,snorkel_finance_split_s2_thoughts_base_heldout_fullctx,,4e-05,10,2.065796,0.883767,0.806077,,,,snorkel_finance_split_s2_thoughts_base_heldout_fullctx-act-prm-ia=0-rr=0-ec=act_prm_snorkel_finance_split-gc=act_prm_actions_only-tc=sft-rbc=default-nb=60-nt=0-mc=hf_qwen3_4b_instruct-lc=r8_-f8a68e46
act_prm_snorkel_finance_split,s2,snorkel_finance_split_s2_thoughts_base_heldout_fullctx,,4e-05,10,2.065796,0.883767,0.806077,,,,snorkel_finance_split_s2_thoughts_base_heldout_fullctx-act-prm-ia=0-rr=0-ec=act_prm_snorkel_finance_split-gc=act_prm_actions_only-tc=sft-rbc=default-nb=60-nt=0-mc=hf_qwen3_4b_instruct-lc=r8_-f8a68e46
act_prm_snorkel_finance_split,s2,snorkel_finance_split_s2_thoughts_base_heldout_fullctx,,4e-05,15,2.065155,0.884087,0.806346,,,,snorkel_finance_split_s2_thoughts_base_heldout_fullctx-act-prm-ia=0-rr=0-ec=act_prm_snorkel_finance_split-gc=act_prm_actions_only-tc=sft-rbc=default-nb=60-nt=0-mc=hf_qwen3_4b_instruct-lc=r8_-f8a68e46
act_prm_snorkel_finance_split,s2,snorkel_finance_split_s2_thoughts_base_heldout_fullctx,,4e-05,15,2.065155,0.884087,0.806346,,,,snorkel_finance_split_s2_thoughts_base_heldout_fullctx-act-prm-ia=0-rr=0-ec=act_prm_snorkel_finance_split-gc=act_prm_actions_only-tc=sft-rbc=default-nb=60-nt=0-mc=hf_qwen3_4b_instruct-lc=r8_-f8a68e46
act_prm_snorkel_finance_split,s2,snorkel_finance_split_s2_thoughts_base_heldout_fullctx,,4e-05,20,2.065245,0.883735,0.806212,,,,snorkel_finance_split_s2_thoughts_base_heldout_fullctx-act-prm-ia=0-rr=0-ec=act_prm_snorkel_finance_split-gc=act_prm_actions_only-tc=sft-rbc=default-nb=60-nt=0-mc=hf_qwen3_4b_instruct-lc=r8_-f8a68e46
act_prm_snorkel_finance_split,s2,snorkel_finance_split_s2_thoughts_base_heldout_fullctx,,4e-05,20,2.065245,0.883735,0.806212,,,,snorkel_finance_split_s2_thoughts_base_heldout_fullctx-act-prm-ia=0-rr=0-ec=act_prm_snorkel_finance_split-gc=act_prm_actions_only-tc=sft-rbc=default-nb=60-nt=0-mc=hf_qwen3_4b_instruct-lc=r8_-f8a68e46
act_prm_snorkel_finance_split,s2,snorkel_finance_split_s2_thoughts_base_heldout_fullctx,,4e-05,25,2.065133,0.883927,0.806096,,,,snorkel_finance_split_s2_thoughts_base_heldout_fullctx-act-prm-ia=0-rr=0-ec=act_prm_snorkel_finance_split-gc=act_prm_actions_only-tc=sft-rbc=default-nb=60-nt=0-mc=hf_qwen3_4b_instruct-lc=r8_-f8a68e46
act_prm_snorkel_finance_split,s2,snorkel_finance_split_s2_thoughts_base_heldout_fullctx,,4e-05,25,2.065133,0.883927,0.806096,,,,snorkel_finance_split_s2_thoughts_base_heldout_fullctx-act-prm-ia=0-rr=0-ec=act_prm_snorkel_finance_split-gc=act_prm_actions_only-tc=sft-rbc=default-nb=60-nt=0-mc=hf_qwen3_4b_instruct-lc=r8_-f8a68e46
act_prm_snorkel_finance_split,s2,snorkel_finance_split_s2_thoughts_base_heldout_fullctx,,4e-05,30,2.0646,0.883831,0.80577,,,,snorkel_finance_split_s2_thoughts_base_heldout_fullctx-act-prm-ia=0-rr=0-ec=act_prm_snorkel_finance_split-gc=act_prm_actions_only-tc=sft-rbc=default-nb=60-nt=0-mc=hf_qwen3_4b_instruct-lc=r8_-f8a68e46
act_prm_snorkel_finance_split,s2,snorkel_finance_split_s2_thoughts_base_heldout_fullctx,,4e-05,30,2.0646,0.883831,0.80577,,,,snorkel_finance_split_s2_thoughts_base_heldout_fullctx-act-prm-ia=0-rr=0-ec=act_prm_snorkel_finance_split-gc=act_prm_actions_only-tc=sft-rbc=default-nb=60-nt=0-mc=hf_qwen3_4b_instruct-lc=r8_-f8a68e46
act_prm_snorkel_finance_split,s2,snorkel_finance_split_s2_thoughts_base_heldout_fullctx,,4e-05,35,2.065676,0.884055,0.806212,,,,snorkel_finance_split_s2_thoughts_base_heldout_fullctx-act-prm-ia=0-rr=0-ec=act_prm_snorkel_finance_split-gc=act_prm_actions_only-tc=sft-rbc=default-nb=60-nt=0-mc=hf_qwen3_4b_instruct-lc=r8_-f8a68e46
act_prm_snorkel_finance_split,s2,snorkel_finance_split_s2_thoughts_base_heldout_fullctx,,4e-05,35,2.065676,0.884055,0.806212,,,,snorkel_finance_split_s2_thoughts_base_heldout_fullctx-act-prm-ia=0-rr=0-ec=act_prm_snorkel_finance_split-gc=act_prm_actions_only-tc=sft-rbc=default-nb=60-nt=0-mc=hf_qwen3_4b_instruct-lc=r8_-f8a68e46
act_prm_snorkel_finance_split,s2,snorkel_finance_split_s2_thoughts_base_heldout_fullctx,,4e-05,40,2.063687,0.883671,0.805674,,,,snorkel_finance_split_s2_thoughts_base_heldout_fullctx-act-prm-ia=0-rr=0-ec=act_prm_snorkel_finance_split-gc=act_prm_actions_only-tc=sft-rbc=default-nb=60-nt=0-mc=hf_qwen3_4b_instruct-lc=r8_-f8a68e46
act_prm_snorkel_finance_split,s2,snorkel_finance_split_s2_thoughts_base_heldout_fullctx,,4e-05,40,2.063687,0.883671,0.805674,,,,snorkel_finance_split_s2_thoughts_base_heldout_fullctx-act-prm-ia=0-rr=0-ec=act_prm_snorkel_finance_split-gc=act_prm_actions_only-tc=sft-rbc=default-nb=60-nt=0-mc=hf_qwen3_4b_instruct-lc=r8_-f8a68e46
act_prm_snorkel_finance_split,s2,snorkel_finance_split_s2_thoughts_base_heldout_fullctx,,4e-05,45,2.064096,0.883575,0.805827,,,,snorkel_finance_split_s2_thoughts_base_heldout_fullctx-act-prm-ia=0-rr=0-ec=act_prm_snorkel_finance_split-gc=act_prm_actions_only-tc=sft-rbc=default-nb=60-nt=0-mc=hf_qwen3_4b_instruct-lc=r8_-f8a68e46
act_prm_snorkel_finance_split,s2,snorkel_finance_split_s2_thoughts_base_heldout_fullctx,,4e-05,45,2.064096,0.883575,0.805827,,,,snorkel_finance_split_s2_thoughts_base_heldout_fullctx-act-prm-ia=0-rr=0-ec=act_prm_snorkel_finance_split-gc=act_prm_actions_only-tc=sft-rbc=default-nb=60-nt=0-mc=hf_qwen3_4b_instruct-lc=r8_-f8a68e46
act_prm_snorkel_finance_split,s2,snorkel_finance_split_s2_thoughts_base_heldout_fullctx,,4e-05,50,2.0646,0.884119,0.806289,,,,snorkel_finance_split_s2_thoughts_base_heldout_fullctx-act-prm-ia=0-rr=0-ec=act_prm_snorkel_finance_split-gc=act_prm_actions_only-tc=sft-rbc=default-nb=60-nt=0-mc=hf_qwen3_4b_instruct-lc=r8_-f8a68e46
act_prm_snorkel_finance_split,s2,snorkel_finance_split_s2_thoughts_base_heldout_fullctx,,4e-05,50,2.0646,0.884119,0.806289,,,,snorkel_finance_split_s2_thoughts_base_heldout_fullctx-act-prm-ia=0-rr=0-ec=act_prm_snorkel_finance_split-gc=act_prm_actions_only-tc=sft-rbc=default-nb=60-nt=0-mc=hf_qwen3_4b_instruct-lc=r8_-f8a68e46
act_prm_snorkel_finance_split,s2,snorkel_finance_split_s2_thoughts_base_heldout_fullctx,,4e-05,55,2.06579,0.883927,0.806173,,,,snorkel_finance_split_s2_thoughts_base_heldout_fullctx-act-prm-ia=0-rr=0-ec=act_prm_snorkel_finance_split-gc=act_prm_actions_only-tc=sft-rbc=default-nb=60-nt=0-mc=hf_qwen3_4b_instruct-lc=r8_-f8a68e46
act_prm_snorkel_finance_split,s2,snorkel_finance_split_s2_thoughts_base_heldout_fullctx,,4e-05,55,2.06579,0.883927,0.806173,,,,snorkel_finance_split_s2_thoughts_base_heldout_fullctx-act-prm-ia=0-rr=0-ec=act_prm_snorkel_finance_split-gc=act_prm_actions_only-tc=sft-rbc=default-nb=60-nt=0-mc=hf_qwen3_4b_instruct-lc=r8_-f8a68e46
act_prm_snorkel_finance_split,s2,snorkel_finance_split_s2_thoughts_base_heldout_fullctx,,4e-05,59,2.064861,0.883959,0.806058,,,,snorkel_finance_split_s2_thoughts_base_heldout_fullctx-act-prm-ia=0-rr=0-ec=act_prm_snorkel_finance_split-gc=act_prm_actions_only-tc=sft-rbc=default-nb=60-nt=0-mc=hf_qwen3_4b_instruct-lc=r8_-f8a68e46
act_prm_snorkel_finance_split,s2,snorkel_finance_split_s2_thoughts_base_heldout_fullctx,,4e-05,59,2.064861,0.883959,0.806058,,,,snorkel_finance_split_s2_thoughts_base_heldout_fullctx-act-prm-ia=0-rr=0-ec=act_prm_snorkel_finance_split-gc=act_prm_actions_only-tc=sft-rbc=default-nb=60-nt=0-mc=hf_qwen3_4b_instruct-lc=r8_-f8a68e46
act_prm_snorkel_finance_split,s2,snorkel_finance_split_s2_thoughts_base_last_heldout,,4e-05,5,2.335379,0.850539,0.774686,,,,snorkel_finance_split_s2_thoughts_base_last_heldout-act-prm-ia=0-rr=0-ec=act_prm_snorkel_finance_split-gc=act_prm_actions_only-tc=sft-rbc=default-nb=60-nt=0-mc=hf_qwen3_4b_instruct-lc=r8_a16-1bb0cba7
act_prm_snorkel_finance_split,s2,snorkel_finance_split_s2_thoughts_base_last_heldout,,4e-05,5,2.335379,0.850539,0.774686,,,,snorkel_finance_split_s2_thoughts_base_last_heldout-act-prm-ia=0-rr=0-ec=act_prm_snorkel_finance_split-gc=act_prm_actions_only-tc=sft-rbc=default-nb=60-nt=0-mc=hf_qwen3_4b_instruct-lc=r8_a16-1bb0cba7
act_prm_snorkel_finance_split,s2,snorkel_finance_split_s2_thoughts_base_last_heldout,,4e-05,10,2.336612,0.850571,0.775127,,,,snorkel_finance_split_s2_thoughts_base_last_heldout-act-prm-ia=0-rr=0-ec=act_prm_snorkel_finance_split-gc=act_prm_actions_only-tc=sft-rbc=default-nb=60-nt=0-mc=hf_qwen3_4b_instruct-lc=r8_a16-1bb0cba7
act_prm_snorkel_finance_split,s2,snorkel_finance_split_s2_thoughts_base_last_heldout,,4e-05,10,2.336612,0.850571,0.775127,,,,snorkel_finance_split_s2_thoughts_base_last_heldout-act-prm-ia=0-rr=0-ec=act_prm_snorkel_finance_split-gc=act_prm_actions_only-tc=sft-rbc=default-nb=60-nt=0-mc=hf_qwen3_4b_instruct-lc=r8_a16-1bb0cba7
act_prm_snorkel_finance_split,s2,snorkel_finance_split_s2_thoughts_base_last_heldout,,4e-05,15,2.335521,0.850827,0.775472,,,,snorkel_finance_split_s2_thoughts_base_last_heldout-act-prm-ia=0-rr=0-ec=act_prm_snorkel_finance_split-gc=act_prm_actions_only-tc=sft-rbc=default-nb=60-nt=0-mc=hf_qwen3_4b_instruct-lc=r8_a16-1bb0cba7
act_prm_snorkel_finance_split,s2,snorkel_finance_split_s2_thoughts_base_last_heldout,,4e-05,15,2.335521,0.850827,0.775472,,,,snorkel_finance_split_s2_thoughts_base_last_heldout-act-prm-ia=0-rr=0-ec=act_prm_snorkel_finance_split-gc=act_prm_actions_only-tc=sft-rbc=default-nb=60-nt=0-mc=hf_qwen3_4b_instruct-lc=r8_a16-1bb0cba7
act_prm_snorkel_finance_split,s2,snorkel_finance_split_s2_thoughts_base_last_heldout,,4e-05,20,2.336038,0.850795,0.775223,,,,snorkel_finance_split_s2_thoughts_base_last_heldout-act-prm-ia=0-rr=0-ec=act_prm_snorkel_finance_split-gc=act_prm_actions_only-tc=sft-rbc=default-nb=60-nt=0-mc=hf_qwen3_4b_instruct-lc=r8_a16-1bb0cba7
act_prm_snorkel_finance_split,s2,snorkel_finance_split_s2_thoughts_base_last_heldout,,4e-05,20,2.336038,0.850795,0.775223,,,,snorkel_finance_split_s2_thoughts_base_last_heldout-act-prm-ia=0-rr=0-ec=act_prm_snorkel_finance_split-gc=act_prm_actions_only-tc=sft-rbc=default-nb=60-nt=0-mc=hf_qwen3_4b_instruct-lc=r8_a16-1bb0cba7
act_prm_snorkel_finance_split,s2,snorkel_finance_split_s2_thoughts_base_last_heldout,,4e-05,25,2.337208,0.850571,0.775069,,,,snorkel_finance_split_s2_thoughts_base_last_heldout-act-prm-ia=0-rr=0-ec=act_prm_snorkel_finance_split-gc=act_prm_actions_only-tc=sft-rbc=default-nb=60-nt=0-mc=hf_qwen3_4b_instruct-lc=r8_a16-1bb0cba7
act_prm_snorkel_finance_split,s2,snorkel_finance_split_s2_thoughts_base_last_heldout,,4e-05,25,2.337208,0.850571,0.775069,,,,snorkel_finance_split_s2_thoughts_base_last_heldout-act-prm-ia=0-rr=0-ec=act_prm_snorkel_finance_split-gc=act_prm_actions_only-tc=sft-rbc=default-nb=60-nt=0-mc=hf_qwen3_4b_instruct-lc=r8_a16-1bb0cba7
act_prm_snorkel_finance_split,s2,snorkel_finance_split_s2_thoughts_base_last_heldout,,4e-05,30,2.335037,0.850411,0.77482,,,,snorkel_finance_split_s2_thoughts_base_last_heldout-act-prm-ia=0-rr=0-ec=act_prm_snorkel_finance_split-gc=act_prm_actions_only-tc=sft-rbc=default-nb=60-nt=0-mc=hf_qwen3_4b_instruct-lc=r8_a16-1bb0cba7
act_prm_snorkel_finance_split,s2,snorkel_finance_split_s2_thoughts_base_last_heldout,,4e-05,30,2.335037,0.850411,0.77482,,,,snorkel_finance_split_s2_thoughts_base_last_heldout-act-prm-ia=0-rr=0-ec=act_prm_snorkel_finance_split-gc=act_prm_actions_only-tc=sft-rbc=default-nb=60-nt=0-mc=hf_qwen3_4b_instruct-lc=r8_a16-1bb0cba7
act_prm_snorkel_finance_split,s2,snorkel_finance_split_s2_thoughts_base_last_heldout,,4e-05,35,2.335355,0.850283,0.775012,,,,snorkel_finance_split_s2_thoughts_base_last_heldout-act-prm-ia=0-rr=0-ec=act_prm_snorkel_finance_split-gc=act_prm_actions_only-tc=sft-rbc=default-nb=60-nt=0-mc=hf_qwen3_4b_instruct-lc=r8_a16-1bb0cba7
act_prm_snorkel_finance_split,s2,snorkel_finance_split_s2_thoughts_base_last_heldout,,4e-05,35,2.335355,0.850283,0.775012,,,,snorkel_finance_split_s2_thoughts_base_last_heldout-act-prm-ia=0-rr=0-ec=act_prm_snorkel_finance_split-gc=act_prm_actions_only-tc=sft-rbc=default-nb=60-nt=0-mc=hf_qwen3_4b_instruct-lc=r8_a16-1bb0cba7
act_prm_snorkel_finance_split,s2,snorkel_finance_split_s2_thoughts_base_last_heldout,,4e-05,40,2.335324,0.850315,0.77505,,,,snorkel_finance_split_s2_thoughts_base_last_heldout-act-prm-ia=0-rr=0-ec=act_prm_snorkel_finance_split-gc=act_prm_actions_only-tc=sft-rbc=default-nb=60-nt=0-mc=hf_qwen3_4b_instruct-lc=r8_a16-1bb0cba7
act_prm_snorkel_finance_split,s2,snorkel_finance_split_s2_thoughts_base_last_heldout,,4e-05,40,2.335324,0.850315,0.77505,,,,snorkel_finance_split_s2_thoughts_base_last_heldout-act-prm-ia=0-rr=0-ec=act_prm_snorkel_finance_split-gc=act_prm_actions_only-tc=sft-rbc=default-nb=60-nt=0-mc=hf_qwen3_4b_instruct-lc=r8_a16-1bb0cba7
act_prm_snorkel_finance_split,s2,snorkel_finance_split_s2_thoughts_base_last_heldout,,4e-05,45,2.335829,0.850411,0.775146,,,,snorkel_finance_split_s2_thoughts_base_last_heldout-act-prm-ia=0-rr=0-ec=act_prm_snorkel_finance_split-gc=act_prm_actions_only-tc=sft-rbc=default-nb=60-nt=0-mc=hf_qwen3_4b_instruct-lc=r8_a16-1bb0cba7
act_prm_snorkel_finance_split,s2,snorkel_finance_split_s2_thoughts_base_last_heldout,,4e-05,45,2.335829,0.850411,0.775146,,,,snorkel_finance_split_s2_thoughts_base_last_heldout-act-prm-ia=0-rr=0-ec=act_prm_snorkel_finance_split-gc=act_prm_actions_only-tc=sft-rbc=default-nb=60-nt=0-mc=hf_qwen3_4b_instruct-lc=r8_a16-1bb0cba7
act_prm_snorkel_finance_split,s2,snorkel_finance_split_s2_thoughts_base_last_heldout,,4e-05,50,2.335729,0.850411,0.775069,,,,snorkel_finance_split_s2_thoughts_base_last_heldout-act-prm-ia=0-rr=0-ec=act_prm_snorkel_finance_split-gc=act_prm_actions_only-tc=sft-rbc=default-nb=60-nt=0-mc=hf_qwen3_4b_instruct-lc=r8_a16-1bb0cba7
act_prm_snorkel_finance_split,s2,snorkel_finance_split_s2_thoughts_base_last_heldout,,4e-05,50,2.335729,0.850411,0.775069,,,,snorkel_finance_split_s2_thoughts_base_last_heldout-act-prm-ia=0-rr=0-ec=act_prm_snorkel_finance_split-gc=act_prm_actions_only-tc=sft-rbc=default-nb=60-nt=0-mc=hf_qwen3_4b_instruct-lc=r8_a16-1bb0cba7
act_prm_snorkel_finance_split,s2,snorkel_finance_split_s2_thoughts_base_last_heldout,,4e-05,55,2.336086,0.850731,0.775146,,,,snorkel_finance_split_s2_thoughts_base_last_heldout-act-prm-ia=0-rr=0-ec=act_prm_snorkel_finance_split-gc=act_prm_actions_only-tc=sft-rbc=default-nb=60-nt=0-mc=hf_qwen3_4b_instruct-lc=r8_a16-1bb0cba7
act_prm_snorkel_finance_split,s2,snorkel_finance_split_s2_thoughts_base_last_heldout,,4e-05,55,2.336086,0.850731,0.775146,,,,snorkel_finance_split_s2_thoughts_base_last_heldout-act-prm-ia=0-rr=0-ec=act_prm_snorkel_finance_split-gc=act_prm_actions_only-tc=sft-rbc=default-nb=60-nt=0-mc=hf_qwen3_4b_instruct-lc=r8_a16-1bb0cba7
act_prm_snorkel_finance_split,s2,snorkel_finance_split_s2_thoughts_base_last_heldout,,4e-05,59,2.336054,0.850539,0.77528,,,,snorkel_finance_split_s2_thoughts_base_last_heldout-act-prm-ia=0-rr=0-ec=act_prm_snorkel_finance_split-gc=act_prm_actions_only-tc=sft-rbc=default-nb=60-nt=0-mc=hf_qwen3_4b_instruct-lc=r8_a16-1bb0cba7
act_prm_snorkel_finance_split,s2,snorkel_finance_split_s2_thoughts_base_last_heldout,,4e-05,59,2.336054,0.850539,0.77528,,,,snorkel_finance_split_s2_thoughts_base_last_heldout-act-prm-ia=0-rr=0-ec=act_prm_snorkel_finance_split-gc=act_prm_actions_only-tc=sft-rbc=default-nb=60-nt=0-mc=hf_qwen3_4b_instruct-lc=r8_a16-1bb0cba7
act_prm_snorkel_finance_split,s2,snorkel_finance_split_s2_thoughts_base_last_heldout_fullctx,,4e-05,5,2.043963,0.884407,0.805231,,,,snorkel_finance_split_s2_thoughts_base_last_heldout_fullctx-act-prm-ia=0-rr=0-ec=act_prm_snorkel_finance_split-gc=act_prm_actions_only-tc=sft-rbc=default-nb=60-nt=0-mc=hf_qwen3_4b_instruct-l-5a56e266
act_prm_snorkel_finance_split,s2,snorkel_finance_split_s2_thoughts_base_last_heldout_fullctx,,4e-05,5,2.043963,0.884407,0.805231,,,,snorkel_finance_split_s2_thoughts_base_last_heldout_fullctx-act-prm-ia=0-rr=0-ec=act_prm_snorkel_finance_split-gc=act_prm_actions_only-tc=sft-rbc=default-nb=60-nt=0-mc=hf_qwen3_4b_instruct-l-5a56e266
act_prm_snorkel_finance_split,s2,snorkel_finance_split_s2_thoughts_base_last_heldout_fullctx,,4e-05,10,2.043693,0.884055,0.804369,,,,snorkel_finance_split_s2_thoughts_base_last_heldout_fullctx-act-prm-ia=0-rr=0-ec=act_prm_snorkel_finance_split-gc=act_prm_actions_only-tc=sft-rbc=default-nb=60-nt=0-mc=hf_qwen3_4b_instruct-l-5a56e266
act_prm_snorkel_finance_split,s2,snorkel_finance_split_s2_thoughts_base_last_heldout_fullctx,,4e-05,10,2.043693,0.884055,0.804369,,,,snorkel_finance_split_s2_thoughts_base_last_heldout_fullctx-act-prm-ia=0-rr=0-ec=act_prm_snorkel_finance_split-gc=act_prm_actions_only-tc=sft-rbc=default-nb=60-nt=0-mc=hf_qwen3_4b_instruct-l-5a56e266
act_prm_snorkel_finance_split,s2,snorkel_finance_split_s2_thoughts_base_last_heldout_fullctx,,4e-05,15,2.04314,0.884119,0.804714,,,,snorkel_finance_split_s2_thoughts_base_last_heldout_fullctx-act-prm-ia=0-rr=0-ec=act_prm_snorkel_finance_split-gc=act_prm_actions_only-tc=sft-rbc=default-nb=60-nt=0-mc=hf_qwen3_4b_instruct-l-5a56e266
act_prm_snorkel_finance_split,s2,snorkel_finance_split_s2_thoughts_base_last_heldout_fullctx,,4e-05,15,2.04314,0.884119,0.804714,,,,snorkel_finance_split_s2_thoughts_base_last_heldout_fullctx-act-prm-ia=0-rr=0-ec=act_prm_snorkel_finance_split-gc=act_prm_actions_only-tc=sft-rbc=default-nb=60-nt=0-mc=hf_qwen3_4b_instruct-l-5a56e266
act_prm_snorkel_finance_split,s2,snorkel_finance_split_s2_thoughts_base_last_heldout_fullctx,,4e-05,20,2.04302,0.884343,0.804829,,,,snorkel_finance_split_s2_thoughts_base_last_heldout_fullctx-act-prm-ia=0-rr=0-ec=act_prm_snorkel_finance_split-gc=act_prm_actions_only-tc=sft-rbc=default-nb=60-nt=0-mc=hf_qwen3_4b_instruct-l-5a56e266
act_prm_snorkel_finance_split,s2,snorkel_finance_split_s2_thoughts_base_last_heldout_fullctx,,4e-05,20,2.04302,0.884343,0.804829,,,,snorkel_finance_split_s2_thoughts_base_last_heldout_fullctx-act-prm-ia=0-rr=0-ec=act_prm_snorkel_finance_split-gc=act_prm_actions_only-tc=sft-rbc=default-nb=60-nt=0-mc=hf_qwen3_4b_instruct-l-5a56e266
act_prm_snorkel_finance_split,s2,snorkel_finance_split_s2_thoughts_base_last_heldout_fullctx,,4e-05,25,2.043656,0.884183,0.804829,,,,snorkel_finance_split_s2_thoughts_base_last_heldout_fullctx-act-prm-ia=0-rr=0-ec=act_prm_snorkel_finance_split-gc=act_prm_actions_only-tc=sft-rbc=default-nb=60-nt=0-mc=hf_qwen3_4b_instruct-l-5a56e266
act_prm_snorkel_finance_split,s2,snorkel_finance_split_s2_thoughts_base_last_heldout_fullctx,,4e-05,25,2.043656,0.884183,0.804829,,,,snorkel_finance_split_s2_thoughts_base_last_heldout_fullctx-act-prm-ia=0-rr=0-ec=act_prm_snorkel_finance_split-gc=act_prm_actions_only-tc=sft-rbc=default-nb=60-nt=0-mc=hf_qwen3_4b_instruct-l-5a56e266
act_prm_snorkel_finance_split,s2,snorkel_finance_split_s2_thoughts_base_last_heldout_fullctx,,4e-05,30,2.044291,0.883735,0.804388,,,,snorkel_finance_split_s2_thoughts_base_last_heldout_fullctx-act-prm-ia=0-rr=0-ec=act_prm_snorkel_finance_split-gc=act_prm_actions_only-tc=sft-rbc=default-nb=60-nt=0-mc=hf_qwen3_4b_instruct-l-5a56e266
act_prm_snorkel_finance_split,s2,snorkel_finance_split_s2_thoughts_base_last_heldout_fullctx,,4e-05,30,2.044291,0.883735,0.804388,,,,snorkel_finance_split_s2_thoughts_base_last_heldout_fullctx-act-prm-ia=0-rr=0-ec=act_prm_snorkel_finance_split-gc=act_prm_actions_only-tc=sft-rbc=default-nb=60-nt=0-mc=hf_qwen3_4b_instruct-l-5a56e266
act_prm_snorkel_finance_split,s2,snorkel_finance_split_s2_thoughts_base_last_heldout_fullctx,,4e-05,35,2.044115,0.884439,0.804752,,,,snorkel_finance_split_s2_thoughts_base_last_heldout_fullctx-act-prm-ia=0-rr=0-ec=act_prm_snorkel_finance_split-gc=act_prm_actions_only-tc=sft-rbc=default-nb=60-nt=0-mc=hf_qwen3_4b_instruct-l-5a56e266
act_prm_snorkel_finance_split,s2,snorkel_finance_split_s2_thoughts_base_last_heldout_fullctx,,4e-05,35,2.044115,0.884439,0.804752,,,,snorkel_finance_split_s2_thoughts_base_last_heldout_fullctx-act-prm-ia=0-rr=0-ec=act_prm_snorkel_finance_split-gc=act_prm_actions_only-tc=sft-rbc=default-nb=60-nt=0-mc=hf_qwen3_4b_instruct-l-5a56e266
act_prm_snorkel_finance_split,s2,snorkel_finance_split_s2_thoughts_base_last_heldout_fullctx,,4e-05,40,2.044511,0.884151,0.804829,,,,snorkel_finance_split_s2_thoughts_base_last_heldout_fullctx-act-prm-ia=0-rr=0-ec=act_prm_snorkel_finance_split-gc=act_prm_actions_only-tc=sft-rbc=default-nb=60-nt=0-mc=hf_qwen3_4b_instruct-l-5a56e266
act_prm_snorkel_finance_split,s2,snorkel_finance_split_s2_thoughts_base_last_heldout_fullctx,,4e-05,40,2.044511,0.884151,0.804829,,,,snorkel_finance_split_s2_thoughts_base_last_heldout_fullctx-act-prm-ia=0-rr=0-ec=act_prm_snorkel_finance_split-gc=act_prm_actions_only-tc=sft-rbc=default-nb=60-nt=0-mc=hf_qwen3_4b_instruct-l-5a56e266
act_prm_snorkel_finance_split,s2,snorkel_finance_split_s2_thoughts_base_last_heldout_fullctx,,4e-05,45,2.042536,0.884471,0.804867,,,,snorkel_finance_split_s2_thoughts_base_last_heldout_fullctx-act-prm-ia=0-rr=0-ec=act_prm_snorkel_finance_split-gc=act_prm_actions_only-tc=sft-rbc=default-nb=60-nt=0-mc=hf_qwen3_4b_instruct-l-5a56e266
act_prm_snorkel_finance_split,s2,snorkel_finance_split_s2_thoughts_base_last_heldout_fullctx,,4e-05,45,2.042536,0.884471,0.804867,,,,snorkel_finance_split_s2_thoughts_base_last_heldout_fullctx-act-prm-ia=0-rr=0-ec=act_prm_snorkel_finance_split-gc=act_prm_actions_only-tc=sft-rbc=default-nb=60-nt=0-mc=hf_qwen3_4b_instruct-l-5a56e266
act_prm_snorkel_finance_split,s2,snorkel_finance_split_s2_thoughts_base_last_heldout_fullctx,,4e-05,50,2.042622,0.884247,0.804771,,,,snorkel_finance_split_s2_thoughts_base_last_heldout_fullctx-act-prm-ia=0-rr=0-ec=act_prm_snorkel_finance_split-gc=act_prm_actions_only-tc=sft-rbc=default-nb=60-nt=0-mc=hf_qwen3_4b_instruct-l-5a56e266
act_prm_snorkel_finance_split,s2,snorkel_finance_split_s2_thoughts_base_last_heldout_fullctx,,4e-05,50,2.042622,0.884247,0.804771,,,,snorkel_finance_split_s2_thoughts_base_last_heldout_fullctx-act-prm-ia=0-rr=0-ec=act_prm_snorkel_finance_split-gc=act_prm_actions_only-tc=sft-rbc=default-nb=60-nt=0-mc=hf_qwen3_4b_instruct-l-5a56e266
act_prm_snorkel_finance_split,s2,snorkel_finance_split_s2_thoughts_base_last_heldout_fullctx,,4e-05,55,2.04304,0.884215,0.804637,,,,snorkel_finance_split_s2_thoughts_base_last_heldout_fullctx-act-prm-ia=0-rr=0-ec=act_prm_snorkel_finance_split-gc=act_prm_actions_only-tc=sft-rbc=default-nb=60-nt=0-mc=hf_qwen3_4b_instruct-l-5a56e266
act_prm_snorkel_finance_split,s2,snorkel_finance_split_s2_thoughts_base_last_heldout_fullctx,,4e-05,55,2.04304,0.884215,0.804637,,,,snorkel_finance_split_s2_thoughts_base_last_heldout_fullctx-act-prm-ia=0-rr=0-ec=act_prm_snorkel_finance_split-gc=act_prm_actions_only-tc=sft-rbc=default-nb=60-nt=0-mc=hf_qwen3_4b_instruct-l-5a56e266
act_prm_snorkel_finance_split,s2,snorkel_finance_split_s2_thoughts_base_last_heldout_fullctx,,4e-05,59,2.043224,0.884151,0.804657,,,,snorkel_finance_split_s2_thoughts_base_last_heldout_fullctx-act-prm-ia=0-rr=0-ec=act_prm_snorkel_finance_split-gc=act_prm_actions_only-tc=sft-rbc=default-nb=60-nt=0-mc=hf_qwen3_4b_instruct-l-5a56e266
act_prm_snorkel_finance_split,s2,snorkel_finance_split_s2_thoughts_base_last_heldout_fullctx,,4e-05,59,2.043224,0.884151,0.804657,,,,snorkel_finance_split_s2_thoughts_base_last_heldout_fullctx-act-prm-ia=0-rr=0-ec=act_prm_snorkel_finance_split-gc=act_prm_actions_only-tc=sft-rbc=default-nb=60-nt=0-mc=hf_qwen3_4b_instruct-l-5a56e266
act_prm_snorkel_finance_split,s2,snorkel_finance_split_s2_thoughts_base_lr3e_3_nb150_heldout,,0.003,10,2.348267,0.849259,0.774923,,,,snorkel_finance_split_s2_thoughts_base_lr3e_3_nb150_heldout-act-prm-ia=0-rr=0-ec=act_prm_snorkel_finance_split-gc=act_prm_actions_only-tc=sft-rbc=default-nb=150-nt=0-mc=hf_qwen3_4b_instruct--17f2cd72
act_prm_snorkel_finance_split,s2,snorkel_finance_split_s2_thoughts_base_lr3e_3_nb150_heldout,,0.003,10,2.348267,0.849259,0.774923,,,,snorkel_finance_split_s2_thoughts_base_lr3e_3_nb150_heldout-act-prm-ia=0-rr=0-ec=act_prm_snorkel_finance_split-gc=act_prm_actions_only-tc=sft-rbc=default-nb=150-nt=0-mc=hf_qwen3_4b_instruct--17f2cd72
act_prm_snorkel_finance_split,s2,snorkel_finance_split_s2_thoughts_base_lr3e_3_nb150_heldout,,0.003,20,2.299102,0.849323,0.776364,,,,snorkel_finance_split_s2_thoughts_base_lr3e_3_nb150_heldout-act-prm-ia=0-rr=0-ec=act_prm_snorkel_finance_split-gc=act_prm_actions_only-tc=sft-rbc=default-nb=150-nt=0-mc=hf_qwen3_4b_instruct--17f2cd72
act_prm_snorkel_finance_split,s2,snorkel_finance_split_s2_thoughts_base_lr3e_3_nb150_heldout,,0.003,20,2.299102,0.849323,0.776364,,,,snorkel_finance_split_s2_thoughts_base_lr3e_3_nb150_heldout-act-prm-ia=0-rr=0-ec=act_prm_snorkel_finance_split-gc=act_prm_actions_only-tc=sft-rbc=default-nb=150-nt=0-mc=hf_qwen3_4b_instruct--17f2cd72
act_prm_snorkel_finance_split,s2,snorkel_finance_split_s2_thoughts_base_lr3e_3_nb150_heldout,,0.003,30,2.226303,0.850699,0.778113,,,,snorkel_finance_split_s2_thoughts_base_lr3e_3_nb150_heldout-act-prm-ia=0-rr=0-ec=act_prm_snorkel_finance_split-gc=act_prm_actions_only-tc=sft-rbc=default-nb=150-nt=0-mc=hf_qwen3_4b_instruct--17f2cd72
act_prm_snorkel_finance_split,s2,snorkel_finance_split_s2_thoughts_base_lr3e_3_nb150_heldout,,0.003,30,2.226303,0.850699,0.778113,,,,snorkel_finance_split_s2_thoughts_base_lr3e_3_nb150_heldout-act-prm-ia=0-rr=0-ec=act_prm_snorkel_finance_split-gc=act_prm_actions_only-tc=sft-rbc=default-nb=150-nt=0-mc=hf_qwen3_4b_instruct--17f2cd72
act_prm_snorkel_finance_split,s2,snorkel_finance_split_s2_thoughts_base_lr3e_3_nb150_heldout,,0.003,40,2.129226,0.850827,0.779651,,,,snorkel_finance_split_s2_thoughts_base_lr3e_3_nb150_heldout-act-prm-ia=0-rr=0-ec=act_prm_snorkel_finance_split-gc=act_prm_actions_only-tc=sft-rbc=default-nb=150-nt=0-mc=hf_qwen3_4b_instruct--17f2cd72
act_prm_snorkel_finance_split,s2,snorkel_finance_split_s2_thoughts_base_lr3e_3_nb150_heldout,,0.003,40,2.129226,0.850827,0.779651,,,,snorkel_finance_split_s2_thoughts_base_lr3e_3_nb150_heldout-act-prm-ia=0-rr=0-ec=act_prm_snorkel_finance_split-gc=act_prm_actions_only-tc=sft-rbc=default-nb=150-nt=0-mc=hf_qwen3_4b_instruct--17f2cd72
act_prm_snorkel_finance_split,s2,snorkel_finance_split_s2_thoughts_base_lr3e_3_nb150_heldout,,0.003,50,2.040661,0.851404,0.780977,,,,snorkel_finance_split_s2_thoughts_base_lr3e_3_nb150_heldout-act-prm-ia=0-rr=0-ec=act_prm_snorkel_finance_split-gc=act_prm_actions_only-tc=sft-rbc=default-nb=150-nt=0-mc=hf_qwen3_4b_instruct--17f2cd72
act_prm_snorkel_finance_split,s2,snorkel_finance_split_s2_thoughts_base_lr3e_3_nb150_heldout,,0.003,50,2.040661,0.851404,0.780977,,,,snorkel_finance_split_s2_thoughts_base_lr3e_3_nb150_heldout-act-prm-ia=0-rr=0-ec=act_prm_snorkel_finance_split-gc=act_prm_actions_only-tc=sft-rbc=default-nb=150-nt=0-mc=hf_qwen3_4b_instruct--17f2cd72
act_prm_snorkel_finance_split,s2,snorkel_finance_split_s2_thoughts_base_lr3e_3_nb150_heldout,,0.003,60,1.977955,0.851916,0.783379,,,,snorkel_finance_split_s2_thoughts_base_lr3e_3_nb150_heldout-act-prm-ia=0-rr=0-ec=act_prm_snorkel_finance_split-gc=act_prm_actions_only-tc=sft-rbc=default-nb=150-nt=0-mc=hf_qwen3_4b_instruct--17f2cd72
act_prm_snorkel_finance_split,s2,snorkel_finance_split_s2_thoughts_base_lr3e_3_nb150_heldout,,0.003,60,1.977955,0.851916,0.783379,,,,snorkel_finance_split_s2_thoughts_base_lr3e_3_nb150_heldout-act-prm-ia=0-rr=0-ec=act_prm_snorkel_finance_split-gc=act_prm_actions_only-tc=sft-rbc=default-nb=150-nt=0-mc=hf_qwen3_4b_instruct--17f2cd72
act_prm_snorkel_finance_split,s2,snorkel_finance_split_s2_thoughts_base_lr3e_3_nb150_heldout,,0.003,70,1.93474,0.852556,0.784821,,,,snorkel_finance_split_s2_thoughts_base_lr3e_3_nb150_heldout-act-prm-ia=0-rr=0-ec=act_prm_snorkel_finance_split-gc=act_prm_actions_only-tc=sft-rbc=default-nb=150-nt=0-mc=hf_qwen3_4b_instruct--17f2cd72
act_prm_snorkel_finance_split,s2,snorkel_finance_split_s2_thoughts_base_lr3e_3_nb150_heldout,,0.003,70,1.93474,0.852556,0.784821,,,,snorkel_finance_split_s2_thoughts_base_lr3e_3_nb150_heldout-act-prm-ia=0-rr=0-ec=act_prm_snorkel_finance_split-gc=act_prm_actions_only-tc=sft-rbc=default-nb=150-nt=0-mc=hf_qwen3_4b_instruct--17f2cd72
act_prm_snorkel_finance_split,s2,snorkel_finance_split_s2_thoughts_base_lr3e_3_nb150_heldout,,0.003,80,1.907556,0.853004,0.785878,,,,snorkel_finance_split_s2_thoughts_base_lr3e_3_nb150_heldout-act-prm-ia=0-rr=0-ec=act_prm_snorkel_finance_split-gc=act_prm_actions_only-tc=sft-rbc=default-nb=150-nt=0-mc=hf_qwen3_4b_instruct--17f2cd72
act_prm_snorkel_finance_split,s2,snorkel_finance_split_s2_thoughts_base_lr3e_3_nb150_heldout,,0.003,80,1.907556,0.853004,0.785878,,,,snorkel_finance_split_s2_thoughts_base_lr3e_3_nb150_heldout-act-prm-ia=0-rr=0-ec=act_prm_snorkel_finance_split-gc=act_prm_actions_only-tc=sft-rbc=default-nb=150-nt=0-mc=hf_qwen3_4b_instruct--17f2cd72
act_prm_snorkel_finance_split,s2,snorkel_finance_split_s2_thoughts_base_lr3e_3_nb150_heldout,,0.003,90,1.886514,0.85358,0.787261,,,,snorkel_finance_split_s2_thoughts_base_lr3e_3_nb150_heldout-act-prm-ia=0-rr=0-ec=act_prm_snorkel_finance_split-gc=act_prm_actions_only-tc=sft-rbc=default-nb=150-nt=0-mc=hf_qwen3_4b_instruct--17f2cd72
act_prm_snorkel_finance_split,s2,snorkel_finance_split_s2_thoughts_base_lr3e_3_nb150_heldout,,0.003,90,1.886514,0.85358,0.787261,,,,snorkel_finance_split_s2_thoughts_base_lr3e_3_nb150_heldout-act-prm-ia=0-rr=0-ec=act_prm_snorkel_finance_split-gc=act_prm_actions_only-tc=sft-rbc=default-nb=150-nt=0-mc=hf_qwen3_4b_instruct--17f2cd72
act_prm_snorkel_finance_split,s2,snorkel_finance_split_s2_thoughts_base_lr3e_3_nb150_heldout,,0.003,100,1.871285,0.853773,0.787992,,,,snorkel_finance_split_s2_thoughts_base_lr3e_3_nb150_heldout-act-prm-ia=0-rr=0-ec=act_prm_snorkel_finance_split-gc=act_prm_actions_only-tc=sft-rbc=default-nb=150-nt=0-mc=hf_qwen3_4b_instruct--17f2cd72
act_prm_snorkel_finance_split,s2,snorkel_finance_split_s2_thoughts_base_lr3e_3_nb150_heldout,,0.003,100,1.871285,0.853773,0.787992,,,,snorkel_finance_split_s2_thoughts_base_lr3e_3_nb150_heldout-act-prm-ia=0-rr=0-ec=act_prm_snorkel_finance_split-gc=act_prm_actions_only-tc=sft-rbc=default-nb=150-nt=0-mc=hf_qwen3_4b_instruct--17f2cd72
act_prm_snorkel_finance_split,s2,snorkel_finance_split_s2_thoughts_base_lr3e_3_nb150_heldout,,0.003,110,1.858589,0.854253,0.789491,,,,snorkel_finance_split_s2_thoughts_base_lr3e_3_nb150_heldout-act-prm-ia=0-rr=0-ec=act_prm_snorkel_finance_split-gc=act_prm_actions_only-tc=sft-rbc=default-nb=150-nt=0-mc=hf_qwen3_4b_instruct--17f2cd72
act_prm_snorkel_finance_split,s2,snorkel_finance_split_s2_thoughts_base_lr3e_3_nb150_heldout,,0.003,110,1.858589,0.854253,0.789491,,,,snorkel_finance_split_s2_thoughts_base_lr3e_3_nb150_heldout-act-prm-ia=0-rr=0-ec=act_prm_snorkel_finance_split-gc=act_prm_actions_only-tc=sft-rbc=default-nb=150-nt=0-mc=hf_qwen3_4b_instruct--17f2cd72
act_prm_snorkel_finance_split,s2,snorkel_finance_split_s2_thoughts_base_lr3e_3_nb150_heldout,,0.003,120,1.846351,0.854765,0.79051,,,,snorkel_finance_split_s2_thoughts_base_lr3e_3_nb150_heldout-act-prm-ia=0-rr=0-ec=act_prm_snorkel_finance_split-gc=act_prm_actions_only-tc=sft-rbc=default-nb=150-nt=0-mc=hf_qwen3_4b_instruct--17f2cd72
act_prm_snorkel_finance_split,s2,snorkel_finance_split_s2_thoughts_base_lr3e_3_nb150_heldout,,0.003,120,1.846351,0.854765,0.79051,,,,snorkel_finance_split_s2_thoughts_base_lr3e_3_nb150_heldout-act-prm-ia=0-rr=0-ec=act_prm_snorkel_finance_split-gc=act_prm_actions_only-tc=sft-rbc=default-nb=150-nt=0-mc=hf_qwen3_4b_instruct--17f2cd72
act_prm_snorkel_finance_split,s2,snorkel_finance_split_s2_thoughts_base_lr3e_3_nb150_heldout,,0.003,130,1.834506,0.855661,0.79172,,,,snorkel_finance_split_s2_thoughts_base_lr3e_3_nb150_heldout-act-prm-ia=0-rr=0-ec=act_prm_snorkel_finance_split-gc=act_prm_actions_only-tc=sft-rbc=default-nb=150-nt=0-mc=hf_qwen3_4b_instruct--17f2cd72
act_prm_snorkel_finance_split,s2,snorkel_finance_split_s2_thoughts_base_lr3e_3_nb150_heldout,,0.003,130,1.834506,0.855661,0.79172,,,,snorkel_finance_split_s2_thoughts_base_lr3e_3_nb150_heldout-act-prm-ia=0-rr=0-ec=act_prm_snorkel_finance_split-gc=act_prm_actions_only-tc=sft-rbc=default-nb=150-nt=0-mc=hf_qwen3_4b_instruct--17f2cd72
act_prm_snorkel_finance_split,s2,snorkel_finance_split_s2_thoughts_base_lr3e_3_nb150_heldout,,0.003,140,1.823811,0.855885,0.79272,,,,snorkel_finance_split_s2_thoughts_base_lr3e_3_nb150_heldout-act-prm-ia=0-rr=0-ec=act_prm_snorkel_finance_split-gc=act_prm_actions_only-tc=sft-rbc=default-nb=150-nt=0-mc=hf_qwen3_4b_instruct--17f2cd72
act_prm_snorkel_finance_split,s2,snorkel_finance_split_s2_thoughts_base_lr3e_3_nb150_heldout,,0.003,140,1.823811,0.855885,0.79272,,,,snorkel_finance_split_s2_thoughts_base_lr3e_3_nb150_heldout-act-prm-ia=0-rr=0-ec=act_prm_snorkel_finance_split-gc=act_prm_actions_only-tc=sft-rbc=default-nb=150-nt=0-mc=hf_qwen3_4b_instruct--17f2cd72
act_prm_snorkel_finance_split,s2,snorkel_finance_split_s2_thoughts_base_lr3e_3_nb150_heldout,,0.003,149,1.816724,0.856461,0.793527,,,,snorkel_finance_split_s2_thoughts_base_lr3e_3_nb150_heldout-act-prm-ia=0-rr=0-ec=act_prm_snorkel_finance_split-gc=act_prm_actions_only-tc=sft-rbc=default-nb=150-nt=0-mc=hf_qwen3_4b_instruct--17f2cd72
act_prm_snorkel_finance_split,s2,snorkel_finance_split_s2_thoughts_base_lr3e_3_nb150_heldout,,0.003,149,1.816724,0.856461,0.793527,,,,snorkel_finance_split_s2_thoughts_base_lr3e_3_nb150_heldout-act-prm-ia=0-rr=0-ec=act_prm_snorkel_finance_split-gc=act_prm_actions_only-tc=sft-rbc=default-nb=150-nt=0-mc=hf_qwen3_4b_instruct--17f2cd72
act_prm_snorkel_finance_split,s2,snorkel_finance_split_s2_thoughts_base_v3_lr3e_3_nb150_heldout,,0.003,10,2.260564,0.856784,0.77907,,,,snorkel_finance_split_s2_thoughts_base_v3_lr3e_3_nb150_heldout-act-prm-ia=0-rr=0-ec=act_prm_snorkel_finance_split-gc=act_prm_actions_only-tc=sft-rbc=default-nb=150-nt=0-mc=hf_qwen3_4b_instru-25bad5ba
act_prm_snorkel_finance_split,s2,snorkel_finance_split_s2_thoughts_base_v3_lr3e_3_nb150_heldout,,0.003,10,2.260564,0.856784,0.77907,,,,snorkel_finance_split_s2_thoughts_base_v3_lr3e_3_nb150_heldout-act-prm-ia=0-rr=0-ec=act_prm_snorkel_finance_split-gc=act_prm_actions_only-tc=sft-rbc=default-nb=150-nt=0-mc=hf_qwen3_4b_instru-25bad5ba
act_prm_snorkel_finance_split,s2,snorkel_finance_split_s2_thoughts_base_v3_lr3e_3_nb150_heldout,,0.003,20,2.219856,0.856864,0.779546,,,,snorkel_finance_split_s2_thoughts_base_v3_lr3e_3_nb150_heldout-act-prm-ia=0-rr=0-ec=act_prm_snorkel_finance_split-gc=act_prm_actions_only-tc=sft-rbc=default-nb=150-nt=0-mc=hf_qwen3_4b_instru-25bad5ba
act_prm_snorkel_finance_split,s2,snorkel_finance_split_s2_thoughts_base_v3_lr3e_3_nb150_heldout,,0.003,20,2.219856,0.856864,0.779546,,,,snorkel_finance_split_s2_thoughts_base_v3_lr3e_3_nb150_heldout-act-prm-ia=0-rr=0-ec=act_prm_snorkel_finance_split-gc=act_prm_actions_only-tc=sft-rbc=default-nb=150-nt=0-mc=hf_qwen3_4b_instru-25bad5ba
act_prm_snorkel_finance_split,s2,snorkel_finance_split_s2_thoughts_base_v3_lr3e_3_nb150_heldout,,0.003,30,2.156619,0.856837,0.781746,,,,snorkel_finance_split_s2_thoughts_base_v3_lr3e_3_nb150_heldout-act-prm-ia=0-rr=0-ec=act_prm_snorkel_finance_split-gc=act_prm_actions_only-tc=sft-rbc=default-nb=150-nt=0-mc=hf_qwen3_4b_instru-25bad5ba
act_prm_snorkel_finance_split,s2,snorkel_finance_split_s2_thoughts_base_v3_lr3e_3_nb150_heldout,,0.003,30,2.156619,0.856837,0.781746,,,,snorkel_finance_split_s2_thoughts_base_v3_lr3e_3_nb150_heldout-act-prm-ia=0-rr=0-ec=act_prm_snorkel_finance_split-gc=act_prm_actions_only-tc=sft-rbc=default-nb=150-nt=0-mc=hf_qwen3_4b_instru-25bad5ba
act_prm_snorkel_finance_split,s2,snorkel_finance_split_s2_thoughts_base_v3_lr3e_3_nb150_heldout,,0.003,40,2.0753,0.857586,0.783553,,,,snorkel_finance_split_s2_thoughts_base_v3_lr3e_3_nb150_heldout-act-prm-ia=0-rr=0-ec=act_prm_snorkel_finance_split-gc=act_prm_actions_only-tc=sft-rbc=default-nb=150-nt=0-mc=hf_qwen3_4b_instru-25bad5ba
act_prm_snorkel_finance_split,s2,snorkel_finance_split_s2_thoughts_base_v3_lr3e_3_nb150_heldout,,0.003,40,2.0753,0.857586,0.783553,,,,snorkel_finance_split_s2_thoughts_base_v3_lr3e_3_nb150_heldout-act-prm-ia=0-rr=0-ec=act_prm_snorkel_finance_split-gc=act_prm_actions_only-tc=sft-rbc=default-nb=150-nt=0-mc=hf_qwen3_4b_instru-25bad5ba
act_prm_snorkel_finance_split,s2,snorkel_finance_split_s2_thoughts_base_v3_lr3e_3_nb150_heldout,,0.003,50,1.999405,0.858601,0.785556,,,,snorkel_finance_split_s2_thoughts_base_v3_lr3e_3_nb150_heldout-act-prm-ia=0-rr=0-ec=act_prm_snorkel_finance_split-gc=act_prm_actions_only-tc=sft-rbc=default-nb=150-nt=0-mc=hf_qwen3_4b_instru-25bad5ba
act_prm_snorkel_finance_split,s2,snorkel_finance_split_s2_thoughts_base_v3_lr3e_3_nb150_heldout,,0.003,50,1.999405,0.858601,0.785556,,,,snorkel_finance_split_s2_thoughts_base_v3_lr3e_3_nb150_heldout-act-prm-ia=0-rr=0-ec=act_prm_snorkel_finance_split-gc=act_prm_actions_only-tc=sft-rbc=default-nb=150-nt=0-mc=hf_qwen3_4b_instru-25bad5ba
act_prm_snorkel_finance_split,s2,snorkel_finance_split_s2_thoughts_base_v3_lr3e_3_nb150_heldout,,0.003,60,1.939351,0.858868,0.787691,,,,snorkel_finance_split_s2_thoughts_base_v3_lr3e_3_nb150_heldout-act-prm-ia=0-rr=0-ec=act_prm_snorkel_finance_split-gc=act_prm_actions_only-tc=sft-rbc=default-nb=150-nt=0-mc=hf_qwen3_4b_instru-25bad5ba
act_prm_snorkel_finance_split,s2,snorkel_finance_split_s2_thoughts_base_v3_lr3e_3_nb150_heldout,,0.003,60,1.939351,0.858868,0.787691,,,,snorkel_finance_split_s2_thoughts_base_v3_lr3e_3_nb150_heldout-act-prm-ia=0-rr=0-ec=act_prm_snorkel_finance_split-gc=act_prm_actions_only-tc=sft-rbc=default-nb=150-nt=0-mc=hf_qwen3_4b_instru-25bad5ba
act_prm_snorkel_finance_split,s2,snorkel_finance_split_s2_thoughts_base_v3_lr3e_3_nb150_heldout,,0.003,70,1.903039,0.859242,0.788807,,,,snorkel_finance_split_s2_thoughts_base_v3_lr3e_3_nb150_heldout-act-prm-ia=0-rr=0-ec=act_prm_snorkel_finance_split-gc=act_prm_actions_only-tc=sft-rbc=default-nb=150-nt=0-mc=hf_qwen3_4b_instru-25bad5ba
act_prm_snorkel_finance_split,s2,snorkel_finance_split_s2_thoughts_base_v3_lr3e_3_nb150_heldout,,0.003,70,1.903039,0.859242,0.788807,,,,snorkel_finance_split_s2_thoughts_base_v3_lr3e_3_nb150_heldout-act-prm-ia=0-rr=0-ec=act_prm_snorkel_finance_split-gc=act_prm_actions_only-tc=sft-rbc=default-nb=150-nt=0-mc=hf_qwen3_4b_instru-25bad5ba
act_prm_snorkel_finance_split,s2,snorkel_finance_split_s2_thoughts_base_v3_lr3e_3_nb150_heldout,,0.003,80,1.879445,0.85967,0.789678,,,,snorkel_finance_split_s2_thoughts_base_v3_lr3e_3_nb150_heldout-act-prm-ia=0-rr=0-ec=act_prm_snorkel_finance_split-gc=act_prm_actions_only-tc=sft-rbc=default-nb=150-nt=0-mc=hf_qwen3_4b_instru-25bad5ba
act_prm_snorkel_finance_split,s2,snorkel_finance_split_s2_thoughts_base_v3_lr3e_3_nb150_heldout,,0.003,80,1.879445,0.85967,0.789678,,,,snorkel_finance_split_s2_thoughts_base_v3_lr3e_3_nb150_heldout-act-prm-ia=0-rr=0-ec=act_prm_snorkel_finance_split-gc=act_prm_actions_only-tc=sft-rbc=default-nb=150-nt=0-mc=hf_qwen3_4b_instru-25bad5ba
act_prm_snorkel_finance_split,s2,snorkel_finance_split_s2_thoughts_base_v3_lr3e_3_nb150_heldout,,0.003,90,1.860359,0.859696,0.790532,,,,snorkel_finance_split_s2_thoughts_base_v3_lr3e_3_nb150_heldout-act-prm-ia=0-rr=0-ec=act_prm_snorkel_finance_split-gc=act_prm_actions_only-tc=sft-rbc=default-nb=150-nt=0-mc=hf_qwen3_4b_instru-25bad5ba
act_prm_snorkel_finance_split,s2,snorkel_finance_split_s2_thoughts_base_v3_lr3e_3_nb150_heldout,,0.003,90,1.860359,0.859696,0.790532,,,,snorkel_finance_split_s2_thoughts_base_v3_lr3e_3_nb150_heldout-act-prm-ia=0-rr=0-ec=act_prm_snorkel_finance_split-gc=act_prm_actions_only-tc=sft-rbc=default-nb=150-nt=0-mc=hf_qwen3_4b_instru-25bad5ba
act_prm_snorkel_finance_split,s2,snorkel_finance_split_s2_thoughts_base_v3_lr3e_3_nb150_heldout,,0.003,100,1.84621,0.860284,0.791517,,,,snorkel_finance_split_s2_thoughts_base_v3_lr3e_3_nb150_heldout-act-prm-ia=0-rr=0-ec=act_prm_snorkel_finance_split-gc=act_prm_actions_only-tc=sft-rbc=default-nb=150-nt=0-mc=hf_qwen3_4b_instru-25bad5ba
act_prm_snorkel_finance_split,s2,snorkel_finance_split_s2_thoughts_base_v3_lr3e_3_nb150_heldout,,0.003,100,1.84621,0.860284,0.791517,,,,snorkel_finance_split_s2_thoughts_base_v3_lr3e_3_nb150_heldout-act-prm-ia=0-rr=0-ec=act_prm_snorkel_finance_split-gc=act_prm_actions_only-tc=sft-rbc=default-nb=150-nt=0-mc=hf_qwen3_4b_instru-25bad5ba
act_prm_snorkel_finance_split,s2,snorkel_finance_split_s2_thoughts_base_v3_lr3e_3_nb150_heldout,,0.003,110,1.83274,0.860819,0.792239,,,,snorkel_finance_split_s2_thoughts_base_v3_lr3e_3_nb150_heldout-act-prm-ia=0-rr=0-ec=act_prm_snorkel_finance_split-gc=act_prm_actions_only-tc=sft-rbc=default-nb=150-nt=0-mc=hf_qwen3_4b_instru-25bad5ba
act_prm_snorkel_finance_split,s2,snorkel_finance_split_s2_thoughts_base_v3_lr3e_3_nb150_heldout,,0.003,110,1.83274,0.860819,0.792239,,,,snorkel_finance_split_s2_thoughts_base_v3_lr3e_3_nb150_heldout-act-prm-ia=0-rr=0-ec=act_prm_snorkel_finance_split-gc=act_prm_actions_only-tc=sft-rbc=default-nb=150-nt=0-mc=hf_qwen3_4b_instru-25bad5ba
act_prm_snorkel_finance_split,s2,snorkel_finance_split_s2_thoughts_base_v3_lr3e_3_nb150_heldout,,0.003,120,1.821763,0.861246,0.793487,,,,snorkel_finance_split_s2_thoughts_base_v3_lr3e_3_nb150_heldout-act-prm-ia=0-rr=0-ec=act_prm_snorkel_finance_split-gc=act_prm_actions_only-tc=sft-rbc=default-nb=150-nt=0-mc=hf_qwen3_4b_instru-25bad5ba
act_prm_snorkel_finance_split,s2,snorkel_finance_split_s2_thoughts_base_v3_lr3e_3_nb150_heldout,,0.003,120,1.821763,0.861246,0.793487,,,,snorkel_finance_split_s2_thoughts_base_v3_lr3e_3_nb150_heldout-act-prm-ia=0-rr=0-ec=act_prm_snorkel_finance_split-gc=act_prm_actions_only-tc=sft-rbc=default-nb=150-nt=0-mc=hf_qwen3_4b_instru-25bad5ba
act_prm_snorkel_finance_split,s2,snorkel_finance_split_s2_thoughts_base_v3_lr3e_3_nb150_heldout,,0.003,130,1.812036,0.861727,0.794308,,,,snorkel_finance_split_s2_thoughts_base_v3_lr3e_3_nb150_heldout-act-prm-ia=0-rr=0-ec=act_prm_snorkel_finance_split-gc=act_prm_actions_only-tc=sft-rbc=default-nb=150-nt=0-mc=hf_qwen3_4b_instru-25bad5ba
act_prm_snorkel_finance_split,s2,snorkel_finance_split_s2_thoughts_base_v3_lr3e_3_nb150_heldout,,0.003,130,1.812036,0.861727,0.794308,,,,snorkel_finance_split_s2_thoughts_base_v3_lr3e_3_nb150_heldout-act-prm-ia=0-rr=0-ec=act_prm_snorkel_finance_split-gc=act_prm_actions_only-tc=sft-rbc=default-nb=150-nt=0-mc=hf_qwen3_4b_instru-25bad5ba
act_prm_snorkel_finance_split,s2,snorkel_finance_split_s2_thoughts_base_v3_lr3e_3_nb150_heldout,,0.003,140,1.803266,0.862208,0.795261,,,,snorkel_finance_split_s2_thoughts_base_v3_lr3e_3_nb150_heldout-act-prm-ia=0-rr=0-ec=act_prm_snorkel_finance_split-gc=act_prm_actions_only-tc=sft-rbc=default-nb=150-nt=0-mc=hf_qwen3_4b_instru-25bad5ba
act_prm_snorkel_finance_split,s2,snorkel_finance_split_s2_thoughts_base_v3_lr3e_3_nb150_heldout,,0.003,140,1.803266,0.862208,0.795261,,,,snorkel_finance_split_s2_thoughts_base_v3_lr3e_3_nb150_heldout-act-prm-ia=0-rr=0-ec=act_prm_snorkel_finance_split-gc=act_prm_actions_only-tc=sft-rbc=default-nb=150-nt=0-mc=hf_qwen3_4b_instru-25bad5ba
act_prm_snorkel_finance_split,s2,snorkel_finance_split_s2_thoughts_base_v3_lr3e_3_nb150_heldout,,0.003,149,1.795375,0.862636,0.79623,,,,snorkel_finance_split_s2_thoughts_base_v3_lr3e_3_nb150_heldout-act-prm-ia=0-rr=0-ec=act_prm_snorkel_finance_split-gc=act_prm_actions_only-tc=sft-rbc=default-nb=150-nt=0-mc=hf_qwen3_4b_instru-25bad5ba
act_prm_snorkel_finance_split,s2,snorkel_finance_split_s2_thoughts_base_v3_lr3e_3_nb150_heldout,,0.003,149,1.795375,0.862636,0.79623,,,,snorkel_finance_split_s2_thoughts_base_v3_lr3e_3_nb150_heldout-act-prm-ia=0-rr=0-ec=act_prm_snorkel_finance_split-gc=act_prm_actions_only-tc=sft-rbc=default-nb=150-nt=0-mc=hf_qwen3_4b_instru-25bad5ba
act_prm_snorkel_finance_split,s2,snorkel_finance_split_s2_thoughts_policy_adamw30_lr1e_3_adamw_nb100_heldout,adamw,0.001,10,1.730154,0.85822,0.804014,,,,snorkel_finance_split_s2_thoughts_policy_adamw30_lr1e_3_adamw_nb100_heldout-act-prm-ia=0-rr=0-ec=act_prm_snorkel_finance_split-gc=act_prm_actions_only-tc=sft-rbc=default-nb=100-nt=0-mc=hf_qw-b9ed805a
act_prm_snorkel_finance_split,s2,snorkel_finance_split_s2_thoughts_policy_adamw30_lr1e_3_adamw_nb100_heldout,adamw,0.001,10,1.730154,0.85822,0.804014,,,,snorkel_finance_split_s2_thoughts_policy_adamw30_lr1e_3_adamw_nb100_heldout-act-prm-ia=0-rr=0-ec=act_prm_snorkel_finance_split-gc=act_prm_actions_only-tc=sft-rbc=default-nb=100-nt=0-mc=hf_qw-b9ed805a
act_prm_snorkel_finance_split,s2,snorkel_finance_split_s2_thoughts_policy_adamw30_lr1e_3_adamw_nb100_heldout,adamw,0.001,20,1.689227,0.862365,0.808645,,,,snorkel_finance_split_s2_thoughts_policy_adamw30_lr1e_3_adamw_nb100_heldout-act-prm-ia=0-rr=0-ec=act_prm_snorkel_finance_split-gc=act_prm_actions_only-tc=sft-rbc=default-nb=100-nt=0-mc=hf_qw-b9ed805a
act_prm_snorkel_finance_split,s2,snorkel_finance_split_s2_thoughts_policy_adamw30_lr1e_3_adamw_nb100_heldout,adamw,0.001,20,1.689227,0.862365,0.808645,,,,snorkel_finance_split_s2_thoughts_policy_adamw30_lr1e_3_adamw_nb100_heldout-act-prm-ia=0-rr=0-ec=act_prm_snorkel_finance_split-gc=act_prm_actions_only-tc=sft-rbc=default-nb=100-nt=0-mc=hf_qw-b9ed805a
act_prm_snorkel_finance_split,s2,snorkel_finance_split_s2_thoughts_policy_adamw30_lr1e_3_adamw_nb100_heldout,adamw,0.001,30,1.642425,0.868104,0.811639,,,,snorkel_finance_split_s2_thoughts_policy_adamw30_lr1e_3_adamw_nb100_heldout-act-prm-ia=0-rr=0-ec=act_prm_snorkel_finance_split-gc=act_prm_actions_only-tc=sft-rbc=default-nb=100-nt=0-mc=hf_qw-b9ed805a
act_prm_snorkel_finance_split,s2,snorkel_finance_split_s2_thoughts_policy_adamw30_lr1e_3_adamw_nb100_heldout,adamw,0.001,30,1.642425,0.868104,0.811639,,,,snorkel_finance_split_s2_thoughts_policy_adamw30_lr1e_3_adamw_nb100_heldout-act-prm-ia=0-rr=0-ec=act_prm_snorkel_finance_split-gc=act_prm_actions_only-tc=sft-rbc=default-nb=100-nt=0-mc=hf_qw-b9ed805a
act_prm_snorkel_finance_split,s2,snorkel_finance_split_s2_thoughts_policy_adamw30_lr1e_3_adamw_nb100_heldout,adamw,0.001,40,1.653435,0.869873,0.811854,,,,snorkel_finance_split_s2_thoughts_policy_adamw30_lr1e_3_adamw_nb100_heldout-act-prm-ia=0-rr=0-ec=act_prm_snorkel_finance_split-gc=act_prm_actions_only-tc=sft-rbc=default-nb=100-nt=0-mc=hf_qw-b9ed805a
act_prm_snorkel_finance_split,s2,snorkel_finance_split_s2_thoughts_policy_adamw30_lr1e_3_adamw_nb100_heldout,adamw,0.001,40,1.653435,0.869873,0.811854,,,,snorkel_finance_split_s2_thoughts_policy_adamw30_lr1e_3_adamw_nb100_heldout-act-prm-ia=0-rr=0-ec=act_prm_snorkel_finance_split-gc=act_prm_actions_only-tc=sft-rbc=default-nb=100-nt=0-mc=hf_qw-b9ed805a
act_prm_snorkel_finance_split,s2,snorkel_finance_split_s2_thoughts_policy_adamw30_lr1e_3_adamw_nb100_heldout,adamw,0.001,50,1.629327,0.870568,0.812952,,,,snorkel_finance_split_s2_thoughts_policy_adamw30_lr1e_3_adamw_nb100_heldout-act-prm-ia=0-rr=0-ec=act_prm_snorkel_finance_split-gc=act_prm_actions_only-tc=sft-rbc=default-nb=100-nt=0-mc=hf_qw-b9ed805a
act_prm_snorkel_finance_split,s2,snorkel_finance_split_s2_thoughts_policy_adamw30_lr1e_3_adamw_nb100_heldout,adamw,0.001,50,1.629327,0.870568,0.812952,,,,snorkel_finance_split_s2_thoughts_policy_adamw30_lr1e_3_adamw_nb100_heldout-act-prm-ia=0-rr=0-ec=act_prm_snorkel_finance_split-gc=act_prm_actions_only-tc=sft-rbc=default-nb=100-nt=0-mc=hf_qw-b9ed805a
act_prm_snorkel_finance_split,s2,snorkel_finance_split_s2_thoughts_policy_adamw30_lr1e_3_adamw_nb100_heldout,adamw,0.001,60,1.63623,0.86996,0.810777,,,,snorkel_finance_split_s2_thoughts_policy_adamw30_lr1e_3_adamw_nb100_heldout-act-prm-ia=0-rr=0-ec=act_prm_snorkel_finance_split-gc=act_prm_actions_only-tc=sft-rbc=default-nb=100-nt=0-mc=hf_qw-b9ed805a
act_prm_snorkel_finance_split,s2,snorkel_finance_split_s2_thoughts_policy_adamw30_lr1e_3_adamw_nb100_heldout,adamw,0.001,60,1.63623,0.86996,0.810777,,,,snorkel_finance_split_s2_thoughts_policy_adamw30_lr1e_3_adamw_nb100_heldout-act-prm-ia=0-rr=0-ec=act_prm_snorkel_finance_split-gc=act_prm_actions_only-tc=sft-rbc=default-nb=100-nt=0-mc=hf_qw-b9ed805a
act_prm_snorkel_finance_split,s2,snorkel_finance_split_s2_thoughts_policy_adamw30_lr1e_3_adamw_nb100_heldout,adamw,0.001,70,1.662909,0.871003,0.80858,,,,snorkel_finance_split_s2_thoughts_policy_adamw30_lr1e_3_adamw_nb100_heldout-act-prm-ia=0-rr=0-ec=act_prm_snorkel_finance_split-gc=act_prm_actions_only-tc=sft-rbc=default-nb=100-nt=0-mc=hf_qw-b9ed805a
act_prm_snorkel_finance_split,s2,snorkel_finance_split_s2_thoughts_policy_adamw30_lr1e_3_adamw_nb100_heldout,adamw,0.001,70,1.662909,0.871003,0.80858,,,,snorkel_finance_split_s2_thoughts_policy_adamw30_lr1e_3_adamw_nb100_heldout-act-prm-ia=0-rr=0-ec=act_prm_snorkel_finance_split-gc=act_prm_actions_only-tc=sft-rbc=default-nb=100-nt=0-mc=hf_qw-b9ed805a
act_prm_snorkel_finance_split,s2,snorkel_finance_split_s2_thoughts_policy_adamw30_lr1e_3_adamw_nb100_heldout,adamw,0.001,80,1.660352,0.870684,0.807999,,,,snorkel_finance_split_s2_thoughts_policy_adamw30_lr1e_3_adamw_nb100_heldout-act-prm-ia=0-rr=0-ec=act_prm_snorkel_finance_split-gc=act_prm_actions_only-tc=sft-rbc=default-nb=100-nt=0-mc=hf_qw-b9ed805a
act_prm_snorkel_finance_split,s2,snorkel_finance_split_s2_thoughts_policy_adamw30_lr1e_3_adamw_nb200_flat32_heldout,adamw,0.001,5,1.9037,0.843713,0.792197,2.192208,34497.0,46432.0,snorkel_finance_split_s2_thoughts_policy_adamw30_lr1e_3_adamw_nb200_flat32_heldout-act-prm-ia=0-rr=0-ec=act_prm_snorkel_finance_split-gc=act_prm_actions_only-tc=sft_flat-rbc=default-nb=200-n-991aaae9
act_prm_snorkel_finance_split,s2,snorkel_finance_split_s2_thoughts_policy_adamw30_lr1e_3_adamw_nb200_flat32_heldout,adamw,0.001,10,1.776334,0.854722,0.800742,2.073919,34497.0,46432.0,snorkel_finance_split_s2_thoughts_policy_adamw30_lr1e_3_adamw_nb200_flat32_heldout-act-prm-ia=0-rr=0-ec=act_prm_snorkel_finance_split-gc=act_prm_actions_only-tc=sft_flat-rbc=default-nb=200-n-991aaae9
act_prm_snorkel_finance_split,s2,snorkel_finance_split_s2_thoughts_policy_adamw30_lr1e_3_adamw_nb200_flat32_heldout,adamw,0.001,15,1.725469,0.85745,0.803017,2.020787,34497.0,46432.0,snorkel_finance_split_s2_thoughts_policy_adamw30_lr1e_3_adamw_nb200_flat32_heldout-act-prm-ia=0-rr=0-ec=act_prm_snorkel_finance_split-gc=act_prm_actions_only-tc=sft_flat-rbc=default-nb=200-n-991aaae9
act_prm_snorkel_finance_split,s2,snorkel_finance_split_s2_thoughts_policy_adamw30_lr1e_3_adamw_nb200_flat32_heldout,adamw,0.001,20,1.715182,0.859819,0.804644,2.01115,34497.0,46432.0,snorkel_finance_split_s2_thoughts_policy_adamw30_lr1e_3_adamw_nb200_flat32_heldout-act-prm-ia=0-rr=0-ec=act_prm_snorkel_finance_split-gc=act_prm_actions_only-tc=sft_flat-rbc=default-nb=200-n-991aaae9
act_prm_snorkel_finance_split,s2,snorkel_finance_split_s2_thoughts_policy_adamw30_lr1e_3_adamw_nb200_flat32_heldout,adamw,0.001,25,1.692235,0.861465,0.80662,1.984303,34497.0,46432.0,snorkel_finance_split_s2_thoughts_policy_adamw30_lr1e_3_adamw_nb200_flat32_heldout-act-prm-ia=0-rr=0-ec=act_prm_snorkel_finance_split-gc=act_prm_actions_only-tc=sft_flat-rbc=default-nb=200-n-991aaae9
act_prm_snorkel_finance_split,s2,snorkel_finance_split_s2_thoughts_policy_adamw30_lr1e_3_adamw_nb200_flat32_heldout,adamw,0.001,30,1.679852,0.862467,0.806323,1.981103,34497.0,46432.0,snorkel_finance_split_s2_thoughts_policy_adamw30_lr1e_3_adamw_nb200_flat32_heldout-act-prm-ia=0-rr=0-ec=act_prm_snorkel_finance_split-gc=act_prm_actions_only-tc=sft_flat-rbc=default-nb=200-n-991aaae9
act_prm_snorkel_finance_split,s2,snorkel_finance_split_s2_thoughts_policy_adamw30_lr1e_3_adamw_nb200_flat32_heldout,adamw,0.001,35,1.655208,0.864499,0.808129,1.956581,34497.0,46432.0,snorkel_finance_split_s2_thoughts_policy_adamw30_lr1e_3_adamw_nb200_flat32_heldout-act-prm-ia=0-rr=0-ec=act_prm_snorkel_finance_split-gc=act_prm_actions_only-tc=sft_flat-rbc=default-nb=200-n-991aaae9
act_prm_snorkel_finance_split,s2,snorkel_finance_split_s2_thoughts_policy_adamw30_lr1e_3_adamw_nb200_flat32_heldout,adamw,0.001,40,1.644315,0.866412,0.810512,1.945201,34497.0,46432.0,snorkel_finance_split_s2_thoughts_policy_adamw30_lr1e_3_adamw_nb200_flat32_heldout-act-prm-ia=0-rr=0-ec=act_prm_snorkel_finance_split-gc=act_prm_actions_only-tc=sft_flat-rbc=default-nb=200-n-991aaae9
act_prm_snorkel_finance_split,s2,snorkel_finance_split_s2_thoughts_policy_adamw30_lr1e_3_adamw_nb200_flat32_heldout,adamw,0.001,45,1.643958,0.868416,0.810907,1.948407,34497.0,46432.0,snorkel_finance_split_s2_thoughts_policy_adamw30_lr1e_3_adamw_nb200_flat32_heldout-act-prm-ia=0-rr=0-ec=act_prm_snorkel_finance_split-gc=act_prm_actions_only-tc=sft_flat-rbc=default-nb=200-n-991aaae9
act_prm_snorkel_finance_split,s2,snorkel_finance_split_s2_thoughts_policy_adamw30_lr1e_3_adamw_nb200_flat32_heldout,adamw,0.001,50,1.650376,0.868177,0.810273,1.965044,34497.0,46432.0,snorkel_finance_split_s2_thoughts_policy_adamw30_lr1e_3_adamw_nb200_flat32_heldout-act-prm-ia=0-rr=0-ec=act_prm_snorkel_finance_split-gc=act_prm_actions_only-tc=sft_flat-rbc=default-nb=200-n-991aaae9
act_prm_snorkel_finance_split,s2,snorkel_finance_split_s2_thoughts_policy_adamw30_lr1e_3_adamw_nb200_flat32_heldout,adamw,0.001,55,1.649734,0.866693,0.807945,1.970969,34497.0,46432.0,snorkel_finance_split_s2_thoughts_policy_adamw30_lr1e_3_adamw_nb200_flat32_heldout-act-prm-ia=0-rr=0-ec=act_prm_snorkel_finance_split-gc=act_prm_actions_only-tc=sft_flat-rbc=default-nb=200-n-991aaae9
act_prm_snorkel_finance_split,s2,snorkel_finance_split_s2_thoughts_policy_adamw30_lr1e_3_adamw_nb200_flat32_heldout,adamw,0.001,60,1.64799,0.868409,0.808223,1.97076,34497.0,46432.0,snorkel_finance_split_s2_thoughts_policy_adamw30_lr1e_3_adamw_nb200_flat32_heldout-act-prm-ia=0-rr=0-ec=act_prm_snorkel_finance_split-gc=act_prm_actions_only-tc=sft_flat-rbc=default-nb=200-n-991aaae9
act_prm_snorkel_finance_split,s2,snorkel_finance_split_s2_thoughts_policy_adamw30_lr1e_3_adamw_nb200_flat32_heldout,adamw,0.001,65,1.649512,0.869733,0.808673,1.978198,34497.0,46432.0,snorkel_finance_split_s2_thoughts_policy_adamw30_lr1e_3_adamw_nb200_flat32_heldout-act-prm-ia=0-rr=0-ec=act_prm_snorkel_finance_split-gc=act_prm_actions_only-tc=sft_flat-rbc=default-nb=200-n-991aaae9
act_prm_snorkel_finance_split,s2,snorkel_finance_split_s2_thoughts_policy_adamw30_lr1e_3_adamw_nb200_flat32_heldout,adamw,0.001,70,1.637529,0.868733,0.808447,1.972858,34497.0,46432.0,snorkel_finance_split_s2_thoughts_policy_adamw30_lr1e_3_adamw_nb200_flat32_heldout-act-prm-ia=0-rr=0-ec=act_prm_snorkel_finance_split-gc=act_prm_actions_only-tc=sft_flat-rbc=default-nb=200-n-991aaae9
act_prm_snorkel_finance_split,s2,snorkel_finance_split_s2_thoughts_policy_adamw30_lr1e_3_adamw_nb200_flat32_heldout,adamw,0.001,75,1.638917,0.868596,0.808964,1.958613,34497.0,46432.0,snorkel_finance_split_s2_thoughts_policy_adamw30_lr1e_3_adamw_nb200_flat32_heldout-act-prm-ia=0-rr=0-ec=act_prm_snorkel_finance_split-gc=act_prm_actions_only-tc=sft_flat-rbc=default-nb=200-n-991aaae9
act_prm_snorkel_finance_split,s2,snorkel_finance_split_s2_thoughts_policy_adamw30_lr1e_3_adamw_nb200_flat32_heldout,adamw,0.001,80,1.639881,0.870813,0.810177,1.971987,34497.0,46432.0,snorkel_finance_split_s2_thoughts_policy_adamw30_lr1e_3_adamw_nb200_flat32_heldout-act-prm-ia=0-rr=0-ec=act_prm_snorkel_finance_split-gc=act_prm_actions_only-tc=sft_flat-rbc=default-nb=200-n-991aaae9
act_prm_snorkel_finance_split,s2,snorkel_finance_split_s2_thoughts_policy_adamw30_lr1e_3_adamw_nb200_flat32_heldout,adamw,0.001,85,1.633955,0.871024,0.810801,1.963298,34497.0,46432.0,snorkel_finance_split_s2_thoughts_policy_adamw30_lr1e_3_adamw_nb200_flat32_heldout-act-prm-ia=0-rr=0-ec=act_prm_snorkel_finance_split-gc=act_prm_actions_only-tc=sft_flat-rbc=default-nb=200-n-991aaae9
act_prm_snorkel_finance_split,s2,snorkel_finance_split_s2_thoughts_policy_adamw30_lr1e_3_adamw_nb200_flat32_heldout,adamw,0.001,90,1.686664,0.869383,0.80785,2.0947,34497.0,46432.0,snorkel_finance_split_s2_thoughts_policy_adamw30_lr1e_3_adamw_nb200_flat32_heldout-act-prm-ia=0-rr=0-ec=act_prm_snorkel_finance_split-gc=act_prm_actions_only-tc=sft_flat-rbc=default-nb=200-n-991aaae9
act_prm_snorkel_finance_split,s2,snorkel_finance_split_s2_thoughts_policy_adamw30_lr1e_3_adamw_nb200_flat32_heldout,adamw,0.001,95,1.680803,0.868924,0.805492,2.060872,34497.0,46432.0,snorkel_finance_split_s2_thoughts_policy_adamw30_lr1e_3_adamw_nb200_flat32_heldout-act-prm-ia=0-rr=0-ec=act_prm_snorkel_finance_split-gc=act_prm_actions_only-tc=sft_flat-rbc=default-nb=200-n-991aaae9
act_prm_snorkel_finance_split,s2,snorkel_finance_split_s2_thoughts_policy_adamw30_lr1e_3_adamw_nb200_flat32_heldout,adamw,0.001,100,1.666306,0.870366,0.807674,2.050178,34497.0,46432.0,snorkel_finance_split_s2_thoughts_policy_adamw30_lr1e_3_adamw_nb200_flat32_heldout-act-prm-ia=0-rr=0-ec=act_prm_snorkel_finance_split-gc=act_prm_actions_only-tc=sft_flat-rbc=default-nb=200-n-991aaae9
act_prm_snorkel_finance_split,s2,snorkel_finance_split_s2_thoughts_policy_adamw30_lr1e_3_adamw_nb200_flat32_heldout,adamw,0.001,105,1.66748,0.869764,0.806802,2.050054,34497.0,46432.0,snorkel_finance_split_s2_thoughts_policy_adamw30_lr1e_3_adamw_nb200_flat32_heldout-act-prm-ia=0-rr=0-ec=act_prm_snorkel_finance_split-gc=act_prm_actions_only-tc=sft_flat-rbc=default-nb=200-n-991aaae9
act_prm_snorkel_finance_split,s2,snorkel_finance_split_s2_thoughts_policy_adamw30_lr1e_3_adamw_nb200_flat32_heldout,adamw,0.001,110,1.67332,0.868893,0.804901,2.06342,34497.0,46432.0,snorkel_finance_split_s2_thoughts_policy_adamw30_lr1e_3_adamw_nb200_flat32_heldout-act-prm-ia=0-rr=0-ec=act_prm_snorkel_finance_split-gc=act_prm_actions_only-tc=sft_flat-rbc=default-nb=200-n-991aaae9
act_prm_snorkel_finance_split,s2,snorkel_finance_split_s2_thoughts_policy_adamw30_lr1e_3_adamw_nb200_flat32_heldout,adamw,0.001,115,1.681546,0.867469,0.803327,2.070175,34497.0,46432.0,snorkel_finance_split_s2_thoughts_policy_adamw30_lr1e_3_adamw_nb200_flat32_heldout-act-prm-ia=0-rr=0-ec=act_prm_snorkel_finance_split-gc=act_prm_actions_only-tc=sft_flat-rbc=default-nb=200-n-991aaae9
act_prm_snorkel_finance_split,s2,snorkel_finance_split_s2_thoughts_policy_adamw30_lr1e_3_nb200_flat32sgd_heldout,sgd,0.001,5,2.525969,0.835512,0.759808,3.463833,34497.0,46432.0,snorkel_finance_split_s2_thoughts_policy_adamw30_lr1e_3_nb200_flat32sgd_heldout-act-prm-ia=0-rr=0-ec=act_prm_snorkel_finance_split-gc=act_prm_actions_only-tc=sft_flat-rbc=default-nb=200-nt=0-4f9d7ed0
act_prm_snorkel_finance_split,s2,snorkel_finance_split_s2_thoughts_policy_adamw30_lr1e_3_nb200_flat32sgd_heldout,sgd,0.001,10,2.524664,0.835259,0.759544,3.457821,34497.0,46432.0,snorkel_finance_split_s2_thoughts_policy_adamw30_lr1e_3_nb200_flat32sgd_heldout-act-prm-ia=0-rr=0-ec=act_prm_snorkel_finance_split-gc=act_prm_actions_only-tc=sft_flat-rbc=default-nb=200-nt=0-4f9d7ed0
act_prm_snorkel_finance_split,s2,snorkel_finance_split_s2_thoughts_policy_adamw30_lr1e_3_nb200_flat32sgd_heldout,sgd,0.001,15,2.519945,0.834917,0.759553,3.438487,34497.0,46432.0,snorkel_finance_split_s2_thoughts_policy_adamw30_lr1e_3_nb200_flat32sgd_heldout-act-prm-ia=0-rr=0-ec=act_prm_snorkel_finance_split-gc=act_prm_actions_only-tc=sft_flat-rbc=default-nb=200-nt=0-4f9d7ed0
act_prm_snorkel_finance_split,s2,snorkel_finance_split_s2_thoughts_policy_adamw30_lr1e_3_nb200_flat32sgd_heldout,sgd,0.001,20,2.514394,0.834993,0.759837,3.429395,34497.0,46432.0,snorkel_finance_split_s2_thoughts_policy_adamw30_lr1e_3_nb200_flat32sgd_heldout-act-prm-ia=0-rr=0-ec=act_prm_snorkel_finance_split-gc=act_prm_actions_only-tc=sft_flat-rbc=default-nb=200-nt=0-4f9d7ed0
act_prm_snorkel_finance_split,s2,snorkel_finance_split_s2_thoughts_policy_adamw30_lr1e_3_nb200_flat32sgd_heldout,sgd,0.001,25,2.508959,0.835219,0.760215,3.416819,34497.0,46432.0,snorkel_finance_split_s2_thoughts_policy_adamw30_lr1e_3_nb200_flat32sgd_heldout-act-prm-ia=0-rr=0-ec=act_prm_snorkel_finance_split-gc=act_prm_actions_only-tc=sft_flat-rbc=default-nb=200-nt=0-4f9d7ed0
act_prm_snorkel_finance_split,s2,snorkel_finance_split_s2_thoughts_policy_adamw30_lr1e_3_nb200_flat32sgd_heldout,sgd,0.001,30,2.503573,0.835126,0.760133,3.398615,34497.0,46432.0,snorkel_finance_split_s2_thoughts_policy_adamw30_lr1e_3_nb200_flat32sgd_heldout-act-prm-ia=0-rr=0-ec=act_prm_snorkel_finance_split-gc=act_prm_actions_only-tc=sft_flat-rbc=default-nb=200-nt=0-4f9d7ed0
act_prm_snorkel_finance_split,s2,snorkel_finance_split_s2_thoughts_policy_adamw30_lr1e_3_nb200_flat32sgd_heldout,sgd,0.001,35,2.497224,0.835231,0.760807,3.387044,34497.0,46432.0,snorkel_finance_split_s2_thoughts_policy_adamw30_lr1e_3_nb200_flat32sgd_heldout-act-prm-ia=0-rr=0-ec=act_prm_snorkel_finance_split-gc=act_prm_actions_only-tc=sft_flat-rbc=default-nb=200-nt=0-4f9d7ed0
act_prm_snorkel_finance_split,s2,snorkel_finance_split_s2_thoughts_policy_adamw30_lr1e_3_nb200_flat32sgd_heldout,sgd,0.001,40,2.488913,0.835639,0.761127,3.3594,34497.0,46432.0,snorkel_finance_split_s2_thoughts_policy_adamw30_lr1e_3_nb200_flat32sgd_heldout-act-prm-ia=0-rr=0-ec=act_prm_snorkel_finance_split-gc=act_prm_actions_only-tc=sft_flat-rbc=default-nb=200-nt=0-4f9d7ed0
act_prm_snorkel_finance_split,s2,snorkel_finance_split_s2_thoughts_policy_adamw30_lr1e_3_nb200_flat32sgd_heldout,sgd,0.001,45,2.480001,0.835042,0.761491,3.32985,34497.0,46432.0,snorkel_finance_split_s2_thoughts_policy_adamw30_lr1e_3_nb200_flat32sgd_heldout-act-prm-ia=0-rr=0-ec=act_prm_snorkel_finance_split-gc=act_prm_actions_only-tc=sft_flat-rbc=default-nb=200-nt=0-4f9d7ed0
act_prm_snorkel_finance_split,s2,snorkel_finance_split_s2_thoughts_policy_adamw30_lr1e_3_nb200_flat32sgd_heldout,sgd,0.001,50,2.470662,0.834909,0.761939,3.301713,34497.0,46432.0,snorkel_finance_split_s2_thoughts_policy_adamw30_lr1e_3_nb200_flat32sgd_heldout-act-prm-ia=0-rr=0-ec=act_prm_snorkel_finance_split-gc=act_prm_actions_only-tc=sft_flat-rbc=default-nb=200-nt=0-4f9d7ed0
act_prm_snorkel_finance_split,s2,snorkel_finance_split_s2_thoughts_policy_adamw30_lr1e_3_nb200_flat32sgd_heldout,sgd,0.001,55,2.457845,0.835697,0.763034,3.272174,34497.0,46432.0,snorkel_finance_split_s2_thoughts_policy_adamw30_lr1e_3_nb200_flat32sgd_heldout-act-prm-ia=0-rr=0-ec=act_prm_snorkel_finance_split-gc=act_prm_actions_only-tc=sft_flat-rbc=default-nb=200-nt=0-4f9d7ed0
act_prm_snorkel_finance_split,s2,snorkel_finance_split_s2_thoughts_policy_adamw30_lr1e_3_nb200_flat32sgd_heldout,sgd,0.001,60,2.444435,0.835845,0.763489,3.240541,34497.0,46432.0,snorkel_finance_split_s2_thoughts_policy_adamw30_lr1e_3_nb200_flat32sgd_heldout-act-prm-ia=0-rr=0-ec=act_prm_snorkel_finance_split-gc=act_prm_actions_only-tc=sft_flat-rbc=default-nb=200-nt=0-4f9d7ed0
act_prm_snorkel_finance_split,s2,snorkel_finance_split_s2_thoughts_policy_adamw30_lr1e_3_nb200_flat32sgd_heldout,sgd,0.001,65,2.430628,0.835714,0.763557,3.203202,34497.0,46432.0,snorkel_finance_split_s2_thoughts_policy_adamw30_lr1e_3_nb200_flat32sgd_heldout-act-prm-ia=0-rr=0-ec=act_prm_snorkel_finance_split-gc=act_prm_actions_only-tc=sft_flat-rbc=default-nb=200-nt=0-4f9d7ed0
act_prm_snorkel_finance_split,s2,snorkel_finance_split_s2_thoughts_policy_adamw30_lr1e_3_nb200_flat32sgd_heldout,sgd,0.001,70,2.418867,0.835929,0.764542,3.173862,34497.0,46432.0,snorkel_finance_split_s2_thoughts_policy_adamw30_lr1e_3_nb200_flat32sgd_heldout-act-prm-ia=0-rr=0-ec=act_prm_snorkel_finance_split-gc=act_prm_actions_only-tc=sft_flat-rbc=default-nb=200-nt=0-4f9d7ed0
act_prm_snorkel_finance_split,s2,snorkel_finance_split_s2_thoughts_policy_adamw30_lr1e_3_nb200_flat32sgd_heldout,sgd,0.001,75,2.406062,0.836649,0.765416,3.141106,34497.0,46432.0,snorkel_finance_split_s2_thoughts_policy_adamw30_lr1e_3_nb200_flat32sgd_heldout-act-prm-ia=0-rr=0-ec=act_prm_snorkel_finance_split-gc=act_prm_actions_only-tc=sft_flat-rbc=default-nb=200-nt=0-4f9d7ed0
act_prm_snorkel_finance_split,s2,snorkel_finance_split_s2_thoughts_policy_adamw30_lr1e_3_nb200_flat32sgd_heldout,sgd,0.001,80,2.389807,0.836434,0.765782,3.102904,34497.0,46432.0,snorkel_finance_split_s2_thoughts_policy_adamw30_lr1e_3_nb200_flat32sgd_heldout-act-prm-ia=0-rr=0-ec=act_prm_snorkel_finance_split-gc=act_prm_actions_only-tc=sft_flat-rbc=default-nb=200-nt=0-4f9d7ed0
act_prm_snorkel_finance_split,s2,snorkel_finance_split_s2_thoughts_policy_adamw30_lr1e_3_nb200_flat32sgd_heldout,sgd,0.001,85,2.374242,0.836273,0.766553,3.065888,34497.0,46432.0,snorkel_finance_split_s2_thoughts_policy_adamw30_lr1e_3_nb200_flat32sgd_heldout-act-prm-ia=0-rr=0-ec=act_prm_snorkel_finance_split-gc=act_prm_actions_only-tc=sft_flat-rbc=default-nb=200-nt=0-4f9d7ed0
act_prm_snorkel_finance_split,s2,snorkel_finance_split_s2_thoughts_policy_adamw30_lr1e_3_nb200_flat32sgd_heldout,sgd,0.001,90,2.358238,0.836835,0.767231,3.026282,34497.0,46432.0,snorkel_finance_split_s2_thoughts_policy_adamw30_lr1e_3_nb200_flat32sgd_heldout-act-prm-ia=0-rr=0-ec=act_prm_snorkel_finance_split-gc=act_prm_actions_only-tc=sft_flat-rbc=default-nb=200-nt=0-4f9d7ed0
act_prm_snorkel_finance_split,s2,snorkel_finance_split_s2_thoughts_policy_adamw30_lr1e_3_nb200_flat32sgd_heldout,sgd,0.001,95,2.339414,0.836386,0.767748,2.983438,34497.0,46432.0,snorkel_finance_split_s2_thoughts_policy_adamw30_lr1e_3_nb200_flat32sgd_heldout-act-prm-ia=0-rr=0-ec=act_prm_snorkel_finance_split-gc=act_prm_actions_only-tc=sft_flat-rbc=default-nb=200-nt=0-4f9d7ed0
act_prm_snorkel_finance_split,s2,snorkel_finance_split_s2_thoughts_policy_adamw30_lr1e_3_nb200_flat32sgd_heldout,sgd,0.001,100,2.322112,0.83696,0.768489,2.945099,34497.0,46432.0,snorkel_finance_split_s2_thoughts_policy_adamw30_lr1e_3_nb200_flat32sgd_heldout-act-prm-ia=0-rr=0-ec=act_prm_snorkel_finance_split-gc=act_prm_actions_only-tc=sft_flat-rbc=default-nb=200-nt=0-4f9d7ed0
act_prm_snorkel_finance_split,s2,snorkel_finance_split_s2_thoughts_policy_adamw30_lr1e_3_nb200_flat32sgd_heldout,sgd,0.001,105,2.303141,0.837154,0.769366,2.901387,34497.0,46432.0,snorkel_finance_split_s2_thoughts_policy_adamw30_lr1e_3_nb200_flat32sgd_heldout-act-prm-ia=0-rr=0-ec=act_prm_snorkel_finance_split-gc=act_prm_actions_only-tc=sft_flat-rbc=default-nb=200-nt=0-4f9d7ed0
act_prm_snorkel_finance_split,s2,snorkel_finance_split_s2_thoughts_policy_adamw30_lr1e_3_nb200_flat32sgd_heldout,sgd,0.001,110,2.284063,0.836803,0.769904,2.859394,34497.0,46432.0,snorkel_finance_split_s2_thoughts_policy_adamw30_lr1e_3_nb200_flat32sgd_heldout-act-prm-ia=0-rr=0-ec=act_prm_snorkel_finance_split-gc=act_prm_actions_only-tc=sft_flat-rbc=default-nb=200-nt=0-4f9d7ed0
act_prm_snorkel_finance_split,s2,snorkel_finance_split_s2_thoughts_policy_adamw30_lr1e_3_nb200_flat32sgd_heldout,sgd,0.001,115,2.266446,0.837205,0.770529,2.824662,34497.0,46432.0,snorkel_finance_split_s2_thoughts_policy_adamw30_lr1e_3_nb200_flat32sgd_heldout-act-prm-ia=0-rr=0-ec=act_prm_snorkel_finance_split-gc=act_prm_actions_only-tc=sft_flat-rbc=default-nb=200-nt=0-4f9d7ed0
act_prm_snorkel_finance_split,s2,snorkel_finance_split_s2_thoughts_policy_adamw30_lr1e_3_nb200_flat32sgd_heldout,sgd,0.001,120,2.248218,0.83705,0.771613,2.789722,34497.0,46432.0,snorkel_finance_split_s2_thoughts_policy_adamw30_lr1e_3_nb200_flat32sgd_heldout-act-prm-ia=0-rr=0-ec=act_prm_snorkel_finance_split-gc=act_prm_actions_only-tc=sft_flat-rbc=default-nb=200-nt=0-4f9d7ed0
act_prm_snorkel_finance_split,s2,snorkel_finance_split_s2_thoughts_policy_adamw30_lr1e_3_nb200_flat32sgd_heldout,sgd,0.001,125,2.231888,0.837654,0.772233,2.755371,34497.0,46432.0,snorkel_finance_split_s2_thoughts_policy_adamw30_lr1e_3_nb200_flat32sgd_heldout-act-prm-ia=0-rr=0-ec=act_prm_snorkel_finance_split-gc=act_prm_actions_only-tc=sft_flat-rbc=default-nb=200-nt=0-4f9d7ed0
act_prm_snorkel_finance_split,s2,snorkel_finance_split_s2_thoughts_policy_adamw30_lr1e_3_nb200_flat32sgd_heldout,sgd,0.001,130,2.217475,0.837472,0.773359,2.725449,34497.0,46432.0,snorkel_finance_split_s2_thoughts_policy_adamw30_lr1e_3_nb200_flat32sgd_heldout-act-prm-ia=0-rr=0-ec=act_prm_snorkel_finance_split-gc=act_prm_actions_only-tc=sft_flat-rbc=default-nb=200-nt=0-4f9d7ed0
act_prm_snorkel_finance_split,s2,snorkel_finance_split_s2_thoughts_policy_adamw30_lr1e_3_nb200_flat32sgd_heldout,sgd,0.001,135,2.203183,0.837761,0.773672,2.699105,34497.0,46432.0,snorkel_finance_split_s2_thoughts_policy_adamw30_lr1e_3_nb200_flat32sgd_heldout-act-prm-ia=0-rr=0-ec=act_prm_snorkel_finance_split-gc=act_prm_actions_only-tc=sft_flat-rbc=default-nb=200-nt=0-4f9d7ed0
act_prm_snorkel_finance_split,s2,snorkel_finance_split_s2_thoughts_policy_adamw30_lr1e_3_nb200_flat32sgd_heldout,sgd,0.001,140,2.18905,0.837512,0.774238,2.670898,34497.0,46432.0,snorkel_finance_split_s2_thoughts_policy_adamw30_lr1e_3_nb200_flat32sgd_heldout-act-prm-ia=0-rr=0-ec=act_prm_snorkel_finance_split-gc=act_prm_actions_only-tc=sft_flat-rbc=default-nb=200-nt=0-4f9d7ed0
act_prm_snorkel_finance_split,s2,snorkel_finance_split_s2_thoughts_policy_adamw30_lr1e_3_nb200_flat32sgd_heldout,sgd,0.001,145,2.175479,0.83746,0.774852,2.645835,34497.0,46432.0,snorkel_finance_split_s2_thoughts_policy_adamw30_lr1e_3_nb200_flat32sgd_heldout-act-prm-ia=0-rr=0-ec=act_prm_snorkel_finance_split-gc=act_prm_actions_only-tc=sft_flat-rbc=default-nb=200-nt=0-4f9d7ed0
act_prm_snorkel_finance_split,s2,snorkel_finance_split_s2_thoughts_policy_adamw30_lr1e_3_nb200_flat32sgd_heldout,sgd,0.001,150,2.162514,0.837367,0.775103,2.621888,34497.0,46432.0,snorkel_finance_split_s2_thoughts_policy_adamw30_lr1e_3_nb200_flat32sgd_heldout-act-prm-ia=0-rr=0-ec=act_prm_snorkel_finance_split-gc=act_prm_actions_only-tc=sft_flat-rbc=default-nb=200-nt=0-4f9d7ed0
act_prm_snorkel_finance_split,s2,snorkel_finance_split_s2_thoughts_policy_adamw30_lr1e_3_nb200_flat32sgd_heldout,sgd,0.001,155,2.151975,0.837485,0.775999,2.601679,34497.0,46432.0,snorkel_finance_split_s2_thoughts_policy_adamw30_lr1e_3_nb200_flat32sgd_heldout-act-prm-ia=0-rr=0-ec=act_prm_snorkel_finance_split-gc=act_prm_actions_only-tc=sft_flat-rbc=default-nb=200-nt=0-4f9d7ed0
act_prm_snorkel_finance_split,s2,snorkel_finance_split_s2_thoughts_policy_adamw30_lr1e_3_nb200_flat32sgd_heldout,sgd,0.001,160,2.139545,0.837273,0.77604,2.579525,34497.0,46432.0,snorkel_finance_split_s2_thoughts_policy_adamw30_lr1e_3_nb200_flat32sgd_heldout-act-prm-ia=0-rr=0-ec=act_prm_snorkel_finance_split-gc=act_prm_actions_only-tc=sft_flat-rbc=default-nb=200-nt=0-4f9d7ed0
act_prm_snorkel_finance_split,s2,snorkel_finance_split_s2_thoughts_policy_adamw30_lr1e_3_nb200_flat32sgd_heldout,sgd,0.001,165,2.128495,0.837968,0.776898,2.562761,34497.0,46432.0,snorkel_finance_split_s2_thoughts_policy_adamw30_lr1e_3_nb200_flat32sgd_heldout-act-prm-ia=0-rr=0-ec=act_prm_snorkel_finance_split-gc=act_prm_actions_only-tc=sft_flat-rbc=default-nb=200-nt=0-4f9d7ed0
act_prm_snorkel_finance_split,s2,snorkel_finance_split_s2_thoughts_policy_adamw30_lr1e_3_nb200_flat32sgd_heldout,sgd,0.001,170,2.120036,0.837403,0.776515,2.547221,34497.0,46432.0,snorkel_finance_split_s2_thoughts_policy_adamw30_lr1e_3_nb200_flat32sgd_heldout-act-prm-ia=0-rr=0-ec=act_prm_snorkel_finance_split-gc=act_prm_actions_only-tc=sft_flat-rbc=default-nb=200-nt=0-4f9d7ed0
act_prm_snorkel_finance_split,s2,snorkel_finance_split_s2_thoughts_policy_adamw30_lr1e_3_nb200_flat32sgd_heldout,sgd,0.001,175,2.111111,0.837828,0.77722,2.533222,34497.0,46432.0,snorkel_finance_split_s2_thoughts_policy_adamw30_lr1e_3_nb200_flat32sgd_heldout-act-prm-ia=0-rr=0-ec=act_prm_snorkel_finance_split-gc=act_prm_actions_only-tc=sft_flat-rbc=default-nb=200-nt=0-4f9d7ed0
act_prm_snorkel_finance_split,s2,snorkel_finance_split_s2_thoughts_policy_adamw30_lr1e_3_nb200_flat32sgd_heldout,sgd,0.001,180,2.103644,0.837793,0.777558,2.520513,34497.0,46432.0,snorkel_finance_split_s2_thoughts_policy_adamw30_lr1e_3_nb200_flat32sgd_heldout-act-prm-ia=0-rr=0-ec=act_prm_snorkel_finance_split-gc=act_prm_actions_only-tc=sft_flat-rbc=default-nb=200-nt=0-4f9d7ed0
act_prm_snorkel_finance_split,s2,snorkel_finance_split_s2_thoughts_policy_adamw30_lr1e_3_nb200_flat32sgd_heldout,sgd,0.001,185,2.095622,0.837531,0.777362,2.506989,34497.0,46432.0,snorkel_finance_split_s2_thoughts_policy_adamw30_lr1e_3_nb200_flat32sgd_heldout-act-prm-ia=0-rr=0-ec=act_prm_snorkel_finance_split-gc=act_prm_actions_only-tc=sft_flat-rbc=default-nb=200-nt=0-4f9d7ed0
act_prm_snorkel_finance_split,s2,snorkel_finance_split_s2_thoughts_policy_adamw30_lr1e_3_nb200_flat32sgd_heldout,sgd,0.001,190,2.090206,0.837694,0.777854,2.497402,34497.0,46432.0,snorkel_finance_split_s2_thoughts_policy_adamw30_lr1e_3_nb200_flat32sgd_heldout-act-prm-ia=0-rr=0-ec=act_prm_snorkel_finance_split-gc=act_prm_actions_only-tc=sft_flat-rbc=default-nb=200-nt=0-4f9d7ed0
act_prm_snorkel_finance_split,s2,snorkel_finance_split_s2_thoughts_policy_adamw30_lr1e_3_nb200_flat32sgd_heldout,sgd,0.001,195,2.082884,0.837897,0.778307,2.488523,34497.0,46432.0,snorkel_finance_split_s2_thoughts_policy_adamw30_lr1e_3_nb200_flat32sgd_heldout-act-prm-ia=0-rr=0-ec=act_prm_snorkel_finance_split-gc=act_prm_actions_only-tc=sft_flat-rbc=default-nb=200-nt=0-4f9d7ed0
act_prm_snorkel_finance_split,s2,snorkel_finance_split_s2_thoughts_policy_adamw30_lr1e_3_nb200_flat32sgd_heldout,sgd,0.001,199,2.079971,0.838124,0.778732,2.480932,34497.0,46432.0,snorkel_finance_split_s2_thoughts_policy_adamw30_lr1e_3_nb200_flat32sgd_heldout-act-prm-ia=0-rr=0-ec=act_prm_snorkel_finance_split-gc=act_prm_actions_only-tc=sft_flat-rbc=default-nb=200-nt=0-4f9d7ed0
act_prm_snorkel_finance_split,s2,snorkel_finance_split_s2_thoughts_policy_heldout,,4e-05,5,2.307795,0.85326,0.775263,,,,snorkel_finance_split_s2_thoughts_policy_heldout-act-prm-ia=0-rr=0-ec=act_prm_snorkel_finance_split-gc=act_prm_actions_only-tc=sft-rbc=default-nb=60-nt=0-mc=hf_qwen3_4b_instruct-lc=r8_a16_li-76b816fc
act_prm_snorkel_finance_split,s2,snorkel_finance_split_s2_thoughts_policy_heldout,,4e-05,5,2.307795,0.85326,0.775263,,,,snorkel_finance_split_s2_thoughts_policy_heldout-act-prm-ia=0-rr=0-ec=act_prm_snorkel_finance_split-gc=act_prm_actions_only-tc=sft-rbc=default-nb=60-nt=0-mc=hf_qwen3_4b_instruct-lc=r8_a16_li-76b816fc
act_prm_snorkel_finance_split,s2,snorkel_finance_split_s2_thoughts_policy_heldout,,4e-05,10,2.30796,0.853324,0.775398,,,,snorkel_finance_split_s2_thoughts_policy_heldout-act-prm-ia=0-rr=0-ec=act_prm_snorkel_finance_split-gc=act_prm_actions_only-tc=sft-rbc=default-nb=60-nt=0-mc=hf_qwen3_4b_instruct-lc=r8_a16_li-76b816fc
act_prm_snorkel_finance_split,s2,snorkel_finance_split_s2_thoughts_policy_heldout,,4e-05,10,2.30796,0.853324,0.775398,,,,snorkel_finance_split_s2_thoughts_policy_heldout-act-prm-ia=0-rr=0-ec=act_prm_snorkel_finance_split-gc=act_prm_actions_only-tc=sft-rbc=default-nb=60-nt=0-mc=hf_qwen3_4b_instruct-lc=r8_a16_li-76b816fc
act_prm_snorkel_finance_split,s2,snorkel_finance_split_s2_thoughts_policy_heldout,,4e-05,15,2.307966,0.85342,0.775513,,,,snorkel_finance_split_s2_thoughts_policy_heldout-act-prm-ia=0-rr=0-ec=act_prm_snorkel_finance_split-gc=act_prm_actions_only-tc=sft-rbc=default-nb=60-nt=0-mc=hf_qwen3_4b_instruct-lc=r8_a16_li-76b816fc
act_prm_snorkel_finance_split,s2,snorkel_finance_split_s2_thoughts_policy_heldout,,4e-05,15,2.307966,0.85342,0.775513,,,,snorkel_finance_split_s2_thoughts_policy_heldout-act-prm-ia=0-rr=0-ec=act_prm_snorkel_finance_split-gc=act_prm_actions_only-tc=sft-rbc=default-nb=60-nt=0-mc=hf_qwen3_4b_instruct-lc=r8_a16_li-76b816fc
act_prm_snorkel_finance_split,s2,snorkel_finance_split_s2_thoughts_policy_heldout,,4e-05,20,2.307667,0.85342,0.775474,,,,snorkel_finance_split_s2_thoughts_policy_heldout-act-prm-ia=0-rr=0-ec=act_prm_snorkel_finance_split-gc=act_prm_actions_only-tc=sft-rbc=default-nb=60-nt=0-mc=hf_qwen3_4b_instruct-lc=r8_a16_li-76b816fc
act_prm_snorkel_finance_split,s2,snorkel_finance_split_s2_thoughts_policy_heldout,,4e-05,20,2.307667,0.85342,0.775474,,,,snorkel_finance_split_s2_thoughts_policy_heldout-act-prm-ia=0-rr=0-ec=act_prm_snorkel_finance_split-gc=act_prm_actions_only-tc=sft-rbc=default-nb=60-nt=0-mc=hf_qwen3_4b_instruct-lc=r8_a16_li-76b816fc
act_prm_snorkel_finance_split,s2,snorkel_finance_split_s2_thoughts_policy_heldout,,4e-05,25,2.308822,0.853228,0.775301,,,,snorkel_finance_split_s2_thoughts_policy_heldout-act-prm-ia=0-rr=0-ec=act_prm_snorkel_finance_split-gc=act_prm_actions_only-tc=sft-rbc=default-nb=60-nt=0-mc=hf_qwen3_4b_instruct-lc=r8_a16_li-76b816fc
act_prm_snorkel_finance_split,s2,snorkel_finance_split_s2_thoughts_policy_heldout,,4e-05,25,2.308822,0.853228,0.775301,,,,snorkel_finance_split_s2_thoughts_policy_heldout-act-prm-ia=0-rr=0-ec=act_prm_snorkel_finance_split-gc=act_prm_actions_only-tc=sft-rbc=default-nb=60-nt=0-mc=hf_qwen3_4b_instruct-lc=r8_a16_li-76b816fc
act_prm_snorkel_finance_split,s2,snorkel_finance_split_s2_thoughts_policy_heldout,,4e-05,30,2.308285,0.85326,0.77534,,,,snorkel_finance_split_s2_thoughts_policy_heldout-act-prm-ia=0-rr=0-ec=act_prm_snorkel_finance_split-gc=act_prm_actions_only-tc=sft-rbc=default-nb=60-nt=0-mc=hf_qwen3_4b_instruct-lc=r8_a16_li-76b816fc
act_prm_snorkel_finance_split,s2,snorkel_finance_split_s2_thoughts_policy_heldout,,4e-05,30,2.308285,0.85326,0.77534,,,,snorkel_finance_split_s2_thoughts_policy_heldout-act-prm-ia=0-rr=0-ec=act_prm_snorkel_finance_split-gc=act_prm_actions_only-tc=sft-rbc=default-nb=60-nt=0-mc=hf_qwen3_4b_instruct-lc=r8_a16_li-76b816fc
act_prm_snorkel_finance_split,s2,snorkel_finance_split_s2_thoughts_policy_heldout,,4e-05,35,2.307761,0.853324,0.775359,,,,snorkel_finance_split_s2_thoughts_policy_heldout-act-prm-ia=0-rr=0-ec=act_prm_snorkel_finance_split-gc=act_prm_actions_only-tc=sft-rbc=default-nb=60-nt=0-mc=hf_qwen3_4b_instruct-lc=r8_a16_li-76b816fc
act_prm_snorkel_finance_split,s2,snorkel_finance_split_s2_thoughts_policy_heldout,,4e-05,35,2.307761,0.853324,0.775359,,,,snorkel_finance_split_s2_thoughts_policy_heldout-act-prm-ia=0-rr=0-ec=act_prm_snorkel_finance_split-gc=act_prm_actions_only-tc=sft-rbc=default-nb=60-nt=0-mc=hf_qwen3_4b_instruct-lc=r8_a16_li-76b816fc
act_prm_snorkel_finance_split,s2,snorkel_finance_split_s2_thoughts_policy_heldout,,4e-05,40,2.308151,0.853164,0.775071,,,,snorkel_finance_split_s2_thoughts_policy_heldout-act-prm-ia=0-rr=0-ec=act_prm_snorkel_finance_split-gc=act_prm_actions_only-tc=sft-rbc=default-nb=60-nt=0-mc=hf_qwen3_4b_instruct-lc=r8_a16_li-76b816fc
act_prm_snorkel_finance_split,s2,snorkel_finance_split_s2_thoughts_policy_heldout,,4e-05,40,2.308151,0.853164,0.775071,,,,snorkel_finance_split_s2_thoughts_policy_heldout-act-prm-ia=0-rr=0-ec=act_prm_snorkel_finance_split-gc=act_prm_actions_only-tc=sft-rbc=default-nb=60-nt=0-mc=hf_qwen3_4b_instruct-lc=r8_a16_li-76b816fc
act_prm_snorkel_finance_split,s2,snorkel_finance_split_s2_thoughts_policy_heldout,,4e-05,45,2.308492,0.853164,0.775282,,,,snorkel_finance_split_s2_thoughts_policy_heldout-act-prm-ia=0-rr=0-ec=act_prm_snorkel_finance_split-gc=act_prm_actions_only-tc=sft-rbc=default-nb=60-nt=0-mc=hf_qwen3_4b_instruct-lc=r8_a16_li-76b816fc
act_prm_snorkel_finance_split,s2,snorkel_finance_split_s2_thoughts_policy_heldout,,4e-05,45,2.308492,0.853164,0.775282,,,,snorkel_finance_split_s2_thoughts_policy_heldout-act-prm-ia=0-rr=0-ec=act_prm_snorkel_finance_split-gc=act_prm_actions_only-tc=sft-rbc=default-nb=60-nt=0-mc=hf_qwen3_4b_instruct-lc=r8_a16_li-76b816fc
act_prm_snorkel_finance_split,s2,snorkel_finance_split_s2_thoughts_policy_heldout,,4e-05,50,2.308463,0.85342,0.775628,,,,snorkel_finance_split_s2_thoughts_policy_heldout-act-prm-ia=0-rr=0-ec=act_prm_snorkel_finance_split-gc=act_prm_actions_only-tc=sft-rbc=default-nb=60-nt=0-mc=hf_qwen3_4b_instruct-lc=r8_a16_li-76b816fc
act_prm_snorkel_finance_split,s2,snorkel_finance_split_s2_thoughts_policy_heldout,,4e-05,50,2.308463,0.85342,0.775628,,,,snorkel_finance_split_s2_thoughts_policy_heldout-act-prm-ia=0-rr=0-ec=act_prm_snorkel_finance_split-gc=act_prm_actions_only-tc=sft-rbc=default-nb=60-nt=0-mc=hf_qwen3_4b_instruct-lc=r8_a16_li-76b816fc
act_prm_snorkel_finance_split,s2,snorkel_finance_split_s2_thoughts_policy_heldout,,4e-05,55,2.306867,0.853292,0.775244,,,,snorkel_finance_split_s2_thoughts_policy_heldout-act-prm-ia=0-rr=0-ec=act_prm_snorkel_finance_split-gc=act_prm_actions_only-tc=sft-rbc=default-nb=60-nt=0-mc=hf_qwen3_4b_instruct-lc=r8_a16_li-76b816fc
act_prm_snorkel_finance_split,s2,snorkel_finance_split_s2_thoughts_policy_heldout,,4e-05,55,2.306867,0.853292,0.775244,,,,snorkel_finance_split_s2_thoughts_policy_heldout-act-prm-ia=0-rr=0-ec=act_prm_snorkel_finance_split-gc=act_prm_actions_only-tc=sft-rbc=default-nb=60-nt=0-mc=hf_qwen3_4b_instruct-lc=r8_a16_li-76b816fc
act_prm_snorkel_finance_split,s2,snorkel_finance_split_s2_thoughts_policy_heldout,,4e-05,59,2.307748,0.85326,0.775378,,,,snorkel_finance_split_s2_thoughts_policy_heldout-act-prm-ia=0-rr=0-ec=act_prm_snorkel_finance_split-gc=act_prm_actions_only-tc=sft-rbc=default-nb=60-nt=0-mc=hf_qwen3_4b_instruct-lc=r8_a16_li-76b816fc
act_prm_snorkel_finance_split,s2,snorkel_finance_split_s2_thoughts_policy_heldout,,4e-05,59,2.307748,0.85326,0.775378,,,,snorkel_finance_split_s2_thoughts_policy_heldout-act-prm-ia=0-rr=0-ec=act_prm_snorkel_finance_split-gc=act_prm_actions_only-tc=sft-rbc=default-nb=60-nt=0-mc=hf_qwen3_4b_instruct-lc=r8_a16_li-76b816fc
act_prm_snorkel_finance_split,s2,snorkel_finance_split_s2_thoughts_policy_heldout_fullctx,,4e-05,5,2.042079,0.884695,0.806357,,,,snorkel_finance_split_s2_thoughts_policy_heldout_fullctx-act-prm-ia=0-rr=0-ec=act_prm_snorkel_finance_split-gc=act_prm_actions_only-tc=sft-rbc=default-nb=60-nt=0-mc=hf_qwen3_4b_instruct-lc=r-917e498b
act_prm_snorkel_finance_split,s2,snorkel_finance_split_s2_thoughts_policy_heldout_fullctx,,4e-05,5,2.042079,0.884695,0.806357,,,,snorkel_finance_split_s2_thoughts_policy_heldout_fullctx-act-prm-ia=0-rr=0-ec=act_prm_snorkel_finance_split-gc=act_prm_actions_only-tc=sft-rbc=default-nb=60-nt=0-mc=hf_qwen3_4b_instruct-lc=r-917e498b
act_prm_snorkel_finance_split,s2,snorkel_finance_split_s2_thoughts_policy_heldout_fullctx,,4e-05,10,2.041701,0.884183,0.806165,,,,snorkel_finance_split_s2_thoughts_policy_heldout_fullctx-act-prm-ia=0-rr=0-ec=act_prm_snorkel_finance_split-gc=act_prm_actions_only-tc=sft-rbc=default-nb=60-nt=0-mc=hf_qwen3_4b_instruct-lc=r-917e498b
act_prm_snorkel_finance_split,s2,snorkel_finance_split_s2_thoughts_policy_heldout_fullctx,,4e-05,10,2.041701,0.884183,0.806165,,,,snorkel_finance_split_s2_thoughts_policy_heldout_fullctx-act-prm-ia=0-rr=0-ec=act_prm_snorkel_finance_split-gc=act_prm_actions_only-tc=sft-rbc=default-nb=60-nt=0-mc=hf_qwen3_4b_instruct-lc=r-917e498b
act_prm_snorkel_finance_split,s2,snorkel_finance_split_s2_thoughts_policy_heldout_fullctx,,4e-05,15,2.041707,0.884631,0.80655,,,,snorkel_finance_split_s2_thoughts_policy_heldout_fullctx-act-prm-ia=0-rr=0-ec=act_prm_snorkel_finance_split-gc=act_prm_actions_only-tc=sft-rbc=default-nb=60-nt=0-mc=hf_qwen3_4b_instruct-lc=r-917e498b
act_prm_snorkel_finance_split,s2,snorkel_finance_split_s2_thoughts_policy_heldout_fullctx,,4e-05,15,2.041707,0.884631,0.80655,,,,snorkel_finance_split_s2_thoughts_policy_heldout_fullctx-act-prm-ia=0-rr=0-ec=act_prm_snorkel_finance_split-gc=act_prm_actions_only-tc=sft-rbc=default-nb=60-nt=0-mc=hf_qwen3_4b_instruct-lc=r-917e498b
act_prm_snorkel_finance_split,s2,snorkel_finance_split_s2_thoughts_policy_heldout_fullctx,,4e-05,20,2.041471,0.884695,0.806261,,,,snorkel_finance_split_s2_thoughts_policy_heldout_fullctx-act-prm-ia=0-rr=0-ec=act_prm_snorkel_finance_split-gc=act_prm_actions_only-tc=sft-rbc=default-nb=60-nt=0-mc=hf_qwen3_4b_instruct-lc=r-917e498b
act_prm_snorkel_finance_split,s2,snorkel_finance_split_s2_thoughts_policy_heldout_fullctx,,4e-05,20,2.041471,0.884695,0.806261,,,,snorkel_finance_split_s2_thoughts_policy_heldout_fullctx-act-prm-ia=0-rr=0-ec=act_prm_snorkel_finance_split-gc=act_prm_actions_only-tc=sft-rbc=default-nb=60-nt=0-mc=hf_qwen3_4b_instruct-lc=r-917e498b
act_prm_snorkel_finance_split,s2,snorkel_finance_split_s2_thoughts_policy_heldout_fullctx,,4e-05,25,2.041611,0.884823,0.806703,,,,snorkel_finance_split_s2_thoughts_policy_heldout_fullctx-act-prm-ia=0-rr=0-ec=act_prm_snorkel_finance_split-gc=act_prm_actions_only-tc=sft-rbc=default-nb=60-nt=0-mc=hf_qwen3_4b_instruct-lc=r-917e498b
act_prm_snorkel_finance_split,s2,snorkel_finance_split_s2_thoughts_policy_heldout_fullctx,,4e-05,25,2.041611,0.884823,0.806703,,,,snorkel_finance_split_s2_thoughts_policy_heldout_fullctx-act-prm-ia=0-rr=0-ec=act_prm_snorkel_finance_split-gc=act_prm_actions_only-tc=sft-rbc=default-nb=60-nt=0-mc=hf_qwen3_4b_instruct-lc=r-917e498b
act_prm_snorkel_finance_split,s2,snorkel_finance_split_s2_thoughts_policy_heldout_fullctx,,4e-05,30,2.040995,0.884631,0.806607,,,,snorkel_finance_split_s2_thoughts_policy_heldout_fullctx-act-prm-ia=0-rr=0-ec=act_prm_snorkel_finance_split-gc=act_prm_actions_only-tc=sft-rbc=default-nb=60-nt=0-mc=hf_qwen3_4b_instruct-lc=r-917e498b
act_prm_snorkel_finance_split,s2,snorkel_finance_split_s2_thoughts_policy_heldout_fullctx,,4e-05,30,2.040995,0.884631,0.806607,,,,snorkel_finance_split_s2_thoughts_policy_heldout_fullctx-act-prm-ia=0-rr=0-ec=act_prm_snorkel_finance_split-gc=act_prm_actions_only-tc=sft-rbc=default-nb=60-nt=0-mc=hf_qwen3_4b_instruct-lc=r-917e498b
act_prm_snorkel_finance_split,s2,snorkel_finance_split_s2_thoughts_policy_heldout_fullctx,,4e-05,35,2.041833,0.884279,0.80628,,,,snorkel_finance_split_s2_thoughts_policy_heldout_fullctx-act-prm-ia=0-rr=0-ec=act_prm_snorkel_finance_split-gc=act_prm_actions_only-tc=sft-rbc=default-nb=60-nt=0-mc=hf_qwen3_4b_instruct-lc=r-917e498b
act_prm_snorkel_finance_split,s2,snorkel_finance_split_s2_thoughts_policy_heldout_fullctx,,4e-05,35,2.041833,0.884279,0.80628,,,,snorkel_finance_split_s2_thoughts_policy_heldout_fullctx-act-prm-ia=0-rr=0-ec=act_prm_snorkel_finance_split-gc=act_prm_actions_only-tc=sft-rbc=default-nb=60-nt=0-mc=hf_qwen3_4b_instruct-lc=r-917e498b
act_prm_snorkel_finance_split,s2,snorkel_finance_split_s2_thoughts_policy_heldout_fullctx,,4e-05,40,2.041387,0.884343,0.806184,,,,snorkel_finance_split_s2_thoughts_policy_heldout_fullctx-act-prm-ia=0-rr=0-ec=act_prm_snorkel_finance_split-gc=act_prm_actions_only-tc=sft-rbc=default-nb=60-nt=0-mc=hf_qwen3_4b_instruct-lc=r-917e498b
act_prm_snorkel_finance_split,s2,snorkel_finance_split_s2_thoughts_policy_heldout_fullctx,,4e-05,40,2.041387,0.884343,0.806184,,,,snorkel_finance_split_s2_thoughts_policy_heldout_fullctx-act-prm-ia=0-rr=0-ec=act_prm_snorkel_finance_split-gc=act_prm_actions_only-tc=sft-rbc=default-nb=60-nt=0-mc=hf_qwen3_4b_instruct-lc=r-917e498b
act_prm_snorkel_finance_split,s2,snorkel_finance_split_s2_thoughts_policy_heldout_fullctx,,4e-05,45,2.041054,0.884663,0.8068,,,,snorkel_finance_split_s2_thoughts_policy_heldout_fullctx-act-prm-ia=0-rr=0-ec=act_prm_snorkel_finance_split-gc=act_prm_actions_only-tc=sft-rbc=default-nb=60-nt=0-mc=hf_qwen3_4b_instruct-lc=r-917e498b
act_prm_snorkel_finance_split,s2,snorkel_finance_split_s2_thoughts_policy_heldout_fullctx,,4e-05,45,2.041054,0.884663,0.8068,,,,snorkel_finance_split_s2_thoughts_policy_heldout_fullctx-act-prm-ia=0-rr=0-ec=act_prm_snorkel_finance_split-gc=act_prm_actions_only-tc=sft-rbc=default-nb=60-nt=0-mc=hf_qwen3_4b_instruct-lc=r-917e498b
act_prm_snorkel_finance_split,s2,snorkel_finance_split_s2_thoughts_policy_heldout_fullctx,,4e-05,50,2.039764,0.884695,0.806473,,,,snorkel_finance_split_s2_thoughts_policy_heldout_fullctx-act-prm-ia=0-rr=0-ec=act_prm_snorkel_finance_split-gc=act_prm_actions_only-tc=sft-rbc=default-nb=60-nt=0-mc=hf_qwen3_4b_instruct-lc=r-917e498b
act_prm_snorkel_finance_split,s2,snorkel_finance_split_s2_thoughts_policy_heldout_fullctx,,4e-05,50,2.039764,0.884695,0.806473,,,,snorkel_finance_split_s2_thoughts_policy_heldout_fullctx-act-prm-ia=0-rr=0-ec=act_prm_snorkel_finance_split-gc=act_prm_actions_only-tc=sft-rbc=default-nb=60-nt=0-mc=hf_qwen3_4b_instruct-lc=r-917e498b
act_prm_snorkel_finance_split,s2,snorkel_finance_split_s2_thoughts_policy_heldout_fullctx,,4e-05,55,2.041025,0.884663,0.806492,,,,snorkel_finance_split_s2_thoughts_policy_heldout_fullctx-act-prm-ia=0-rr=0-ec=act_prm_snorkel_finance_split-gc=act_prm_actions_only-tc=sft-rbc=default-nb=60-nt=0-mc=hf_qwen3_4b_instruct-lc=r-917e498b
act_prm_snorkel_finance_split,s2,snorkel_finance_split_s2_thoughts_policy_heldout_fullctx,,4e-05,55,2.041025,0.884663,0.806492,,,,snorkel_finance_split_s2_thoughts_policy_heldout_fullctx-act-prm-ia=0-rr=0-ec=act_prm_snorkel_finance_split-gc=act_prm_actions_only-tc=sft-rbc=default-nb=60-nt=0-mc=hf_qwen3_4b_instruct-lc=r-917e498b
act_prm_snorkel_finance_split,s2,snorkel_finance_split_s2_thoughts_policy_heldout_fullctx,,4e-05,59,2.041648,0.884567,0.806377,,,,snorkel_finance_split_s2_thoughts_policy_heldout_fullctx-act-prm-ia=0-rr=0-ec=act_prm_snorkel_finance_split-gc=act_prm_actions_only-tc=sft-rbc=default-nb=60-nt=0-mc=hf_qwen3_4b_instruct-lc=r-917e498b
act_prm_snorkel_finance_split,s2,snorkel_finance_split_s2_thoughts_policy_heldout_fullctx,,4e-05,59,2.041648,0.884567,0.806377,,,,snorkel_finance_split_s2_thoughts_policy_heldout_fullctx-act-prm-ia=0-rr=0-ec=act_prm_snorkel_finance_split-gc=act_prm_actions_only-tc=sft-rbc=default-nb=60-nt=0-mc=hf_qwen3_4b_instruct-lc=r-917e498b
act_prm_snorkel_finance_split,s2,snorkel_finance_split_s2_thoughts_policy_last_heldout,,4e-05,5,2.343496,0.851916,0.776671,,,,snorkel_finance_split_s2_thoughts_policy_last_heldout-act-prm-ia=0-rr=0-ec=act_prm_snorkel_finance_split-gc=act_prm_actions_only-tc=sft-rbc=default-nb=60-nt=0-mc=hf_qwen3_4b_instruct-lc=r8_a-cfcdea1b
act_prm_snorkel_finance_split,s2,snorkel_finance_split_s2_thoughts_policy_last_heldout,,4e-05,5,2.343496,0.851916,0.776671,,,,snorkel_finance_split_s2_thoughts_policy_last_heldout-act-prm-ia=0-rr=0-ec=act_prm_snorkel_finance_split-gc=act_prm_actions_only-tc=sft-rbc=default-nb=60-nt=0-mc=hf_qwen3_4b_instruct-lc=r8_a-cfcdea1b
act_prm_snorkel_finance_split,s2,snorkel_finance_split_s2_thoughts_policy_last_heldout,,4e-05,10,2.344828,0.851724,0.776341,,,,snorkel_finance_split_s2_thoughts_policy_last_heldout-act-prm-ia=0-rr=0-ec=act_prm_snorkel_finance_split-gc=act_prm_actions_only-tc=sft-rbc=default-nb=60-nt=0-mc=hf_qwen3_4b_instruct-lc=r8_a-cfcdea1b
act_prm_snorkel_finance_split,s2,snorkel_finance_split_s2_thoughts_policy_last_heldout,,4e-05,10,2.344828,0.851724,0.776341,,,,snorkel_finance_split_s2_thoughts_policy_last_heldout-act-prm-ia=0-rr=0-ec=act_prm_snorkel_finance_split-gc=act_prm_actions_only-tc=sft-rbc=default-nb=60-nt=0-mc=hf_qwen3_4b_instruct-lc=r8_a-cfcdea1b
act_prm_snorkel_finance_split,s2,snorkel_finance_split_s2_thoughts_policy_last_heldout,,4e-05,15,2.342913,0.85214,0.776593,,,,snorkel_finance_split_s2_thoughts_policy_last_heldout-act-prm-ia=0-rr=0-ec=act_prm_snorkel_finance_split-gc=act_prm_actions_only-tc=sft-rbc=default-nb=60-nt=0-mc=hf_qwen3_4b_instruct-lc=r8_a-cfcdea1b
act_prm_snorkel_finance_split,s2,snorkel_finance_split_s2_thoughts_policy_last_heldout,,4e-05,15,2.342913,0.85214,0.776593,,,,snorkel_finance_split_s2_thoughts_policy_last_heldout-act-prm-ia=0-rr=0-ec=act_prm_snorkel_finance_split-gc=act_prm_actions_only-tc=sft-rbc=default-nb=60-nt=0-mc=hf_qwen3_4b_instruct-lc=r8_a-cfcdea1b
act_prm_snorkel_finance_split,s2,snorkel_finance_split_s2_thoughts_policy_last_heldout,,4e-05,20,2.344009,0.851916,0.776845,,,,snorkel_finance_split_s2_thoughts_policy_last_heldout-act-prm-ia=0-rr=0-ec=act_prm_snorkel_finance_split-gc=act_prm_actions_only-tc=sft-rbc=default-nb=60-nt=0-mc=hf_qwen3_4b_instruct-lc=r8_a-cfcdea1b
act_prm_snorkel_finance_split,s2,snorkel_finance_split_s2_thoughts_policy_last_heldout,,4e-05,20,2.344009,0.851916,0.776845,,,,snorkel_finance_split_s2_thoughts_policy_last_heldout-act-prm-ia=0-rr=0-ec=act_prm_snorkel_finance_split-gc=act_prm_actions_only-tc=sft-rbc=default-nb=60-nt=0-mc=hf_qwen3_4b_instruct-lc=r8_a-cfcdea1b
act_prm_snorkel_finance_split,s2,snorkel_finance_split_s2_thoughts_policy_last_heldout,,4e-05,25,2.343868,0.85246,0.77669,,,,snorkel_finance_split_s2_thoughts_policy_last_heldout-act-prm-ia=0-rr=0-ec=act_prm_snorkel_finance_split-gc=act_prm_actions_only-tc=sft-rbc=default-nb=60-nt=0-mc=hf_qwen3_4b_instruct-lc=r8_a-cfcdea1b
act_prm_snorkel_finance_split,s2,snorkel_finance_split_s2_thoughts_policy_last_heldout,,4e-05,25,2.343868,0.85246,0.77669,,,,snorkel_finance_split_s2_thoughts_policy_last_heldout-act-prm-ia=0-rr=0-ec=act_prm_snorkel_finance_split-gc=act_prm_actions_only-tc=sft-rbc=default-nb=60-nt=0-mc=hf_qwen3_4b_instruct-lc=r8_a-cfcdea1b
act_prm_snorkel_finance_split,s2,snorkel_finance_split_s2_thoughts_policy_last_heldout,,4e-05,30,2.342971,0.852076,0.776709,,,,snorkel_finance_split_s2_thoughts_policy_last_heldout-act-prm-ia=0-rr=0-ec=act_prm_snorkel_finance_split-gc=act_prm_actions_only-tc=sft-rbc=default-nb=60-nt=0-mc=hf_qwen3_4b_instruct-lc=r8_a-cfcdea1b
act_prm_snorkel_finance_split,s2,snorkel_finance_split_s2_thoughts_policy_last_heldout,,4e-05,30,2.342971,0.852076,0.776709,,,,snorkel_finance_split_s2_thoughts_policy_last_heldout-act-prm-ia=0-rr=0-ec=act_prm_snorkel_finance_split-gc=act_prm_actions_only-tc=sft-rbc=default-nb=60-nt=0-mc=hf_qwen3_4b_instruct-lc=r8_a-cfcdea1b
act_prm_snorkel_finance_split,s2,snorkel_finance_split_s2_thoughts_policy_last_heldout,,4e-05,35,2.342966,0.852108,0.776457,,,,snorkel_finance_split_s2_thoughts_policy_last_heldout-act-prm-ia=0-rr=0-ec=act_prm_snorkel_finance_split-gc=act_prm_actions_only-tc=sft-rbc=default-nb=60-nt=0-mc=hf_qwen3_4b_instruct-lc=r8_a-cfcdea1b
act_prm_snorkel_finance_split,s2,snorkel_finance_split_s2_thoughts_policy_last_heldout,,4e-05,35,2.342966,0.852108,0.776457,,,,snorkel_finance_split_s2_thoughts_policy_last_heldout-act-prm-ia=0-rr=0-ec=act_prm_snorkel_finance_split-gc=act_prm_actions_only-tc=sft-rbc=default-nb=60-nt=0-mc=hf_qwen3_4b_instruct-lc=r8_a-cfcdea1b
act_prm_snorkel_finance_split,s2,snorkel_finance_split_s2_thoughts_policy_last_heldout,,4e-05,40,2.343486,0.85182,0.776322,,,,snorkel_finance_split_s2_thoughts_policy_last_heldout-act-prm-ia=0-rr=0-ec=act_prm_snorkel_finance_split-gc=act_prm_actions_only-tc=sft-rbc=default-nb=60-nt=0-mc=hf_qwen3_4b_instruct-lc=r8_a-cfcdea1b
act_prm_snorkel_finance_split,s2,snorkel_finance_split_s2_thoughts_policy_last_heldout,,4e-05,40,2.343486,0.85182,0.776322,,,,snorkel_finance_split_s2_thoughts_policy_last_heldout-act-prm-ia=0-rr=0-ec=act_prm_snorkel_finance_split-gc=act_prm_actions_only-tc=sft-rbc=default-nb=60-nt=0-mc=hf_qwen3_4b_instruct-lc=r8_a-cfcdea1b
act_prm_snorkel_finance_split,s2,snorkel_finance_split_s2_thoughts_policy_last_heldout,,4e-05,45,2.344085,0.851788,0.776612,,,,snorkel_finance_split_s2_thoughts_policy_last_heldout-act-prm-ia=0-rr=0-ec=act_prm_snorkel_finance_split-gc=act_prm_actions_only-tc=sft-rbc=default-nb=60-nt=0-mc=hf_qwen3_4b_instruct-lc=r8_a-cfcdea1b
act_prm_snorkel_finance_split,s2,snorkel_finance_split_s2_thoughts_policy_last_heldout,,4e-05,45,2.344085,0.851788,0.776612,,,,snorkel_finance_split_s2_thoughts_policy_last_heldout-act-prm-ia=0-rr=0-ec=act_prm_snorkel_finance_split-gc=act_prm_actions_only-tc=sft-rbc=default-nb=60-nt=0-mc=hf_qwen3_4b_instruct-lc=r8_a-cfcdea1b
act_prm_snorkel_finance_split,s2,snorkel_finance_split_s2_thoughts_policy_last_heldout,,4e-05,50,2.343205,0.85182,0.776651,,,,snorkel_finance_split_s2_thoughts_policy_last_heldout-act-prm-ia=0-rr=0-ec=act_prm_snorkel_finance_split-gc=act_prm_actions_only-tc=sft-rbc=default-nb=60-nt=0-mc=hf_qwen3_4b_instruct-lc=r8_a-cfcdea1b
act_prm_snorkel_finance_split,s2,snorkel_finance_split_s2_thoughts_policy_last_heldout,,4e-05,50,2.343205,0.85182,0.776651,,,,snorkel_finance_split_s2_thoughts_policy_last_heldout-act-prm-ia=0-rr=0-ec=act_prm_snorkel_finance_split-gc=act_prm_actions_only-tc=sft-rbc=default-nb=60-nt=0-mc=hf_qwen3_4b_instruct-lc=r8_a-cfcdea1b
act_prm_snorkel_finance_split,s2,snorkel_finance_split_s2_thoughts_policy_last_heldout,,4e-05,55,2.34209,0.851756,0.776399,,,,snorkel_finance_split_s2_thoughts_policy_last_heldout-act-prm-ia=0-rr=0-ec=act_prm_snorkel_finance_split-gc=act_prm_actions_only-tc=sft-rbc=default-nb=60-nt=0-mc=hf_qwen3_4b_instruct-lc=r8_a-cfcdea1b
act_prm_snorkel_finance_split,s2,snorkel_finance_split_s2_thoughts_policy_last_heldout,,4e-05,55,2.34209,0.851756,0.776399,,,,snorkel_finance_split_s2_thoughts_policy_last_heldout-act-prm-ia=0-rr=0-ec=act_prm_snorkel_finance_split-gc=act_prm_actions_only-tc=sft-rbc=default-nb=60-nt=0-mc=hf_qwen3_4b_instruct-lc=r8_a-cfcdea1b
act_prm_snorkel_finance_split,s2,snorkel_finance_split_s2_thoughts_policy_last_heldout,,4e-05,59,2.343326,0.851596,0.776457,,,,snorkel_finance_split_s2_thoughts_policy_last_heldout-act-prm-ia=0-rr=0-ec=act_prm_snorkel_finance_split-gc=act_prm_actions_only-tc=sft-rbc=default-nb=60-nt=0-mc=hf_qwen3_4b_instruct-lc=r8_a-cfcdea1b
act_prm_snorkel_finance_split,s2,snorkel_finance_split_s2_thoughts_policy_last_heldout,,4e-05,59,2.343326,0.851596,0.776457,,,,snorkel_finance_split_s2_thoughts_policy_last_heldout-act-prm-ia=0-rr=0-ec=act_prm_snorkel_finance_split-gc=act_prm_actions_only-tc=sft-rbc=default-nb=60-nt=0-mc=hf_qwen3_4b_instruct-lc=r8_a-cfcdea1b
act_prm_snorkel_finance_split,s2,snorkel_finance_split_s2_thoughts_policy_last_heldout_fullctx,,4e-05,5,2.064909,0.883895,0.806021,,,,snorkel_finance_split_s2_thoughts_policy_last_heldout_fullctx-act-prm-ia=0-rr=0-ec=act_prm_snorkel_finance_split-gc=act_prm_actions_only-tc=sft-rbc=default-nb=60-nt=0-mc=hf_qwen3_4b_instruct-ac4a858f
act_prm_snorkel_finance_split,s2,snorkel_finance_split_s2_thoughts_policy_last_heldout_fullctx,,4e-05,5,2.064909,0.883895,0.806021,,,,snorkel_finance_split_s2_thoughts_policy_last_heldout_fullctx-act-prm-ia=0-rr=0-ec=act_prm_snorkel_finance_split-gc=act_prm_actions_only-tc=sft-rbc=default-nb=60-nt=0-mc=hf_qwen3_4b_instruct-ac4a858f
act_prm_snorkel_finance_split,s2,snorkel_finance_split_s2_thoughts_policy_last_heldout_fullctx,,4e-05,10,2.06349,0.884215,0.805828,,,,snorkel_finance_split_s2_thoughts_policy_last_heldout_fullctx-act-prm-ia=0-rr=0-ec=act_prm_snorkel_finance_split-gc=act_prm_actions_only-tc=sft-rbc=default-nb=60-nt=0-mc=hf_qwen3_4b_instruct-ac4a858f
act_prm_snorkel_finance_split,s2,snorkel_finance_split_s2_thoughts_policy_last_heldout_fullctx,,4e-05,10,2.06349,0.884215,0.805828,,,,snorkel_finance_split_s2_thoughts_policy_last_heldout_fullctx-act-prm-ia=0-rr=0-ec=act_prm_snorkel_finance_split-gc=act_prm_actions_only-tc=sft-rbc=default-nb=60-nt=0-mc=hf_qwen3_4b_instruct-ac4a858f
act_prm_snorkel_finance_split,s2,snorkel_finance_split_s2_thoughts_policy_last_heldout_fullctx,,4e-05,15,2.064475,0.883767,0.805847,,,,snorkel_finance_split_s2_thoughts_policy_last_heldout_fullctx-act-prm-ia=0-rr=0-ec=act_prm_snorkel_finance_split-gc=act_prm_actions_only-tc=sft-rbc=default-nb=60-nt=0-mc=hf_qwen3_4b_instruct-ac4a858f
act_prm_snorkel_finance_split,s2,snorkel_finance_split_s2_thoughts_policy_last_heldout_fullctx,,4e-05,15,2.064475,0.883767,0.805847,,,,snorkel_finance_split_s2_thoughts_policy_last_heldout_fullctx-act-prm-ia=0-rr=0-ec=act_prm_snorkel_finance_split-gc=act_prm_actions_only-tc=sft-rbc=default-nb=60-nt=0-mc=hf_qwen3_4b_instruct-ac4a858f
act_prm_snorkel_finance_split,s2,snorkel_finance_split_s2_thoughts_policy_last_heldout_fullctx,,4e-05,20,2.064392,0.883895,0.80606,,,,snorkel_finance_split_s2_thoughts_policy_last_heldout_fullctx-act-prm-ia=0-rr=0-ec=act_prm_snorkel_finance_split-gc=act_prm_actions_only-tc=sft-rbc=default-nb=60-nt=0-mc=hf_qwen3_4b_instruct-ac4a858f
act_prm_snorkel_finance_split,s2,snorkel_finance_split_s2_thoughts_policy_last_heldout_fullctx,,4e-05,20,2.064392,0.883895,0.80606,,,,snorkel_finance_split_s2_thoughts_policy_last_heldout_fullctx-act-prm-ia=0-rr=0-ec=act_prm_snorkel_finance_split-gc=act_prm_actions_only-tc=sft-rbc=default-nb=60-nt=0-mc=hf_qwen3_4b_instruct-ac4a858f
act_prm_snorkel_finance_split,s2,snorkel_finance_split_s2_thoughts_policy_last_heldout_fullctx,,4e-05,25,2.065581,0.883735,0.805983,,,,snorkel_finance_split_s2_thoughts_policy_last_heldout_fullctx-act-prm-ia=0-rr=0-ec=act_prm_snorkel_finance_split-gc=act_prm_actions_only-tc=sft-rbc=default-nb=60-nt=0-mc=hf_qwen3_4b_instruct-ac4a858f
act_prm_snorkel_finance_split,s2,snorkel_finance_split_s2_thoughts_policy_last_heldout_fullctx,,4e-05,25,2.065581,0.883735,0.805983,,,,snorkel_finance_split_s2_thoughts_policy_last_heldout_fullctx-act-prm-ia=0-rr=0-ec=act_prm_snorkel_finance_split-gc=act_prm_actions_only-tc=sft-rbc=default-nb=60-nt=0-mc=hf_qwen3_4b_instruct-ac4a858f
act_prm_snorkel_finance_split,s2,snorkel_finance_split_s2_thoughts_policy_last_heldout_fullctx,,4e-05,30,2.063631,0.884055,0.806041,,,,snorkel_finance_split_s2_thoughts_policy_last_heldout_fullctx-act-prm-ia=0-rr=0-ec=act_prm_snorkel_finance_split-gc=act_prm_actions_only-tc=sft-rbc=default-nb=60-nt=0-mc=hf_qwen3_4b_instruct-ac4a858f
act_prm_snorkel_finance_split,s2,snorkel_finance_split_s2_thoughts_policy_last_heldout_fullctx,,4e-05,30,2.063631,0.884055,0.806041,,,,snorkel_finance_split_s2_thoughts_policy_last_heldout_fullctx-act-prm-ia=0-rr=0-ec=act_prm_snorkel_finance_split-gc=act_prm_actions_only-tc=sft-rbc=default-nb=60-nt=0-mc=hf_qwen3_4b_instruct-ac4a858f
act_prm_snorkel_finance_split,s2,snorkel_finance_split_s2_thoughts_policy_last_heldout_fullctx,,4e-05,35,2.063407,0.883799,0.805731,,,,snorkel_finance_split_s2_thoughts_policy_last_heldout_fullctx-act-prm-ia=0-rr=0-ec=act_prm_snorkel_finance_split-gc=act_prm_actions_only-tc=sft-rbc=default-nb=60-nt=0-mc=hf_qwen3_4b_instruct-ac4a858f
act_prm_snorkel_finance_split,s2,snorkel_finance_split_s2_thoughts_policy_last_heldout_fullctx,,4e-05,35,2.063407,0.883799,0.805731,,,,snorkel_finance_split_s2_thoughts_policy_last_heldout_fullctx-act-prm-ia=0-rr=0-ec=act_prm_snorkel_finance_split-gc=act_prm_actions_only-tc=sft-rbc=default-nb=60-nt=0-mc=hf_qwen3_4b_instruct-ac4a858f
act_prm_snorkel_finance_split,s2,snorkel_finance_split_s2_thoughts_policy_last_heldout_fullctx,,4e-05,40,2.064105,0.884151,0.80606,,,,snorkel_finance_split_s2_thoughts_policy_last_heldout_fullctx-act-prm-ia=0-rr=0-ec=act_prm_snorkel_finance_split-gc=act_prm_actions_only-tc=sft-rbc=default-nb=60-nt=0-mc=hf_qwen3_4b_instruct-ac4a858f
act_prm_snorkel_finance_split,s2,snorkel_finance_split_s2_thoughts_policy_last_heldout_fullctx,,4e-05,40,2.064105,0.884151,0.80606,,,,snorkel_finance_split_s2_thoughts_policy_last_heldout_fullctx-act-prm-ia=0-rr=0-ec=act_prm_snorkel_finance_split-gc=act_prm_actions_only-tc=sft-rbc=default-nb=60-nt=0-mc=hf_qwen3_4b_instruct-ac4a858f
act_prm_snorkel_finance_split,s2,snorkel_finance_split_s2_thoughts_policy_last_heldout_fullctx,,4e-05,45,2.064181,0.884215,0.806351,,,,snorkel_finance_split_s2_thoughts_policy_last_heldout_fullctx-act-prm-ia=0-rr=0-ec=act_prm_snorkel_finance_split-gc=act_prm_actions_only-tc=sft-rbc=default-nb=60-nt=0-mc=hf_qwen3_4b_instruct-ac4a858f
act_prm_snorkel_finance_split,s2,snorkel_finance_split_s2_thoughts_policy_last_heldout_fullctx,,4e-05,45,2.064181,0.884215,0.806351,,,,snorkel_finance_split_s2_thoughts_policy_last_heldout_fullctx-act-prm-ia=0-rr=0-ec=act_prm_snorkel_finance_split-gc=act_prm_actions_only-tc=sft-rbc=default-nb=60-nt=0-mc=hf_qwen3_4b_instruct-ac4a858f
act_prm_snorkel_finance_split,s2,snorkel_finance_split_s2_thoughts_policy_last_heldout_fullctx,,4e-05,50,2.063975,0.883735,0.805382,,,,snorkel_finance_split_s2_thoughts_policy_last_heldout_fullctx-act-prm-ia=0-rr=0-ec=act_prm_snorkel_finance_split-gc=act_prm_actions_only-tc=sft-rbc=default-nb=60-nt=0-mc=hf_qwen3_4b_instruct-ac4a858f
act_prm_snorkel_finance_split,s2,snorkel_finance_split_s2_thoughts_policy_last_heldout_fullctx,,4e-05,50,2.063975,0.883735,0.805382,,,,snorkel_finance_split_s2_thoughts_policy_last_heldout_fullctx-act-prm-ia=0-rr=0-ec=act_prm_snorkel_finance_split-gc=act_prm_actions_only-tc=sft-rbc=default-nb=60-nt=0-mc=hf_qwen3_4b_instruct-ac4a858f
act_prm_snorkel_finance_split,s2,snorkel_finance_split_s2_thoughts_policy_last_heldout_fullctx,,4e-05,55,2.065257,0.883735,0.806235,,,,snorkel_finance_split_s2_thoughts_policy_last_heldout_fullctx-act-prm-ia=0-rr=0-ec=act_prm_snorkel_finance_split-gc=act_prm_actions_only-tc=sft-rbc=default-nb=60-nt=0-mc=hf_qwen3_4b_instruct-ac4a858f
act_prm_snorkel_finance_split,s2,snorkel_finance_split_s2_thoughts_policy_last_heldout_fullctx,,4e-05,55,2.065257,0.883735,0.806235,,,,snorkel_finance_split_s2_thoughts_policy_last_heldout_fullctx-act-prm-ia=0-rr=0-ec=act_prm_snorkel_finance_split-gc=act_prm_actions_only-tc=sft-rbc=default-nb=60-nt=0-mc=hf_qwen3_4b_instruct-ac4a858f
act_prm_snorkel_finance_split,s2,snorkel_finance_split_s2_thoughts_policy_last_heldout_fullctx,,4e-05,59,2.064531,0.884023,0.806021,,,,snorkel_finance_split_s2_thoughts_policy_last_heldout_fullctx-act-prm-ia=0-rr=0-ec=act_prm_snorkel_finance_split-gc=act_prm_actions_only-tc=sft-rbc=default-nb=60-nt=0-mc=hf_qwen3_4b_instruct-ac4a858f
act_prm_snorkel_finance_split,s2,snorkel_finance_split_s2_thoughts_policy_last_heldout_fullctx,,4e-05,59,2.064531,0.884023,0.806021,,,,snorkel_finance_split_s2_thoughts_policy_last_heldout_fullctx-act-prm-ia=0-rr=0-ec=act_prm_snorkel_finance_split-gc=act_prm_actions_only-tc=sft-rbc=default-nb=60-nt=0-mc=hf_qwen3_4b_instruct-ac4a858f
act_prm_snorkel_finance_split,s2,snorkel_finance_split_s2_thoughts_policy_lr3e_3_nb150_heldout,,0.003,10,2.288093,0.853388,0.775705,,,,snorkel_finance_split_s2_thoughts_policy_lr3e_3_nb150_heldout-act-prm-ia=0-rr=0-ec=act_prm_snorkel_finance_split-gc=act_prm_actions_only-tc=sft-rbc=default-nb=150-nt=0-mc=hf_qwen3_4b_instruc-b2430617
act_prm_snorkel_finance_split,s2,snorkel_finance_split_s2_thoughts_policy_lr3e_3_nb150_heldout,,0.003,10,2.288093,0.853388,0.775705,,,,snorkel_finance_split_s2_thoughts_policy_lr3e_3_nb150_heldout-act-prm-ia=0-rr=0-ec=act_prm_snorkel_finance_split-gc=act_prm_actions_only-tc=sft-rbc=default-nb=150-nt=0-mc=hf_qwen3_4b_instruc-b2430617
act_prm_snorkel_finance_split,s2,snorkel_finance_split_s2_thoughts_policy_lr3e_3_nb150_heldout,,0.003,20,2.244072,0.85326,0.776244,,,,snorkel_finance_split_s2_thoughts_policy_lr3e_3_nb150_heldout-act-prm-ia=0-rr=0-ec=act_prm_snorkel_finance_split-gc=act_prm_actions_only-tc=sft-rbc=default-nb=150-nt=0-mc=hf_qwen3_4b_instruc-b2430617
act_prm_snorkel_finance_split,s2,snorkel_finance_split_s2_thoughts_policy_lr3e_3_nb150_heldout,,0.003,20,2.244072,0.85326,0.776244,,,,snorkel_finance_split_s2_thoughts_policy_lr3e_3_nb150_heldout-act-prm-ia=0-rr=0-ec=act_prm_snorkel_finance_split-gc=act_prm_actions_only-tc=sft-rbc=default-nb=150-nt=0-mc=hf_qwen3_4b_instruc-b2430617
act_prm_snorkel_finance_split,s2,snorkel_finance_split_s2_thoughts_policy_lr3e_3_nb150_heldout,,0.003,30,2.177361,0.854189,0.778013,,,,snorkel_finance_split_s2_thoughts_policy_lr3e_3_nb150_heldout-act-prm-ia=0-rr=0-ec=act_prm_snorkel_finance_split-gc=act_prm_actions_only-tc=sft-rbc=default-nb=150-nt=0-mc=hf_qwen3_4b_instruc-b2430617
act_prm_snorkel_finance_split,s2,snorkel_finance_split_s2_thoughts_policy_lr3e_3_nb150_heldout,,0.003,30,2.177361,0.854189,0.778013,,,,snorkel_finance_split_s2_thoughts_policy_lr3e_3_nb150_heldout-act-prm-ia=0-rr=0-ec=act_prm_snorkel_finance_split-gc=act_prm_actions_only-tc=sft-rbc=default-nb=150-nt=0-mc=hf_qwen3_4b_instruc-b2430617
act_prm_snorkel_finance_split,s2,snorkel_finance_split_s2_thoughts_policy_lr3e_3_nb150_heldout,,0.003,40,2.087911,0.854413,0.779628,,,,snorkel_finance_split_s2_thoughts_policy_lr3e_3_nb150_heldout-act-prm-ia=0-rr=0-ec=act_prm_snorkel_finance_split-gc=act_prm_actions_only-tc=sft-rbc=default-nb=150-nt=0-mc=hf_qwen3_4b_instruc-b2430617
act_prm_snorkel_finance_split,s2,snorkel_finance_split_s2_thoughts_policy_lr3e_3_nb150_heldout,,0.003,40,2.087911,0.854413,0.779628,,,,snorkel_finance_split_s2_thoughts_policy_lr3e_3_nb150_heldout-act-prm-ia=0-rr=0-ec=act_prm_snorkel_finance_split-gc=act_prm_actions_only-tc=sft-rbc=default-nb=150-nt=0-mc=hf_qwen3_4b_instruc-b2430617
act_prm_snorkel_finance_split,s2,snorkel_finance_split_s2_thoughts_policy_lr3e_3_nb150_heldout,,0.003,50,2.007192,0.855117,0.781955,,,,snorkel_finance_split_s2_thoughts_policy_lr3e_3_nb150_heldout-act-prm-ia=0-rr=0-ec=act_prm_snorkel_finance_split-gc=act_prm_actions_only-tc=sft-rbc=default-nb=150-nt=0-mc=hf_qwen3_4b_instruc-b2430617
act_prm_snorkel_finance_split,s2,snorkel_finance_split_s2_thoughts_policy_lr3e_3_nb150_heldout,,0.003,50,2.007192,0.855117,0.781955,,,,snorkel_finance_split_s2_thoughts_policy_lr3e_3_nb150_heldout-act-prm-ia=0-rr=0-ec=act_prm_snorkel_finance_split-gc=act_prm_actions_only-tc=sft-rbc=default-nb=150-nt=0-mc=hf_qwen3_4b_instruc-b2430617
act_prm_snorkel_finance_split,s2,snorkel_finance_split_s2_thoughts_policy_lr3e_3_nb150_heldout,,0.003,60,1.94746,0.855469,0.783878,,,,snorkel_finance_split_s2_thoughts_policy_lr3e_3_nb150_heldout-act-prm-ia=0-rr=0-ec=act_prm_snorkel_finance_split-gc=act_prm_actions_only-tc=sft-rbc=default-nb=150-nt=0-mc=hf_qwen3_4b_instruc-b2430617
act_prm_snorkel_finance_split,s2,snorkel_finance_split_s2_thoughts_policy_lr3e_3_nb150_heldout,,0.003,60,1.94746,0.855469,0.783878,,,,snorkel_finance_split_s2_thoughts_policy_lr3e_3_nb150_heldout-act-prm-ia=0-rr=0-ec=act_prm_snorkel_finance_split-gc=act_prm_actions_only-tc=sft-rbc=default-nb=150-nt=0-mc=hf_qwen3_4b_instruc-b2430617
act_prm_snorkel_finance_split,s2,snorkel_finance_split_s2_thoughts_policy_lr3e_3_nb150_heldout,,0.003,70,1.907266,0.855533,0.785012,,,,snorkel_finance_split_s2_thoughts_policy_lr3e_3_nb150_heldout-act-prm-ia=0-rr=0-ec=act_prm_snorkel_finance_split-gc=act_prm_actions_only-tc=sft-rbc=default-nb=150-nt=0-mc=hf_qwen3_4b_instruc-b2430617
act_prm_snorkel_finance_split,s2,snorkel_finance_split_s2_thoughts_policy_lr3e_3_nb150_heldout,,0.003,70,1.907266,0.855533,0.785012,,,,snorkel_finance_split_s2_thoughts_policy_lr3e_3_nb150_heldout-act-prm-ia=0-rr=0-ec=act_prm_snorkel_finance_split-gc=act_prm_actions_only-tc=sft-rbc=default-nb=150-nt=0-mc=hf_qwen3_4b_instruc-b2430617
act_prm_snorkel_finance_split,s2,snorkel_finance_split_s2_thoughts_policy_lr3e_3_nb150_heldout,,0.003,80,1.880926,0.856205,0.785897,,,,snorkel_finance_split_s2_thoughts_policy_lr3e_3_nb150_heldout-act-prm-ia=0-rr=0-ec=act_prm_snorkel_finance_split-gc=act_prm_actions_only-tc=sft-rbc=default-nb=150-nt=0-mc=hf_qwen3_4b_instruc-b2430617
act_prm_snorkel_finance_split,s2,snorkel_finance_split_s2_thoughts_policy_lr3e_3_nb150_heldout,,0.003,80,1.880926,0.856205,0.785897,,,,snorkel_finance_split_s2_thoughts_policy_lr3e_3_nb150_heldout-act-prm-ia=0-rr=0-ec=act_prm_snorkel_finance_split-gc=act_prm_actions_only-tc=sft-rbc=default-nb=150-nt=0-mc=hf_qwen3_4b_instruc-b2430617
act_prm_snorkel_finance_split,s2,snorkel_finance_split_s2_thoughts_policy_lr3e_3_nb150_heldout,,0.003,90,1.861828,0.856814,0.786858,,,,snorkel_finance_split_s2_thoughts_policy_lr3e_3_nb150_heldout-act-prm-ia=0-rr=0-ec=act_prm_snorkel_finance_split-gc=act_prm_actions_only-tc=sft-rbc=default-nb=150-nt=0-mc=hf_qwen3_4b_instruc-b2430617
act_prm_snorkel_finance_split,s2,snorkel_finance_split_s2_thoughts_policy_lr3e_3_nb150_heldout,,0.003,90,1.861828,0.856814,0.786858,,,,snorkel_finance_split_s2_thoughts_policy_lr3e_3_nb150_heldout-act-prm-ia=0-rr=0-ec=act_prm_snorkel_finance_split-gc=act_prm_actions_only-tc=sft-rbc=default-nb=150-nt=0-mc=hf_qwen3_4b_instruc-b2430617
act_prm_snorkel_finance_split,s2,snorkel_finance_split_s2_thoughts_policy_lr3e_3_nb150_heldout,,0.003,100,1.848624,0.857454,0.78782,,,,snorkel_finance_split_s2_thoughts_policy_lr3e_3_nb150_heldout-act-prm-ia=0-rr=0-ec=act_prm_snorkel_finance_split-gc=act_prm_actions_only-tc=sft-rbc=default-nb=150-nt=0-mc=hf_qwen3_4b_instruc-b2430617
act_prm_snorkel_finance_split,s2,snorkel_finance_split_s2_thoughts_policy_lr3e_3_nb150_heldout,,0.003,100,1.848624,0.857454,0.78782,,,,snorkel_finance_split_s2_thoughts_policy_lr3e_3_nb150_heldout-act-prm-ia=0-rr=0-ec=act_prm_snorkel_finance_split-gc=act_prm_actions_only-tc=sft-rbc=default-nb=150-nt=0-mc=hf_qwen3_4b_instruc-b2430617
act_prm_snorkel_finance_split,s2,snorkel_finance_split_s2_thoughts_policy_lr3e_3_nb150_heldout,,0.003,110,1.835168,0.858286,0.789243,,,,snorkel_finance_split_s2_thoughts_policy_lr3e_3_nb150_heldout-act-prm-ia=0-rr=0-ec=act_prm_snorkel_finance_split-gc=act_prm_actions_only-tc=sft-rbc=default-nb=150-nt=0-mc=hf_qwen3_4b_instruc-b2430617
act_prm_snorkel_finance_split,s2,snorkel_finance_split_s2_thoughts_policy_lr3e_3_nb150_heldout,,0.003,110,1.835168,0.858286,0.789243,,,,snorkel_finance_split_s2_thoughts_policy_lr3e_3_nb150_heldout-act-prm-ia=0-rr=0-ec=act_prm_snorkel_finance_split-gc=act_prm_actions_only-tc=sft-rbc=default-nb=150-nt=0-mc=hf_qwen3_4b_instruc-b2430617
act_prm_snorkel_finance_split,s2,snorkel_finance_split_s2_thoughts_policy_lr3e_3_nb150_heldout,,0.003,120,1.82323,0.858478,0.789435,,,,snorkel_finance_split_s2_thoughts_policy_lr3e_3_nb150_heldout-act-prm-ia=0-rr=0-ec=act_prm_snorkel_finance_split-gc=act_prm_actions_only-tc=sft-rbc=default-nb=150-nt=0-mc=hf_qwen3_4b_instruc-b2430617
act_prm_snorkel_finance_split,s2,snorkel_finance_split_s2_thoughts_policy_lr3e_3_nb150_heldout,,0.003,120,1.82323,0.858478,0.789435,,,,snorkel_finance_split_s2_thoughts_policy_lr3e_3_nb150_heldout-act-prm-ia=0-rr=0-ec=act_prm_snorkel_finance_split-gc=act_prm_actions_only-tc=sft-rbc=default-nb=150-nt=0-mc=hf_qwen3_4b_instruc-b2430617
act_prm_snorkel_finance_split,s2,snorkel_finance_split_s2_thoughts_policy_lr3e_3_nb150_heldout,,0.003,130,1.813142,0.858638,0.790993,,,,snorkel_finance_split_s2_thoughts_policy_lr3e_3_nb150_heldout-act-prm-ia=0-rr=0-ec=act_prm_snorkel_finance_split-gc=act_prm_actions_only-tc=sft-rbc=default-nb=150-nt=0-mc=hf_qwen3_4b_instruc-b2430617
act_prm_snorkel_finance_split,s2,snorkel_finance_split_s2_thoughts_policy_lr3e_3_nb150_heldout,,0.003,130,1.813142,0.858638,0.790993,,,,snorkel_finance_split_s2_thoughts_policy_lr3e_3_nb150_heldout-act-prm-ia=0-rr=0-ec=act_prm_snorkel_finance_split-gc=act_prm_actions_only-tc=sft-rbc=default-nb=150-nt=0-mc=hf_qwen3_4b_instruc-b2430617
act_prm_snorkel_finance_split,s2,snorkel_finance_split_s2_thoughts_policy_lr3e_3_nb150_heldout,,0.003,140,1.802882,0.85931,0.791262,,,,snorkel_finance_split_s2_thoughts_policy_lr3e_3_nb150_heldout-act-prm-ia=0-rr=0-ec=act_prm_snorkel_finance_split-gc=act_prm_actions_only-tc=sft-rbc=default-nb=150-nt=0-mc=hf_qwen3_4b_instruc-b2430617
act_prm_snorkel_finance_split,s2,snorkel_finance_split_s2_thoughts_policy_lr3e_3_nb150_heldout,,0.003,140,1.802882,0.85931,0.791262,,,,snorkel_finance_split_s2_thoughts_policy_lr3e_3_nb150_heldout-act-prm-ia=0-rr=0-ec=act_prm_snorkel_finance_split-gc=act_prm_actions_only-tc=sft-rbc=default-nb=150-nt=0-mc=hf_qwen3_4b_instruc-b2430617
act_prm_snorkel_finance_split,s2,snorkel_finance_split_s2_thoughts_policy_lr3e_3_nb150_heldout,,0.003,149,1.796894,0.859599,0.791993,,,,snorkel_finance_split_s2_thoughts_policy_lr3e_3_nb150_heldout-act-prm-ia=0-rr=0-ec=act_prm_snorkel_finance_split-gc=act_prm_actions_only-tc=sft-rbc=default-nb=150-nt=0-mc=hf_qwen3_4b_instruc-b2430617
act_prm_snorkel_finance_split,s2,snorkel_finance_split_s2_thoughts_policy_lr3e_3_nb150_heldout,,0.003,149,1.796894,0.859599,0.791993,,,,snorkel_finance_split_s2_thoughts_policy_lr3e_3_nb150_heldout-act-prm-ia=0-rr=0-ec=act_prm_snorkel_finance_split-gc=act_prm_actions_only-tc=sft-rbc=default-nb=150-nt=0-mc=hf_qwen3_4b_instruc-b2430617
act_prm_snorkel_finance_split,s2,snorkel_finance_split_s2_thoughts_policy_v3_lr3e_3_nb150_heldout,,0.003,10,2.25406,0.857292,0.778507,,,,snorkel_finance_split_s2_thoughts_policy_v3_lr3e_3_nb150_heldout-act-prm-ia=0-rr=0-ec=act_prm_snorkel_finance_split-gc=act_prm_actions_only-tc=sft-rbc=default-nb=150-nt=0-mc=hf_qwen3_4b_inst-5d9b9c7f
act_prm_snorkel_finance_split,s2,snorkel_finance_split_s2_thoughts_policy_v3_lr3e_3_nb150_heldout,,0.003,10,2.25406,0.857292,0.778507,,,,snorkel_finance_split_s2_thoughts_policy_v3_lr3e_3_nb150_heldout-act-prm-ia=0-rr=0-ec=act_prm_snorkel_finance_split-gc=act_prm_actions_only-tc=sft-rbc=default-nb=150-nt=0-mc=hf_qwen3_4b_inst-5d9b9c7f
act_prm_snorkel_finance_split,s2,snorkel_finance_split_s2_thoughts_policy_v3_lr3e_3_nb150_heldout,,0.003,20,2.213754,0.857505,0.77924,,,,snorkel_finance_split_s2_thoughts_policy_v3_lr3e_3_nb150_heldout-act-prm-ia=0-rr=0-ec=act_prm_snorkel_finance_split-gc=act_prm_actions_only-tc=sft-rbc=default-nb=150-nt=0-mc=hf_qwen3_4b_inst-5d9b9c7f
act_prm_snorkel_finance_split,s2,snorkel_finance_split_s2_thoughts_policy_v3_lr3e_3_nb150_heldout,,0.003,20,2.213754,0.857505,0.77924,,,,snorkel_finance_split_s2_thoughts_policy_v3_lr3e_3_nb150_heldout-act-prm-ia=0-rr=0-ec=act_prm_snorkel_finance_split-gc=act_prm_actions_only-tc=sft-rbc=default-nb=150-nt=0-mc=hf_qwen3_4b_inst-5d9b9c7f
act_prm_snorkel_finance_split,s2,snorkel_finance_split_s2_thoughts_policy_v3_lr3e_3_nb150_heldout,,0.003,30,2.152197,0.857853,0.78121,,,,snorkel_finance_split_s2_thoughts_policy_v3_lr3e_3_nb150_heldout-act-prm-ia=0-rr=0-ec=act_prm_snorkel_finance_split-gc=act_prm_actions_only-tc=sft-rbc=default-nb=150-nt=0-mc=hf_qwen3_4b_inst-5d9b9c7f
act_prm_snorkel_finance_split,s2,snorkel_finance_split_s2_thoughts_policy_v3_lr3e_3_nb150_heldout,,0.003,30,2.152197,0.857853,0.78121,,,,snorkel_finance_split_s2_thoughts_policy_v3_lr3e_3_nb150_heldout-act-prm-ia=0-rr=0-ec=act_prm_snorkel_finance_split-gc=act_prm_actions_only-tc=sft-rbc=default-nb=150-nt=0-mc=hf_qwen3_4b_inst-5d9b9c7f
act_prm_snorkel_finance_split,s2,snorkel_finance_split_s2_thoughts_policy_v3_lr3e_3_nb150_heldout,,0.003,40,2.067403,0.857853,0.782937,,,,snorkel_finance_split_s2_thoughts_policy_v3_lr3e_3_nb150_heldout-act-prm-ia=0-rr=0-ec=act_prm_snorkel_finance_split-gc=act_prm_actions_only-tc=sft-rbc=default-nb=150-nt=0-mc=hf_qwen3_4b_inst-5d9b9c7f
act_prm_snorkel_finance_split,s2,snorkel_finance_split_s2_thoughts_policy_v3_lr3e_3_nb150_heldout,,0.003,40,2.067403,0.857853,0.782937,,,,snorkel_finance_split_s2_thoughts_policy_v3_lr3e_3_nb150_heldout-act-prm-ia=0-rr=0-ec=act_prm_snorkel_finance_split-gc=act_prm_actions_only-tc=sft-rbc=default-nb=150-nt=0-mc=hf_qwen3_4b_inst-5d9b9c7f
act_prm_snorkel_finance_split,s2,snorkel_finance_split_s2_thoughts_policy_v3_lr3e_3_nb150_heldout,,0.003,50,1.993958,0.858254,0.784988,,,,snorkel_finance_split_s2_thoughts_policy_v3_lr3e_3_nb150_heldout-act-prm-ia=0-rr=0-ec=act_prm_snorkel_finance_split-gc=act_prm_actions_only-tc=sft-rbc=default-nb=150-nt=0-mc=hf_qwen3_4b_inst-5d9b9c7f
act_prm_snorkel_finance_split,s2,snorkel_finance_split_s2_thoughts_policy_v3_lr3e_3_nb150_heldout,,0.003,50,1.993958,0.858254,0.784988,,,,snorkel_finance_split_s2_thoughts_policy_v3_lr3e_3_nb150_heldout-act-prm-ia=0-rr=0-ec=act_prm_snorkel_finance_split-gc=act_prm_actions_only-tc=sft-rbc=default-nb=150-nt=0-mc=hf_qwen3_4b_inst-5d9b9c7f
act_prm_snorkel_finance_split,s2,snorkel_finance_split_s2_thoughts_policy_v3_lr3e_3_nb150_heldout,,0.003,60,1.933866,0.858601,0.78621,,,,snorkel_finance_split_s2_thoughts_policy_v3_lr3e_3_nb150_heldout-act-prm-ia=0-rr=0-ec=act_prm_snorkel_finance_split-gc=act_prm_actions_only-tc=sft-rbc=default-nb=150-nt=0-mc=hf_qwen3_4b_inst-5d9b9c7f
act_prm_snorkel_finance_split,s2,snorkel_finance_split_s2_thoughts_policy_v3_lr3e_3_nb150_heldout,,0.003,60,1.933866,0.858601,0.78621,,,,snorkel_finance_split_s2_thoughts_policy_v3_lr3e_3_nb150_heldout-act-prm-ia=0-rr=0-ec=act_prm_snorkel_finance_split-gc=act_prm_actions_only-tc=sft-rbc=default-nb=150-nt=0-mc=hf_qwen3_4b_inst-5d9b9c7f
act_prm_snorkel_finance_split,s2,snorkel_finance_split_s2_thoughts_policy_v3_lr3e_3_nb150_heldout,,0.003,70,1.896813,0.858815,0.787936,,,,snorkel_finance_split_s2_thoughts_policy_v3_lr3e_3_nb150_heldout-act-prm-ia=0-rr=0-ec=act_prm_snorkel_finance_split-gc=act_prm_actions_only-tc=sft-rbc=default-nb=150-nt=0-mc=hf_qwen3_4b_inst-5d9b9c7f
act_prm_snorkel_finance_split,s2,snorkel_finance_split_s2_thoughts_policy_v3_lr3e_3_nb150_heldout,,0.003,70,1.896813,0.858815,0.787936,,,,snorkel_finance_split_s2_thoughts_policy_v3_lr3e_3_nb150_heldout-act-prm-ia=0-rr=0-ec=act_prm_snorkel_finance_split-gc=act_prm_actions_only-tc=sft-rbc=default-nb=150-nt=0-mc=hf_qwen3_4b_inst-5d9b9c7f
act_prm_snorkel_finance_split,s2,snorkel_finance_split_s2_thoughts_policy_v3_lr3e_3_nb150_heldout,,0.003,80,1.874077,0.859456,0.789125,,,,snorkel_finance_split_s2_thoughts_policy_v3_lr3e_3_nb150_heldout-act-prm-ia=0-rr=0-ec=act_prm_snorkel_finance_split-gc=act_prm_actions_only-tc=sft-rbc=default-nb=150-nt=0-mc=hf_qwen3_4b_inst-5d9b9c7f
act_prm_snorkel_finance_split,s2,snorkel_finance_split_s2_thoughts_policy_v3_lr3e_3_nb150_heldout,,0.003,80,1.874077,0.859456,0.789125,,,,snorkel_finance_split_s2_thoughts_policy_v3_lr3e_3_nb150_heldout-act-prm-ia=0-rr=0-ec=act_prm_snorkel_finance_split-gc=act_prm_actions_only-tc=sft-rbc=default-nb=150-nt=0-mc=hf_qwen3_4b_inst-5d9b9c7f
act_prm_snorkel_finance_split,s2,snorkel_finance_split_s2_thoughts_policy_v3_lr3e_3_nb150_heldout,,0.003,90,1.855735,0.85959,0.789825,,,,snorkel_finance_split_s2_thoughts_policy_v3_lr3e_3_nb150_heldout-act-prm-ia=0-rr=0-ec=act_prm_snorkel_finance_split-gc=act_prm_actions_only-tc=sft-rbc=default-nb=150-nt=0-mc=hf_qwen3_4b_inst-5d9b9c7f
act_prm_snorkel_finance_split,s2,snorkel_finance_split_s2_thoughts_policy_v3_lr3e_3_nb150_heldout,,0.003,90,1.855735,0.85959,0.789825,,,,snorkel_finance_split_s2_thoughts_policy_v3_lr3e_3_nb150_heldout-act-prm-ia=0-rr=0-ec=act_prm_snorkel_finance_split-gc=act_prm_actions_only-tc=sft-rbc=default-nb=150-nt=0-mc=hf_qwen3_4b_inst-5d9b9c7f
act_prm_snorkel_finance_split,s2,snorkel_finance_split_s2_thoughts_policy_v3_lr3e_3_nb150_heldout,,0.003,100,1.841966,0.860632,0.790884,,,,snorkel_finance_split_s2_thoughts_policy_v3_lr3e_3_nb150_heldout-act-prm-ia=0-rr=0-ec=act_prm_snorkel_finance_split-gc=act_prm_actions_only-tc=sft-rbc=default-nb=150-nt=0-mc=hf_qwen3_4b_inst-5d9b9c7f
act_prm_snorkel_finance_split,s2,snorkel_finance_split_s2_thoughts_policy_v3_lr3e_3_nb150_heldout,,0.003,100,1.841966,0.860632,0.790884,,,,snorkel_finance_split_s2_thoughts_policy_v3_lr3e_3_nb150_heldout-act-prm-ia=0-rr=0-ec=act_prm_snorkel_finance_split-gc=act_prm_actions_only-tc=sft-rbc=default-nb=150-nt=0-mc=hf_qwen3_4b_inst-5d9b9c7f
act_prm_snorkel_finance_split,s2,snorkel_finance_split_s2_thoughts_policy_v3_lr3e_3_nb150_heldout,,0.003,110,1.829691,0.860685,0.79191,,,,snorkel_finance_split_s2_thoughts_policy_v3_lr3e_3_nb150_heldout-act-prm-ia=0-rr=0-ec=act_prm_snorkel_finance_split-gc=act_prm_actions_only-tc=sft-rbc=default-nb=150-nt=0-mc=hf_qwen3_4b_inst-5d9b9c7f
act_prm_snorkel_finance_split,s2,snorkel_finance_split_s2_thoughts_policy_v3_lr3e_3_nb150_heldout,,0.003,110,1.829691,0.860685,0.79191,,,,snorkel_finance_split_s2_thoughts_policy_v3_lr3e_3_nb150_heldout-act-prm-ia=0-rr=0-ec=act_prm_snorkel_finance_split-gc=act_prm_actions_only-tc=sft-rbc=default-nb=150-nt=0-mc=hf_qwen3_4b_inst-5d9b9c7f
act_prm_snorkel_finance_split,s2,snorkel_finance_split_s2_thoughts_policy_v3_lr3e_3_nb150_heldout,,0.003,120,1.817759,0.860792,0.792528,,,,snorkel_finance_split_s2_thoughts_policy_v3_lr3e_3_nb150_heldout-act-prm-ia=0-rr=0-ec=act_prm_snorkel_finance_split-gc=act_prm_actions_only-tc=sft-rbc=default-nb=150-nt=0-mc=hf_qwen3_4b_inst-5d9b9c7f
act_prm_snorkel_finance_split,s2,snorkel_finance_split_s2_thoughts_policy_v3_lr3e_3_nb150_heldout,,0.003,120,1.817759,0.860792,0.792528,,,,snorkel_finance_split_s2_thoughts_policy_v3_lr3e_3_nb150_heldout-act-prm-ia=0-rr=0-ec=act_prm_snorkel_finance_split-gc=act_prm_actions_only-tc=sft-rbc=default-nb=150-nt=0-mc=hf_qwen3_4b_inst-5d9b9c7f
act_prm_snorkel_finance_split,s2,snorkel_finance_split_s2_thoughts_policy_v3_lr3e_3_nb150_heldout,,0.003,130,1.808,0.86146,0.794124,,,,snorkel_finance_split_s2_thoughts_policy_v3_lr3e_3_nb150_heldout-act-prm-ia=0-rr=0-ec=act_prm_snorkel_finance_split-gc=act_prm_actions_only-tc=sft-rbc=default-nb=150-nt=0-mc=hf_qwen3_4b_inst-5d9b9c7f
act_prm_snorkel_finance_split,s2,snorkel_finance_split_s2_thoughts_policy_v3_lr3e_3_nb150_heldout,,0.003,130,1.808,0.86146,0.794124,,,,snorkel_finance_split_s2_thoughts_policy_v3_lr3e_3_nb150_heldout-act-prm-ia=0-rr=0-ec=act_prm_snorkel_finance_split-gc=act_prm_actions_only-tc=sft-rbc=default-nb=150-nt=0-mc=hf_qwen3_4b_inst-5d9b9c7f
act_prm_snorkel_finance_split,s2,snorkel_finance_split_s2_thoughts_policy_v3_lr3e_3_nb150_heldout,,0.003,140,1.79888,0.861807,0.794548,,,,snorkel_finance_split_s2_thoughts_policy_v3_lr3e_3_nb150_heldout-act-prm-ia=0-rr=0-ec=act_prm_snorkel_finance_split-gc=act_prm_actions_only-tc=sft-rbc=default-nb=150-nt=0-mc=hf_qwen3_4b_inst-5d9b9c7f
act_prm_snorkel_finance_split,s2,snorkel_finance_split_s2_thoughts_policy_v3_lr3e_3_nb150_heldout,,0.003,140,1.79888,0.861807,0.794548,,,,snorkel_finance_split_s2_thoughts_policy_v3_lr3e_3_nb150_heldout-act-prm-ia=0-rr=0-ec=act_prm_snorkel_finance_split-gc=act_prm_actions_only-tc=sft-rbc=default-nb=150-nt=0-mc=hf_qwen3_4b_inst-5d9b9c7f
act_prm_snorkel_finance_split,s2,snorkel_finance_split_s2_thoughts_policy_v3_lr3e_3_nb150_heldout,,0.003,149,1.791868,0.862475,0.795248,,,,snorkel_finance_split_s2_thoughts_policy_v3_lr3e_3_nb150_heldout-act-prm-ia=0-rr=0-ec=act_prm_snorkel_finance_split-gc=act_prm_actions_only-tc=sft-rbc=default-nb=150-nt=0-mc=hf_qwen3_4b_inst-5d9b9c7f
act_prm_snorkel_finance_split,s2,snorkel_finance_split_s2_thoughts_policy_v3_lr3e_3_nb150_heldout,,0.003,149,1.791868,0.862475,0.795248,,,,snorkel_finance_split_s2_thoughts_policy_v3_lr3e_3_nb150_heldout-act-prm-ia=0-rr=0-ec=act_prm_snorkel_finance_split-gc=act_prm_actions_only-tc=sft-rbc=default-nb=150-nt=0-mc=hf_qwen3_4b_inst-5d9b9c7f
act_prm_snorkel_insurance,s2,snorkel_insurance_s2_actions_only_lr1e_3_adamw_nb100_heldout,adamw,0.001,10,2.295619,0.802036,0.802036,,,,snorkel_insurance_s2_actions_only_lr1e_3_adamw_nb100_heldout-act-prm-ia=0-rr=0-ec=act_prm_snorkel_insurance-gc=act_prm_actions_only-tc=sft-rbc=default-nb=100-nt=0-mc=hf_qwen3_4b_instruct-lc=-e0393762
act_prm_snorkel_insurance,s2,snorkel_insurance_s2_actions_only_lr1e_3_adamw_nb100_heldout,adamw,0.001,10,2.295619,0.802036,0.802036,,,,snorkel_insurance_s2_actions_only_lr1e_3_adamw_nb100_heldout-act-prm-ia=0-rr=0-ec=act_prm_snorkel_insurance-gc=act_prm_actions_only-tc=sft-rbc=default-nb=100-nt=0-mc=hf_qwen3_4b_instruct-lc=-e0393762
act_prm_snorkel_insurance,s2,snorkel_insurance_s2_actions_only_lr1e_3_adamw_nb100_heldout,adamw,0.001,20,2.067179,0.820402,0.820402,,,,snorkel_insurance_s2_actions_only_lr1e_3_adamw_nb100_heldout-act-prm-ia=0-rr=0-ec=act_prm_snorkel_insurance-gc=act_prm_actions_only-tc=sft-rbc=default-nb=100-nt=0-mc=hf_qwen3_4b_instruct-lc=-e0393762
act_prm_snorkel_insurance,s2,snorkel_insurance_s2_actions_only_lr1e_3_adamw_nb100_heldout,adamw,0.001,20,2.067179,0.820402,0.820402,,,,snorkel_insurance_s2_actions_only_lr1e_3_adamw_nb100_heldout-act-prm-ia=0-rr=0-ec=act_prm_snorkel_insurance-gc=act_prm_actions_only-tc=sft-rbc=default-nb=100-nt=0-mc=hf_qwen3_4b_instruct-lc=-e0393762
act_prm_snorkel_insurance,s2,snorkel_insurance_s2_actions_only_lr1e_3_adamw_nb100_heldout,adamw,0.001,30,1.94545,0.830356,0.830356,,,,snorkel_insurance_s2_actions_only_lr1e_3_adamw_nb100_heldout-act-prm-ia=0-rr=0-ec=act_prm_snorkel_insurance-gc=act_prm_actions_only-tc=sft-rbc=default-nb=100-nt=0-mc=hf_qwen3_4b_instruct-lc=-e0393762
act_prm_snorkel_insurance,s2,snorkel_insurance_s2_actions_only_lr1e_3_adamw_nb100_heldout,adamw,0.001,30,1.94545,0.830356,0.830356,,,,snorkel_insurance_s2_actions_only_lr1e_3_adamw_nb100_heldout-act-prm-ia=0-rr=0-ec=act_prm_snorkel_insurance-gc=act_prm_actions_only-tc=sft-rbc=default-nb=100-nt=0-mc=hf_qwen3_4b_instruct-lc=-e0393762
act_prm_snorkel_insurance,s2,snorkel_insurance_s2_actions_only_lr1e_3_adamw_nb100_heldout,adamw,0.001,40,1.879642,0.836693,0.836693,,,,snorkel_insurance_s2_actions_only_lr1e_3_adamw_nb100_heldout-act-prm-ia=0-rr=0-ec=act_prm_snorkel_insurance-gc=act_prm_actions_only-tc=sft-rbc=default-nb=100-nt=0-mc=hf_qwen3_4b_instruct-lc=-e0393762
act_prm_snorkel_insurance,s2,snorkel_insurance_s2_actions_only_lr1e_3_adamw_nb100_heldout,adamw,0.001,40,1.879642,0.836693,0.836693,,,,snorkel_insurance_s2_actions_only_lr1e_3_adamw_nb100_heldout-act-prm-ia=0-rr=0-ec=act_prm_snorkel_insurance-gc=act_prm_actions_only-tc=sft-rbc=default-nb=100-nt=0-mc=hf_qwen3_4b_instruct-lc=-e0393762
act_prm_snorkel_insurance,s2,snorkel_insurance_s2_actions_only_lr1e_3_adamw_nb100_heldout,adamw,0.001,50,1.806453,0.842694,0.842694,,,,snorkel_insurance_s2_actions_only_lr1e_3_adamw_nb100_heldout-act-prm-ia=0-rr=0-ec=act_prm_snorkel_insurance-gc=act_prm_actions_only-tc=sft-rbc=default-nb=100-nt=0-mc=hf_qwen3_4b_instruct-lc=-e0393762
act_prm_snorkel_insurance,s2,snorkel_insurance_s2_actions_only_lr1e_3_adamw_nb100_heldout,adamw,0.001,50,1.806453,0.842694,0.842694,,,,snorkel_insurance_s2_actions_only_lr1e_3_adamw_nb100_heldout-act-prm-ia=0-rr=0-ec=act_prm_snorkel_insurance-gc=act_prm_actions_only-tc=sft-rbc=default-nb=100-nt=0-mc=hf_qwen3_4b_instruct-lc=-e0393762
act_prm_snorkel_insurance,s2,snorkel_insurance_s2_actions_only_lr1e_3_adamw_nb100_heldout,adamw,0.001,60,1.790747,0.846956,0.846956,,,,snorkel_insurance_s2_actions_only_lr1e_3_adamw_nb100_heldout-act-prm-ia=0-rr=0-ec=act_prm_snorkel_insurance-gc=act_prm_actions_only-tc=sft-rbc=default-nb=100-nt=0-mc=hf_qwen3_4b_instruct-lc=-e0393762
act_prm_snorkel_insurance,s2,snorkel_insurance_s2_actions_only_lr1e_3_adamw_nb100_heldout,adamw,0.001,60,1.790747,0.846956,0.846956,,,,snorkel_insurance_s2_actions_only_lr1e_3_adamw_nb100_heldout-act-prm-ia=0-rr=0-ec=act_prm_snorkel_insurance-gc=act_prm_actions_only-tc=sft-rbc=default-nb=100-nt=0-mc=hf_qwen3_4b_instruct-lc=-e0393762
act_prm_snorkel_insurance,s2,snorkel_insurance_s2_actions_only_lr1e_3_adamw_nb100_heldout,adamw,0.001,70,1.768908,0.848919,0.848919,,,,snorkel_insurance_s2_actions_only_lr1e_3_adamw_nb100_heldout-act-prm-ia=0-rr=0-ec=act_prm_snorkel_insurance-gc=act_prm_actions_only-tc=sft-rbc=default-nb=100-nt=0-mc=hf_qwen3_4b_instruct-lc=-e0393762
act_prm_snorkel_insurance,s2,snorkel_insurance_s2_actions_only_lr1e_3_adamw_nb100_heldout,adamw,0.001,70,1.768908,0.848919,0.848919,,,,snorkel_insurance_s2_actions_only_lr1e_3_adamw_nb100_heldout-act-prm-ia=0-rr=0-ec=act_prm_snorkel_insurance-gc=act_prm_actions_only-tc=sft-rbc=default-nb=100-nt=0-mc=hf_qwen3_4b_instruct-lc=-e0393762
act_prm_snorkel_insurance,s2,snorkel_insurance_s2_actions_only_lr1e_3_adamw_nb100_heldout,adamw,0.001,80,1.742527,0.851302,0.851302,,,,snorkel_insurance_s2_actions_only_lr1e_3_adamw_nb100_heldout-act-prm-ia=0-rr=0-ec=act_prm_snorkel_insurance-gc=act_prm_actions_only-tc=sft-rbc=default-nb=100-nt=0-mc=hf_qwen3_4b_instruct-lc=-e0393762
act_prm_snorkel_insurance,s2,snorkel_insurance_s2_actions_only_lr1e_3_adamw_nb100_heldout,adamw,0.001,80,1.742527,0.851302,0.851302,,,,snorkel_insurance_s2_actions_only_lr1e_3_adamw_nb100_heldout-act-prm-ia=0-rr=0-ec=act_prm_snorkel_insurance-gc=act_prm_actions_only-tc=sft-rbc=default-nb=100-nt=0-mc=hf_qwen3_4b_instruct-lc=-e0393762
act_prm_snorkel_insurance,s2,snorkel_insurance_s2_actions_only_lr1e_3_adamw_nb100_heldout,adamw,0.001,90,1.717997,0.855088,0.855088,,,,snorkel_insurance_s2_actions_only_lr1e_3_adamw_nb100_heldout-act-prm-ia=0-rr=0-ec=act_prm_snorkel_insurance-gc=act_prm_actions_only-tc=sft-rbc=default-nb=100-nt=0-mc=hf_qwen3_4b_instruct-lc=-e0393762
act_prm_snorkel_insurance,s2,snorkel_insurance_s2_actions_only_lr1e_3_adamw_nb100_heldout,adamw,0.001,90,1.717997,0.855088,0.855088,,,,snorkel_insurance_s2_actions_only_lr1e_3_adamw_nb100_heldout-act-prm-ia=0-rr=0-ec=act_prm_snorkel_insurance-gc=act_prm_actions_only-tc=sft-rbc=default-nb=100-nt=0-mc=hf_qwen3_4b_instruct-lc=-e0393762
act_prm_snorkel_insurance,s2,snorkel_insurance_s2_actions_only_lr1e_3_adamw_nb100_heldout,adamw,0.001,99,1.744551,0.855537,0.855537,,,,snorkel_insurance_s2_actions_only_lr1e_3_adamw_nb100_heldout-act-prm-ia=0-rr=0-ec=act_prm_snorkel_insurance-gc=act_prm_actions_only-tc=sft-rbc=default-nb=100-nt=0-mc=hf_qwen3_4b_instruct-lc=-e0393762
act_prm_snorkel_insurance,s2,snorkel_insurance_s2_actions_only_lr1e_3_adamw_nb100_heldout,adamw,0.001,99,1.744551,0.855537,0.855537,,,,snorkel_insurance_s2_actions_only_lr1e_3_adamw_nb100_heldout-act-prm-ia=0-rr=0-ec=act_prm_snorkel_insurance-gc=act_prm_actions_only-tc=sft-rbc=default-nb=100-nt=0-mc=hf_qwen3_4b_instruct-lc=-e0393762
act_prm_snorkel_insurance,s2,snorkel_insurance_s2_actions_only_lr1e_3_adamw_nb200_flat32_heldout,adamw,0.001,5,2.631758,0.771017,0.771017,2.631758,35663.0,35663.0,snorkel_insurance_s2_actions_only_lr1e_3_adamw_nb200_flat32_heldout-act-prm-ia=0-rr=0-ec=act_prm_snorkel_insurance-gc=act_prm_actions_only-tc=sft_flat-rbc=default-nb=200-nt=0-mc=hf_qwen3_4b_-a2c32106
act_prm_snorkel_insurance,s2,snorkel_insurance_s2_actions_only_lr1e_3_adamw_nb200_flat32_heldout,adamw,0.001,10,2.391222,0.79339,0.79339,2.391222,35663.0,35663.0,snorkel_insurance_s2_actions_only_lr1e_3_adamw_nb200_flat32_heldout-act-prm-ia=0-rr=0-ec=act_prm_snorkel_insurance-gc=act_prm_actions_only-tc=sft_flat-rbc=default-nb=200-nt=0-mc=hf_qwen3_4b_-a2c32106
act_prm_snorkel_insurance,s2,snorkel_insurance_s2_actions_only_lr1e_3_adamw_nb200_flat32_heldout,adamw,0.001,15,2.217218,0.807153,0.807153,2.217218,35663.0,35663.0,snorkel_insurance_s2_actions_only_lr1e_3_adamw_nb200_flat32_heldout-act-prm-ia=0-rr=0-ec=act_prm_snorkel_insurance-gc=act_prm_actions_only-tc=sft_flat-rbc=default-nb=200-nt=0-mc=hf_qwen3_4b_-a2c32106
act_prm_snorkel_insurance,s2,snorkel_insurance_s2_actions_only_lr1e_3_adamw_nb200_flat32_heldout,adamw,0.001,20,2.130794,0.812718,0.812718,2.130794,35663.0,35663.0,snorkel_insurance_s2_actions_only_lr1e_3_adamw_nb200_flat32_heldout-act-prm-ia=0-rr=0-ec=act_prm_snorkel_insurance-gc=act_prm_actions_only-tc=sft_flat-rbc=default-nb=200-nt=0-mc=hf_qwen3_4b_-a2c32106
act_prm_snorkel_insurance,s2,snorkel_insurance_s2_actions_only_lr1e_3_adamw_nb200_flat32_heldout,adamw,0.001,25,2.051441,0.819971,0.819971,2.051441,35663.0,35663.0,snorkel_insurance_s2_actions_only_lr1e_3_adamw_nb200_flat32_heldout-act-prm-ia=0-rr=0-ec=act_prm_snorkel_insurance-gc=act_prm_actions_only-tc=sft_flat-rbc=default-nb=200-nt=0-mc=hf_qwen3_4b_-a2c32106
act_prm_snorkel_insurance,s2,snorkel_insurance_s2_actions_only_lr1e_3_adamw_nb200_flat32_heldout,adamw,0.001,30,1.98474,0.828193,0.828193,1.98474,35663.0,35663.0,snorkel_insurance_s2_actions_only_lr1e_3_adamw_nb200_flat32_heldout-act-prm-ia=0-rr=0-ec=act_prm_snorkel_insurance-gc=act_prm_actions_only-tc=sft_flat-rbc=default-nb=200-nt=0-mc=hf_qwen3_4b_-a2c32106
act_prm_snorkel_insurance,s2,snorkel_insurance_s2_actions_only_lr1e_3_adamw_nb200_flat32_heldout,adamw,0.001,35,1.954989,0.827993,0.827993,1.954989,35663.0,35663.0,snorkel_insurance_s2_actions_only_lr1e_3_adamw_nb200_flat32_heldout-act-prm-ia=0-rr=0-ec=act_prm_snorkel_insurance-gc=act_prm_actions_only-tc=sft_flat-rbc=default-nb=200-nt=0-mc=hf_qwen3_4b_-a2c32106
act_prm_snorkel_insurance,s2,snorkel_insurance_s2_actions_only_lr1e_3_adamw_nb200_flat32_heldout,adamw,0.001,40,1.918495,0.832663,0.832663,1.918495,35663.0,35663.0,snorkel_insurance_s2_actions_only_lr1e_3_adamw_nb200_flat32_heldout-act-prm-ia=0-rr=0-ec=act_prm_snorkel_insurance-gc=act_prm_actions_only-tc=sft_flat-rbc=default-nb=200-nt=0-mc=hf_qwen3_4b_-a2c32106
act_prm_snorkel_insurance,s2,snorkel_insurance_s2_actions_only_lr1e_3_adamw_nb200_flat32_heldout,adamw,0.001,45,1.879751,0.837401,0.837401,1.879751,35663.0,35663.0,snorkel_insurance_s2_actions_only_lr1e_3_adamw_nb200_flat32_heldout-act-prm-ia=0-rr=0-ec=act_prm_snorkel_insurance-gc=act_prm_actions_only-tc=sft_flat-rbc=default-nb=200-nt=0-mc=hf_qwen3_4b_-a2c32106
act_prm_snorkel_insurance,s2,snorkel_insurance_s2_actions_only_lr1e_3_adamw_nb200_flat32_heldout,adamw,0.001,50,1.867514,0.839074,0.839074,1.867514,35663.0,35663.0,snorkel_insurance_s2_actions_only_lr1e_3_adamw_nb200_flat32_heldout-act-prm-ia=0-rr=0-ec=act_prm_snorkel_insurance-gc=act_prm_actions_only-tc=sft_flat-rbc=default-nb=200-nt=0-mc=hf_qwen3_4b_-a2c32106
act_prm_snorkel_insurance,s2,snorkel_insurance_s2_actions_only_lr1e_3_adamw_nb200_flat32_heldout,adamw,0.001,55,1.848248,0.84027,0.84027,1.848248,35663.0,35663.0,snorkel_insurance_s2_actions_only_lr1e_3_adamw_nb200_flat32_heldout-act-prm-ia=0-rr=0-ec=act_prm_snorkel_insurance-gc=act_prm_actions_only-tc=sft_flat-rbc=default-nb=200-nt=0-mc=hf_qwen3_4b_-a2c32106
act_prm_snorkel_insurance,s2,snorkel_insurance_s2_actions_only_lr1e_3_adamw_nb200_flat32_heldout,adamw,0.001,60,1.841299,0.839187,0.839187,1.841299,35663.0,35663.0,snorkel_insurance_s2_actions_only_lr1e_3_adamw_nb200_flat32_heldout-act-prm-ia=0-rr=0-ec=act_prm_snorkel_insurance-gc=act_prm_actions_only-tc=sft_flat-rbc=default-nb=200-nt=0-mc=hf_qwen3_4b_-a2c32106
act_prm_snorkel_insurance,s2,snorkel_insurance_s2_actions_only_lr1e_3_adamw_nb200_flat32_heldout,adamw,0.001,65,1.825077,0.841898,0.841898,1.825077,35663.0,35663.0,snorkel_insurance_s2_actions_only_lr1e_3_adamw_nb200_flat32_heldout-act-prm-ia=0-rr=0-ec=act_prm_snorkel_insurance-gc=act_prm_actions_only-tc=sft_flat-rbc=default-nb=200-nt=0-mc=hf_qwen3_4b_-a2c32106
act_prm_snorkel_insurance,s2,snorkel_insurance_s2_actions_only_lr1e_3_adamw_nb200_flat32_heldout,adamw,0.001,70,1.824998,0.842314,0.842314,1.824998,35663.0,35663.0,snorkel_insurance_s2_actions_only_lr1e_3_adamw_nb200_flat32_heldout-act-prm-ia=0-rr=0-ec=act_prm_snorkel_insurance-gc=act_prm_actions_only-tc=sft_flat-rbc=default-nb=200-nt=0-mc=hf_qwen3_4b_-a2c32106
act_prm_snorkel_insurance,s2,snorkel_insurance_s2_actions_only_lr1e_3_adamw_nb200_flat32_heldout,adamw,0.001,75,1.813374,0.84328,0.84328,1.813374,35663.0,35663.0,snorkel_insurance_s2_actions_only_lr1e_3_adamw_nb200_flat32_heldout-act-prm-ia=0-rr=0-ec=act_prm_snorkel_insurance-gc=act_prm_actions_only-tc=sft_flat-rbc=default-nb=200-nt=0-mc=hf_qwen3_4b_-a2c32106
act_prm_snorkel_insurance,s2,snorkel_insurance_s2_actions_only_lr1e_3_adamw_nb200_flat32_heldout,adamw,0.001,80,1.8105,0.845639,0.845639,1.8105,35663.0,35663.0,snorkel_insurance_s2_actions_only_lr1e_3_adamw_nb200_flat32_heldout-act-prm-ia=0-rr=0-ec=act_prm_snorkel_insurance-gc=act_prm_actions_only-tc=sft_flat-rbc=default-nb=200-nt=0-mc=hf_qwen3_4b_-a2c32106
act_prm_snorkel_insurance,s2,snorkel_insurance_s2_actions_only_lr1e_3_adamw_nb200_flat32_heldout,adamw,0.001,85,1.791655,0.845562,0.845562,1.791655,35663.0,35663.0,snorkel_insurance_s2_actions_only_lr1e_3_adamw_nb200_flat32_heldout-act-prm-ia=0-rr=0-ec=act_prm_snorkel_insurance-gc=act_prm_actions_only-tc=sft_flat-rbc=default-nb=200-nt=0-mc=hf_qwen3_4b_-a2c32106
act_prm_snorkel_insurance,s2,snorkel_insurance_s2_actions_only_lr1e_3_adamw_nb200_flat32_heldout,adamw,0.001,90,1.778529,0.847121,0.847121,1.778529,35663.0,35663.0,snorkel_insurance_s2_actions_only_lr1e_3_adamw_nb200_flat32_heldout-act-prm-ia=0-rr=0-ec=act_prm_snorkel_insurance-gc=act_prm_actions_only-tc=sft_flat-rbc=default-nb=200-nt=0-mc=hf_qwen3_4b_-a2c32106
act_prm_snorkel_insurance,s2,snorkel_insurance_s2_actions_only_lr1e_3_adamw_nb200_flat32_heldout,adamw,0.001,95,1.796686,0.845361,0.845361,1.796686,35663.0,35663.0,snorkel_insurance_s2_actions_only_lr1e_3_adamw_nb200_flat32_heldout-act-prm-ia=0-rr=0-ec=act_prm_snorkel_insurance-gc=act_prm_actions_only-tc=sft_flat-rbc=default-nb=200-nt=0-mc=hf_qwen3_4b_-a2c32106
act_prm_snorkel_insurance,s2,snorkel_insurance_s2_actions_only_lr1e_3_adamw_nb200_flat32_heldout,adamw,0.001,100,1.773153,0.84878,0.84878,1.773153,35663.0,35663.0,snorkel_insurance_s2_actions_only_lr1e_3_adamw_nb200_flat32_heldout-act-prm-ia=0-rr=0-ec=act_prm_snorkel_insurance-gc=act_prm_actions_only-tc=sft_flat-rbc=default-nb=200-nt=0-mc=hf_qwen3_4b_-a2c32106
act_prm_snorkel_insurance,s2,snorkel_insurance_s2_actions_only_lr1e_3_adamw_nb200_flat32_heldout,adamw,0.001,105,1.772479,0.848643,0.848643,1.772479,35663.0,35663.0,snorkel_insurance_s2_actions_only_lr1e_3_adamw_nb200_flat32_heldout-act-prm-ia=0-rr=0-ec=act_prm_snorkel_insurance-gc=act_prm_actions_only-tc=sft_flat-rbc=default-nb=200-nt=0-mc=hf_qwen3_4b_-a2c32106
act_prm_snorkel_insurance,s2,snorkel_insurance_s2_actions_only_lr1e_3_adamw_nb200_flat32_heldout,adamw,0.001,110,1.787645,0.848352,0.848352,1.787645,35663.0,35663.0,snorkel_insurance_s2_actions_only_lr1e_3_adamw_nb200_flat32_heldout-act-prm-ia=0-rr=0-ec=act_prm_snorkel_insurance-gc=act_prm_actions_only-tc=sft_flat-rbc=default-nb=200-nt=0-mc=hf_qwen3_4b_-a2c32106
act_prm_snorkel_insurance,s2,snorkel_insurance_s2_actions_only_lr1e_3_adamw_nb200_flat32_heldout,adamw,0.001,115,1.774743,0.850233,0.850233,1.774743,35663.0,35663.0,snorkel_insurance_s2_actions_only_lr1e_3_adamw_nb200_flat32_heldout-act-prm-ia=0-rr=0-ec=act_prm_snorkel_insurance-gc=act_prm_actions_only-tc=sft_flat-rbc=default-nb=200-nt=0-mc=hf_qwen3_4b_-a2c32106
act_prm_snorkel_insurance,s2,snorkel_insurance_s2_actions_only_lr1e_3_adamw_nb200_flat32_heldout,adamw,0.001,120,1.759754,0.850294,0.850294,1.759754,35663.0,35663.0,snorkel_insurance_s2_actions_only_lr1e_3_adamw_nb200_flat32_heldout-act-prm-ia=0-rr=0-ec=act_prm_snorkel_insurance-gc=act_prm_actions_only-tc=sft_flat-rbc=default-nb=200-nt=0-mc=hf_qwen3_4b_-a2c32106
act_prm_snorkel_insurance,s2,snorkel_insurance_s2_actions_only_lr1e_3_adamw_nb200_flat32_heldout,adamw,0.001,125,1.775911,0.848166,0.848166,1.775911,35663.0,35663.0,snorkel_insurance_s2_actions_only_lr1e_3_adamw_nb200_flat32_heldout-act-prm-ia=0-rr=0-ec=act_prm_snorkel_insurance-gc=act_prm_actions_only-tc=sft_flat-rbc=default-nb=200-nt=0-mc=hf_qwen3_4b_-a2c32106
act_prm_snorkel_insurance,s2,snorkel_insurance_s2_actions_only_lr1e_3_adamw_nb200_flat32_heldout,adamw,0.001,130,1.79255,0.84618,0.84618,1.79255,35663.0,35663.0,snorkel_insurance_s2_actions_only_lr1e_3_adamw_nb200_flat32_heldout-act-prm-ia=0-rr=0-ec=act_prm_snorkel_insurance-gc=act_prm_actions_only-tc=sft_flat-rbc=default-nb=200-nt=0-mc=hf_qwen3_4b_-a2c32106
act_prm_snorkel_insurance,s2,snorkel_insurance_s2_actions_only_lr1e_3_adamw_nb200_flat32_heldout,adamw,0.001,135,1.796959,0.848501,0.848501,1.796959,35663.0,35663.0,snorkel_insurance_s2_actions_only_lr1e_3_adamw_nb200_flat32_heldout-act-prm-ia=0-rr=0-ec=act_prm_snorkel_insurance-gc=act_prm_actions_only-tc=sft_flat-rbc=default-nb=200-nt=0-mc=hf_qwen3_4b_-a2c32106
act_prm_snorkel_insurance,s2,snorkel_insurance_s2_actions_only_lr1e_3_adamw_nb200_flat32_heldout,adamw,0.001,140,1.77502,0.847156,0.847156,1.77502,35663.0,35663.0,snorkel_insurance_s2_actions_only_lr1e_3_adamw_nb200_flat32_heldout-act-prm-ia=0-rr=0-ec=act_prm_snorkel_insurance-gc=act_prm_actions_only-tc=sft_flat-rbc=default-nb=200-nt=0-mc=hf_qwen3_4b_-a2c32106
act_prm_snorkel_insurance,s2,snorkel_insurance_s2_actions_only_lr1e_3_adamw_nb200_flat32_heldout,adamw,0.001,145,1.796171,0.847004,0.847004,1.796171,35663.0,35663.0,snorkel_insurance_s2_actions_only_lr1e_3_adamw_nb200_flat32_heldout-act-prm-ia=0-rr=0-ec=act_prm_snorkel_insurance-gc=act_prm_actions_only-tc=sft_flat-rbc=default-nb=200-nt=0-mc=hf_qwen3_4b_-a2c32106
act_prm_snorkel_insurance,s2,snorkel_insurance_s2_actions_only_lr1e_3_adamw_nb200_flat32_heldout,adamw,0.001,150,1.796585,0.848384,0.848384,1.796585,35663.0,35663.0,snorkel_insurance_s2_actions_only_lr1e_3_adamw_nb200_flat32_heldout-act-prm-ia=0-rr=0-ec=act_prm_snorkel_insurance-gc=act_prm_actions_only-tc=sft_flat-rbc=default-nb=200-nt=0-mc=hf_qwen3_4b_-a2c32106
act_prm_snorkel_insurance,s2,snorkel_insurance_s2_actions_only_lr1e_3_nb200_flat32sgd_heldout,sgd,0.001,5,5.375352,0.747784,0.747784,5.375352,35663.0,35663.0,snorkel_insurance_s2_actions_only_lr1e_3_nb200_flat32sgd_heldout-act-prm-ia=0-rr=0-ec=act_prm_snorkel_insurance-gc=act_prm_actions_only-tc=sft_flat-rbc=default-nb=200-nt=0-mc=hf_qwen3_4b_ins-843a326f
act_prm_snorkel_insurance,s2,snorkel_insurance_s2_actions_only_lr1e_3_nb200_flat32sgd_heldout,sgd,0.001,10,5.359639,0.747924,0.747924,5.359639,35663.0,35663.0,snorkel_insurance_s2_actions_only_lr1e_3_nb200_flat32sgd_heldout-act-prm-ia=0-rr=0-ec=act_prm_snorkel_insurance-gc=act_prm_actions_only-tc=sft_flat-rbc=default-nb=200-nt=0-mc=hf_qwen3_4b_ins-843a326f
act_prm_snorkel_insurance,s2,snorkel_insurance_s2_actions_only_lr1e_3_nb200_flat32sgd_heldout,sgd,0.001,15,5.320767,0.74833,0.74833,5.320767,35663.0,35663.0,snorkel_insurance_s2_actions_only_lr1e_3_nb200_flat32sgd_heldout-act-prm-ia=0-rr=0-ec=act_prm_snorkel_insurance-gc=act_prm_actions_only-tc=sft_flat-rbc=default-nb=200-nt=0-mc=hf_qwen3_4b_ins-843a326f
act_prm_snorkel_insurance,s2,snorkel_insurance_s2_actions_only_lr1e_3_nb200_flat32sgd_heldout,sgd,0.001,20,5.272822,0.748477,0.748477,5.272822,35663.0,35663.0,snorkel_insurance_s2_actions_only_lr1e_3_nb200_flat32sgd_heldout-act-prm-ia=0-rr=0-ec=act_prm_snorkel_insurance-gc=act_prm_actions_only-tc=sft_flat-rbc=default-nb=200-nt=0-mc=hf_qwen3_4b_ins-843a326f
act_prm_snorkel_insurance,s2,snorkel_insurance_s2_actions_only_lr1e_3_nb200_flat32sgd_heldout,sgd,0.001,25,5.22945,0.748779,0.748779,5.22945,35663.0,35663.0,snorkel_insurance_s2_actions_only_lr1e_3_nb200_flat32sgd_heldout-act-prm-ia=0-rr=0-ec=act_prm_snorkel_insurance-gc=act_prm_actions_only-tc=sft_flat-rbc=default-nb=200-nt=0-mc=hf_qwen3_4b_ins-843a326f
act_prm_snorkel_insurance,s2,snorkel_insurance_s2_actions_only_lr1e_3_nb200_flat32sgd_heldout,sgd,0.001,30,5.153979,0.749092,0.749092,5.153979,35663.0,35663.0,snorkel_insurance_s2_actions_only_lr1e_3_nb200_flat32sgd_heldout-act-prm-ia=0-rr=0-ec=act_prm_snorkel_insurance-gc=act_prm_actions_only-tc=sft_flat-rbc=default-nb=200-nt=0-mc=hf_qwen3_4b_ins-843a326f
act_prm_snorkel_insurance,s2,snorkel_insurance_s2_actions_only_lr1e_3_nb200_flat32sgd_heldout,sgd,0.001,35,5.094935,0.749363,0.749363,5.094935,35663.0,35663.0,snorkel_insurance_s2_actions_only_lr1e_3_nb200_flat32sgd_heldout-act-prm-ia=0-rr=0-ec=act_prm_snorkel_insurance-gc=act_prm_actions_only-tc=sft_flat-rbc=default-nb=200-nt=0-mc=hf_qwen3_4b_ins-843a326f
act_prm_snorkel_insurance,s2,snorkel_insurance_s2_actions_only_lr1e_3_nb200_flat32sgd_heldout,sgd,0.001,40,5.024023,0.749625,0.749625,5.024023,35663.0,35663.0,snorkel_insurance_s2_actions_only_lr1e_3_nb200_flat32sgd_heldout-act-prm-ia=0-rr=0-ec=act_prm_snorkel_insurance-gc=act_prm_actions_only-tc=sft_flat-rbc=default-nb=200-nt=0-mc=hf_qwen3_4b_ins-843a326f
act_prm_snorkel_insurance,s2,snorkel_insurance_s2_actions_only_lr1e_3_nb200_flat32sgd_heldout,sgd,0.001,45,4.936798,0.750894,0.750894,4.936798,35663.0,35663.0,snorkel_insurance_s2_actions_only_lr1e_3_nb200_flat32sgd_heldout-act-prm-ia=0-rr=0-ec=act_prm_snorkel_insurance-gc=act_prm_actions_only-tc=sft_flat-rbc=default-nb=200-nt=0-mc=hf_qwen3_4b_ins-843a326f
act_prm_snorkel_insurance,s2,snorkel_insurance_s2_actions_only_lr1e_3_nb200_flat32sgd_heldout,sgd,0.001,50,4.838037,0.751272,0.751272,4.838037,35663.0,35663.0,snorkel_insurance_s2_actions_only_lr1e_3_nb200_flat32sgd_heldout-act-prm-ia=0-rr=0-ec=act_prm_snorkel_insurance-gc=act_prm_actions_only-tc=sft_flat-rbc=default-nb=200-nt=0-mc=hf_qwen3_4b_ins-843a326f
act_prm_snorkel_insurance,s2,snorkel_insurance_s2_actions_only_lr1e_3_nb200_flat32sgd_heldout,sgd,0.001,55,4.712989,0.752978,0.752978,4.712989,35663.0,35663.0,snorkel_insurance_s2_actions_only_lr1e_3_nb200_flat32sgd_heldout-act-prm-ia=0-rr=0-ec=act_prm_snorkel_insurance-gc=act_prm_actions_only-tc=sft_flat-rbc=default-nb=200-nt=0-mc=hf_qwen3_4b_ins-843a326f
act_prm_snorkel_insurance,s2,snorkel_insurance_s2_actions_only_lr1e_3_nb200_flat32sgd_heldout,sgd,0.001,60,4.597241,0.753607,0.753607,4.597241,35663.0,35663.0,snorkel_insurance_s2_actions_only_lr1e_3_nb200_flat32sgd_heldout-act-prm-ia=0-rr=0-ec=act_prm_snorkel_insurance-gc=act_prm_actions_only-tc=sft_flat-rbc=default-nb=200-nt=0-mc=hf_qwen3_4b_ins-843a326f
act_prm_snorkel_insurance,s2,snorkel_insurance_s2_actions_only_lr1e_3_nb200_flat32sgd_heldout,sgd,0.001,65,4.453558,0.754773,0.754773,4.453558,35663.0,35663.0,snorkel_insurance_s2_actions_only_lr1e_3_nb200_flat32sgd_heldout-act-prm-ia=0-rr=0-ec=act_prm_snorkel_insurance-gc=act_prm_actions_only-tc=sft_flat-rbc=default-nb=200-nt=0-mc=hf_qwen3_4b_ins-843a326f
act_prm_snorkel_insurance,s2,snorkel_insurance_s2_actions_only_lr1e_3_nb200_flat32sgd_heldout,sgd,0.001,70,4.271865,0.75637,0.75637,4.271865,35663.0,35663.0,snorkel_insurance_s2_actions_only_lr1e_3_nb200_flat32sgd_heldout-act-prm-ia=0-rr=0-ec=act_prm_snorkel_insurance-gc=act_prm_actions_only-tc=sft_flat-rbc=default-nb=200-nt=0-mc=hf_qwen3_4b_ins-843a326f
act_prm_snorkel_insurance,s2,snorkel_insurance_s2_actions_only_lr1e_3_nb200_flat32sgd_heldout,sgd,0.001,75,4.122711,0.757353,0.757353,4.122711,35663.0,35663.0,snorkel_insurance_s2_actions_only_lr1e_3_nb200_flat32sgd_heldout-act-prm-ia=0-rr=0-ec=act_prm_snorkel_insurance-gc=act_prm_actions_only-tc=sft_flat-rbc=default-nb=200-nt=0-mc=hf_qwen3_4b_ins-843a326f
act_prm_snorkel_insurance,s2,snorkel_insurance_s2_actions_only_lr1e_3_nb200_flat32sgd_heldout,sgd,0.001,80,3.971598,0.758374,0.758374,3.971598,35663.0,35663.0,snorkel_insurance_s2_actions_only_lr1e_3_nb200_flat32sgd_heldout-act-prm-ia=0-rr=0-ec=act_prm_snorkel_insurance-gc=act_prm_actions_only-tc=sft_flat-rbc=default-nb=200-nt=0-mc=hf_qwen3_4b_ins-843a326f
act_prm_snorkel_insurance,s2,snorkel_insurance_s2_actions_only_lr1e_3_nb200_flat32sgd_heldout,sgd,0.001,85,3.823819,0.759091,0.759091,3.823819,35663.0,35663.0,snorkel_insurance_s2_actions_only_lr1e_3_nb200_flat32sgd_heldout-act-prm-ia=0-rr=0-ec=act_prm_snorkel_insurance-gc=act_prm_actions_only-tc=sft_flat-rbc=default-nb=200-nt=0-mc=hf_qwen3_4b_ins-843a326f
act_prm_snorkel_insurance,s2,snorkel_insurance_s2_actions_only_lr1e_3_nb200_flat32sgd_heldout,sgd,0.001,90,3.675813,0.760087,0.760087,3.675813,35663.0,35663.0,snorkel_insurance_s2_actions_only_lr1e_3_nb200_flat32sgd_heldout-act-prm-ia=0-rr=0-ec=act_prm_snorkel_insurance-gc=act_prm_actions_only-tc=sft_flat-rbc=default-nb=200-nt=0-mc=hf_qwen3_4b_ins-843a326f
act_prm_snorkel_insurance,s2,snorkel_insurance_s2_actions_only_lr1e_3_nb200_flat32sgd_heldout,sgd,0.001,95,3.56453,0.76099,0.76099,3.56453,35663.0,35663.0,snorkel_insurance_s2_actions_only_lr1e_3_nb200_flat32sgd_heldout-act-prm-ia=0-rr=0-ec=act_prm_snorkel_insurance-gc=act_prm_actions_only-tc=sft_flat-rbc=default-nb=200-nt=0-mc=hf_qwen3_4b_ins-843a326f
act_prm_snorkel_insurance,s2,snorkel_insurance_s2_actions_only_lr1e_3_nb200_flat32sgd_heldout,sgd,0.001,100,3.461829,0.763171,0.763171,3.461829,35663.0,35663.0,snorkel_insurance_s2_actions_only_lr1e_3_nb200_flat32sgd_heldout-act-prm-ia=0-rr=0-ec=act_prm_snorkel_insurance-gc=act_prm_actions_only-tc=sft_flat-rbc=default-nb=200-nt=0-mc=hf_qwen3_4b_ins-843a326f
act_prm_snorkel_insurance,s2,snorkel_insurance_s2_actions_only_lr1e_3_nb200_flat32sgd_heldout,sgd,0.001,105,3.365421,0.764574,0.764574,3.365421,35663.0,35663.0,snorkel_insurance_s2_actions_only_lr1e_3_nb200_flat32sgd_heldout-act-prm-ia=0-rr=0-ec=act_prm_snorkel_insurance-gc=act_prm_actions_only-tc=sft_flat-rbc=default-nb=200-nt=0-mc=hf_qwen3_4b_ins-843a326f
act_prm_snorkel_insurance,s2,snorkel_insurance_s2_actions_only_lr1e_3_nb200_flat32sgd_heldout,sgd,0.001,110,3.287509,0.765198,0.765198,3.287509,35663.0,35663.0,snorkel_insurance_s2_actions_only_lr1e_3_nb200_flat32sgd_heldout-act-prm-ia=0-rr=0-ec=act_prm_snorkel_insurance-gc=act_prm_actions_only-tc=sft_flat-rbc=default-nb=200-nt=0-mc=hf_qwen3_4b_ins-843a326f
act_prm_snorkel_insurance,s2,snorkel_insurance_s2_actions_only_lr1e_3_nb200_flat32sgd_heldout,sgd,0.001,115,3.220807,0.765756,0.765756,3.220807,35663.0,35663.0,snorkel_insurance_s2_actions_only_lr1e_3_nb200_flat32sgd_heldout-act-prm-ia=0-rr=0-ec=act_prm_snorkel_insurance-gc=act_prm_actions_only-tc=sft_flat-rbc=default-nb=200-nt=0-mc=hf_qwen3_4b_ins-843a326f
act_prm_snorkel_insurance,s2,snorkel_insurance_s2_actions_only_lr1e_3_nb200_flat32sgd_heldout,sgd,0.001,120,3.162668,0.766145,0.766145,3.162668,35663.0,35663.0,snorkel_insurance_s2_actions_only_lr1e_3_nb200_flat32sgd_heldout-act-prm-ia=0-rr=0-ec=act_prm_snorkel_insurance-gc=act_prm_actions_only-tc=sft_flat-rbc=default-nb=200-nt=0-mc=hf_qwen3_4b_ins-843a326f
act_prm_snorkel_insurance,s2,snorkel_insurance_s2_actions_only_lr1e_3_nb200_flat32sgd_heldout,sgd,0.001,125,3.115377,0.766558,0.766558,3.115377,35663.0,35663.0,snorkel_insurance_s2_actions_only_lr1e_3_nb200_flat32sgd_heldout-act-prm-ia=0-rr=0-ec=act_prm_snorkel_insurance-gc=act_prm_actions_only-tc=sft_flat-rbc=default-nb=200-nt=0-mc=hf_qwen3_4b_ins-843a326f
act_prm_snorkel_insurance,s2,snorkel_insurance_s2_actions_only_lr1e_3_nb200_flat32sgd_heldout,sgd,0.001,130,3.072046,0.766634,0.766634,3.072046,35663.0,35663.0,snorkel_insurance_s2_actions_only_lr1e_3_nb200_flat32sgd_heldout-act-prm-ia=0-rr=0-ec=act_prm_snorkel_insurance-gc=act_prm_actions_only-tc=sft_flat-rbc=default-nb=200-nt=0-mc=hf_qwen3_4b_ins-843a326f
act_prm_snorkel_insurance,s2,snorkel_insurance_s2_actions_only_lr1e_3_nb200_flat32sgd_heldout,sgd,0.001,135,3.031849,0.766719,0.766719,3.031849,35663.0,35663.0,snorkel_insurance_s2_actions_only_lr1e_3_nb200_flat32sgd_heldout-act-prm-ia=0-rr=0-ec=act_prm_snorkel_insurance-gc=act_prm_actions_only-tc=sft_flat-rbc=default-nb=200-nt=0-mc=hf_qwen3_4b_ins-843a326f
act_prm_snorkel_insurance,s2,snorkel_insurance_s2_actions_only_lr1e_3_nb200_flat32sgd_heldout,sgd,0.001,140,2.998446,0.767098,0.767098,2.998446,35663.0,35663.0,snorkel_insurance_s2_actions_only_lr1e_3_nb200_flat32sgd_heldout-act-prm-ia=0-rr=0-ec=act_prm_snorkel_insurance-gc=act_prm_actions_only-tc=sft_flat-rbc=default-nb=200-nt=0-mc=hf_qwen3_4b_ins-843a326f
act_prm_snorkel_insurance,s2,snorkel_insurance_s2_actions_only_lr1e_3_nb200_flat32sgd_heldout,sgd,0.001,145,2.972513,0.766791,0.766791,2.972513,35663.0,35663.0,snorkel_insurance_s2_actions_only_lr1e_3_nb200_flat32sgd_heldout-act-prm-ia=0-rr=0-ec=act_prm_snorkel_insurance-gc=act_prm_actions_only-tc=sft_flat-rbc=default-nb=200-nt=0-mc=hf_qwen3_4b_ins-843a326f
act_prm_snorkel_insurance,s2,snorkel_insurance_s2_actions_only_lr1e_3_nb200_flat32sgd_heldout,sgd,0.001,150,2.945065,0.767309,0.767309,2.945065,35663.0,35663.0,snorkel_insurance_s2_actions_only_lr1e_3_nb200_flat32sgd_heldout-act-prm-ia=0-rr=0-ec=act_prm_snorkel_insurance-gc=act_prm_actions_only-tc=sft_flat-rbc=default-nb=200-nt=0-mc=hf_qwen3_4b_ins-843a326f
act_prm_snorkel_insurance,s2,snorkel_insurance_s2_actions_only_lr1e_3_nb200_flat32sgd_heldout,sgd,0.001,155,2.926009,0.767743,0.767743,2.926009,35663.0,35663.0,snorkel_insurance_s2_actions_only_lr1e_3_nb200_flat32sgd_heldout-act-prm-ia=0-rr=0-ec=act_prm_snorkel_insurance-gc=act_prm_actions_only-tc=sft_flat-rbc=default-nb=200-nt=0-mc=hf_qwen3_4b_ins-843a326f
act_prm_snorkel_insurance,s2,snorkel_insurance_s2_actions_only_lr1e_3_nb200_flat32sgd_heldout,sgd,0.001,160,2.903516,0.767891,0.767891,2.903516,35663.0,35663.0,snorkel_insurance_s2_actions_only_lr1e_3_nb200_flat32sgd_heldout-act-prm-ia=0-rr=0-ec=act_prm_snorkel_insurance-gc=act_prm_actions_only-tc=sft_flat-rbc=default-nb=200-nt=0-mc=hf_qwen3_4b_ins-843a326f
act_prm_snorkel_insurance,s2,snorkel_insurance_s2_actions_only_lr1e_3_nb200_flat32sgd_heldout,sgd,0.001,165,2.889704,0.768208,0.768208,2.889704,35663.0,35663.0,snorkel_insurance_s2_actions_only_lr1e_3_nb200_flat32sgd_heldout-act-prm-ia=0-rr=0-ec=act_prm_snorkel_insurance-gc=act_prm_actions_only-tc=sft_flat-rbc=default-nb=200-nt=0-mc=hf_qwen3_4b_ins-843a326f
act_prm_snorkel_insurance,s2,snorkel_insurance_s2_actions_only_lr1e_3_nb200_flat32sgd_heldout,sgd,0.001,170,2.874969,0.767996,0.767996,2.874969,35663.0,35663.0,snorkel_insurance_s2_actions_only_lr1e_3_nb200_flat32sgd_heldout-act-prm-ia=0-rr=0-ec=act_prm_snorkel_insurance-gc=act_prm_actions_only-tc=sft_flat-rbc=default-nb=200-nt=0-mc=hf_qwen3_4b_ins-843a326f
act_prm_snorkel_insurance,s2,snorkel_insurance_s2_actions_only_lr1e_3_nb200_flat32sgd_heldout,sgd,0.001,175,2.858934,0.768072,0.768072,2.858934,35663.0,35663.0,snorkel_insurance_s2_actions_only_lr1e_3_nb200_flat32sgd_heldout-act-prm-ia=0-rr=0-ec=act_prm_snorkel_insurance-gc=act_prm_actions_only-tc=sft_flat-rbc=default-nb=200-nt=0-mc=hf_qwen3_4b_ins-843a326f
act_prm_snorkel_insurance,s2,snorkel_insurance_s2_actions_only_lr1e_3_nb200_flat32sgd_heldout,sgd,0.001,180,2.844419,0.768188,0.768188,2.844419,35663.0,35663.0,snorkel_insurance_s2_actions_only_lr1e_3_nb200_flat32sgd_heldout-act-prm-ia=0-rr=0-ec=act_prm_snorkel_insurance-gc=act_prm_actions_only-tc=sft_flat-rbc=default-nb=200-nt=0-mc=hf_qwen3_4b_ins-843a326f
act_prm_snorkel_insurance,s2,snorkel_insurance_s2_actions_only_lr1e_3_nb200_flat32sgd_heldout,sgd,0.001,185,2.835613,0.767429,0.767429,2.835613,35663.0,35663.0,snorkel_insurance_s2_actions_only_lr1e_3_nb200_flat32sgd_heldout-act-prm-ia=0-rr=0-ec=act_prm_snorkel_insurance-gc=act_prm_actions_only-tc=sft_flat-rbc=default-nb=200-nt=0-mc=hf_qwen3_4b_ins-843a326f
act_prm_snorkel_insurance,s2,snorkel_insurance_s2_actions_only_lr1e_3_nb200_flat32sgd_heldout,sgd,0.001,190,2.824075,0.767856,0.767856,2.824075,35663.0,35663.0,snorkel_insurance_s2_actions_only_lr1e_3_nb200_flat32sgd_heldout-act-prm-ia=0-rr=0-ec=act_prm_snorkel_insurance-gc=act_prm_actions_only-tc=sft_flat-rbc=default-nb=200-nt=0-mc=hf_qwen3_4b_ins-843a326f
act_prm_snorkel_insurance,s2,snorkel_insurance_s2_actions_only_lr1e_3_nb200_flat32sgd_heldout,sgd,0.001,195,2.813298,0.767631,0.767631,2.813298,35663.0,35663.0,snorkel_insurance_s2_actions_only_lr1e_3_nb200_flat32sgd_heldout-act-prm-ia=0-rr=0-ec=act_prm_snorkel_insurance-gc=act_prm_actions_only-tc=sft_flat-rbc=default-nb=200-nt=0-mc=hf_qwen3_4b_ins-843a326f
act_prm_snorkel_insurance,s2,snorkel_insurance_s2_actions_only_lr1e_3_nb200_flat32sgd_heldout,sgd,0.001,199,2.804928,0.767876,0.767876,2.804928,35663.0,35663.0,snorkel_insurance_s2_actions_only_lr1e_3_nb200_flat32sgd_heldout-act-prm-ia=0-rr=0-ec=act_prm_snorkel_insurance-gc=act_prm_actions_only-tc=sft_flat-rbc=default-nb=200-nt=0-mc=hf_qwen3_4b_ins-843a326f
act_prm_snorkel_insurance,s2,snorkel_insurance_s2_expert_thoughts_all_lr1e_3_nb200_flat32sgd_heldout,sgd,0.001,5,3.53425,0.790085,0.629173,7.757713,35663.0,80121.0,snorkel_insurance_s2_expert_thoughts_all_lr1e_3_nb200_flat32sgd_heldout-act-prm-ia=0-rr=0-ec=act_prm_snorkel_insurance-gc=act_prm_actions_only-tc=sft_flat-rbc=default-nb=200-nt=0-mc=hf_qwen3-b51583f4
act_prm_snorkel_insurance,s2,snorkel_insurance_s2_expert_thoughts_all_lr1e_3_nb200_flat32sgd_heldout,sgd,0.001,10,3.516636,0.790002,0.629484,7.667275,35663.0,80121.0,snorkel_insurance_s2_expert_thoughts_all_lr1e_3_nb200_flat32sgd_heldout-act-prm-ia=0-rr=0-ec=act_prm_snorkel_insurance-gc=act_prm_actions_only-tc=sft_flat-rbc=default-nb=200-nt=0-mc=hf_qwen3-b51583f4
act_prm_snorkel_insurance,s2,snorkel_insurance_s2_expert_thoughts_all_lr1e_3_nb200_flat32sgd_heldout,sgd,0.001,15,3.497498,0.790203,0.630315,7.5657,35663.0,80121.0,snorkel_insurance_s2_expert_thoughts_all_lr1e_3_nb200_flat32sgd_heldout-act-prm-ia=0-rr=0-ec=act_prm_snorkel_insurance-gc=act_prm_actions_only-tc=sft_flat-rbc=default-nb=200-nt=0-mc=hf_qwen3-b51583f4
act_prm_snorkel_insurance,s2,snorkel_insurance_s2_expert_thoughts_all_lr1e_3_nb200_flat32sgd_heldout,sgd,0.001,20,3.468314,0.790711,0.6313,7.417046,35663.0,80121.0,snorkel_insurance_s2_expert_thoughts_all_lr1e_3_nb200_flat32sgd_heldout-act-prm-ia=0-rr=0-ec=act_prm_snorkel_insurance-gc=act_prm_actions_only-tc=sft_flat-rbc=default-nb=200-nt=0-mc=hf_qwen3-b51583f4
act_prm_snorkel_insurance,s2,snorkel_insurance_s2_expert_thoughts_all_lr1e_3_nb200_flat32sgd_heldout,sgd,0.001,25,3.442566,0.790492,0.631853,7.271855,35663.0,80121.0,snorkel_insurance_s2_expert_thoughts_all_lr1e_3_nb200_flat32sgd_heldout-act-prm-ia=0-rr=0-ec=act_prm_snorkel_insurance-gc=act_prm_actions_only-tc=sft_flat-rbc=default-nb=200-nt=0-mc=hf_qwen3-b51583f4
act_prm_snorkel_insurance,s2,snorkel_insurance_s2_expert_thoughts_all_lr1e_3_nb200_flat32sgd_heldout,sgd,0.001,30,3.415889,0.790179,0.633056,7.118541,35663.0,80121.0,snorkel_insurance_s2_expert_thoughts_all_lr1e_3_nb200_flat32sgd_heldout-act-prm-ia=0-rr=0-ec=act_prm_snorkel_insurance-gc=act_prm_actions_only-tc=sft_flat-rbc=default-nb=200-nt=0-mc=hf_qwen3-b51583f4
act_prm_snorkel_insurance,s2,snorkel_insurance_s2_expert_thoughts_all_lr1e_3_nb200_flat32sgd_heldout,sgd,0.001,35,3.377507,0.791049,0.633826,6.937461,35663.0,80121.0,snorkel_insurance_s2_expert_thoughts_all_lr1e_3_nb200_flat32sgd_heldout-act-prm-ia=0-rr=0-ec=act_prm_snorkel_insurance-gc=act_prm_actions_only-tc=sft_flat-rbc=default-nb=200-nt=0-mc=hf_qwen3-b51583f4
act_prm_snorkel_insurance,s2,snorkel_insurance_s2_expert_thoughts_all_lr1e_3_nb200_flat32sgd_heldout,sgd,0.001,40,3.334968,0.791129,0.635503,6.730114,35663.0,80121.0,snorkel_insurance_s2_expert_thoughts_all_lr1e_3_nb200_flat32sgd_heldout-act-prm-ia=0-rr=0-ec=act_prm_snorkel_insurance-gc=act_prm_actions_only-tc=sft_flat-rbc=default-nb=200-nt=0-mc=hf_qwen3-b51583f4
act_prm_snorkel_insurance,s2,snorkel_insurance_s2_expert_thoughts_all_lr1e_3_nb200_flat32sgd_heldout,sgd,0.001,45,3.283374,0.791706,0.636941,6.509467,35663.0,80121.0,snorkel_insurance_s2_expert_thoughts_all_lr1e_3_nb200_flat32sgd_heldout-act-prm-ia=0-rr=0-ec=act_prm_snorkel_insurance-gc=act_prm_actions_only-tc=sft_flat-rbc=default-nb=200-nt=0-mc=hf_qwen3-b51583f4
act_prm_snorkel_insurance,s2,snorkel_insurance_s2_expert_thoughts_all_lr1e_3_nb200_flat32sgd_heldout,sgd,0.001,50,3.236501,0.791946,0.638085,6.298681,35663.0,80121.0,snorkel_insurance_s2_expert_thoughts_all_lr1e_3_nb200_flat32sgd_heldout-act-prm-ia=0-rr=0-ec=act_prm_snorkel_insurance-gc=act_prm_actions_only-tc=sft_flat-rbc=default-nb=200-nt=0-mc=hf_qwen3-b51583f4
act_prm_snorkel_insurance,s2,snorkel_insurance_s2_expert_thoughts_all_lr1e_3_nb200_flat32sgd_heldout,sgd,0.001,55,3.181571,0.792117,0.640143,6.070764,35663.0,80121.0,snorkel_insurance_s2_expert_thoughts_all_lr1e_3_nb200_flat32sgd_heldout-act-prm-ia=0-rr=0-ec=act_prm_snorkel_insurance-gc=act_prm_actions_only-tc=sft_flat-rbc=default-nb=200-nt=0-mc=hf_qwen3-b51583f4
act_prm_snorkel_insurance,s2,snorkel_insurance_s2_expert_thoughts_all_lr1e_3_nb200_flat32sgd_heldout,sgd,0.001,60,3.12361,0.79266,0.642165,5.842179,35663.0,80121.0,snorkel_insurance_s2_expert_thoughts_all_lr1e_3_nb200_flat32sgd_heldout-act-prm-ia=0-rr=0-ec=act_prm_snorkel_insurance-gc=act_prm_actions_only-tc=sft_flat-rbc=default-nb=200-nt=0-mc=hf_qwen3-b51583f4
act_prm_snorkel_insurance,s2,snorkel_insurance_s2_expert_thoughts_all_lr1e_3_nb200_flat32sgd_heldout,sgd,0.001,65,3.072298,0.793315,0.64401,5.630701,35663.0,80121.0,snorkel_insurance_s2_expert_thoughts_all_lr1e_3_nb200_flat32sgd_heldout-act-prm-ia=0-rr=0-ec=act_prm_snorkel_insurance-gc=act_prm_actions_only-tc=sft_flat-rbc=default-nb=200-nt=0-mc=hf_qwen3-b51583f4
act_prm_snorkel_insurance,s2,snorkel_insurance_s2_expert_thoughts_all_lr1e_3_nb200_flat32sgd_heldout,sgd,0.001,70,3.01441,0.793738,0.645977,5.437948,35663.0,80121.0,snorkel_insurance_s2_expert_thoughts_all_lr1e_3_nb200_flat32sgd_heldout-act-prm-ia=0-rr=0-ec=act_prm_snorkel_insurance-gc=act_prm_actions_only-tc=sft_flat-rbc=default-nb=200-nt=0-mc=hf_qwen3-b51583f4
act_prm_snorkel_insurance,s2,snorkel_insurance_s2_expert_thoughts_all_lr1e_3_nb200_flat32sgd_heldout,sgd,0.001,75,2.958129,0.793679,0.648227,5.250296,35663.0,80121.0,snorkel_insurance_s2_expert_thoughts_all_lr1e_3_nb200_flat32sgd_heldout-act-prm-ia=0-rr=0-ec=act_prm_snorkel_insurance-gc=act_prm_actions_only-tc=sft_flat-rbc=default-nb=200-nt=0-mc=hf_qwen3-b51583f4
act_prm_snorkel_insurance,s2,snorkel_insurance_s2_expert_thoughts_all_lr1e_3_nb200_flat32sgd_heldout,sgd,0.001,80,2.91161,0.79415,0.649822,5.096732,35663.0,80121.0,snorkel_insurance_s2_expert_thoughts_all_lr1e_3_nb200_flat32sgd_heldout-act-prm-ia=0-rr=0-ec=act_prm_snorkel_insurance-gc=act_prm_actions_only-tc=sft_flat-rbc=default-nb=200-nt=0-mc=hf_qwen3-b51583f4
act_prm_snorkel_insurance,s2,snorkel_insurance_s2_expert_thoughts_all_lr1e_3_nb200_flat32sgd_heldout,sgd,0.001,85,2.874707,0.794267,0.65087,4.976125,35663.0,80121.0,snorkel_insurance_s2_expert_thoughts_all_lr1e_3_nb200_flat32sgd_heldout-act-prm-ia=0-rr=0-ec=act_prm_snorkel_insurance-gc=act_prm_actions_only-tc=sft_flat-rbc=default-nb=200-nt=0-mc=hf_qwen3-b51583f4
act_prm_snorkel_insurance,s2,snorkel_insurance_s2_expert_thoughts_all_lr1e_3_nb200_flat32sgd_heldout,sgd,0.001,90,2.837241,0.794456,0.652002,4.86708,35663.0,80121.0,snorkel_insurance_s2_expert_thoughts_all_lr1e_3_nb200_flat32sgd_heldout-act-prm-ia=0-rr=0-ec=act_prm_snorkel_insurance-gc=act_prm_actions_only-tc=sft_flat-rbc=default-nb=200-nt=0-mc=hf_qwen3-b51583f4
act_prm_snorkel_insurance,s2,snorkel_insurance_s2_expert_thoughts_all_lr1e_3_nb200_flat32sgd_heldout,sgd,0.001,95,2.801831,0.79451,0.653239,4.773546,35663.0,80121.0,snorkel_insurance_s2_expert_thoughts_all_lr1e_3_nb200_flat32sgd_heldout-act-prm-ia=0-rr=0-ec=act_prm_snorkel_insurance-gc=act_prm_actions_only-tc=sft_flat-rbc=default-nb=200-nt=0-mc=hf_qwen3-b51583f4
act_prm_snorkel_insurance,s2,snorkel_insurance_s2_expert_thoughts_all_lr1e_3_nb200_flat32sgd_heldout,sgd,0.001,100,2.776996,0.794105,0.654056,4.702661,35663.0,80121.0,snorkel_insurance_s2_expert_thoughts_all_lr1e_3_nb200_flat32sgd_heldout-act-prm-ia=0-rr=0-ec=act_prm_snorkel_insurance-gc=act_prm_actions_only-tc=sft_flat-rbc=default-nb=200-nt=0-mc=hf_qwen3-b51583f4
act_prm_snorkel_insurance,s2,snorkel_insurance_s2_expert_thoughts_all_lr1e_3_nb200_flat32sgd_heldout,sgd,0.001,105,2.752683,0.793928,0.655162,4.638436,35663.0,80121.0,snorkel_insurance_s2_expert_thoughts_all_lr1e_3_nb200_flat32sgd_heldout-act-prm-ia=0-rr=0-ec=act_prm_snorkel_insurance-gc=act_prm_actions_only-tc=sft_flat-rbc=default-nb=200-nt=0-mc=hf_qwen3-b51583f4
act_prm_snorkel_insurance,s2,snorkel_insurance_s2_expert_thoughts_all_lr1e_3_nb200_flat32sgd_heldout,sgd,0.001,110,2.728552,0.793955,0.655383,4.578734,35663.0,80121.0,snorkel_insurance_s2_expert_thoughts_all_lr1e_3_nb200_flat32sgd_heldout-act-prm-ia=0-rr=0-ec=act_prm_snorkel_insurance-gc=act_prm_actions_only-tc=sft_flat-rbc=default-nb=200-nt=0-mc=hf_qwen3-b51583f4
act_prm_snorkel_insurance,s2,snorkel_insurance_s2_expert_thoughts_all_lr1e_3_nb200_flat32sgd_heldout,sgd,0.001,115,2.709506,0.793772,0.656021,4.53165,35663.0,80121.0,snorkel_insurance_s2_expert_thoughts_all_lr1e_3_nb200_flat32sgd_heldout-act-prm-ia=0-rr=0-ec=act_prm_snorkel_insurance-gc=act_prm_actions_only-tc=sft_flat-rbc=default-nb=200-nt=0-mc=hf_qwen3-b51583f4
act_prm_snorkel_insurance,s2,snorkel_insurance_s2_expert_thoughts_all_lr1e_3_nb200_flat32sgd_heldout,sgd,0.001,120,2.694571,0.79461,0.656694,4.495137,35663.0,80121.0,snorkel_insurance_s2_expert_thoughts_all_lr1e_3_nb200_flat32sgd_heldout-act-prm-ia=0-rr=0-ec=act_prm_snorkel_insurance-gc=act_prm_actions_only-tc=sft_flat-rbc=default-nb=200-nt=0-mc=hf_qwen3-b51583f4
act_prm_snorkel_insurance,s2,snorkel_insurance_s2_expert_thoughts_all_lr1e_3_nb200_flat32sgd_heldout,sgd,0.001,125,2.677377,0.793986,0.656965,4.453503,35663.0,80121.0,snorkel_insurance_s2_expert_thoughts_all_lr1e_3_nb200_flat32sgd_heldout-act-prm-ia=0-rr=0-ec=act_prm_snorkel_insurance-gc=act_prm_actions_only-tc=sft_flat-rbc=default-nb=200-nt=0-mc=hf_qwen3-b51583f4
act_prm_snorkel_insurance,s2,snorkel_insurance_s2_expert_thoughts_all_lr1e_3_nb200_flat32sgd_heldout,sgd,0.001,130,2.664357,0.794276,0.657077,4.424502,35663.0,80121.0,snorkel_insurance_s2_expert_thoughts_all_lr1e_3_nb200_flat32sgd_heldout-act-prm-ia=0-rr=0-ec=act_prm_snorkel_insurance-gc=act_prm_actions_only-tc=sft_flat-rbc=default-nb=200-nt=0-mc=hf_qwen3-b51583f4
act_prm_snorkel_insurance,s2,snorkel_insurance_s2_expert_thoughts_all_lr1e_3_nb200_flat32sgd_heldout,sgd,0.001,135,2.650984,0.793957,0.65756,4.396607,35663.0,80121.0,snorkel_insurance_s2_expert_thoughts_all_lr1e_3_nb200_flat32sgd_heldout-act-prm-ia=0-rr=0-ec=act_prm_snorkel_insurance-gc=act_prm_actions_only-tc=sft_flat-rbc=default-nb=200-nt=0-mc=hf_qwen3-b51583f4
act_prm_snorkel_insurance,s2,snorkel_insurance_s2_expert_thoughts_all_lr1e_3_nb200_flat32sgd_heldout,sgd,0.001,140,2.641041,0.793882,0.657409,4.369755,35663.0,80121.0,snorkel_insurance_s2_expert_thoughts_all_lr1e_3_nb200_flat32sgd_heldout-act-prm-ia=0-rr=0-ec=act_prm_snorkel_insurance-gc=act_prm_actions_only-tc=sft_flat-rbc=default-nb=200-nt=0-mc=hf_qwen3-b51583f4
act_prm_snorkel_insurance,s2,snorkel_insurance_s2_expert_thoughts_all_lr1e_3_nb200_flat32sgd_heldout,sgd,0.001,145,2.628254,0.793684,0.65781,4.345448,35663.0,80121.0,snorkel_insurance_s2_expert_thoughts_all_lr1e_3_nb200_flat32sgd_heldout-act-prm-ia=0-rr=0-ec=act_prm_snorkel_insurance-gc=act_prm_actions_only-tc=sft_flat-rbc=default-nb=200-nt=0-mc=hf_qwen3-b51583f4
act_prm_snorkel_insurance,s2,snorkel_insurance_s2_expert_thoughts_all_lr1e_3_nb200_flat32sgd_heldout,sgd,0.001,150,2.618482,0.794179,0.658118,4.325902,35663.0,80121.0,snorkel_insurance_s2_expert_thoughts_all_lr1e_3_nb200_flat32sgd_heldout-act-prm-ia=0-rr=0-ec=act_prm_snorkel_insurance-gc=act_prm_actions_only-tc=sft_flat-rbc=default-nb=200-nt=0-mc=hf_qwen3-b51583f4
act_prm_snorkel_insurance,s2,snorkel_insurance_s2_expert_thoughts_all_lr1e_3_nb200_flat32sgd_heldout,sgd,0.001,155,2.609979,0.793937,0.658021,4.307508,35663.0,80121.0,snorkel_insurance_s2_expert_thoughts_all_lr1e_3_nb200_flat32sgd_heldout-act-prm-ia=0-rr=0-ec=act_prm_snorkel_insurance-gc=act_prm_actions_only-tc=sft_flat-rbc=default-nb=200-nt=0-mc=hf_qwen3-b51583f4
act_prm_snorkel_insurance,s2,snorkel_insurance_s2_expert_thoughts_all_lr1e_3_nb200_flat32sgd_heldout,sgd,0.001,160,2.60502,0.793994,0.658693,4.289651,35663.0,80121.0,snorkel_insurance_s2_expert_thoughts_all_lr1e_3_nb200_flat32sgd_heldout-act-prm-ia=0-rr=0-ec=act_prm_snorkel_insurance-gc=act_prm_actions_only-tc=sft_flat-rbc=default-nb=200-nt=0-mc=hf_qwen3-b51583f4
act_prm_snorkel_insurance,s2,snorkel_insurance_s2_expert_thoughts_all_lr1e_3_nb200_flat32sgd_heldout,sgd,0.001,165,2.594204,0.793943,0.658699,4.271679,35663.0,80121.0,snorkel_insurance_s2_expert_thoughts_all_lr1e_3_nb200_flat32sgd_heldout-act-prm-ia=0-rr=0-ec=act_prm_snorkel_insurance-gc=act_prm_actions_only-tc=sft_flat-rbc=default-nb=200-nt=0-mc=hf_qwen3-b51583f4
act_prm_snorkel_insurance,s2,snorkel_insurance_s2_expert_thoughts_all_lr1e_3_nb200_flat32sgd_heldout,sgd,0.001,170,2.585725,0.793566,0.658527,4.257421,35663.0,80121.0,snorkel_insurance_s2_expert_thoughts_all_lr1e_3_nb200_flat32sgd_heldout-act-prm-ia=0-rr=0-ec=act_prm_snorkel_insurance-gc=act_prm_actions_only-tc=sft_flat-rbc=default-nb=200-nt=0-mc=hf_qwen3-b51583f4
act_prm_snorkel_insurance,s2,snorkel_insurance_s2_expert_thoughts_all_lr1e_3_nb200_flat32sgd_heldout,sgd,0.001,175,2.58176,0.793537,0.658828,4.244257,35663.0,80121.0,snorkel_insurance_s2_expert_thoughts_all_lr1e_3_nb200_flat32sgd_heldout-act-prm-ia=0-rr=0-ec=act_prm_snorkel_insurance-gc=act_prm_actions_only-tc=sft_flat-rbc=default-nb=200-nt=0-mc=hf_qwen3-b51583f4
act_prm_snorkel_insurance,s2,snorkel_insurance_s2_expert_thoughts_all_lr1e_3_nb200_flat32sgd_heldout,sgd,0.001,180,2.575022,0.793018,0.658753,4.231727,35663.0,80121.0,snorkel_insurance_s2_expert_thoughts_all_lr1e_3_nb200_flat32sgd_heldout-act-prm-ia=0-rr=0-ec=act_prm_snorkel_insurance-gc=act_prm_actions_only-tc=sft_flat-rbc=default-nb=200-nt=0-mc=hf_qwen3-b51583f4
act_prm_snorkel_insurance,s2,snorkel_insurance_s2_expert_thoughts_all_lr1e_3_nb200_flat32sgd_heldout,sgd,0.001,185,2.569441,0.793256,0.658972,4.217963,35663.0,80121.0,snorkel_insurance_s2_expert_thoughts_all_lr1e_3_nb200_flat32sgd_heldout-act-prm-ia=0-rr=0-ec=act_prm_snorkel_insurance-gc=act_prm_actions_only-tc=sft_flat-rbc=default-nb=200-nt=0-mc=hf_qwen3-b51583f4
act_prm_snorkel_insurance,s2,snorkel_insurance_s2_expert_thoughts_all_lr1e_3_nb200_flat32sgd_heldout,sgd,0.001,190,2.563236,0.792996,0.659183,4.208443,35663.0,80121.0,snorkel_insurance_s2_expert_thoughts_all_lr1e_3_nb200_flat32sgd_heldout-act-prm-ia=0-rr=0-ec=act_prm_snorkel_insurance-gc=act_prm_actions_only-tc=sft_flat-rbc=default-nb=200-nt=0-mc=hf_qwen3-b51583f4
act_prm_snorkel_insurance,s2,snorkel_insurance_s2_expert_thoughts_all_lr1e_3_nb200_flat32sgd_heldout,sgd,0.001,195,2.559172,0.793383,0.659508,4.199286,35663.0,80121.0,snorkel_insurance_s2_expert_thoughts_all_lr1e_3_nb200_flat32sgd_heldout-act-prm-ia=0-rr=0-ec=act_prm_snorkel_insurance-gc=act_prm_actions_only-tc=sft_flat-rbc=default-nb=200-nt=0-mc=hf_qwen3-b51583f4
act_prm_snorkel_insurance,s2,snorkel_insurance_s2_expert_thoughts_all_lr1e_3_nb200_flat32sgd_heldout,sgd,0.001,199,2.554179,0.793458,0.659392,4.189106,35663.0,80121.0,snorkel_insurance_s2_expert_thoughts_all_lr1e_3_nb200_flat32sgd_heldout-act-prm-ia=0-rr=0-ec=act_prm_snorkel_insurance-gc=act_prm_actions_only-tc=sft_flat-rbc=default-nb=200-nt=0-mc=hf_qwen3-b51583f4
act_prm_snorkel_insurance,s2,snorkel_insurance_s2_expert_thoughts_lr1e_3_adamw_nb100_heldout,adamw,0.001,10,2.129241,0.818243,0.688696,,,,snorkel_insurance_s2_expert_thoughts_lr1e_3_adamw_nb100_heldout-act-prm-ia=0-rr=0-ec=act_prm_snorkel_insurance-gc=act_prm_actions_only-tc=sft-rbc=default-nb=100-nt=0-mc=hf_qwen3_4b_instruct--95d9d89d
act_prm_snorkel_insurance,s2,snorkel_insurance_s2_expert_thoughts_lr1e_3_adamw_nb100_heldout,adamw,0.001,10,2.129241,0.818243,0.688696,,,,snorkel_insurance_s2_expert_thoughts_lr1e_3_adamw_nb100_heldout-act-prm-ia=0-rr=0-ec=act_prm_snorkel_insurance-gc=act_prm_actions_only-tc=sft-rbc=default-nb=100-nt=0-mc=hf_qwen3_4b_instruct--95d9d89d
act_prm_snorkel_insurance,s2,snorkel_insurance_s2_expert_thoughts_lr1e_3_adamw_nb100_heldout,adamw,0.001,20,1.998365,0.829571,0.704123,,,,snorkel_insurance_s2_expert_thoughts_lr1e_3_adamw_nb100_heldout-act-prm-ia=0-rr=0-ec=act_prm_snorkel_insurance-gc=act_prm_actions_only-tc=sft-rbc=default-nb=100-nt=0-mc=hf_qwen3_4b_instruct--95d9d89d
act_prm_snorkel_insurance,s2,snorkel_insurance_s2_expert_thoughts_lr1e_3_adamw_nb100_heldout,adamw,0.001,20,1.998365,0.829571,0.704123,,,,snorkel_insurance_s2_expert_thoughts_lr1e_3_adamw_nb100_heldout-act-prm-ia=0-rr=0-ec=act_prm_snorkel_insurance-gc=act_prm_actions_only-tc=sft-rbc=default-nb=100-nt=0-mc=hf_qwen3_4b_instruct--95d9d89d
act_prm_snorkel_insurance,s2,snorkel_insurance_s2_expert_thoughts_lr1e_3_adamw_nb100_heldout,adamw,0.001,30,1.883435,0.838067,0.714731,,,,snorkel_insurance_s2_expert_thoughts_lr1e_3_adamw_nb100_heldout-act-prm-ia=0-rr=0-ec=act_prm_snorkel_insurance-gc=act_prm_actions_only-tc=sft-rbc=default-nb=100-nt=0-mc=hf_qwen3_4b_instruct--95d9d89d
act_prm_snorkel_insurance,s2,snorkel_insurance_s2_expert_thoughts_lr1e_3_adamw_nb100_heldout,adamw,0.001,30,1.883435,0.838067,0.714731,,,,snorkel_insurance_s2_expert_thoughts_lr1e_3_adamw_nb100_heldout-act-prm-ia=0-rr=0-ec=act_prm_snorkel_insurance-gc=act_prm_actions_only-tc=sft-rbc=default-nb=100-nt=0-mc=hf_qwen3_4b_instruct--95d9d89d
act_prm_snorkel_insurance,s2,snorkel_insurance_s2_expert_thoughts_lr1e_3_adamw_nb100_heldout,adamw,0.001,40,1.824141,0.844909,0.719524,,,,snorkel_insurance_s2_expert_thoughts_lr1e_3_adamw_nb100_heldout-act-prm-ia=0-rr=0-ec=act_prm_snorkel_insurance-gc=act_prm_actions_only-tc=sft-rbc=default-nb=100-nt=0-mc=hf_qwen3_4b_instruct--95d9d89d
act_prm_snorkel_insurance,s2,snorkel_insurance_s2_expert_thoughts_lr1e_3_adamw_nb100_heldout,adamw,0.001,40,1.824141,0.844909,0.719524,,,,snorkel_insurance_s2_expert_thoughts_lr1e_3_adamw_nb100_heldout-act-prm-ia=0-rr=0-ec=act_prm_snorkel_insurance-gc=act_prm_actions_only-tc=sft-rbc=default-nb=100-nt=0-mc=hf_qwen3_4b_instruct--95d9d89d
act_prm_snorkel_insurance,s2,snorkel_insurance_s2_expert_thoughts_lr1e_3_adamw_nb100_heldout,adamw,0.001,50,1.771073,0.851415,0.72408,,,,snorkel_insurance_s2_expert_thoughts_lr1e_3_adamw_nb100_heldout-act-prm-ia=0-rr=0-ec=act_prm_snorkel_insurance-gc=act_prm_actions_only-tc=sft-rbc=default-nb=100-nt=0-mc=hf_qwen3_4b_instruct--95d9d89d
act_prm_snorkel_insurance,s2,snorkel_insurance_s2_expert_thoughts_lr1e_3_adamw_nb100_heldout,adamw,0.001,50,1.771073,0.851415,0.72408,,,,snorkel_insurance_s2_expert_thoughts_lr1e_3_adamw_nb100_heldout-act-prm-ia=0-rr=0-ec=act_prm_snorkel_insurance-gc=act_prm_actions_only-tc=sft-rbc=default-nb=100-nt=0-mc=hf_qwen3_4b_instruct--95d9d89d
act_prm_snorkel_insurance,s2,snorkel_insurance_s2_expert_thoughts_lr1e_3_adamw_nb100_heldout,adamw,0.001,60,1.736041,0.854163,0.72901,,,,snorkel_insurance_s2_expert_thoughts_lr1e_3_adamw_nb100_heldout-act-prm-ia=0-rr=0-ec=act_prm_snorkel_insurance-gc=act_prm_actions_only-tc=sft-rbc=default-nb=100-nt=0-mc=hf_qwen3_4b_instruct--95d9d89d
act_prm_snorkel_insurance,s2,snorkel_insurance_s2_expert_thoughts_lr1e_3_adamw_nb100_heldout,adamw,0.001,60,1.736041,0.854163,0.72901,,,,snorkel_insurance_s2_expert_thoughts_lr1e_3_adamw_nb100_heldout-act-prm-ia=0-rr=0-ec=act_prm_snorkel_insurance-gc=act_prm_actions_only-tc=sft-rbc=default-nb=100-nt=0-mc=hf_qwen3_4b_instruct--95d9d89d
act_prm_snorkel_insurance,s2,snorkel_insurance_s2_expert_thoughts_lr1e_3_adamw_nb100_heldout,adamw,0.001,70,1.727158,0.856518,0.726252,,,,snorkel_insurance_s2_expert_thoughts_lr1e_3_adamw_nb100_heldout-act-prm-ia=0-rr=0-ec=act_prm_snorkel_insurance-gc=act_prm_actions_only-tc=sft-rbc=default-nb=100-nt=0-mc=hf_qwen3_4b_instruct--95d9d89d
act_prm_snorkel_insurance,s2,snorkel_insurance_s2_expert_thoughts_lr1e_3_adamw_nb100_heldout,adamw,0.001,70,1.727158,0.856518,0.726252,,,,snorkel_insurance_s2_expert_thoughts_lr1e_3_adamw_nb100_heldout-act-prm-ia=0-rr=0-ec=act_prm_snorkel_insurance-gc=act_prm_actions_only-tc=sft-rbc=default-nb=100-nt=0-mc=hf_qwen3_4b_instruct--95d9d89d
act_prm_snorkel_insurance,s2,snorkel_insurance_s2_expert_thoughts_lr1e_3_adamw_nb100_heldout,adamw,0.001,80,1.697398,0.859042,0.729896,,,,snorkel_insurance_s2_expert_thoughts_lr1e_3_adamw_nb100_heldout-act-prm-ia=0-rr=0-ec=act_prm_snorkel_insurance-gc=act_prm_actions_only-tc=sft-rbc=default-nb=100-nt=0-mc=hf_qwen3_4b_instruct--95d9d89d
act_prm_snorkel_insurance,s2,snorkel_insurance_s2_expert_thoughts_lr1e_3_adamw_nb100_heldout,adamw,0.001,80,1.697398,0.859042,0.729896,,,,snorkel_insurance_s2_expert_thoughts_lr1e_3_adamw_nb100_heldout-act-prm-ia=0-rr=0-ec=act_prm_snorkel_insurance-gc=act_prm_actions_only-tc=sft-rbc=default-nb=100-nt=0-mc=hf_qwen3_4b_instruct--95d9d89d
act_prm_snorkel_insurance,s2,snorkel_insurance_s2_expert_thoughts_lr1e_3_adamw_nb100_heldout,adamw,0.001,90,1.678254,0.859883,0.734876,,,,snorkel_insurance_s2_expert_thoughts_lr1e_3_adamw_nb100_heldout-act-prm-ia=0-rr=0-ec=act_prm_snorkel_insurance-gc=act_prm_actions_only-tc=sft-rbc=default-nb=100-nt=0-mc=hf_qwen3_4b_instruct--95d9d89d
act_prm_snorkel_insurance,s2,snorkel_insurance_s2_expert_thoughts_lr1e_3_adamw_nb100_heldout,adamw,0.001,90,1.678254,0.859883,0.734876,,,,snorkel_insurance_s2_expert_thoughts_lr1e_3_adamw_nb100_heldout-act-prm-ia=0-rr=0-ec=act_prm_snorkel_insurance-gc=act_prm_actions_only-tc=sft-rbc=default-nb=100-nt=0-mc=hf_qwen3_4b_instruct--95d9d89d
act_prm_snorkel_insurance,s2,snorkel_insurance_s2_expert_thoughts_lr1e_3_adamw_nb100_heldout,adamw,0.001,99,1.681711,0.860528,0.733041,,,,snorkel_insurance_s2_expert_thoughts_lr1e_3_adamw_nb100_heldout-act-prm-ia=0-rr=0-ec=act_prm_snorkel_insurance-gc=act_prm_actions_only-tc=sft-rbc=default-nb=100-nt=0-mc=hf_qwen3_4b_instruct--95d9d89d
act_prm_snorkel_insurance,s2,snorkel_insurance_s2_expert_thoughts_lr1e_3_adamw_nb100_heldout,adamw,0.001,99,1.681711,0.860528,0.733041,,,,snorkel_insurance_s2_expert_thoughts_lr1e_3_adamw_nb100_heldout-act-prm-ia=0-rr=0-ec=act_prm_snorkel_insurance-gc=act_prm_actions_only-tc=sft-rbc=default-nb=100-nt=0-mc=hf_qwen3_4b_instruct--95d9d89d
act_prm_snorkel_insurance,s2,snorkel_insurance_s2_expert_thoughts_lr1e_3_adamw_nb200_flat32_heldout,adamw,0.001,5,2.293257,0.806776,0.6731,3.728303,35663.0,80121.0,snorkel_insurance_s2_expert_thoughts_lr1e_3_adamw_nb200_flat32_heldout-act-prm-ia=0-rr=0-ec=act_prm_snorkel_insurance-gc=act_prm_actions_only-tc=sft_flat-rbc=default-nb=200-nt=0-mc=hf_qwen3_-dfc7bb11
act_prm_snorkel_insurance,s2,snorkel_insurance_s2_expert_thoughts_lr1e_3_adamw_nb200_flat32_heldout,adamw,0.001,10,2.152748,0.814016,0.684402,3.465676,35663.0,80121.0,snorkel_insurance_s2_expert_thoughts_lr1e_3_adamw_nb200_flat32_heldout-act-prm-ia=0-rr=0-ec=act_prm_snorkel_insurance-gc=act_prm_actions_only-tc=sft_flat-rbc=default-nb=200-nt=0-mc=hf_qwen3_-dfc7bb11
act_prm_snorkel_insurance,s2,snorkel_insurance_s2_expert_thoughts_lr1e_3_adamw_nb200_flat32_heldout,adamw,0.001,15,2.042021,0.825425,0.698254,3.169252,35663.0,80121.0,snorkel_insurance_s2_expert_thoughts_lr1e_3_adamw_nb200_flat32_heldout-act-prm-ia=0-rr=0-ec=act_prm_snorkel_insurance-gc=act_prm_actions_only-tc=sft_flat-rbc=default-nb=200-nt=0-mc=hf_qwen3_-dfc7bb11
act_prm_snorkel_insurance,s2,snorkel_insurance_s2_expert_thoughts_lr1e_3_adamw_nb200_flat32_heldout,adamw,0.001,20,1.984172,0.828561,0.702826,3.068078,35663.0,80121.0,snorkel_insurance_s2_expert_thoughts_lr1e_3_adamw_nb200_flat32_heldout-act-prm-ia=0-rr=0-ec=act_prm_snorkel_insurance-gc=act_prm_actions_only-tc=sft_flat-rbc=default-nb=200-nt=0-mc=hf_qwen3_-dfc7bb11
act_prm_snorkel_insurance,s2,snorkel_insurance_s2_expert_thoughts_lr1e_3_adamw_nb200_flat32_heldout,adamw,0.001,25,1.920803,0.836058,0.706345,3.002737,35663.0,80121.0,snorkel_insurance_s2_expert_thoughts_lr1e_3_adamw_nb200_flat32_heldout-act-prm-ia=0-rr=0-ec=act_prm_snorkel_insurance-gc=act_prm_actions_only-tc=sft_flat-rbc=default-nb=200-nt=0-mc=hf_qwen3_-dfc7bb11
act_prm_snorkel_insurance,s2,snorkel_insurance_s2_expert_thoughts_lr1e_3_adamw_nb200_flat32_heldout,adamw,0.001,30,1.873259,0.840719,0.714305,2.900937,35663.0,80121.0,snorkel_insurance_s2_expert_thoughts_lr1e_3_adamw_nb200_flat32_heldout-act-prm-ia=0-rr=0-ec=act_prm_snorkel_insurance-gc=act_prm_actions_only-tc=sft_flat-rbc=default-nb=200-nt=0-mc=hf_qwen3_-dfc7bb11
act_prm_snorkel_insurance,s2,snorkel_insurance_s2_expert_thoughts_lr1e_3_adamw_nb200_flat32_heldout,adamw,0.001,35,1.8543,0.842677,0.715674,2.8741,35663.0,80121.0,snorkel_insurance_s2_expert_thoughts_lr1e_3_adamw_nb200_flat32_heldout-act-prm-ia=0-rr=0-ec=act_prm_snorkel_insurance-gc=act_prm_actions_only-tc=sft_flat-rbc=default-nb=200-nt=0-mc=hf_qwen3_-dfc7bb11
act_prm_snorkel_insurance,s2,snorkel_insurance_s2_expert_thoughts_lr1e_3_adamw_nb200_flat32_heldout,adamw,0.001,40,1.82622,0.846696,0.718572,2.831668,35663.0,80121.0,snorkel_insurance_s2_expert_thoughts_lr1e_3_adamw_nb200_flat32_heldout-act-prm-ia=0-rr=0-ec=act_prm_snorkel_insurance-gc=act_prm_actions_only-tc=sft_flat-rbc=default-nb=200-nt=0-mc=hf_qwen3_-dfc7bb11
act_prm_snorkel_insurance,s2,snorkel_insurance_s2_expert_thoughts_lr1e_3_adamw_nb200_flat32_heldout,adamw,0.001,45,1.792031,0.850762,0.722488,2.78896,35663.0,80121.0,snorkel_insurance_s2_expert_thoughts_lr1e_3_adamw_nb200_flat32_heldout-act-prm-ia=0-rr=0-ec=act_prm_snorkel_insurance-gc=act_prm_actions_only-tc=sft_flat-rbc=default-nb=200-nt=0-mc=hf_qwen3_-dfc7bb11
act_prm_snorkel_insurance,s2,snorkel_insurance_s2_expert_thoughts_lr1e_3_adamw_nb200_flat32_heldout,adamw,0.001,50,1.785331,0.848411,0.720356,2.771208,35663.0,80121.0,snorkel_insurance_s2_expert_thoughts_lr1e_3_adamw_nb200_flat32_heldout-act-prm-ia=0-rr=0-ec=act_prm_snorkel_insurance-gc=act_prm_actions_only-tc=sft_flat-rbc=default-nb=200-nt=0-mc=hf_qwen3_-dfc7bb11
act_prm_snorkel_insurance,s2,snorkel_insurance_s2_expert_thoughts_lr1e_3_adamw_nb200_flat32_heldout,adamw,0.001,55,1.76489,0.850345,0.724029,2.742135,35663.0,80121.0,snorkel_insurance_s2_expert_thoughts_lr1e_3_adamw_nb200_flat32_heldout-act-prm-ia=0-rr=0-ec=act_prm_snorkel_insurance-gc=act_prm_actions_only-tc=sft_flat-rbc=default-nb=200-nt=0-mc=hf_qwen3_-dfc7bb11
act_prm_snorkel_insurance,s2,snorkel_insurance_s2_expert_thoughts_lr1e_3_adamw_nb200_flat32_heldout,adamw,0.001,60,1.752652,0.85324,0.726377,2.724734,35663.0,80121.0,snorkel_insurance_s2_expert_thoughts_lr1e_3_adamw_nb200_flat32_heldout-act-prm-ia=0-rr=0-ec=act_prm_snorkel_insurance-gc=act_prm_actions_only-tc=sft_flat-rbc=default-nb=200-nt=0-mc=hf_qwen3_-dfc7bb11
act_prm_snorkel_insurance,s2,snorkel_insurance_s2_expert_thoughts_lr1e_3_adamw_nb200_flat32_heldout,adamw,0.001,65,1.74461,0.855002,0.726914,2.724006,35663.0,80121.0,snorkel_insurance_s2_expert_thoughts_lr1e_3_adamw_nb200_flat32_heldout-act-prm-ia=0-rr=0-ec=act_prm_snorkel_insurance-gc=act_prm_actions_only-tc=sft_flat-rbc=default-nb=200-nt=0-mc=hf_qwen3_-dfc7bb11
act_prm_snorkel_insurance,s2,snorkel_insurance_s2_expert_thoughts_lr1e_3_adamw_nb200_flat32_heldout,adamw,0.001,70,1.737726,0.855456,0.72811,2.702591,35663.0,80121.0,snorkel_insurance_s2_expert_thoughts_lr1e_3_adamw_nb200_flat32_heldout-act-prm-ia=0-rr=0-ec=act_prm_snorkel_insurance-gc=act_prm_actions_only-tc=sft_flat-rbc=default-nb=200-nt=0-mc=hf_qwen3_-dfc7bb11
act_prm_snorkel_insurance,s2,snorkel_insurance_s2_expert_thoughts_lr1e_3_adamw_nb200_flat32_heldout,adamw,0.001,75,1.724164,0.856818,0.729694,2.687817,35663.0,80121.0,snorkel_insurance_s2_expert_thoughts_lr1e_3_adamw_nb200_flat32_heldout-act-prm-ia=0-rr=0-ec=act_prm_snorkel_insurance-gc=act_prm_actions_only-tc=sft_flat-rbc=default-nb=200-nt=0-mc=hf_qwen3_-dfc7bb11
act_prm_snorkel_insurance,s2,snorkel_insurance_s2_expert_thoughts_lr1e_3_adamw_nb200_flat32_heldout,adamw,0.001,80,1.714514,0.85826,0.730489,2.666852,35663.0,80121.0,snorkel_insurance_s2_expert_thoughts_lr1e_3_adamw_nb200_flat32_heldout-act-prm-ia=0-rr=0-ec=act_prm_snorkel_insurance-gc=act_prm_actions_only-tc=sft_flat-rbc=default-nb=200-nt=0-mc=hf_qwen3_-dfc7bb11
act_prm_snorkel_insurance,s2,snorkel_insurance_s2_expert_thoughts_lr1e_3_adamw_nb200_flat32_heldout,adamw,0.001,85,1.71803,0.857331,0.730021,2.685085,35663.0,80121.0,snorkel_insurance_s2_expert_thoughts_lr1e_3_adamw_nb200_flat32_heldout-act-prm-ia=0-rr=0-ec=act_prm_snorkel_insurance-gc=act_prm_actions_only-tc=sft_flat-rbc=default-nb=200-nt=0-mc=hf_qwen3_-dfc7bb11
act_prm_snorkel_insurance,s2,snorkel_insurance_s2_expert_thoughts_lr1e_3_adamw_nb200_flat32_heldout,adamw,0.001,90,1.703404,0.85871,0.729254,2.667269,35663.0,80121.0,snorkel_insurance_s2_expert_thoughts_lr1e_3_adamw_nb200_flat32_heldout-act-prm-ia=0-rr=0-ec=act_prm_snorkel_insurance-gc=act_prm_actions_only-tc=sft_flat-rbc=default-nb=200-nt=0-mc=hf_qwen3_-dfc7bb11
act_prm_snorkel_insurance,s2,snorkel_insurance_s2_expert_thoughts_lr1e_3_adamw_nb200_flat32_heldout,adamw,0.001,95,1.706668,0.85888,0.72936,2.675698,35663.0,80121.0,snorkel_insurance_s2_expert_thoughts_lr1e_3_adamw_nb200_flat32_heldout-act-prm-ia=0-rr=0-ec=act_prm_snorkel_insurance-gc=act_prm_actions_only-tc=sft_flat-rbc=default-nb=200-nt=0-mc=hf_qwen3_-dfc7bb11
act_prm_snorkel_insurance,s2,snorkel_insurance_s2_expert_thoughts_lr1e_3_adamw_nb200_flat32_heldout,adamw,0.001,100,1.695085,0.85884,0.729712,2.663617,35663.0,80121.0,snorkel_insurance_s2_expert_thoughts_lr1e_3_adamw_nb200_flat32_heldout-act-prm-ia=0-rr=0-ec=act_prm_snorkel_insurance-gc=act_prm_actions_only-tc=sft_flat-rbc=default-nb=200-nt=0-mc=hf_qwen3_-dfc7bb11
act_prm_snorkel_insurance,s2,snorkel_insurance_s2_expert_thoughts_lr1e_3_adamw_nb200_flat32_heldout,adamw,0.001,105,1.689164,0.860183,0.732044,2.645168,35663.0,80121.0,snorkel_insurance_s2_expert_thoughts_lr1e_3_adamw_nb200_flat32_heldout-act-prm-ia=0-rr=0-ec=act_prm_snorkel_insurance-gc=act_prm_actions_only-tc=sft_flat-rbc=default-nb=200-nt=0-mc=hf_qwen3_-dfc7bb11
act_prm_snorkel_insurance,s2,snorkel_insurance_s2_expert_thoughts_lr1e_3_adamw_nb200_flat32_heldout,adamw,0.001,110,1.706096,0.859465,0.732391,2.655416,35663.0,80121.0,snorkel_insurance_s2_expert_thoughts_lr1e_3_adamw_nb200_flat32_heldout-act-prm-ia=0-rr=0-ec=act_prm_snorkel_insurance-gc=act_prm_actions_only-tc=sft_flat-rbc=default-nb=200-nt=0-mc=hf_qwen3_-dfc7bb11
act_prm_snorkel_insurance,s2,snorkel_insurance_s2_expert_thoughts_lr1e_3_adamw_nb200_flat32_heldout,adamw,0.001,115,1.695594,0.860688,0.7286,2.682468,35663.0,80121.0,snorkel_insurance_s2_expert_thoughts_lr1e_3_adamw_nb200_flat32_heldout-act-prm-ia=0-rr=0-ec=act_prm_snorkel_insurance-gc=act_prm_actions_only-tc=sft_flat-rbc=default-nb=200-nt=0-mc=hf_qwen3_-dfc7bb11
act_prm_snorkel_insurance,s2,snorkel_insurance_s2_expert_thoughts_lr1e_3_adamw_nb200_flat32_heldout,adamw,0.001,120,1.690224,0.858959,0.732501,2.646657,35663.0,80121.0,snorkel_insurance_s2_expert_thoughts_lr1e_3_adamw_nb200_flat32_heldout-act-prm-ia=0-rr=0-ec=act_prm_snorkel_insurance-gc=act_prm_actions_only-tc=sft_flat-rbc=default-nb=200-nt=0-mc=hf_qwen3_-dfc7bb11
act_prm_snorkel_insurance,s2,snorkel_insurance_s2_expert_thoughts_lr1e_3_adamw_nb200_flat32_heldout,adamw,0.001,125,1.677521,0.861924,0.73077,2.650655,35663.0,80121.0,snorkel_insurance_s2_expert_thoughts_lr1e_3_adamw_nb200_flat32_heldout-act-prm-ia=0-rr=0-ec=act_prm_snorkel_insurance-gc=act_prm_actions_only-tc=sft_flat-rbc=default-nb=200-nt=0-mc=hf_qwen3_-dfc7bb11
act_prm_snorkel_insurance,s2,snorkel_insurance_s2_expert_thoughts_lr1e_3_adamw_nb200_flat32_heldout,adamw,0.001,130,1.680021,0.860574,0.731573,2.639085,35663.0,80121.0,snorkel_insurance_s2_expert_thoughts_lr1e_3_adamw_nb200_flat32_heldout-act-prm-ia=0-rr=0-ec=act_prm_snorkel_insurance-gc=act_prm_actions_only-tc=sft_flat-rbc=default-nb=200-nt=0-mc=hf_qwen3_-dfc7bb11
act_prm_snorkel_insurance,s2,snorkel_insurance_s2_expert_thoughts_lr1e_3_adamw_nb200_flat32_heldout,adamw,0.001,135,1.67743,0.861305,0.732987,2.632048,35663.0,80121.0,snorkel_insurance_s2_expert_thoughts_lr1e_3_adamw_nb200_flat32_heldout-act-prm-ia=0-rr=0-ec=act_prm_snorkel_insurance-gc=act_prm_actions_only-tc=sft_flat-rbc=default-nb=200-nt=0-mc=hf_qwen3_-dfc7bb11
act_prm_snorkel_insurance,s2,snorkel_insurance_s2_expert_thoughts_lr1e_3_adamw_nb200_flat32_heldout,adamw,0.001,140,1.669471,0.862408,0.732439,2.629332,35663.0,80121.0,snorkel_insurance_s2_expert_thoughts_lr1e_3_adamw_nb200_flat32_heldout-act-prm-ia=0-rr=0-ec=act_prm_snorkel_insurance-gc=act_prm_actions_only-tc=sft_flat-rbc=default-nb=200-nt=0-mc=hf_qwen3_-dfc7bb11
act_prm_snorkel_insurance,s2,snorkel_insurance_s2_expert_thoughts_lr1e_3_adamw_nb200_flat32_heldout,adamw,0.001,145,1.679849,0.86079,0.730156,2.669914,35663.0,80121.0,snorkel_insurance_s2_expert_thoughts_lr1e_3_adamw_nb200_flat32_heldout-act-prm-ia=0-rr=0-ec=act_prm_snorkel_insurance-gc=act_prm_actions_only-tc=sft_flat-rbc=default-nb=200-nt=0-mc=hf_qwen3_-dfc7bb11
act_prm_snorkel_insurance,s2,snorkel_insurance_s2_expert_thoughts_lr1e_3_adamw_nb200_flat32_heldout,adamw,0.001,150,1.683134,0.863464,0.731276,2.716025,35663.0,80121.0,snorkel_insurance_s2_expert_thoughts_lr1e_3_adamw_nb200_flat32_heldout-act-prm-ia=0-rr=0-ec=act_prm_snorkel_insurance-gc=act_prm_actions_only-tc=sft_flat-rbc=default-nb=200-nt=0-mc=hf_qwen3_-dfc7bb11
act_prm_snorkel_insurance,s2,snorkel_insurance_s2_expert_thoughts_lr1e_3_adamw_nb200_flat32_heldout,adamw,0.001,155,1.688737,0.860957,0.732749,2.699688,35663.0,80121.0,snorkel_insurance_s2_expert_thoughts_lr1e_3_adamw_nb200_flat32_heldout-act-prm-ia=0-rr=0-ec=act_prm_snorkel_insurance-gc=act_prm_actions_only-tc=sft_flat-rbc=default-nb=200-nt=0-mc=hf_qwen3_-dfc7bb11
act_prm_snorkel_insurance,s2,snorkel_insurance_s2_expert_thoughts_lr1e_3_adamw_nb200_flat32_heldout,adamw,0.001,160,1.685702,0.863423,0.72726,2.750885,35663.0,80121.0,snorkel_insurance_s2_expert_thoughts_lr1e_3_adamw_nb200_flat32_heldout-act-prm-ia=0-rr=0-ec=act_prm_snorkel_insurance-gc=act_prm_actions_only-tc=sft_flat-rbc=default-nb=200-nt=0-mc=hf_qwen3_-dfc7bb11
act_prm_snorkel_insurance,s2,snorkel_insurance_s2_expert_thoughts_lr1e_3_adamw_nb200_flat32_heldout,adamw,0.001,165,1.694359,0.862025,0.732871,2.733716,35663.0,80121.0,snorkel_insurance_s2_expert_thoughts_lr1e_3_adamw_nb200_flat32_heldout-act-prm-ia=0-rr=0-ec=act_prm_snorkel_insurance-gc=act_prm_actions_only-tc=sft_flat-rbc=default-nb=200-nt=0-mc=hf_qwen3_-dfc7bb11
act_prm_snorkel_insurance,s2,snorkel_insurance_s2_expert_thoughts_lr1e_3_adamw_nb200_flat32_heldout,adamw,0.001,170,1.672938,0.863855,0.728523,2.717111,35663.0,80121.0,snorkel_insurance_s2_expert_thoughts_lr1e_3_adamw_nb200_flat32_heldout-act-prm-ia=0-rr=0-ec=act_prm_snorkel_insurance-gc=act_prm_actions_only-tc=sft_flat-rbc=default-nb=200-nt=0-mc=hf_qwen3_-dfc7bb11
act_prm_snorkel_insurance,s2,snorkel_insurance_s2_thoughts_base_adamw30_lr1e_3_nb200_flat32sgd_heldout,sgd,0.001,5,4.777622,0.751638,0.756405,4.143292,35663.0,59779.0,snorkel_insurance_s2_thoughts_base_adamw30_lr1e_3_nb200_flat32sgd_heldout-act-prm-ia=0-rr=0-ec=act_prm_snorkel_insurance-gc=act_prm_actions_only-tc=sft_flat-rbc=default-nb=200-nt=0-mc=hf_qwe-9377ae95
act_prm_snorkel_insurance,s2,snorkel_insurance_s2_thoughts_base_adamw30_lr1e_3_nb200_flat32sgd_heldout,sgd,0.001,10,4.74484,0.752078,0.756854,4.102969,35663.0,59779.0,snorkel_insurance_s2_thoughts_base_adamw30_lr1e_3_nb200_flat32sgd_heldout-act-prm-ia=0-rr=0-ec=act_prm_snorkel_insurance-gc=act_prm_actions_only-tc=sft_flat-rbc=default-nb=200-nt=0-mc=hf_qwe-9377ae95
act_prm_snorkel_insurance,s2,snorkel_insurance_s2_thoughts_base_adamw30_lr1e_3_nb200_flat32sgd_heldout,sgd,0.001,15,4.723262,0.752279,0.757543,4.077657,35663.0,59779.0,snorkel_insurance_s2_thoughts_base_adamw30_lr1e_3_nb200_flat32sgd_heldout-act-prm-ia=0-rr=0-ec=act_prm_snorkel_insurance-gc=act_prm_actions_only-tc=sft_flat-rbc=default-nb=200-nt=0-mc=hf_qwe-9377ae95
act_prm_snorkel_insurance,s2,snorkel_insurance_s2_thoughts_base_adamw30_lr1e_3_nb200_flat32sgd_heldout,sgd,0.001,20,4.697961,0.752125,0.757558,4.042356,35663.0,59779.0,snorkel_insurance_s2_thoughts_base_adamw30_lr1e_3_nb200_flat32sgd_heldout-act-prm-ia=0-rr=0-ec=act_prm_snorkel_insurance-gc=act_prm_actions_only-tc=sft_flat-rbc=default-nb=200-nt=0-mc=hf_qwe-9377ae95
act_prm_snorkel_insurance,s2,snorkel_insurance_s2_thoughts_base_adamw30_lr1e_3_nb200_flat32sgd_heldout,sgd,0.001,25,4.655532,0.752399,0.758826,3.992361,35663.0,59779.0,snorkel_insurance_s2_thoughts_base_adamw30_lr1e_3_nb200_flat32sgd_heldout-act-prm-ia=0-rr=0-ec=act_prm_snorkel_insurance-gc=act_prm_actions_only-tc=sft_flat-rbc=default-nb=200-nt=0-mc=hf_qwe-9377ae95
act_prm_snorkel_insurance,s2,snorkel_insurance_s2_thoughts_base_adamw30_lr1e_3_nb200_flat32sgd_heldout,sgd,0.001,30,4.616471,0.752271,0.759054,3.941029,35663.0,59779.0,snorkel_insurance_s2_thoughts_base_adamw30_lr1e_3_nb200_flat32sgd_heldout-act-prm-ia=0-rr=0-ec=act_prm_snorkel_insurance-gc=act_prm_actions_only-tc=sft_flat-rbc=default-nb=200-nt=0-mc=hf_qwe-9377ae95
act_prm_snorkel_insurance,s2,snorkel_insurance_s2_thoughts_base_adamw30_lr1e_3_nb200_flat32sgd_heldout,sgd,0.001,35,4.569634,0.752685,0.760363,3.884132,35663.0,59779.0,snorkel_insurance_s2_thoughts_base_adamw30_lr1e_3_nb200_flat32sgd_heldout-act-prm-ia=0-rr=0-ec=act_prm_snorkel_insurance-gc=act_prm_actions_only-tc=sft_flat-rbc=default-nb=200-nt=0-mc=hf_qwe-9377ae95
act_prm_snorkel_insurance,s2,snorkel_insurance_s2_thoughts_base_adamw30_lr1e_3_nb200_flat32sgd_heldout,sgd,0.001,40,4.5216,0.752721,0.76174,3.823469,35663.0,59779.0,snorkel_insurance_s2_thoughts_base_adamw30_lr1e_3_nb200_flat32sgd_heldout-act-prm-ia=0-rr=0-ec=act_prm_snorkel_insurance-gc=act_prm_actions_only-tc=sft_flat-rbc=default-nb=200-nt=0-mc=hf_qwe-9377ae95
act_prm_snorkel_insurance,s2,snorkel_insurance_s2_thoughts_base_adamw30_lr1e_3_nb200_flat32sgd_heldout,sgd,0.001,45,4.457051,0.753226,0.762883,3.754802,35663.0,59779.0,snorkel_insurance_s2_thoughts_base_adamw30_lr1e_3_nb200_flat32sgd_heldout-act-prm-ia=0-rr=0-ec=act_prm_snorkel_insurance-gc=act_prm_actions_only-tc=sft_flat-rbc=default-nb=200-nt=0-mc=hf_qwe-9377ae95
act_prm_snorkel_insurance,s2,snorkel_insurance_s2_thoughts_base_adamw30_lr1e_3_nb200_flat32sgd_heldout,sgd,0.001,50,4.387905,0.753335,0.764555,3.671634,35663.0,59779.0,snorkel_insurance_s2_thoughts_base_adamw30_lr1e_3_nb200_flat32sgd_heldout-act-prm-ia=0-rr=0-ec=act_prm_snorkel_insurance-gc=act_prm_actions_only-tc=sft_flat-rbc=default-nb=200-nt=0-mc=hf_qwe-9377ae95
act_prm_snorkel_insurance,s2,snorkel_insurance_s2_thoughts_base_adamw30_lr1e_3_nb200_flat32sgd_heldout,sgd,0.001,55,4.316519,0.75316,0.765799,3.589653,35663.0,59779.0,snorkel_insurance_s2_thoughts_base_adamw30_lr1e_3_nb200_flat32sgd_heldout-act-prm-ia=0-rr=0-ec=act_prm_snorkel_insurance-gc=act_prm_actions_only-tc=sft_flat-rbc=default-nb=200-nt=0-mc=hf_qwe-9377ae95
act_prm_snorkel_insurance,s2,snorkel_insurance_s2_thoughts_base_adamw30_lr1e_3_nb200_flat32sgd_heldout,sgd,0.001,60,4.235896,0.753575,0.767063,3.513493,35663.0,59779.0,snorkel_insurance_s2_thoughts_base_adamw30_lr1e_3_nb200_flat32sgd_heldout-act-prm-ia=0-rr=0-ec=act_prm_snorkel_insurance-gc=act_prm_actions_only-tc=sft_flat-rbc=default-nb=200-nt=0-mc=hf_qwe-9377ae95
act_prm_snorkel_insurance,s2,snorkel_insurance_s2_thoughts_base_adamw30_lr1e_3_nb200_flat32sgd_heldout,sgd,0.001,65,4.137947,0.754541,0.769202,3.415423,35663.0,59779.0,snorkel_insurance_s2_thoughts_base_adamw30_lr1e_3_nb200_flat32sgd_heldout-act-prm-ia=0-rr=0-ec=act_prm_snorkel_insurance-gc=act_prm_actions_only-tc=sft_flat-rbc=default-nb=200-nt=0-mc=hf_qwe-9377ae95
act_prm_snorkel_insurance,s2,snorkel_insurance_s2_thoughts_base_adamw30_lr1e_3_nb200_flat32sgd_heldout,sgd,0.001,70,4.052591,0.754218,0.770539,3.327346,35663.0,59779.0,snorkel_insurance_s2_thoughts_base_adamw30_lr1e_3_nb200_flat32sgd_heldout-act-prm-ia=0-rr=0-ec=act_prm_snorkel_insurance-gc=act_prm_actions_only-tc=sft_flat-rbc=default-nb=200-nt=0-mc=hf_qwe-9377ae95
act_prm_snorkel_insurance,s2,snorkel_insurance_s2_thoughts_base_adamw30_lr1e_3_nb200_flat32sgd_heldout,sgd,0.001,75,3.955038,0.754481,0.772107,3.225817,35663.0,59779.0,snorkel_insurance_s2_thoughts_base_adamw30_lr1e_3_nb200_flat32sgd_heldout-act-prm-ia=0-rr=0-ec=act_prm_snorkel_insurance-gc=act_prm_actions_only-tc=sft_flat-rbc=default-nb=200-nt=0-mc=hf_qwe-9377ae95
act_prm_snorkel_insurance,s2,snorkel_insurance_s2_thoughts_base_adamw30_lr1e_3_nb200_flat32sgd_heldout,sgd,0.001,80,3.866972,0.755311,0.77403,3.146745,35663.0,59779.0,snorkel_insurance_s2_thoughts_base_adamw30_lr1e_3_nb200_flat32sgd_heldout-act-prm-ia=0-rr=0-ec=act_prm_snorkel_insurance-gc=act_prm_actions_only-tc=sft_flat-rbc=default-nb=200-nt=0-mc=hf_qwe-9377ae95
act_prm_snorkel_insurance,s2,snorkel_insurance_s2_thoughts_base_adamw30_lr1e_3_nb200_flat32sgd_heldout,sgd,0.001,85,3.771117,0.755602,0.775959,3.059984,35663.0,59779.0,snorkel_insurance_s2_thoughts_base_adamw30_lr1e_3_nb200_flat32sgd_heldout-act-prm-ia=0-rr=0-ec=act_prm_snorkel_insurance-gc=act_prm_actions_only-tc=sft_flat-rbc=default-nb=200-nt=0-mc=hf_qwe-9377ae95
act_prm_snorkel_insurance,s2,snorkel_insurance_s2_thoughts_base_adamw30_lr1e_3_nb200_flat32sgd_heldout,sgd,0.001,90,3.691552,0.755983,0.777702,2.987545,35663.0,59779.0,snorkel_insurance_s2_thoughts_base_adamw30_lr1e_3_nb200_flat32sgd_heldout-act-prm-ia=0-rr=0-ec=act_prm_snorkel_insurance-gc=act_prm_actions_only-tc=sft_flat-rbc=default-nb=200-nt=0-mc=hf_qwe-9377ae95
act_prm_snorkel_insurance,s2,snorkel_insurance_s2_thoughts_base_adamw30_lr1e_3_nb200_flat32sgd_heldout,sgd,0.001,95,3.609844,0.755944,0.778989,2.916108,35663.0,59779.0,snorkel_insurance_s2_thoughts_base_adamw30_lr1e_3_nb200_flat32sgd_heldout-act-prm-ia=0-rr=0-ec=act_prm_snorkel_insurance-gc=act_prm_actions_only-tc=sft_flat-rbc=default-nb=200-nt=0-mc=hf_qwe-9377ae95
act_prm_snorkel_insurance,s2,snorkel_insurance_s2_thoughts_base_adamw30_lr1e_3_nb200_flat32sgd_heldout,sgd,0.001,100,3.537037,0.756545,0.780416,2.855717,35663.0,59779.0,snorkel_insurance_s2_thoughts_base_adamw30_lr1e_3_nb200_flat32sgd_heldout-act-prm-ia=0-rr=0-ec=act_prm_snorkel_insurance-gc=act_prm_actions_only-tc=sft_flat-rbc=default-nb=200-nt=0-mc=hf_qwe-9377ae95
act_prm_snorkel_insurance,s2,snorkel_insurance_s2_thoughts_base_adamw30_lr1e_3_nb200_flat32sgd_heldout,sgd,0.001,105,3.475442,0.756948,0.781216,2.802942,35663.0,59779.0,snorkel_insurance_s2_thoughts_base_adamw30_lr1e_3_nb200_flat32sgd_heldout-act-prm-ia=0-rr=0-ec=act_prm_snorkel_insurance-gc=act_prm_actions_only-tc=sft_flat-rbc=default-nb=200-nt=0-mc=hf_qwe-9377ae95
act_prm_snorkel_insurance,s2,snorkel_insurance_s2_thoughts_base_adamw30_lr1e_3_nb200_flat32sgd_heldout,sgd,0.001,110,3.420338,0.757264,0.782208,2.758894,35663.0,59779.0,snorkel_insurance_s2_thoughts_base_adamw30_lr1e_3_nb200_flat32sgd_heldout-act-prm-ia=0-rr=0-ec=act_prm_snorkel_insurance-gc=act_prm_actions_only-tc=sft_flat-rbc=default-nb=200-nt=0-mc=hf_qwe-9377ae95
act_prm_snorkel_insurance,s2,snorkel_insurance_s2_thoughts_base_adamw30_lr1e_3_nb200_flat32sgd_heldout,sgd,0.001,115,3.359598,0.757115,0.782807,2.711219,35663.0,59779.0,snorkel_insurance_s2_thoughts_base_adamw30_lr1e_3_nb200_flat32sgd_heldout-act-prm-ia=0-rr=0-ec=act_prm_snorkel_insurance-gc=act_prm_actions_only-tc=sft_flat-rbc=default-nb=200-nt=0-mc=hf_qwe-9377ae95
act_prm_snorkel_insurance,s2,snorkel_insurance_s2_thoughts_base_adamw30_lr1e_3_nb200_flat32sgd_heldout,sgd,0.001,120,3.311114,0.75767,0.783883,2.671962,35663.0,59779.0,snorkel_insurance_s2_thoughts_base_adamw30_lr1e_3_nb200_flat32sgd_heldout-act-prm-ia=0-rr=0-ec=act_prm_snorkel_insurance-gc=act_prm_actions_only-tc=sft_flat-rbc=default-nb=200-nt=0-mc=hf_qwe-9377ae95
act_prm_snorkel_insurance,s2,snorkel_insurance_s2_thoughts_base_adamw30_lr1e_3_nb200_flat32sgd_heldout,sgd,0.001,125,3.273706,0.75811,0.784617,2.639814,35663.0,59779.0,snorkel_insurance_s2_thoughts_base_adamw30_lr1e_3_nb200_flat32sgd_heldout-act-prm-ia=0-rr=0-ec=act_prm_snorkel_insurance-gc=act_prm_actions_only-tc=sft_flat-rbc=default-nb=200-nt=0-mc=hf_qwe-9377ae95
act_prm_snorkel_insurance,s2,snorkel_insurance_s2_thoughts_base_adamw30_lr1e_3_nb200_flat32sgd_heldout,sgd,0.001,130,3.23903,0.758025,0.78534,2.61421,35663.0,59779.0,snorkel_insurance_s2_thoughts_base_adamw30_lr1e_3_nb200_flat32sgd_heldout-act-prm-ia=0-rr=0-ec=act_prm_snorkel_insurance-gc=act_prm_actions_only-tc=sft_flat-rbc=default-nb=200-nt=0-mc=hf_qwe-9377ae95
act_prm_snorkel_insurance,s2,snorkel_insurance_s2_thoughts_base_adamw30_lr1e_3_nb200_flat32sgd_heldout,sgd,0.001,135,3.206796,0.757923,0.785518,2.589417,35663.0,59779.0,snorkel_insurance_s2_thoughts_base_adamw30_lr1e_3_nb200_flat32sgd_heldout-act-prm-ia=0-rr=0-ec=act_prm_snorkel_insurance-gc=act_prm_actions_only-tc=sft_flat-rbc=default-nb=200-nt=0-mc=hf_qwe-9377ae95
act_prm_snorkel_insurance,s2,snorkel_insurance_s2_thoughts_base_adamw30_lr1e_3_nb200_flat32sgd_heldout,sgd,0.001,140,3.173551,0.758053,0.786193,2.565263,35663.0,59779.0,snorkel_insurance_s2_thoughts_base_adamw30_lr1e_3_nb200_flat32sgd_heldout-act-prm-ia=0-rr=0-ec=act_prm_snorkel_insurance-gc=act_prm_actions_only-tc=sft_flat-rbc=default-nb=200-nt=0-mc=hf_qwe-9377ae95
act_prm_snorkel_insurance,s2,snorkel_insurance_s2_thoughts_base_adamw30_lr1e_3_nb200_flat32sgd_heldout,sgd,0.001,145,3.151748,0.758106,0.786621,2.548862,35663.0,59779.0,snorkel_insurance_s2_thoughts_base_adamw30_lr1e_3_nb200_flat32sgd_heldout-act-prm-ia=0-rr=0-ec=act_prm_snorkel_insurance-gc=act_prm_actions_only-tc=sft_flat-rbc=default-nb=200-nt=0-mc=hf_qwe-9377ae95
act_prm_snorkel_insurance,s2,snorkel_insurance_s2_thoughts_base_adamw30_lr1e_3_nb200_flat32sgd_heldout,sgd,0.001,150,3.12528,0.758129,0.786728,2.530403,35663.0,59779.0,snorkel_insurance_s2_thoughts_base_adamw30_lr1e_3_nb200_flat32sgd_heldout-act-prm-ia=0-rr=0-ec=act_prm_snorkel_insurance-gc=act_prm_actions_only-tc=sft_flat-rbc=default-nb=200-nt=0-mc=hf_qwe-9377ae95
act_prm_snorkel_insurance,s2,snorkel_insurance_s2_thoughts_base_adamw30_lr1e_3_nb200_flat32sgd_heldout,sgd,0.001,155,3.109568,0.758478,0.787158,2.517418,35663.0,59779.0,snorkel_insurance_s2_thoughts_base_adamw30_lr1e_3_nb200_flat32sgd_heldout-act-prm-ia=0-rr=0-ec=act_prm_snorkel_insurance-gc=act_prm_actions_only-tc=sft_flat-rbc=default-nb=200-nt=0-mc=hf_qwe-9377ae95
act_prm_snorkel_insurance,s2,snorkel_insurance_s2_thoughts_base_adamw30_lr1e_3_nb200_flat32sgd_heldout,sgd,0.001,160,3.088744,0.758927,0.787233,2.502501,35663.0,59779.0,snorkel_insurance_s2_thoughts_base_adamw30_lr1e_3_nb200_flat32sgd_heldout-act-prm-ia=0-rr=0-ec=act_prm_snorkel_insurance-gc=act_prm_actions_only-tc=sft_flat-rbc=default-nb=200-nt=0-mc=hf_qwe-9377ae95
act_prm_snorkel_insurance,s2,snorkel_insurance_s2_thoughts_base_adamw30_lr1e_3_nb200_flat32sgd_heldout,sgd,0.001,165,3.076417,0.758768,0.78757,2.491528,35663.0,59779.0,snorkel_insurance_s2_thoughts_base_adamw30_lr1e_3_nb200_flat32sgd_heldout-act-prm-ia=0-rr=0-ec=act_prm_snorkel_insurance-gc=act_prm_actions_only-tc=sft_flat-rbc=default-nb=200-nt=0-mc=hf_qwe-9377ae95
act_prm_snorkel_insurance,s2,snorkel_insurance_s2_thoughts_base_adamw30_lr1e_3_nb200_flat32sgd_heldout,sgd,0.001,170,3.061584,0.759387,0.78828,2.480079,35663.0,59779.0,snorkel_insurance_s2_thoughts_base_adamw30_lr1e_3_nb200_flat32sgd_heldout-act-prm-ia=0-rr=0-ec=act_prm_snorkel_insurance-gc=act_prm_actions_only-tc=sft_flat-rbc=default-nb=200-nt=0-mc=hf_qwe-9377ae95
act_prm_snorkel_insurance,s2,snorkel_insurance_s2_thoughts_base_adamw30_lr1e_3_nb200_flat32sgd_heldout,sgd,0.001,175,3.045604,0.759368,0.788466,2.470652,35663.0,59779.0,snorkel_insurance_s2_thoughts_base_adamw30_lr1e_3_nb200_flat32sgd_heldout-act-prm-ia=0-rr=0-ec=act_prm_snorkel_insurance-gc=act_prm_actions_only-tc=sft_flat-rbc=default-nb=200-nt=0-mc=hf_qwe-9377ae95
act_prm_snorkel_insurance,s2,snorkel_insurance_s2_thoughts_base_adamw30_lr1e_3_nb200_flat32sgd_heldout,sgd,0.001,180,3.031709,0.759556,0.78884,2.460317,35663.0,59779.0,snorkel_insurance_s2_thoughts_base_adamw30_lr1e_3_nb200_flat32sgd_heldout-act-prm-ia=0-rr=0-ec=act_prm_snorkel_insurance-gc=act_prm_actions_only-tc=sft_flat-rbc=default-nb=200-nt=0-mc=hf_qwe-9377ae95
act_prm_snorkel_insurance,s2,snorkel_insurance_s2_thoughts_base_adamw30_lr1e_3_nb200_flat32sgd_heldout,sgd,0.001,185,3.021055,0.759471,0.78874,2.452274,35663.0,59779.0,snorkel_insurance_s2_thoughts_base_adamw30_lr1e_3_nb200_flat32sgd_heldout-act-prm-ia=0-rr=0-ec=act_prm_snorkel_insurance-gc=act_prm_actions_only-tc=sft_flat-rbc=default-nb=200-nt=0-mc=hf_qwe-9377ae95
act_prm_snorkel_insurance,s2,snorkel_insurance_s2_thoughts_base_adamw30_lr1e_3_nb200_flat32sgd_heldout,sgd,0.001,190,3.012559,0.760163,0.789418,2.445027,35663.0,59779.0,snorkel_insurance_s2_thoughts_base_adamw30_lr1e_3_nb200_flat32sgd_heldout-act-prm-ia=0-rr=0-ec=act_prm_snorkel_insurance-gc=act_prm_actions_only-tc=sft_flat-rbc=default-nb=200-nt=0-mc=hf_qwe-9377ae95
act_prm_snorkel_insurance,s2,snorkel_insurance_s2_thoughts_base_adamw30_lr1e_3_nb200_flat32sgd_heldout,sgd,0.001,195,3.002793,0.760034,0.78933,2.43835,35663.0,59779.0,snorkel_insurance_s2_thoughts_base_adamw30_lr1e_3_nb200_flat32sgd_heldout-act-prm-ia=0-rr=0-ec=act_prm_snorkel_insurance-gc=act_prm_actions_only-tc=sft_flat-rbc=default-nb=200-nt=0-mc=hf_qwe-9377ae95
act_prm_snorkel_insurance,s2,snorkel_insurance_s2_thoughts_base_adamw30_lr1e_3_nb200_flat32sgd_heldout,sgd,0.001,199,2.998204,0.760118,0.789846,2.434873,35663.0,59779.0,snorkel_insurance_s2_thoughts_base_adamw30_lr1e_3_nb200_flat32sgd_heldout-act-prm-ia=0-rr=0-ec=act_prm_snorkel_insurance-gc=act_prm_actions_only-tc=sft_flat-rbc=default-nb=200-nt=0-mc=hf_qwe-9377ae95
act_prm_snorkel_insurance,s2,snorkel_insurance_s2_thoughts_policy_adamw30_lr1e_3_adamw_nb100_heldout,adamw,0.001,10,2.411964,0.789754,0.767639,,,,snorkel_insurance_s2_thoughts_policy_adamw30_lr1e_3_adamw_nb100_heldout-act-prm-ia=0-rr=0-ec=act_prm_snorkel_insurance-gc=act_prm_actions_only-tc=sft-rbc=default-nb=100-nt=0-mc=hf_qwen3_4b_i-01474eac
act_prm_snorkel_insurance,s2,snorkel_insurance_s2_thoughts_policy_adamw30_lr1e_3_adamw_nb100_heldout,adamw,0.001,10,2.411964,0.789754,0.767639,,,,snorkel_insurance_s2_thoughts_policy_adamw30_lr1e_3_adamw_nb100_heldout-act-prm-ia=0-rr=0-ec=act_prm_snorkel_insurance-gc=act_prm_actions_only-tc=sft-rbc=default-nb=100-nt=0-mc=hf_qwen3_4b_i-01474eac
act_prm_snorkel_insurance,s2,snorkel_insurance_s2_thoughts_policy_adamw30_lr1e_3_adamw_nb100_heldout,adamw,0.001,20,2.131512,0.81628,0.787813,,,,snorkel_insurance_s2_thoughts_policy_adamw30_lr1e_3_adamw_nb100_heldout-act-prm-ia=0-rr=0-ec=act_prm_snorkel_insurance-gc=act_prm_actions_only-tc=sft-rbc=default-nb=100-nt=0-mc=hf_qwen3_4b_i-01474eac
act_prm_snorkel_insurance,s2,snorkel_insurance_s2_thoughts_policy_adamw30_lr1e_3_adamw_nb100_heldout,adamw,0.001,20,2.131512,0.81628,0.787813,,,,snorkel_insurance_s2_thoughts_policy_adamw30_lr1e_3_adamw_nb100_heldout-act-prm-ia=0-rr=0-ec=act_prm_snorkel_insurance-gc=act_prm_actions_only-tc=sft-rbc=default-nb=100-nt=0-mc=hf_qwen3_4b_i-01474eac
act_prm_snorkel_insurance,s2,snorkel_insurance_s2_thoughts_policy_adamw30_lr1e_3_adamw_nb100_heldout,adamw,0.001,30,1.971388,0.827272,0.795148,,,,snorkel_insurance_s2_thoughts_policy_adamw30_lr1e_3_adamw_nb100_heldout-act-prm-ia=0-rr=0-ec=act_prm_snorkel_insurance-gc=act_prm_actions_only-tc=sft-rbc=default-nb=100-nt=0-mc=hf_qwen3_4b_i-01474eac
act_prm_snorkel_insurance,s2,snorkel_insurance_s2_thoughts_policy_adamw30_lr1e_3_adamw_nb100_heldout,adamw,0.001,30,1.971388,0.827272,0.795148,,,,snorkel_insurance_s2_thoughts_policy_adamw30_lr1e_3_adamw_nb100_heldout-act-prm-ia=0-rr=0-ec=act_prm_snorkel_insurance-gc=act_prm_actions_only-tc=sft-rbc=default-nb=100-nt=0-mc=hf_qwen3_4b_i-01474eac
act_prm_snorkel_insurance,s2,snorkel_insurance_s2_thoughts_policy_adamw30_lr1e_3_adamw_nb100_heldout,adamw,0.001,40,1.88337,0.836049,0.799883,,,,snorkel_insurance_s2_thoughts_policy_adamw30_lr1e_3_adamw_nb100_heldout-act-prm-ia=0-rr=0-ec=act_prm_snorkel_insurance-gc=act_prm_actions_only-tc=sft-rbc=default-nb=100-nt=0-mc=hf_qwen3_4b_i-01474eac
act_prm_snorkel_insurance,s2,snorkel_insurance_s2_thoughts_policy_adamw30_lr1e_3_adamw_nb100_heldout,adamw,0.001,40,1.88337,0.836049,0.799883,,,,snorkel_insurance_s2_thoughts_policy_adamw30_lr1e_3_adamw_nb100_heldout-act-prm-ia=0-rr=0-ec=act_prm_snorkel_insurance-gc=act_prm_actions_only-tc=sft-rbc=default-nb=100-nt=0-mc=hf_qwen3_4b_i-01474eac
act_prm_snorkel_insurance,s2,snorkel_insurance_s2_thoughts_policy_adamw30_lr1e_3_adamw_nb100_heldout,adamw,0.001,50,1.830205,0.842245,0.804602,,,,snorkel_insurance_s2_thoughts_policy_adamw30_lr1e_3_adamw_nb100_heldout-act-prm-ia=0-rr=0-ec=act_prm_snorkel_insurance-gc=act_prm_actions_only-tc=sft-rbc=default-nb=100-nt=0-mc=hf_qwen3_4b_i-01474eac
act_prm_snorkel_insurance,s2,snorkel_insurance_s2_thoughts_policy_adamw30_lr1e_3_adamw_nb100_heldout,adamw,0.001,50,1.830205,0.842245,0.804602,,,,snorkel_insurance_s2_thoughts_policy_adamw30_lr1e_3_adamw_nb100_heldout-act-prm-ia=0-rr=0-ec=act_prm_snorkel_insurance-gc=act_prm_actions_only-tc=sft-rbc=default-nb=100-nt=0-mc=hf_qwen3_4b_i-01474eac
act_prm_snorkel_insurance,s2,snorkel_insurance_s2_thoughts_policy_adamw30_lr1e_3_adamw_nb100_heldout,adamw,0.001,60,1.815111,0.84404,0.804618,,,,snorkel_insurance_s2_thoughts_policy_adamw30_lr1e_3_adamw_nb100_heldout-act-prm-ia=0-rr=0-ec=act_prm_snorkel_insurance-gc=act_prm_actions_only-tc=sft-rbc=default-nb=100-nt=0-mc=hf_qwen3_4b_i-01474eac
act_prm_snorkel_insurance,s2,snorkel_insurance_s2_thoughts_policy_adamw30_lr1e_3_adamw_nb100_heldout,adamw,0.001,60,1.815111,0.84404,0.804618,,,,snorkel_insurance_s2_thoughts_policy_adamw30_lr1e_3_adamw_nb100_heldout-act-prm-ia=0-rr=0-ec=act_prm_snorkel_insurance-gc=act_prm_actions_only-tc=sft-rbc=default-nb=100-nt=0-mc=hf_qwen3_4b_i-01474eac
act_prm_snorkel_insurance,s2,snorkel_insurance_s2_thoughts_policy_adamw30_lr1e_3_adamw_nb100_heldout,adamw,0.001,70,1.784079,0.846984,0.805202,,,,snorkel_insurance_s2_thoughts_policy_adamw30_lr1e_3_adamw_nb100_heldout-act-prm-ia=0-rr=0-ec=act_prm_snorkel_insurance-gc=act_prm_actions_only-tc=sft-rbc=default-nb=100-nt=0-mc=hf_qwen3_4b_i-01474eac
act_prm_snorkel_insurance,s2,snorkel_insurance_s2_thoughts_policy_adamw30_lr1e_3_adamw_nb100_heldout,adamw,0.001,70,1.784079,0.846984,0.805202,,,,snorkel_insurance_s2_thoughts_policy_adamw30_lr1e_3_adamw_nb100_heldout-act-prm-ia=0-rr=0-ec=act_prm_snorkel_insurance-gc=act_prm_actions_only-tc=sft-rbc=default-nb=100-nt=0-mc=hf_qwen3_4b_i-01474eac
act_prm_snorkel_insurance,s2,snorkel_insurance_s2_thoughts_policy_adamw30_lr1e_3_adamw_nb100_heldout,adamw,0.001,80,1.755614,0.850433,0.807302,,,,snorkel_insurance_s2_thoughts_policy_adamw30_lr1e_3_adamw_nb100_heldout-act-prm-ia=0-rr=0-ec=act_prm_snorkel_insurance-gc=act_prm_actions_only-tc=sft-rbc=default-nb=100-nt=0-mc=hf_qwen3_4b_i-01474eac
act_prm_snorkel_insurance,s2,snorkel_insurance_s2_thoughts_policy_adamw30_lr1e_3_adamw_nb100_heldout,adamw,0.001,80,1.755614,0.850433,0.807302,,,,snorkel_insurance_s2_thoughts_policy_adamw30_lr1e_3_adamw_nb100_heldout-act-prm-ia=0-rr=0-ec=act_prm_snorkel_insurance-gc=act_prm_actions_only-tc=sft-rbc=default-nb=100-nt=0-mc=hf_qwen3_4b_i-01474eac
act_prm_snorkel_insurance,s2,snorkel_insurance_s2_thoughts_policy_adamw30_lr1e_3_adamw_nb100_heldout,adamw,0.001,90,1.737106,0.851975,0.809436,,,,snorkel_insurance_s2_thoughts_policy_adamw30_lr1e_3_adamw_nb100_heldout-act-prm-ia=0-rr=0-ec=act_prm_snorkel_insurance-gc=act_prm_actions_only-tc=sft-rbc=default-nb=100-nt=0-mc=hf_qwen3_4b_i-01474eac
act_prm_snorkel_insurance,s2,snorkel_insurance_s2_thoughts_policy_adamw30_lr1e_3_adamw_nb100_heldout,adamw,0.001,90,1.737106,0.851975,0.809436,,,,snorkel_insurance_s2_thoughts_policy_adamw30_lr1e_3_adamw_nb100_heldout-act-prm-ia=0-rr=0-ec=act_prm_snorkel_insurance-gc=act_prm_actions_only-tc=sft-rbc=default-nb=100-nt=0-mc=hf_qwen3_4b_i-01474eac
act_prm_snorkel_insurance,s2,snorkel_insurance_s2_thoughts_policy_adamw30_lr1e_3_adamw_nb100_heldout,adamw,0.001,99,1.755758,0.854415,0.808586,,,,snorkel_insurance_s2_thoughts_policy_adamw30_lr1e_3_adamw_nb100_heldout-act-prm-ia=0-rr=0-ec=act_prm_snorkel_insurance-gc=act_prm_actions_only-tc=sft-rbc=default-nb=100-nt=0-mc=hf_qwen3_4b_i-01474eac
act_prm_snorkel_insurance,s2,snorkel_insurance_s2_thoughts_policy_adamw30_lr1e_3_adamw_nb100_heldout,adamw,0.001,99,1.755758,0.854415,0.808586,,,,snorkel_insurance_s2_thoughts_policy_adamw30_lr1e_3_adamw_nb100_heldout-act-prm-ia=0-rr=0-ec=act_prm_snorkel_insurance-gc=act_prm_actions_only-tc=sft-rbc=default-nb=100-nt=0-mc=hf_qwen3_4b_i-01474eac
act_prm_snorkel_insurance,s2,snorkel_insurance_s2_thoughts_policy_adamw30_lr1e_3_adamw_nb200_flat32_heldout,adamw,0.001,5,2.665362,0.774106,0.755805,2.532592,35663.0,59980.0,snorkel_insurance_s2_thoughts_policy_adamw30_lr1e_3_adamw_nb200_flat32_heldout-act-prm-ia=0-rr=0-ec=act_prm_snorkel_insurance-gc=act_prm_actions_only-tc=sft_flat-rbc=default-nb=200-nt=0-mc=h-1f9e1a99
act_prm_snorkel_insurance,s2,snorkel_insurance_s2_thoughts_policy_adamw30_lr1e_3_adamw_nb200_flat32_heldout,adamw,0.001,10,2.478495,0.789352,0.767753,2.363278,35663.0,59980.0,snorkel_insurance_s2_thoughts_policy_adamw30_lr1e_3_adamw_nb200_flat32_heldout-act-prm-ia=0-rr=0-ec=act_prm_snorkel_insurance-gc=act_prm_actions_only-tc=sft_flat-rbc=default-nb=200-nt=0-mc=h-1f9e1a99
act_prm_snorkel_insurance,s2,snorkel_insurance_s2_thoughts_policy_adamw30_lr1e_3_adamw_nb200_flat32_heldout,adamw,0.001,15,2.252277,0.804394,0.778295,2.211857,35663.0,59980.0,snorkel_insurance_s2_thoughts_policy_adamw30_lr1e_3_adamw_nb200_flat32_heldout-act-prm-ia=0-rr=0-ec=act_prm_snorkel_insurance-gc=act_prm_actions_only-tc=sft_flat-rbc=default-nb=200-nt=0-mc=h-1f9e1a99
act_prm_snorkel_insurance,s2,snorkel_insurance_s2_thoughts_policy_adamw30_lr1e_3_adamw_nb200_flat32_heldout,adamw,0.001,20,2.147549,0.81477,0.785668,2.141765,35663.0,59980.0,snorkel_insurance_s2_thoughts_policy_adamw30_lr1e_3_adamw_nb200_flat32_heldout-act-prm-ia=0-rr=0-ec=act_prm_snorkel_insurance-gc=act_prm_actions_only-tc=sft_flat-rbc=default-nb=200-nt=0-mc=h-1f9e1a99
act_prm_snorkel_insurance,s2,snorkel_insurance_s2_thoughts_policy_adamw30_lr1e_3_adamw_nb200_flat32_heldout,adamw,0.001,25,2.057995,0.821478,0.790209,2.079389,35663.0,59980.0,snorkel_insurance_s2_thoughts_policy_adamw30_lr1e_3_adamw_nb200_flat32_heldout-act-prm-ia=0-rr=0-ec=act_prm_snorkel_insurance-gc=act_prm_actions_only-tc=sft_flat-rbc=default-nb=200-nt=0-mc=h-1f9e1a99
act_prm_snorkel_insurance,s2,snorkel_insurance_s2_thoughts_policy_adamw30_lr1e_3_adamw_nb200_flat32_heldout,adamw,0.001,30,1.994403,0.82833,0.795433,2.02955,35663.0,59980.0,snorkel_insurance_s2_thoughts_policy_adamw30_lr1e_3_adamw_nb200_flat32_heldout-act-prm-ia=0-rr=0-ec=act_prm_snorkel_insurance-gc=act_prm_actions_only-tc=sft_flat-rbc=default-nb=200-nt=0-mc=h-1f9e1a99
act_prm_snorkel_insurance,s2,snorkel_insurance_s2_thoughts_policy_adamw30_lr1e_3_adamw_nb200_flat32_heldout,adamw,0.001,35,1.958132,0.829623,0.795918,2.00917,35663.0,59980.0,snorkel_insurance_s2_thoughts_policy_adamw30_lr1e_3_adamw_nb200_flat32_heldout-act-prm-ia=0-rr=0-ec=act_prm_snorkel_insurance-gc=act_prm_actions_only-tc=sft_flat-rbc=default-nb=200-nt=0-mc=h-1f9e1a99
act_prm_snorkel_insurance,s2,snorkel_insurance_s2_thoughts_policy_adamw30_lr1e_3_adamw_nb200_flat32_heldout,adamw,0.001,40,1.926175,0.832788,0.796242,1.992986,35663.0,59980.0,snorkel_insurance_s2_thoughts_policy_adamw30_lr1e_3_adamw_nb200_flat32_heldout-act-prm-ia=0-rr=0-ec=act_prm_snorkel_insurance-gc=act_prm_actions_only-tc=sft_flat-rbc=default-nb=200-nt=0-mc=h-1f9e1a99
act_prm_snorkel_insurance,s2,snorkel_insurance_s2_thoughts_policy_adamw30_lr1e_3_adamw_nb200_flat32_heldout,adamw,0.001,45,1.889604,0.835116,0.798231,1.968318,35663.0,59980.0,snorkel_insurance_s2_thoughts_policy_adamw30_lr1e_3_adamw_nb200_flat32_heldout-act-prm-ia=0-rr=0-ec=act_prm_snorkel_insurance-gc=act_prm_actions_only-tc=sft_flat-rbc=default-nb=200-nt=0-mc=h-1f9e1a99
act_prm_snorkel_insurance,s2,snorkel_insurance_s2_thoughts_policy_adamw30_lr1e_3_adamw_nb200_flat32_heldout,adamw,0.001,50,1.866052,0.839695,0.802061,1.949072,35663.0,59980.0,snorkel_insurance_s2_thoughts_policy_adamw30_lr1e_3_adamw_nb200_flat32_heldout-act-prm-ia=0-rr=0-ec=act_prm_snorkel_insurance-gc=act_prm_actions_only-tc=sft_flat-rbc=default-nb=200-nt=0-mc=h-1f9e1a99
act_prm_snorkel_insurance,s2,snorkel_insurance_s2_thoughts_policy_adamw30_lr1e_3_adamw_nb200_flat32_heldout,adamw,0.001,55,1.848747,0.840902,0.801362,1.943974,35663.0,59980.0,snorkel_insurance_s2_thoughts_policy_adamw30_lr1e_3_adamw_nb200_flat32_heldout-act-prm-ia=0-rr=0-ec=act_prm_snorkel_insurance-gc=act_prm_actions_only-tc=sft_flat-rbc=default-nb=200-nt=0-mc=h-1f9e1a99
act_prm_snorkel_insurance,s2,snorkel_insurance_s2_thoughts_policy_adamw30_lr1e_3_adamw_nb200_flat32_heldout,adamw,0.001,60,1.853193,0.840938,0.802558,1.942395,35663.0,59980.0,snorkel_insurance_s2_thoughts_policy_adamw30_lr1e_3_adamw_nb200_flat32_heldout-act-prm-ia=0-rr=0-ec=act_prm_snorkel_insurance-gc=act_prm_actions_only-tc=sft_flat-rbc=default-nb=200-nt=0-mc=h-1f9e1a99
act_prm_snorkel_insurance,s2,snorkel_insurance_s2_thoughts_policy_adamw30_lr1e_3_adamw_nb200_flat32_heldout,adamw,0.001,65,1.821267,0.842527,0.805331,1.917235,35663.0,59980.0,snorkel_insurance_s2_thoughts_policy_adamw30_lr1e_3_adamw_nb200_flat32_heldout-act-prm-ia=0-rr=0-ec=act_prm_snorkel_insurance-gc=act_prm_actions_only-tc=sft_flat-rbc=default-nb=200-nt=0-mc=h-1f9e1a99
act_prm_snorkel_insurance,s2,snorkel_insurance_s2_thoughts_policy_adamw30_lr1e_3_adamw_nb200_flat32_heldout,adamw,0.001,70,1.817174,0.844718,0.803821,1.918565,35663.0,59980.0,snorkel_insurance_s2_thoughts_policy_adamw30_lr1e_3_adamw_nb200_flat32_heldout-act-prm-ia=0-rr=0-ec=act_prm_snorkel_insurance-gc=act_prm_actions_only-tc=sft_flat-rbc=default-nb=200-nt=0-mc=h-1f9e1a99
act_prm_snorkel_insurance,s2,snorkel_insurance_s2_thoughts_policy_adamw30_lr1e_3_adamw_nb200_flat32_heldout,adamw,0.001,75,1.801455,0.84662,0.806431,1.910974,35663.0,59980.0,snorkel_insurance_s2_thoughts_policy_adamw30_lr1e_3_adamw_nb200_flat32_heldout-act-prm-ia=0-rr=0-ec=act_prm_snorkel_insurance-gc=act_prm_actions_only-tc=sft_flat-rbc=default-nb=200-nt=0-mc=h-1f9e1a99
act_prm_snorkel_insurance,s2,snorkel_insurance_s2_thoughts_policy_adamw30_lr1e_3_adamw_nb200_flat32_heldout,adamw,0.001,80,1.801399,0.845654,0.804436,1.918062,35663.0,59980.0,snorkel_insurance_s2_thoughts_policy_adamw30_lr1e_3_adamw_nb200_flat32_heldout-act-prm-ia=0-rr=0-ec=act_prm_snorkel_insurance-gc=act_prm_actions_only-tc=sft_flat-rbc=default-nb=200-nt=0-mc=h-1f9e1a99
act_prm_snorkel_insurance,s2,snorkel_insurance_s2_thoughts_policy_adamw30_lr1e_3_adamw_nb200_flat32_heldout,adamw,0.001,85,1.776875,0.849381,0.805625,1.905318,35663.0,59980.0,snorkel_insurance_s2_thoughts_policy_adamw30_lr1e_3_adamw_nb200_flat32_heldout-act-prm-ia=0-rr=0-ec=act_prm_snorkel_insurance-gc=act_prm_actions_only-tc=sft_flat-rbc=default-nb=200-nt=0-mc=h-1f9e1a99
act_prm_snorkel_insurance,s2,snorkel_insurance_s2_thoughts_policy_adamw30_lr1e_3_adamw_nb200_flat32_heldout,adamw,0.001,90,1.784097,0.847393,0.807063,1.899028,35663.0,59980.0,snorkel_insurance_s2_thoughts_policy_adamw30_lr1e_3_adamw_nb200_flat32_heldout-act-prm-ia=0-rr=0-ec=act_prm_snorkel_insurance-gc=act_prm_actions_only-tc=sft_flat-rbc=default-nb=200-nt=0-mc=h-1f9e1a99
act_prm_snorkel_insurance,s2,snorkel_insurance_s2_thoughts_policy_adamw30_lr1e_3_adamw_nb200_flat32_heldout,adamw,0.001,95,1.781497,0.848395,0.804185,1.910894,35663.0,59980.0,snorkel_insurance_s2_thoughts_policy_adamw30_lr1e_3_adamw_nb200_flat32_heldout-act-prm-ia=0-rr=0-ec=act_prm_snorkel_insurance-gc=act_prm_actions_only-tc=sft_flat-rbc=default-nb=200-nt=0-mc=h-1f9e1a99
act_prm_snorkel_insurance,s2,snorkel_insurance_s2_thoughts_policy_adamw30_lr1e_3_adamw_nb200_flat32_heldout,adamw,0.001,100,1.770718,0.849389,0.806037,1.904218,35663.0,59980.0,snorkel_insurance_s2_thoughts_policy_adamw30_lr1e_3_adamw_nb200_flat32_heldout-act-prm-ia=0-rr=0-ec=act_prm_snorkel_insurance-gc=act_prm_actions_only-tc=sft_flat-rbc=default-nb=200-nt=0-mc=h-1f9e1a99
act_prm_snorkel_insurance,s2,snorkel_insurance_s2_thoughts_policy_adamw30_lr1e_3_adamw_nb200_flat32_heldout,adamw,0.001,105,1.761851,0.850946,0.806031,1.900211,35663.0,59980.0,snorkel_insurance_s2_thoughts_policy_adamw30_lr1e_3_adamw_nb200_flat32_heldout-act-prm-ia=0-rr=0-ec=act_prm_snorkel_insurance-gc=act_prm_actions_only-tc=sft_flat-rbc=default-nb=200-nt=0-mc=h-1f9e1a99
act_prm_snorkel_insurance,s2,snorkel_insurance_s2_thoughts_policy_adamw30_lr1e_3_adamw_nb200_flat32_heldout,adamw,0.001,110,1.782142,0.849299,0.804958,1.918528,35663.0,59980.0,snorkel_insurance_s2_thoughts_policy_adamw30_lr1e_3_adamw_nb200_flat32_heldout-act-prm-ia=0-rr=0-ec=act_prm_snorkel_insurance-gc=act_prm_actions_only-tc=sft_flat-rbc=default-nb=200-nt=0-mc=h-1f9e1a99
act_prm_snorkel_insurance,s2,snorkel_insurance_s2_thoughts_policy_adamw30_lr1e_3_adamw_nb200_flat32_heldout,adamw,0.001,115,1.761566,0.85125,0.80649,1.89678,35663.0,59980.0,snorkel_insurance_s2_thoughts_policy_adamw30_lr1e_3_adamw_nb200_flat32_heldout-act-prm-ia=0-rr=0-ec=act_prm_snorkel_insurance-gc=act_prm_actions_only-tc=sft_flat-rbc=default-nb=200-nt=0-mc=h-1f9e1a99
act_prm_snorkel_insurance,s2,snorkel_insurance_s2_thoughts_policy_adamw30_lr1e_3_adamw_nb200_flat32_heldout,adamw,0.001,120,1.750703,0.850898,0.807377,1.886036,35663.0,59980.0,snorkel_insurance_s2_thoughts_policy_adamw30_lr1e_3_adamw_nb200_flat32_heldout-act-prm-ia=0-rr=0-ec=act_prm_snorkel_insurance-gc=act_prm_actions_only-tc=sft_flat-rbc=default-nb=200-nt=0-mc=h-1f9e1a99
act_prm_snorkel_insurance,s2,snorkel_insurance_s2_thoughts_policy_adamw30_lr1e_3_adamw_nb200_flat32_heldout,adamw,0.001,125,1.749458,0.850932,0.807417,1.884038,35663.0,59980.0,snorkel_insurance_s2_thoughts_policy_adamw30_lr1e_3_adamw_nb200_flat32_heldout-act-prm-ia=0-rr=0-ec=act_prm_snorkel_insurance-gc=act_prm_actions_only-tc=sft_flat-rbc=default-nb=200-nt=0-mc=h-1f9e1a99
act_prm_snorkel_insurance,s2,snorkel_insurance_s2_thoughts_policy_adamw30_lr1e_3_adamw_nb200_flat32_heldout,adamw,0.001,130,1.748031,0.851181,0.807835,1.884652,35663.0,59980.0,snorkel_insurance_s2_thoughts_policy_adamw30_lr1e_3_adamw_nb200_flat32_heldout-act-prm-ia=0-rr=0-ec=act_prm_snorkel_insurance-gc=act_prm_actions_only-tc=sft_flat-rbc=default-nb=200-nt=0-mc=h-1f9e1a99
act_prm_snorkel_insurance,s2,snorkel_insurance_s2_thoughts_policy_adamw30_lr1e_3_adamw_nb200_flat32_heldout,adamw,0.001,135,1.731104,0.853139,0.808285,1.874853,35663.0,59980.0,snorkel_insurance_s2_thoughts_policy_adamw30_lr1e_3_adamw_nb200_flat32_heldout-act-prm-ia=0-rr=0-ec=act_prm_snorkel_insurance-gc=act_prm_actions_only-tc=sft_flat-rbc=default-nb=200-nt=0-mc=h-1f9e1a99
act_prm_snorkel_insurance,s2,snorkel_insurance_s2_thoughts_policy_adamw30_lr1e_3_adamw_nb200_flat32_heldout,adamw,0.001,140,1.727212,0.852775,0.80858,1.876313,35663.0,59980.0,snorkel_insurance_s2_thoughts_policy_adamw30_lr1e_3_adamw_nb200_flat32_heldout-act-prm-ia=0-rr=0-ec=act_prm_snorkel_insurance-gc=act_prm_actions_only-tc=sft_flat-rbc=default-nb=200-nt=0-mc=h-1f9e1a99
act_prm_snorkel_insurance,s2,snorkel_insurance_s2_thoughts_policy_adamw30_lr1e_3_adamw_nb200_flat32_heldout,adamw,0.001,145,1.729477,0.854347,0.808877,1.880498,35663.0,59980.0,snorkel_insurance_s2_thoughts_policy_adamw30_lr1e_3_adamw_nb200_flat32_heldout-act-prm-ia=0-rr=0-ec=act_prm_snorkel_insurance-gc=act_prm_actions_only-tc=sft_flat-rbc=default-nb=200-nt=0-mc=h-1f9e1a99
act_prm_snorkel_insurance,s2,snorkel_insurance_s2_thoughts_policy_adamw30_lr1e_3_adamw_nb200_flat32_heldout,adamw,0.001,150,1.766279,0.853805,0.807337,1.925479,35663.0,59980.0,snorkel_insurance_s2_thoughts_policy_adamw30_lr1e_3_adamw_nb200_flat32_heldout-act-prm-ia=0-rr=0-ec=act_prm_snorkel_insurance-gc=act_prm_actions_only-tc=sft_flat-rbc=default-nb=200-nt=0-mc=h-1f9e1a99
act_prm_snorkel_insurance,s2,snorkel_insurance_s2_thoughts_policy_adamw30_lr1e_3_adamw_nb200_flat32_heldout,adamw,0.001,155,1.754214,0.852108,0.804735,1.921151,35663.0,59980.0,snorkel_insurance_s2_thoughts_policy_adamw30_lr1e_3_adamw_nb200_flat32_heldout-act-prm-ia=0-rr=0-ec=act_prm_snorkel_insurance-gc=act_prm_actions_only-tc=sft_flat-rbc=default-nb=200-nt=0-mc=h-1f9e1a99
act_prm_snorkel_insurance,s2,snorkel_insurance_s2_thoughts_policy_adamw30_lr1e_3_adamw_nb200_flat32_heldout,adamw,0.001,160,1.768764,0.851639,0.805616,1.928329,35663.0,59980.0,snorkel_insurance_s2_thoughts_policy_adamw30_lr1e_3_adamw_nb200_flat32_heldout-act-prm-ia=0-rr=0-ec=act_prm_snorkel_insurance-gc=act_prm_actions_only-tc=sft_flat-rbc=default-nb=200-nt=0-mc=h-1f9e1a99
act_prm_snorkel_insurance,s2,snorkel_insurance_s2_thoughts_policy_adamw30_lr1e_3_adamw_nb200_flat32_heldout,adamw,0.001,165,1.761762,0.851723,0.804583,1.917054,35663.0,59980.0,snorkel_insurance_s2_thoughts_policy_adamw30_lr1e_3_adamw_nb200_flat32_heldout-act-prm-ia=0-rr=0-ec=act_prm_snorkel_insurance-gc=act_prm_actions_only-tc=sft_flat-rbc=default-nb=200-nt=0-mc=h-1f9e1a99
act_prm_snorkel_insurance,s2,snorkel_insurance_s2_thoughts_policy_adamw30_lr1e_3_adamw_nb200_flat32_heldout,adamw,0.001,170,1.736966,0.851484,0.803739,1.910839,35663.0,59980.0,snorkel_insurance_s2_thoughts_policy_adamw30_lr1e_3_adamw_nb200_flat32_heldout-act-prm-ia=0-rr=0-ec=act_prm_snorkel_insurance-gc=act_prm_actions_only-tc=sft_flat-rbc=default-nb=200-nt=0-mc=h-1f9e1a99
act_prm_snorkel_insurance,s2,snorkel_insurance_s2_thoughts_policy_adamw30_lr1e_3_nb200_flat32sgd_heldout,sgd,0.001,5,4.69527,0.753975,0.704051,5.176883,35663.0,59980.0,snorkel_insurance_s2_thoughts_policy_adamw30_lr1e_3_nb200_flat32sgd_heldout-act-prm-ia=0-rr=0-ec=act_prm_snorkel_insurance-gc=act_prm_actions_only-tc=sft_flat-rbc=default-nb=200-nt=0-mc=hf_q-3c2d38a8
act_prm_snorkel_insurance,s2,snorkel_insurance_s2_thoughts_policy_adamw30_lr1e_3_nb200_flat32sgd_heldout,sgd,0.001,10,4.675427,0.754194,0.704884,5.142549,35663.0,59980.0,snorkel_insurance_s2_thoughts_policy_adamw30_lr1e_3_nb200_flat32sgd_heldout-act-prm-ia=0-rr=0-ec=act_prm_snorkel_insurance-gc=act_prm_actions_only-tc=sft_flat-rbc=default-nb=200-nt=0-mc=hf_q-3c2d38a8
act_prm_snorkel_insurance,s2,snorkel_insurance_s2_thoughts_policy_adamw30_lr1e_3_nb200_flat32sgd_heldout,sgd,0.001,15,4.652373,0.754186,0.705248,5.090091,35663.0,59980.0,snorkel_insurance_s2_thoughts_policy_adamw30_lr1e_3_nb200_flat32sgd_heldout-act-prm-ia=0-rr=0-ec=act_prm_snorkel_insurance-gc=act_prm_actions_only-tc=sft_flat-rbc=default-nb=200-nt=0-mc=hf_q-3c2d38a8
act_prm_snorkel_insurance,s2,snorkel_insurance_s2_thoughts_policy_adamw30_lr1e_3_nb200_flat32sgd_heldout,sgd,0.001,20,4.607919,0.754547,0.706265,5.020883,35663.0,59980.0,snorkel_insurance_s2_thoughts_policy_adamw30_lr1e_3_nb200_flat32sgd_heldout-act-prm-ia=0-rr=0-ec=act_prm_snorkel_insurance-gc=act_prm_actions_only-tc=sft_flat-rbc=default-nb=200-nt=0-mc=hf_q-3c2d38a8
act_prm_snorkel_insurance,s2,snorkel_insurance_s2_thoughts_policy_adamw30_lr1e_3_nb200_flat32sgd_heldout,sgd,0.001,25,4.572502,0.754575,0.706772,4.940253,35663.0,59980.0,snorkel_insurance_s2_thoughts_policy_adamw30_lr1e_3_nb200_flat32sgd_heldout-act-prm-ia=0-rr=0-ec=act_prm_snorkel_insurance-gc=act_prm_actions_only-tc=sft_flat-rbc=default-nb=200-nt=0-mc=hf_q-3c2d38a8
act_prm_snorkel_insurance,s2,snorkel_insurance_s2_thoughts_policy_adamw30_lr1e_3_nb200_flat32sgd_heldout,sgd,0.001,30,4.524704,0.754286,0.708289,4.844207,35663.0,59980.0,snorkel_insurance_s2_thoughts_policy_adamw30_lr1e_3_nb200_flat32sgd_heldout-act-prm-ia=0-rr=0-ec=act_prm_snorkel_insurance-gc=act_prm_actions_only-tc=sft_flat-rbc=default-nb=200-nt=0-mc=hf_q-3c2d38a8
act_prm_snorkel_insurance,s2,snorkel_insurance_s2_thoughts_policy_adamw30_lr1e_3_nb200_flat32sgd_heldout,sgd,0.001,35,4.456825,0.754957,0.709661,4.722468,35663.0,59980.0,snorkel_insurance_s2_thoughts_policy_adamw30_lr1e_3_nb200_flat32sgd_heldout-act-prm-ia=0-rr=0-ec=act_prm_snorkel_insurance-gc=act_prm_actions_only-tc=sft_flat-rbc=default-nb=200-nt=0-mc=hf_q-3c2d38a8
act_prm_snorkel_insurance,s2,snorkel_insurance_s2_thoughts_policy_adamw30_lr1e_3_nb200_flat32sgd_heldout,sgd,0.001,40,4.392868,0.755259,0.712059,4.601847,35663.0,59980.0,snorkel_insurance_s2_thoughts_policy_adamw30_lr1e_3_nb200_flat32sgd_heldout-act-prm-ia=0-rr=0-ec=act_prm_snorkel_insurance-gc=act_prm_actions_only-tc=sft_flat-rbc=default-nb=200-nt=0-mc=hf_q-3c2d38a8
act_prm_snorkel_insurance,s2,snorkel_insurance_s2_thoughts_policy_adamw30_lr1e_3_nb200_flat32sgd_heldout,sgd,0.001,45,4.327322,0.755561,0.713441,4.493482,35663.0,59980.0,snorkel_insurance_s2_thoughts_policy_adamw30_lr1e_3_nb200_flat32sgd_heldout-act-prm-ia=0-rr=0-ec=act_prm_snorkel_insurance-gc=act_prm_actions_only-tc=sft_flat-rbc=default-nb=200-nt=0-mc=hf_q-3c2d38a8
act_prm_snorkel_insurance,s2,snorkel_insurance_s2_thoughts_policy_adamw30_lr1e_3_nb200_flat32sgd_heldout,sgd,0.001,50,4.245483,0.755972,0.715802,4.349585,35663.0,59980.0,snorkel_insurance_s2_thoughts_policy_adamw30_lr1e_3_nb200_flat32sgd_heldout-act-prm-ia=0-rr=0-ec=act_prm_snorkel_insurance-gc=act_prm_actions_only-tc=sft_flat-rbc=default-nb=200-nt=0-mc=hf_q-3c2d38a8
act_prm_snorkel_insurance,s2,snorkel_insurance_s2_thoughts_policy_adamw30_lr1e_3_nb200_flat32sgd_heldout,sgd,0.001,55,4.154945,0.756353,0.717865,4.211732,35663.0,59980.0,snorkel_insurance_s2_thoughts_policy_adamw30_lr1e_3_nb200_flat32sgd_heldout-act-prm-ia=0-rr=0-ec=act_prm_snorkel_insurance-gc=act_prm_actions_only-tc=sft_flat-rbc=default-nb=200-nt=0-mc=hf_q-3c2d38a8
act_prm_snorkel_insurance,s2,snorkel_insurance_s2_thoughts_policy_adamw30_lr1e_3_nb200_flat32sgd_heldout,sgd,0.001,60,4.048953,0.757157,0.720568,4.057601,35663.0,59980.0,snorkel_insurance_s2_thoughts_policy_adamw30_lr1e_3_nb200_flat32sgd_heldout-act-prm-ia=0-rr=0-ec=act_prm_snorkel_insurance-gc=act_prm_actions_only-tc=sft_flat-rbc=default-nb=200-nt=0-mc=hf_q-3c2d38a8
act_prm_snorkel_insurance,s2,snorkel_insurance_s2_thoughts_policy_adamw30_lr1e_3_nb200_flat32sgd_heldout,sgd,0.001,65,3.950697,0.7577,0.722885,3.905682,35663.0,59980.0,snorkel_insurance_s2_thoughts_policy_adamw30_lr1e_3_nb200_flat32sgd_heldout-act-prm-ia=0-rr=0-ec=act_prm_snorkel_insurance-gc=act_prm_actions_only-tc=sft_flat-rbc=default-nb=200-nt=0-mc=hf_q-3c2d38a8
act_prm_snorkel_insurance,s2,snorkel_insurance_s2_thoughts_policy_adamw30_lr1e_3_nb200_flat32sgd_heldout,sgd,0.001,70,3.850978,0.757985,0.725823,3.764932,35663.0,59980.0,snorkel_insurance_s2_thoughts_policy_adamw30_lr1e_3_nb200_flat32sgd_heldout-act-prm-ia=0-rr=0-ec=act_prm_snorkel_insurance-gc=act_prm_actions_only-tc=sft_flat-rbc=default-nb=200-nt=0-mc=hf_q-3c2d38a8
act_prm_snorkel_insurance,s2,snorkel_insurance_s2_thoughts_policy_adamw30_lr1e_3_nb200_flat32sgd_heldout,sgd,0.001,75,3.75558,0.75825,0.728237,3.636677,35663.0,59980.0,snorkel_insurance_s2_thoughts_policy_adamw30_lr1e_3_nb200_flat32sgd_heldout-act-prm-ia=0-rr=0-ec=act_prm_snorkel_insurance-gc=act_prm_actions_only-tc=sft_flat-rbc=default-nb=200-nt=0-mc=hf_q-3c2d38a8
act_prm_snorkel_insurance,s2,snorkel_insurance_s2_thoughts_policy_adamw30_lr1e_3_nb200_flat32sgd_heldout,sgd,0.001,80,3.671819,0.75874,0.730145,3.52556,35663.0,59980.0,snorkel_insurance_s2_thoughts_policy_adamw30_lr1e_3_nb200_flat32sgd_heldout-act-prm-ia=0-rr=0-ec=act_prm_snorkel_insurance-gc=act_prm_actions_only-tc=sft_flat-rbc=default-nb=200-nt=0-mc=hf_q-3c2d38a8
act_prm_snorkel_insurance,s2,snorkel_insurance_s2_thoughts_policy_adamw30_lr1e_3_nb200_flat32sgd_heldout,sgd,0.001,85,3.586421,0.758956,0.731763,3.426552,35663.0,59980.0,snorkel_insurance_s2_thoughts_policy_adamw30_lr1e_3_nb200_flat32sgd_heldout-act-prm-ia=0-rr=0-ec=act_prm_snorkel_insurance-gc=act_prm_actions_only-tc=sft_flat-rbc=default-nb=200-nt=0-mc=hf_q-3c2d38a8
act_prm_snorkel_insurance,s2,snorkel_insurance_s2_thoughts_policy_adamw30_lr1e_3_nb200_flat32sgd_heldout,sgd,0.001,90,3.50511,0.759232,0.733972,3.328449,35663.0,59980.0,snorkel_insurance_s2_thoughts_policy_adamw30_lr1e_3_nb200_flat32sgd_heldout-act-prm-ia=0-rr=0-ec=act_prm_snorkel_insurance-gc=act_prm_actions_only-tc=sft_flat-rbc=default-nb=200-nt=0-mc=hf_q-3c2d38a8
act_prm_snorkel_insurance,s2,snorkel_insurance_s2_thoughts_policy_adamw30_lr1e_3_nb200_flat32sgd_heldout,sgd,0.001,95,3.44138,0.759399,0.735344,3.254898,35663.0,59980.0,snorkel_insurance_s2_thoughts_policy_adamw30_lr1e_3_nb200_flat32sgd_heldout-act-prm-ia=0-rr=0-ec=act_prm_snorkel_insurance-gc=act_prm_actions_only-tc=sft_flat-rbc=default-nb=200-nt=0-mc=hf_q-3c2d38a8
act_prm_snorkel_insurance,s2,snorkel_insurance_s2_thoughts_policy_adamw30_lr1e_3_nb200_flat32sgd_heldout,sgd,0.001,100,3.385747,0.759621,0.736072,3.191975,35663.0,59980.0,snorkel_insurance_s2_thoughts_policy_adamw30_lr1e_3_nb200_flat32sgd_heldout-act-prm-ia=0-rr=0-ec=act_prm_snorkel_insurance-gc=act_prm_actions_only-tc=sft_flat-rbc=default-nb=200-nt=0-mc=hf_q-3c2d38a8
act_prm_snorkel_insurance,s2,snorkel_insurance_s2_thoughts_policy_adamw30_lr1e_3_nb200_flat32sgd_heldout,sgd,0.001,105,3.338482,0.759319,0.736835,3.142407,35663.0,59980.0,snorkel_insurance_s2_thoughts_policy_adamw30_lr1e_3_nb200_flat32sgd_heldout-act-prm-ia=0-rr=0-ec=act_prm_snorkel_insurance-gc=act_prm_actions_only-tc=sft_flat-rbc=default-nb=200-nt=0-mc=hf_q-3c2d38a8
act_prm_snorkel_insurance,s2,snorkel_insurance_s2_thoughts_policy_adamw30_lr1e_3_nb200_flat32sgd_heldout,sgd,0.001,110,3.295793,0.759771,0.737679,3.097356,35663.0,59980.0,snorkel_insurance_s2_thoughts_policy_adamw30_lr1e_3_nb200_flat32sgd_heldout-act-prm-ia=0-rr=0-ec=act_prm_snorkel_insurance-gc=act_prm_actions_only-tc=sft_flat-rbc=default-nb=200-nt=0-mc=hf_q-3c2d38a8
act_prm_snorkel_insurance,s2,snorkel_insurance_s2_thoughts_policy_adamw30_lr1e_3_nb200_flat32sgd_heldout,sgd,0.001,115,3.257472,0.759842,0.738337,3.052373,35663.0,59980.0,snorkel_insurance_s2_thoughts_policy_adamw30_lr1e_3_nb200_flat32sgd_heldout-act-prm-ia=0-rr=0-ec=act_prm_snorkel_insurance-gc=act_prm_actions_only-tc=sft_flat-rbc=default-nb=200-nt=0-mc=hf_q-3c2d38a8
act_prm_snorkel_insurance,s2,snorkel_insurance_s2_thoughts_policy_adamw30_lr1e_3_nb200_flat32sgd_heldout,sgd,0.001,120,3.221327,0.760262,0.73876,3.017797,35663.0,59980.0,snorkel_insurance_s2_thoughts_policy_adamw30_lr1e_3_nb200_flat32sgd_heldout-act-prm-ia=0-rr=0-ec=act_prm_snorkel_insurance-gc=act_prm_actions_only-tc=sft_flat-rbc=default-nb=200-nt=0-mc=hf_q-3c2d38a8
act_prm_snorkel_insurance,s2,snorkel_insurance_s2_thoughts_policy_adamw30_lr1e_3_nb200_flat32sgd_heldout,sgd,0.001,125,3.197209,0.760176,0.739247,2.993291,35663.0,59980.0,snorkel_insurance_s2_thoughts_policy_adamw30_lr1e_3_nb200_flat32sgd_heldout-act-prm-ia=0-rr=0-ec=act_prm_snorkel_insurance-gc=act_prm_actions_only-tc=sft_flat-rbc=default-nb=200-nt=0-mc=hf_q-3c2d38a8
act_prm_snorkel_insurance,s2,snorkel_insurance_s2_thoughts_policy_adamw30_lr1e_3_nb200_flat32sgd_heldout,sgd,0.001,130,3.171441,0.760592,0.740006,2.966217,35663.0,59980.0,snorkel_insurance_s2_thoughts_policy_adamw30_lr1e_3_nb200_flat32sgd_heldout-act-prm-ia=0-rr=0-ec=act_prm_snorkel_insurance-gc=act_prm_actions_only-tc=sft_flat-rbc=default-nb=200-nt=0-mc=hf_q-3c2d38a8
act_prm_snorkel_insurance,s2,snorkel_insurance_s2_thoughts_policy_adamw30_lr1e_3_nb200_flat32sgd_heldout,sgd,0.001,135,3.141373,0.760646,0.740294,2.940212,35663.0,59980.0,snorkel_insurance_s2_thoughts_policy_adamw30_lr1e_3_nb200_flat32sgd_heldout-act-prm-ia=0-rr=0-ec=act_prm_snorkel_insurance-gc=act_prm_actions_only-tc=sft_flat-rbc=default-nb=200-nt=0-mc=hf_q-3c2d38a8
act_prm_snorkel_insurance,s2,snorkel_insurance_s2_thoughts_policy_adamw30_lr1e_3_nb200_flat32sgd_heldout,sgd,0.001,140,3.124008,0.760786,0.740681,2.921174,35663.0,59980.0,snorkel_insurance_s2_thoughts_policy_adamw30_lr1e_3_nb200_flat32sgd_heldout-act-prm-ia=0-rr=0-ec=act_prm_snorkel_insurance-gc=act_prm_actions_only-tc=sft_flat-rbc=default-nb=200-nt=0-mc=hf_q-3c2d38a8
act_prm_snorkel_insurance,s2,snorkel_insurance_s2_thoughts_policy_adamw30_lr1e_3_nb200_flat32sgd_heldout,sgd,0.001,145,3.10679,0.76129,0.741426,2.90459,35663.0,59980.0,snorkel_insurance_s2_thoughts_policy_adamw30_lr1e_3_nb200_flat32sgd_heldout-act-prm-ia=0-rr=0-ec=act_prm_snorkel_insurance-gc=act_prm_actions_only-tc=sft_flat-rbc=default-nb=200-nt=0-mc=hf_q-3c2d38a8
act_prm_snorkel_insurance,s2,snorkel_insurance_s2_thoughts_policy_adamw30_lr1e_3_nb200_flat32sgd_heldout,sgd,0.001,150,3.093026,0.761288,0.741817,2.889207,35663.0,59980.0,snorkel_insurance_s2_thoughts_policy_adamw30_lr1e_3_nb200_flat32sgd_heldout-act-prm-ia=0-rr=0-ec=act_prm_snorkel_insurance-gc=act_prm_actions_only-tc=sft_flat-rbc=default-nb=200-nt=0-mc=hf_q-3c2d38a8
act_prm_snorkel_insurance,s2,snorkel_insurance_s2_thoughts_policy_adamw30_lr1e_3_nb200_flat32sgd_heldout,sgd,0.001,155,3.075529,0.761115,0.741534,2.874458,35663.0,59980.0,snorkel_insurance_s2_thoughts_policy_adamw30_lr1e_3_nb200_flat32sgd_heldout-act-prm-ia=0-rr=0-ec=act_prm_snorkel_insurance-gc=act_prm_actions_only-tc=sft_flat-rbc=default-nb=200-nt=0-mc=hf_q-3c2d38a8
act_prm_snorkel_insurance,s2,snorkel_insurance_s2_thoughts_policy_adamw30_lr1e_3_nb200_flat32sgd_heldout,sgd,0.001,160,3.062279,0.760931,0.741993,2.862835,35663.0,59980.0,snorkel_insurance_s2_thoughts_policy_adamw30_lr1e_3_nb200_flat32sgd_heldout-act-prm-ia=0-rr=0-ec=act_prm_snorkel_insurance-gc=act_prm_actions_only-tc=sft_flat-rbc=default-nb=200-nt=0-mc=hf_q-3c2d38a8
act_prm_snorkel_insurance,s2,snorkel_insurance_s2_thoughts_policy_adamw30_lr1e_3_nb200_flat32sgd_heldout,sgd,0.001,165,3.052957,0.76099,0.742285,2.852754,35663.0,59980.0,snorkel_insurance_s2_thoughts_policy_adamw30_lr1e_3_nb200_flat32sgd_heldout-act-prm-ia=0-rr=0-ec=act_prm_snorkel_insurance-gc=act_prm_actions_only-tc=sft_flat-rbc=default-nb=200-nt=0-mc=hf_q-3c2d38a8
act_prm_snorkel_insurance,s2,snorkel_insurance_s2_thoughts_policy_adamw30_lr1e_3_nb200_flat32sgd_heldout,sgd,0.001,170,3.040868,0.760749,0.742683,2.841746,35663.0,59980.0,snorkel_insurance_s2_thoughts_policy_adamw30_lr1e_3_nb200_flat32sgd_heldout-act-prm-ia=0-rr=0-ec=act_prm_snorkel_insurance-gc=act_prm_actions_only-tc=sft_flat-rbc=default-nb=200-nt=0-mc=hf_q-3c2d38a8
act_prm_snorkel_insurance,s2,snorkel_insurance_s2_thoughts_policy_adamw30_lr1e_3_nb200_flat32sgd_heldout,sgd,0.001,175,3.030659,0.761432,0.743029,2.831458,35663.0,59980.0,snorkel_insurance_s2_thoughts_policy_adamw30_lr1e_3_nb200_flat32sgd_heldout-act-prm-ia=0-rr=0-ec=act_prm_snorkel_insurance-gc=act_prm_actions_only-tc=sft_flat-rbc=default-nb=200-nt=0-mc=hf_q-3c2d38a8
act_prm_snorkel_insurance,s2,snorkel_insurance_s2_thoughts_policy_adamw30_lr1e_3_nb200_flat32sgd_heldout,sgd,0.001,180,3.022552,0.760317,0.742355,2.823801,35663.0,59980.0,snorkel_insurance_s2_thoughts_policy_adamw30_lr1e_3_nb200_flat32sgd_heldout-act-prm-ia=0-rr=0-ec=act_prm_snorkel_insurance-gc=act_prm_actions_only-tc=sft_flat-rbc=default-nb=200-nt=0-mc=hf_q-3c2d38a8
act_prm_snorkel_insurance,s2,snorkel_insurance_s2_thoughts_policy_adamw30_lr1e_3_nb200_flat32sgd_heldout,sgd,0.001,185,3.011143,0.760709,0.743078,2.81409,35663.0,59980.0,snorkel_insurance_s2_thoughts_policy_adamw30_lr1e_3_nb200_flat32sgd_heldout-act-prm-ia=0-rr=0-ec=act_prm_snorkel_insurance-gc=act_prm_actions_only-tc=sft_flat-rbc=default-nb=200-nt=0-mc=hf_q-3c2d38a8
act_prm_snorkel_insurance,s2,snorkel_insurance_s2_thoughts_policy_adamw30_lr1e_3_nb200_flat32sgd_heldout,sgd,0.001,190,3.003601,0.760882,0.743575,2.807977,35663.0,59980.0,snorkel_insurance_s2_thoughts_policy_adamw30_lr1e_3_nb200_flat32sgd_heldout-act-prm-ia=0-rr=0-ec=act_prm_snorkel_insurance-gc=act_prm_actions_only-tc=sft_flat-rbc=default-nb=200-nt=0-mc=hf_q-3c2d38a8
act_prm_snorkel_insurance,s2,snorkel_insurance_s2_thoughts_policy_adamw30_lr1e_3_nb200_flat32sgd_heldout,sgd,0.001,195,2.99992,0.761426,0.744044,2.802169,35663.0,59980.0,snorkel_insurance_s2_thoughts_policy_adamw30_lr1e_3_nb200_flat32sgd_heldout-act-prm-ia=0-rr=0-ec=act_prm_snorkel_insurance-gc=act_prm_actions_only-tc=sft_flat-rbc=default-nb=200-nt=0-mc=hf_q-3c2d38a8
act_prm_snorkel_insurance,s2,snorkel_insurance_s2_thoughts_policy_adamw30_lr1e_3_nb200_flat32sgd_heldout,sgd,0.001,199,2.995189,0.760963,0.744015,2.798013,35663.0,59980.0,snorkel_insurance_s2_thoughts_policy_adamw30_lr1e_3_nb200_flat32sgd_heldout-act-prm-ia=0-rr=0-ec=act_prm_snorkel_insurance-gc=act_prm_actions_only-tc=sft_flat-rbc=default-nb=200-nt=0-mc=hf_q-3c2d38a8
act_prm_snorkel_insurance,s2,snorkel_insurance_s2_thoughts_policy_g8top1_lr1e_3_nb200_flat32sgd_heldout,sgd,0.001,5,4.748397,0.752037,0.702245,5.127903,35663.0,61121.0,snorkel_insurance_s2_thoughts_policy_g8top1_lr1e_3_nb200_flat32sgd_heldout-act-prm-ia=0-rr=0-ec=act_prm_snorkel_insurance-gc=act_prm_actions_only-tc=sft_flat-rbc=default-nb=200-nt=0-mc=hf_qw-da7e89c8
act_prm_snorkel_insurance,s2,snorkel_insurance_s2_thoughts_policy_g8top1_lr1e_3_nb200_flat32sgd_heldout,sgd,0.001,10,4.722851,0.751775,0.702532,5.078537,35663.0,61121.0,snorkel_insurance_s2_thoughts_policy_g8top1_lr1e_3_nb200_flat32sgd_heldout-act-prm-ia=0-rr=0-ec=act_prm_snorkel_insurance-gc=act_prm_actions_only-tc=sft_flat-rbc=default-nb=200-nt=0-mc=hf_qw-da7e89c8
act_prm_snorkel_insurance,s2,snorkel_insurance_s2_thoughts_policy_g8top1_lr1e_3_nb200_flat32sgd_heldout,sgd,0.001,15,4.699775,0.75227,0.703153,5.025558,35663.0,61121.0,snorkel_insurance_s2_thoughts_policy_g8top1_lr1e_3_nb200_flat32sgd_heldout-act-prm-ia=0-rr=0-ec=act_prm_snorkel_insurance-gc=act_prm_actions_only-tc=sft_flat-rbc=default-nb=200-nt=0-mc=hf_qw-da7e89c8
act_prm_snorkel_insurance,s2,snorkel_insurance_s2_thoughts_policy_g8top1_lr1e_3_nb200_flat32sgd_heldout,sgd,0.001,20,4.653103,0.752678,0.704225,4.949232,35663.0,61121.0,snorkel_insurance_s2_thoughts_policy_g8top1_lr1e_3_nb200_flat32sgd_heldout-act-prm-ia=0-rr=0-ec=act_prm_snorkel_insurance-gc=act_prm_actions_only-tc=sft_flat-rbc=default-nb=200-nt=0-mc=hf_qw-da7e89c8
act_prm_snorkel_insurance,s2,snorkel_insurance_s2_thoughts_policy_g8top1_lr1e_3_nb200_flat32sgd_heldout,sgd,0.001,25,4.616978,0.752495,0.705247,4.87184,35663.0,61121.0,snorkel_insurance_s2_thoughts_policy_g8top1_lr1e_3_nb200_flat32sgd_heldout-act-prm-ia=0-rr=0-ec=act_prm_snorkel_insurance-gc=act_prm_actions_only-tc=sft_flat-rbc=default-nb=200-nt=0-mc=hf_qw-da7e89c8
act_prm_snorkel_insurance,s2,snorkel_insurance_s2_thoughts_policy_g8top1_lr1e_3_nb200_flat32sgd_heldout,sgd,0.001,30,4.563517,0.752876,0.7068,4.777449,35663.0,61121.0,snorkel_insurance_s2_thoughts_policy_g8top1_lr1e_3_nb200_flat32sgd_heldout-act-prm-ia=0-rr=0-ec=act_prm_snorkel_insurance-gc=act_prm_actions_only-tc=sft_flat-rbc=default-nb=200-nt=0-mc=hf_qw-da7e89c8
act_prm_snorkel_insurance,s2,snorkel_insurance_s2_thoughts_policy_g8top1_lr1e_3_nb200_flat32sgd_heldout,sgd,0.001,35,4.495827,0.753177,0.708786,4.669723,35663.0,61121.0,snorkel_insurance_s2_thoughts_policy_g8top1_lr1e_3_nb200_flat32sgd_heldout-act-prm-ia=0-rr=0-ec=act_prm_snorkel_insurance-gc=act_prm_actions_only-tc=sft_flat-rbc=default-nb=200-nt=0-mc=hf_qw-da7e89c8
act_prm_snorkel_insurance,s2,snorkel_insurance_s2_thoughts_policy_g8top1_lr1e_3_nb200_flat32sgd_heldout,sgd,0.001,40,4.434584,0.753111,0.710533,4.549344,35663.0,61121.0,snorkel_insurance_s2_thoughts_policy_g8top1_lr1e_3_nb200_flat32sgd_heldout-act-prm-ia=0-rr=0-ec=act_prm_snorkel_insurance-gc=act_prm_actions_only-tc=sft_flat-rbc=default-nb=200-nt=0-mc=hf_qw-da7e89c8
act_prm_snorkel_insurance,s2,snorkel_insurance_s2_thoughts_policy_g8top1_lr1e_3_nb200_flat32sgd_heldout,sgd,0.001,45,4.35337,0.753952,0.712906,4.419745,35663.0,61121.0,snorkel_insurance_s2_thoughts_policy_g8top1_lr1e_3_nb200_flat32sgd_heldout-act-prm-ia=0-rr=0-ec=act_prm_snorkel_insurance-gc=act_prm_actions_only-tc=sft_flat-rbc=default-nb=200-nt=0-mc=hf_qw-da7e89c8
act_prm_snorkel_insurance,s2,snorkel_insurance_s2_thoughts_policy_g8top1_lr1e_3_nb200_flat32sgd_heldout,sgd,0.001,50,4.26705,0.754339,0.715305,4.278966,35663.0,61121.0,snorkel_insurance_s2_thoughts_policy_g8top1_lr1e_3_nb200_flat32sgd_heldout-act-prm-ia=0-rr=0-ec=act_prm_snorkel_insurance-gc=act_prm_actions_only-tc=sft_flat-rbc=default-nb=200-nt=0-mc=hf_qw-da7e89c8
act_prm_snorkel_insurance,s2,snorkel_insurance_s2_thoughts_policy_g8top1_lr1e_3_nb200_flat32sgd_heldout,sgd,0.001,55,4.177894,0.753968,0.717165,4.145039,35663.0,61121.0,snorkel_insurance_s2_thoughts_policy_g8top1_lr1e_3_nb200_flat32sgd_heldout-act-prm-ia=0-rr=0-ec=act_prm_snorkel_insurance-gc=act_prm_actions_only-tc=sft_flat-rbc=default-nb=200-nt=0-mc=hf_qw-da7e89c8
act_prm_snorkel_insurance,s2,snorkel_insurance_s2_thoughts_policy_g8top1_lr1e_3_nb200_flat32sgd_heldout,sgd,0.001,60,4.088461,0.754854,0.720408,4.002367,35663.0,61121.0,snorkel_insurance_s2_thoughts_policy_g8top1_lr1e_3_nb200_flat32sgd_heldout-act-prm-ia=0-rr=0-ec=act_prm_snorkel_insurance-gc=act_prm_actions_only-tc=sft_flat-rbc=default-nb=200-nt=0-mc=hf_qw-da7e89c8
act_prm_snorkel_insurance,s2,snorkel_insurance_s2_thoughts_policy_g8top1_lr1e_3_nb200_flat32sgd_heldout,sgd,0.001,65,3.985032,0.75517,0.722928,3.851078,35663.0,61121.0,snorkel_insurance_s2_thoughts_policy_g8top1_lr1e_3_nb200_flat32sgd_heldout-act-prm-ia=0-rr=0-ec=act_prm_snorkel_insurance-gc=act_prm_actions_only-tc=sft_flat-rbc=default-nb=200-nt=0-mc=hf_qw-da7e89c8
act_prm_snorkel_insurance,s2,snorkel_insurance_s2_thoughts_policy_g8top1_lr1e_3_nb200_flat32sgd_heldout,sgd,0.001,70,3.874818,0.756139,0.726129,3.705493,35663.0,61121.0,snorkel_insurance_s2_thoughts_policy_g8top1_lr1e_3_nb200_flat32sgd_heldout-act-prm-ia=0-rr=0-ec=act_prm_snorkel_insurance-gc=act_prm_actions_only-tc=sft_flat-rbc=default-nb=200-nt=0-mc=hf_qw-da7e89c8
act_prm_snorkel_insurance,s2,snorkel_insurance_s2_thoughts_policy_g8top1_lr1e_3_nb200_flat32sgd_heldout,sgd,0.001,75,3.777157,0.756852,0.7288,3.575333,35663.0,61121.0,snorkel_insurance_s2_thoughts_policy_g8top1_lr1e_3_nb200_flat32sgd_heldout-act-prm-ia=0-rr=0-ec=act_prm_snorkel_insurance-gc=act_prm_actions_only-tc=sft_flat-rbc=default-nb=200-nt=0-mc=hf_qw-da7e89c8
act_prm_snorkel_insurance,s2,snorkel_insurance_s2_thoughts_policy_g8top1_lr1e_3_nb200_flat32sgd_heldout,sgd,0.001,80,3.685339,0.756917,0.730513,3.460583,35663.0,61121.0,snorkel_insurance_s2_thoughts_policy_g8top1_lr1e_3_nb200_flat32sgd_heldout-act-prm-ia=0-rr=0-ec=act_prm_snorkel_insurance-gc=act_prm_actions_only-tc=sft_flat-rbc=default-nb=200-nt=0-mc=hf_qw-da7e89c8
act_prm_snorkel_insurance,s2,snorkel_insurance_s2_thoughts_policy_g8top1_lr1e_3_nb200_flat32sgd_heldout,sgd,0.001,85,3.603094,0.756813,0.732135,3.361777,35663.0,61121.0,snorkel_insurance_s2_thoughts_policy_g8top1_lr1e_3_nb200_flat32sgd_heldout-act-prm-ia=0-rr=0-ec=act_prm_snorkel_insurance-gc=act_prm_actions_only-tc=sft_flat-rbc=default-nb=200-nt=0-mc=hf_qw-da7e89c8
act_prm_snorkel_insurance,s2,snorkel_insurance_s2_thoughts_policy_g8top1_lr1e_3_nb200_flat32sgd_heldout,sgd,0.001,90,3.526421,0.757498,0.734036,3.277294,35663.0,61121.0,snorkel_insurance_s2_thoughts_policy_g8top1_lr1e_3_nb200_flat32sgd_heldout-act-prm-ia=0-rr=0-ec=act_prm_snorkel_insurance-gc=act_prm_actions_only-tc=sft_flat-rbc=default-nb=200-nt=0-mc=hf_qw-da7e89c8
act_prm_snorkel_insurance,s2,snorkel_insurance_s2_thoughts_policy_g8top1_lr1e_3_nb200_flat32sgd_heldout,sgd,0.001,95,3.466769,0.757288,0.735176,3.207254,35663.0,61121.0,snorkel_insurance_s2_thoughts_policy_g8top1_lr1e_3_nb200_flat32sgd_heldout-act-prm-ia=0-rr=0-ec=act_prm_snorkel_insurance-gc=act_prm_actions_only-tc=sft_flat-rbc=default-nb=200-nt=0-mc=hf_qw-da7e89c8
act_prm_snorkel_insurance,s2,snorkel_insurance_s2_thoughts_policy_g8top1_lr1e_3_nb200_flat32sgd_heldout,sgd,0.001,100,3.406233,0.757688,0.736307,3.146072,35663.0,61121.0,snorkel_insurance_s2_thoughts_policy_g8top1_lr1e_3_nb200_flat32sgd_heldout-act-prm-ia=0-rr=0-ec=act_prm_snorkel_insurance-gc=act_prm_actions_only-tc=sft_flat-rbc=default-nb=200-nt=0-mc=hf_qw-da7e89c8
act_prm_snorkel_insurance,s2,snorkel_insurance_s2_thoughts_policy_g8top1_lr1e_3_nb200_flat32sgd_heldout,sgd,0.001,105,3.362072,0.757683,0.73765,3.099308,35663.0,61121.0,snorkel_insurance_s2_thoughts_policy_g8top1_lr1e_3_nb200_flat32sgd_heldout-act-prm-ia=0-rr=0-ec=act_prm_snorkel_insurance-gc=act_prm_actions_only-tc=sft_flat-rbc=default-nb=200-nt=0-mc=hf_qw-da7e89c8
act_prm_snorkel_insurance,s2,snorkel_insurance_s2_thoughts_policy_g8top1_lr1e_3_nb200_flat32sgd_heldout,sgd,0.001,110,3.32048,0.757816,0.738243,3.052791,35663.0,61121.0,snorkel_insurance_s2_thoughts_policy_g8top1_lr1e_3_nb200_flat32sgd_heldout-act-prm-ia=0-rr=0-ec=act_prm_snorkel_insurance-gc=act_prm_actions_only-tc=sft_flat-rbc=default-nb=200-nt=0-mc=hf_qw-da7e89c8
act_prm_snorkel_insurance,s2,snorkel_insurance_s2_thoughts_policy_g8top1_lr1e_3_nb200_flat32sgd_heldout,sgd,0.001,115,3.277124,0.757458,0.738931,3.006817,35663.0,61121.0,snorkel_insurance_s2_thoughts_policy_g8top1_lr1e_3_nb200_flat32sgd_heldout-act-prm-ia=0-rr=0-ec=act_prm_snorkel_insurance-gc=act_prm_actions_only-tc=sft_flat-rbc=default-nb=200-nt=0-mc=hf_qw-da7e89c8
act_prm_snorkel_insurance,s2,snorkel_insurance_s2_thoughts_policy_g8top1_lr1e_3_nb200_flat32sgd_heldout,sgd,0.001,120,3.245251,0.757412,0.739338,2.975941,35663.0,61121.0,snorkel_insurance_s2_thoughts_policy_g8top1_lr1e_3_nb200_flat32sgd_heldout-act-prm-ia=0-rr=0-ec=act_prm_snorkel_insurance-gc=act_prm_actions_only-tc=sft_flat-rbc=default-nb=200-nt=0-mc=hf_qw-da7e89c8
act_prm_snorkel_insurance,s2,snorkel_insurance_s2_thoughts_policy_g8top1_lr1e_3_nb200_flat32sgd_heldout,sgd,0.001,125,3.220318,0.757628,0.739883,2.949926,35663.0,61121.0,snorkel_insurance_s2_thoughts_policy_g8top1_lr1e_3_nb200_flat32sgd_heldout-act-prm-ia=0-rr=0-ec=act_prm_snorkel_insurance-gc=act_prm_actions_only-tc=sft_flat-rbc=default-nb=200-nt=0-mc=hf_qw-da7e89c8
act_prm_snorkel_insurance,s2,snorkel_insurance_s2_thoughts_policy_g8top1_lr1e_3_nb200_flat32sgd_heldout,sgd,0.001,130,3.193906,0.75737,0.740587,2.925474,35663.0,61121.0,snorkel_insurance_s2_thoughts_policy_g8top1_lr1e_3_nb200_flat32sgd_heldout-act-prm-ia=0-rr=0-ec=act_prm_snorkel_insurance-gc=act_prm_actions_only-tc=sft_flat-rbc=default-nb=200-nt=0-mc=hf_qw-da7e89c8
act_prm_snorkel_insurance,s2,snorkel_insurance_s2_thoughts_policy_g8top1_lr1e_3_nb200_flat32sgd_heldout,sgd,0.001,135,3.172077,0.758151,0.741375,2.905177,35663.0,61121.0,snorkel_insurance_s2_thoughts_policy_g8top1_lr1e_3_nb200_flat32sgd_heldout-act-prm-ia=0-rr=0-ec=act_prm_snorkel_insurance-gc=act_prm_actions_only-tc=sft_flat-rbc=default-nb=200-nt=0-mc=hf_qw-da7e89c8
act_prm_snorkel_insurance,s2,snorkel_insurance_s2_thoughts_policy_g8top1_lr1e_3_nb200_flat32sgd_heldout,sgd,0.001,140,3.150423,0.757527,0.741645,2.886127,35663.0,61121.0,snorkel_insurance_s2_thoughts_policy_g8top1_lr1e_3_nb200_flat32sgd_heldout-act-prm-ia=0-rr=0-ec=act_prm_snorkel_insurance-gc=act_prm_actions_only-tc=sft_flat-rbc=default-nb=200-nt=0-mc=hf_qw-da7e89c8
act_prm_snorkel_insurance,s2,snorkel_insurance_s2_thoughts_policy_g8top1_lr1e_3_nb200_flat32sgd_heldout,sgd,0.001,145,3.13281,0.75783,0.742319,2.870319,35663.0,61121.0,snorkel_insurance_s2_thoughts_policy_g8top1_lr1e_3_nb200_flat32sgd_heldout-act-prm-ia=0-rr=0-ec=act_prm_snorkel_insurance-gc=act_prm_actions_only-tc=sft_flat-rbc=default-nb=200-nt=0-mc=hf_qw-da7e89c8
act_prm_snorkel_insurance,s2,snorkel_insurance_s2_thoughts_policy_g8top1_lr1e_3_nb200_flat32sgd_heldout,sgd,0.001,150,3.117271,0.758047,0.743114,2.852182,35663.0,61121.0,snorkel_insurance_s2_thoughts_policy_g8top1_lr1e_3_nb200_flat32sgd_heldout-act-prm-ia=0-rr=0-ec=act_prm_snorkel_insurance-gc=act_prm_actions_only-tc=sft_flat-rbc=default-nb=200-nt=0-mc=hf_qw-da7e89c8
act_prm_snorkel_insurance,s2,snorkel_insurance_s2_thoughts_policy_g8top1_lr1e_3_nb200_flat32sgd_heldout,sgd,0.001,155,3.101352,0.758087,0.743158,2.839472,35663.0,61121.0,snorkel_insurance_s2_thoughts_policy_g8top1_lr1e_3_nb200_flat32sgd_heldout-act-prm-ia=0-rr=0-ec=act_prm_snorkel_insurance-gc=act_prm_actions_only-tc=sft_flat-rbc=default-nb=200-nt=0-mc=hf_qw-da7e89c8
act_prm_snorkel_insurance,s2,snorkel_insurance_s2_thoughts_policy_g8top1_lr1e_3_nb200_flat32sgd_heldout,sgd,0.001,160,3.087808,0.757963,0.74339,2.82602,35663.0,61121.0,snorkel_insurance_s2_thoughts_policy_g8top1_lr1e_3_nb200_flat32sgd_heldout-act-prm-ia=0-rr=0-ec=act_prm_snorkel_insurance-gc=act_prm_actions_only-tc=sft_flat-rbc=default-nb=200-nt=0-mc=hf_qw-da7e89c8
act_prm_snorkel_insurance,s2,snorkel_insurance_s2_thoughts_policy_g8top1_lr1e_3_nb200_flat32sgd_heldout,sgd,0.001,165,3.07666,0.758233,0.744111,2.814801,35663.0,61121.0,snorkel_insurance_s2_thoughts_policy_g8top1_lr1e_3_nb200_flat32sgd_heldout-act-prm-ia=0-rr=0-ec=act_prm_snorkel_insurance-gc=act_prm_actions_only-tc=sft_flat-rbc=default-nb=200-nt=0-mc=hf_qw-da7e89c8
act_prm_snorkel_insurance,s2,snorkel_insurance_s2_thoughts_policy_g8top1_lr1e_3_nb200_flat32sgd_heldout,sgd,0.001,170,3.067068,0.758465,0.744405,2.806662,35663.0,61121.0,snorkel_insurance_s2_thoughts_policy_g8top1_lr1e_3_nb200_flat32sgd_heldout-act-prm-ia=0-rr=0-ec=act_prm_snorkel_insurance-gc=act_prm_actions_only-tc=sft_flat-rbc=default-nb=200-nt=0-mc=hf_qw-da7e89c8
act_prm_snorkel_insurance,s2,snorkel_insurance_s2_thoughts_policy_g8top1_lr1e_3_nb200_flat32sgd_heldout,sgd,0.001,175,3.055178,0.75854,0.744728,2.796361,35663.0,61121.0,snorkel_insurance_s2_thoughts_policy_g8top1_lr1e_3_nb200_flat32sgd_heldout-act-prm-ia=0-rr=0-ec=act_prm_snorkel_insurance-gc=act_prm_actions_only-tc=sft_flat-rbc=default-nb=200-nt=0-mc=hf_qw-da7e89c8
act_prm_snorkel_insurance,s2,snorkel_insurance_s2_thoughts_policy_g8top1_lr1e_3_nb200_flat32sgd_heldout,sgd,0.001,180,3.047966,0.759006,0.745043,2.789426,35663.0,61121.0,snorkel_insurance_s2_thoughts_policy_g8top1_lr1e_3_nb200_flat32sgd_heldout-act-prm-ia=0-rr=0-ec=act_prm_snorkel_insurance-gc=act_prm_actions_only-tc=sft_flat-rbc=default-nb=200-nt=0-mc=hf_qw-da7e89c8
act_prm_snorkel_insurance,s2,snorkel_insurance_s2_thoughts_policy_g8top1_lr1e_3_nb200_flat32sgd_heldout,sgd,0.001,185,3.038827,0.758723,0.745185,2.780915,35663.0,61121.0,snorkel_insurance_s2_thoughts_policy_g8top1_lr1e_3_nb200_flat32sgd_heldout-act-prm-ia=0-rr=0-ec=act_prm_snorkel_insurance-gc=act_prm_actions_only-tc=sft_flat-rbc=default-nb=200-nt=0-mc=hf_qw-da7e89c8
act_prm_snorkel_insurance,s2,snorkel_insurance_s2_thoughts_policy_g8top1_lr1e_3_nb200_flat32sgd_heldout,sgd,0.001,190,3.029405,0.7593,0.74549,2.775459,35663.0,61121.0,snorkel_insurance_s2_thoughts_policy_g8top1_lr1e_3_nb200_flat32sgd_heldout-act-prm-ia=0-rr=0-ec=act_prm_snorkel_insurance-gc=act_prm_actions_only-tc=sft_flat-rbc=default-nb=200-nt=0-mc=hf_qw-da7e89c8
act_prm_snorkel_insurance,s2,snorkel_insurance_s2_thoughts_policy_g8top1_lr1e_3_nb200_flat32sgd_heldout,sgd,0.001,195,3.023432,0.758495,0.745233,2.770089,35663.0,61121.0,snorkel_insurance_s2_thoughts_policy_g8top1_lr1e_3_nb200_flat32sgd_heldout-act-prm-ia=0-rr=0-ec=act_prm_snorkel_insurance-gc=act_prm_actions_only-tc=sft_flat-rbc=default-nb=200-nt=0-mc=hf_qw-da7e89c8
act_prm_snorkel_insurance,s2,snorkel_insurance_s2_thoughts_policy_g8top1_lr1e_3_nb200_flat32sgd_heldout,sgd,0.001,199,3.01702,0.759373,0.74599,2.766301,35663.0,61121.0,snorkel_insurance_s2_thoughts_policy_g8top1_lr1e_3_nb200_flat32sgd_heldout-act-prm-ia=0-rr=0-ec=act_prm_snorkel_insurance-gc=act_prm_actions_only-tc=sft_flat-rbc=default-nb=200-nt=0-mc=hf_qw-da7e89c8
act_prm_snorkel_insurance,s2,snorkel_insurance_s2_thoughts_policy_g8top2_lr1e_3_nb200_flat32sgd_heldout,sgd,0.001,5,4.754561,0.752107,0.702029,5.132806,71326.0,122242.0,snorkel_insurance_s2_thoughts_policy_g8top2_lr1e_3_nb200_flat32sgd_heldout-act-prm-ia=0-rr=0-ec=act_prm_snorkel_insurance-gc=act_prm_actions_only-tc=sft_flat-rbc=default-nb=200-nt=0-mc=hf_qw-b851383d
act_prm_snorkel_insurance,s2,snorkel_insurance_s2_thoughts_policy_g8top2_lr1e_3_nb200_flat32sgd_heldout,sgd,0.001,10,4.719823,0.752663,0.702715,5.080964,71326.0,122242.0,snorkel_insurance_s2_thoughts_policy_g8top2_lr1e_3_nb200_flat32sgd_heldout-act-prm-ia=0-rr=0-ec=act_prm_snorkel_insurance-gc=act_prm_actions_only-tc=sft_flat-rbc=default-nb=200-nt=0-mc=hf_qw-b851383d
act_prm_snorkel_insurance,s2,snorkel_insurance_s2_thoughts_policy_g8top2_lr1e_3_nb200_flat32sgd_heldout,sgd,0.001,15,4.69061,0.752257,0.703578,5.013403,71326.0,122242.0,snorkel_insurance_s2_thoughts_policy_g8top2_lr1e_3_nb200_flat32sgd_heldout-act-prm-ia=0-rr=0-ec=act_prm_snorkel_insurance-gc=act_prm_actions_only-tc=sft_flat-rbc=default-nb=200-nt=0-mc=hf_qw-b851383d
act_prm_snorkel_insurance,s2,snorkel_insurance_s2_thoughts_policy_g8top2_lr1e_3_nb200_flat32sgd_heldout,sgd,0.001,20,4.645567,0.752,0.704574,4.932311,71326.0,122242.0,snorkel_insurance_s2_thoughts_policy_g8top2_lr1e_3_nb200_flat32sgd_heldout-act-prm-ia=0-rr=0-ec=act_prm_snorkel_insurance-gc=act_prm_actions_only-tc=sft_flat-rbc=default-nb=200-nt=0-mc=hf_qw-b851383d
act_prm_snorkel_insurance,s2,snorkel_insurance_s2_thoughts_policy_g8top2_lr1e_3_nb200_flat32sgd_heldout,sgd,0.001,25,4.598791,0.752336,0.705384,4.850735,71326.0,122242.0,snorkel_insurance_s2_thoughts_policy_g8top2_lr1e_3_nb200_flat32sgd_heldout-act-prm-ia=0-rr=0-ec=act_prm_snorkel_insurance-gc=act_prm_actions_only-tc=sft_flat-rbc=default-nb=200-nt=0-mc=hf_qw-b851383d
act_prm_snorkel_insurance,s2,snorkel_insurance_s2_thoughts_policy_g8top2_lr1e_3_nb200_flat32sgd_heldout,sgd,0.001,30,4.560109,0.752622,0.706947,4.767661,71326.0,122242.0,snorkel_insurance_s2_thoughts_policy_g8top2_lr1e_3_nb200_flat32sgd_heldout-act-prm-ia=0-rr=0-ec=act_prm_snorkel_insurance-gc=act_prm_actions_only-tc=sft_flat-rbc=default-nb=200-nt=0-mc=hf_qw-b851383d
act_prm_snorkel_insurance,s2,snorkel_insurance_s2_thoughts_policy_g8top2_lr1e_3_nb200_flat32sgd_heldout,sgd,0.001,35,4.487311,0.753024,0.709498,4.649086,71326.0,122242.0,snorkel_insurance_s2_thoughts_policy_g8top2_lr1e_3_nb200_flat32sgd_heldout-act-prm-ia=0-rr=0-ec=act_prm_snorkel_insurance-gc=act_prm_actions_only-tc=sft_flat-rbc=default-nb=200-nt=0-mc=hf_qw-b851383d
act_prm_snorkel_insurance,s2,snorkel_insurance_s2_thoughts_policy_g8top2_lr1e_3_nb200_flat32sgd_heldout,sgd,0.001,40,4.417416,0.753496,0.71098,4.525569,71326.0,122242.0,snorkel_insurance_s2_thoughts_policy_g8top2_lr1e_3_nb200_flat32sgd_heldout-act-prm-ia=0-rr=0-ec=act_prm_snorkel_insurance-gc=act_prm_actions_only-tc=sft_flat-rbc=default-nb=200-nt=0-mc=hf_qw-b851383d
act_prm_snorkel_insurance,s2,snorkel_insurance_s2_thoughts_policy_g8top2_lr1e_3_nb200_flat32sgd_heldout,sgd,0.001,45,4.343455,0.754091,0.713211,4.397765,71326.0,122242.0,snorkel_insurance_s2_thoughts_policy_g8top2_lr1e_3_nb200_flat32sgd_heldout-act-prm-ia=0-rr=0-ec=act_prm_snorkel_insurance-gc=act_prm_actions_only-tc=sft_flat-rbc=default-nb=200-nt=0-mc=hf_qw-b851383d
act_prm_snorkel_insurance,s2,snorkel_insurance_s2_thoughts_policy_g8top2_lr1e_3_nb200_flat32sgd_heldout,sgd,0.001,50,4.247166,0.753647,0.715773,4.245318,71326.0,122242.0,snorkel_insurance_s2_thoughts_policy_g8top2_lr1e_3_nb200_flat32sgd_heldout-act-prm-ia=0-rr=0-ec=act_prm_snorkel_insurance-gc=act_prm_actions_only-tc=sft_flat-rbc=default-nb=200-nt=0-mc=hf_qw-b851383d
act_prm_snorkel_insurance,s2,snorkel_insurance_s2_thoughts_policy_g8top2_lr1e_3_nb200_flat32sgd_heldout,sgd,0.001,55,4.14478,0.754762,0.718296,4.089945,71326.0,122242.0,snorkel_insurance_s2_thoughts_policy_g8top2_lr1e_3_nb200_flat32sgd_heldout-act-prm-ia=0-rr=0-ec=act_prm_snorkel_insurance-gc=act_prm_actions_only-tc=sft_flat-rbc=default-nb=200-nt=0-mc=hf_qw-b851383d
act_prm_snorkel_insurance,s2,snorkel_insurance_s2_thoughts_policy_g8top2_lr1e_3_nb200_flat32sgd_heldout,sgd,0.001,60,4.048257,0.754735,0.721052,3.951239,71326.0,122242.0,snorkel_insurance_s2_thoughts_policy_g8top2_lr1e_3_nb200_flat32sgd_heldout-act-prm-ia=0-rr=0-ec=act_prm_snorkel_insurance-gc=act_prm_actions_only-tc=sft_flat-rbc=default-nb=200-nt=0-mc=hf_qw-b851383d
act_prm_snorkel_insurance,s2,snorkel_insurance_s2_thoughts_policy_g8top2_lr1e_3_nb200_flat32sgd_heldout,sgd,0.001,65,3.94548,0.755579,0.724244,3.797828,71326.0,122242.0,snorkel_insurance_s2_thoughts_policy_g8top2_lr1e_3_nb200_flat32sgd_heldout-act-prm-ia=0-rr=0-ec=act_prm_snorkel_insurance-gc=act_prm_actions_only-tc=sft_flat-rbc=default-nb=200-nt=0-mc=hf_qw-b851383d
act_prm_snorkel_insurance,s2,snorkel_insurance_s2_thoughts_policy_g8top2_lr1e_3_nb200_flat32sgd_heldout,sgd,0.001,70,3.837917,0.75592,0.726616,3.654825,71326.0,122242.0,snorkel_insurance_s2_thoughts_policy_g8top2_lr1e_3_nb200_flat32sgd_heldout-act-prm-ia=0-rr=0-ec=act_prm_snorkel_insurance-gc=act_prm_actions_only-tc=sft_flat-rbc=default-nb=200-nt=0-mc=hf_qw-b851383d
act_prm_snorkel_insurance,s2,snorkel_insurance_s2_thoughts_policy_g8top2_lr1e_3_nb200_flat32sgd_heldout,sgd,0.001,75,3.740053,0.756486,0.729249,3.531516,71326.0,122242.0,snorkel_insurance_s2_thoughts_policy_g8top2_lr1e_3_nb200_flat32sgd_heldout-act-prm-ia=0-rr=0-ec=act_prm_snorkel_insurance-gc=act_prm_actions_only-tc=sft_flat-rbc=default-nb=200-nt=0-mc=hf_qw-b851383d
act_prm_snorkel_insurance,s2,snorkel_insurance_s2_thoughts_policy_g8top2_lr1e_3_nb200_flat32sgd_heldout,sgd,0.001,80,3.649732,0.756762,0.731036,3.420696,71326.0,122242.0,snorkel_insurance_s2_thoughts_policy_g8top2_lr1e_3_nb200_flat32sgd_heldout-act-prm-ia=0-rr=0-ec=act_prm_snorkel_insurance-gc=act_prm_actions_only-tc=sft_flat-rbc=default-nb=200-nt=0-mc=hf_qw-b851383d
act_prm_snorkel_insurance,s2,snorkel_insurance_s2_thoughts_policy_g8top2_lr1e_3_nb200_flat32sgd_heldout,sgd,0.001,85,3.560736,0.75726,0.732978,3.318053,71326.0,122242.0,snorkel_insurance_s2_thoughts_policy_g8top2_lr1e_3_nb200_flat32sgd_heldout-act-prm-ia=0-rr=0-ec=act_prm_snorkel_insurance-gc=act_prm_actions_only-tc=sft_flat-rbc=default-nb=200-nt=0-mc=hf_qw-b851383d
act_prm_snorkel_insurance,s2,snorkel_insurance_s2_thoughts_policy_g8top2_lr1e_3_nb200_flat32sgd_heldout,sgd,0.001,90,3.498957,0.757391,0.734624,3.248377,71326.0,122242.0,snorkel_insurance_s2_thoughts_policy_g8top2_lr1e_3_nb200_flat32sgd_heldout-act-prm-ia=0-rr=0-ec=act_prm_snorkel_insurance-gc=act_prm_actions_only-tc=sft_flat-rbc=default-nb=200-nt=0-mc=hf_qw-b851383d
act_prm_snorkel_insurance,s2,snorkel_insurance_s2_thoughts_policy_g8top2_lr1e_3_nb200_flat32sgd_heldout,sgd,0.001,95,3.439981,0.757823,0.735657,3.178572,71326.0,122242.0,snorkel_insurance_s2_thoughts_policy_g8top2_lr1e_3_nb200_flat32sgd_heldout-act-prm-ia=0-rr=0-ec=act_prm_snorkel_insurance-gc=act_prm_actions_only-tc=sft_flat-rbc=default-nb=200-nt=0-mc=hf_qw-b851383d
act_prm_snorkel_insurance,s2,snorkel_insurance_s2_thoughts_policy_g8top2_lr1e_3_nb200_flat32sgd_heldout,sgd,0.001,100,3.38249,0.75754,0.737005,3.120828,71326.0,122242.0,snorkel_insurance_s2_thoughts_policy_g8top2_lr1e_3_nb200_flat32sgd_heldout-act-prm-ia=0-rr=0-ec=act_prm_snorkel_insurance-gc=act_prm_actions_only-tc=sft_flat-rbc=default-nb=200-nt=0-mc=hf_qw-b851383d
act_prm_snorkel_insurance,s2,snorkel_insurance_s2_thoughts_policy_g8top2_lr1e_3_nb200_flat32sgd_heldout,sgd,0.001,105,3.334777,0.757399,0.737643,3.067963,71326.0,122242.0,snorkel_insurance_s2_thoughts_policy_g8top2_lr1e_3_nb200_flat32sgd_heldout-act-prm-ia=0-rr=0-ec=act_prm_snorkel_insurance-gc=act_prm_actions_only-tc=sft_flat-rbc=default-nb=200-nt=0-mc=hf_qw-b851383d
act_prm_snorkel_insurance,s2,snorkel_insurance_s2_thoughts_policy_g8top2_lr1e_3_nb200_flat32sgd_heldout,sgd,0.001,110,3.290182,0.757622,0.738928,3.023849,71326.0,122242.0,snorkel_insurance_s2_thoughts_policy_g8top2_lr1e_3_nb200_flat32sgd_heldout-act-prm-ia=0-rr=0-ec=act_prm_snorkel_insurance-gc=act_prm_actions_only-tc=sft_flat-rbc=default-nb=200-nt=0-mc=hf_qw-b851383d
act_prm_snorkel_insurance,s2,snorkel_insurance_s2_thoughts_policy_g8top2_lr1e_3_nb200_flat32sgd_heldout,sgd,0.001,115,3.25797,0.757356,0.738983,2.988204,71326.0,122242.0,snorkel_insurance_s2_thoughts_policy_g8top2_lr1e_3_nb200_flat32sgd_heldout-act-prm-ia=0-rr=0-ec=act_prm_snorkel_insurance-gc=act_prm_actions_only-tc=sft_flat-rbc=default-nb=200-nt=0-mc=hf_qw-b851383d
act_prm_snorkel_insurance,s2,snorkel_insurance_s2_thoughts_policy_g8top2_lr1e_3_nb200_flat32sgd_heldout,sgd,0.001,120,3.225339,0.757078,0.739814,2.958517,71326.0,122242.0,snorkel_insurance_s2_thoughts_policy_g8top2_lr1e_3_nb200_flat32sgd_heldout-act-prm-ia=0-rr=0-ec=act_prm_snorkel_insurance-gc=act_prm_actions_only-tc=sft_flat-rbc=default-nb=200-nt=0-mc=hf_qw-b851383d
act_prm_snorkel_insurance,s2,snorkel_insurance_s2_thoughts_policy_g8top2_lr1e_3_nb200_flat32sgd_heldout,sgd,0.001,125,3.199387,0.75764,0.740653,2.934059,71326.0,122242.0,snorkel_insurance_s2_thoughts_policy_g8top2_lr1e_3_nb200_flat32sgd_heldout-act-prm-ia=0-rr=0-ec=act_prm_snorkel_insurance-gc=act_prm_actions_only-tc=sft_flat-rbc=default-nb=200-nt=0-mc=hf_qw-b851383d
act_prm_snorkel_insurance,s2,snorkel_insurance_s2_thoughts_policy_g8top2_lr1e_3_nb200_flat32sgd_heldout,sgd,0.001,130,3.173806,0.757457,0.74111,2.907028,71326.0,122242.0,snorkel_insurance_s2_thoughts_policy_g8top2_lr1e_3_nb200_flat32sgd_heldout-act-prm-ia=0-rr=0-ec=act_prm_snorkel_insurance-gc=act_prm_actions_only-tc=sft_flat-rbc=default-nb=200-nt=0-mc=hf_qw-b851383d
act_prm_snorkel_insurance,s2,snorkel_insurance_s2_thoughts_policy_g8top2_lr1e_3_nb200_flat32sgd_heldout,sgd,0.001,135,3.151035,0.757651,0.741895,2.888112,71326.0,122242.0,snorkel_insurance_s2_thoughts_policy_g8top2_lr1e_3_nb200_flat32sgd_heldout-act-prm-ia=0-rr=0-ec=act_prm_snorkel_insurance-gc=act_prm_actions_only-tc=sft_flat-rbc=default-nb=200-nt=0-mc=hf_qw-b851383d
act_prm_snorkel_insurance,s2,snorkel_insurance_s2_thoughts_policy_g8top2_lr1e_3_nb200_flat32sgd_heldout,sgd,0.001,140,3.134544,0.757464,0.742157,2.872004,71326.0,122242.0,snorkel_insurance_s2_thoughts_policy_g8top2_lr1e_3_nb200_flat32sgd_heldout-act-prm-ia=0-rr=0-ec=act_prm_snorkel_insurance-gc=act_prm_actions_only-tc=sft_flat-rbc=default-nb=200-nt=0-mc=hf_qw-b851383d
act_prm_snorkel_insurance,s2,snorkel_insurance_s2_thoughts_policy_g8top2_lr1e_3_nb200_flat32sgd_heldout,sgd,0.001,145,3.118299,0.757961,0.742906,2.85385,71326.0,122242.0,snorkel_insurance_s2_thoughts_policy_g8top2_lr1e_3_nb200_flat32sgd_heldout-act-prm-ia=0-rr=0-ec=act_prm_snorkel_insurance-gc=act_prm_actions_only-tc=sft_flat-rbc=default-nb=200-nt=0-mc=hf_qw-b851383d
act_prm_snorkel_insurance,s2,snorkel_insurance_s2_thoughts_policy_g8top2_lr1e_3_nb200_flat32sgd_heldout,sgd,0.001,150,3.101995,0.757775,0.742833,2.841235,71326.0,122242.0,snorkel_insurance_s2_thoughts_policy_g8top2_lr1e_3_nb200_flat32sgd_heldout-act-prm-ia=0-rr=0-ec=act_prm_snorkel_insurance-gc=act_prm_actions_only-tc=sft_flat-rbc=default-nb=200-nt=0-mc=hf_qw-b851383d
act_prm_snorkel_insurance,s2,snorkel_insurance_s2_thoughts_policy_g8top2_lr1e_3_nb200_flat32sgd_heldout,sgd,0.001,155,3.088797,0.757864,0.743493,2.828005,71326.0,122242.0,snorkel_insurance_s2_thoughts_policy_g8top2_lr1e_3_nb200_flat32sgd_heldout-act-prm-ia=0-rr=0-ec=act_prm_snorkel_insurance-gc=act_prm_actions_only-tc=sft_flat-rbc=default-nb=200-nt=0-mc=hf_qw-b851383d
act_prm_snorkel_insurance,s2,snorkel_insurance_s2_thoughts_policy_g8top2_lr1e_3_nb200_flat32sgd_heldout,sgd,0.001,160,3.078465,0.757963,0.744019,2.816457,71326.0,122242.0,snorkel_insurance_s2_thoughts_policy_g8top2_lr1e_3_nb200_flat32sgd_heldout-act-prm-ia=0-rr=0-ec=act_prm_snorkel_insurance-gc=act_prm_actions_only-tc=sft_flat-rbc=default-nb=200-nt=0-mc=hf_qw-b851383d
act_prm_snorkel_insurance,s2,snorkel_insurance_s2_thoughts_policy_g8top2_lr1e_3_nb200_flat32sgd_heldout,sgd,0.001,165,3.06779,0.758318,0.74411,2.807685,71326.0,122242.0,snorkel_insurance_s2_thoughts_policy_g8top2_lr1e_3_nb200_flat32sgd_heldout-act-prm-ia=0-rr=0-ec=act_prm_snorkel_insurance-gc=act_prm_actions_only-tc=sft_flat-rbc=default-nb=200-nt=0-mc=hf_qw-b851383d
act_prm_snorkel_insurance,s2,snorkel_insurance_s2_thoughts_policy_g8top2_lr1e_3_nb200_flat32sgd_heldout,sgd,0.001,170,3.057027,0.758214,0.744374,2.79919,71326.0,122242.0,snorkel_insurance_s2_thoughts_policy_g8top2_lr1e_3_nb200_flat32sgd_heldout-act-prm-ia=0-rr=0-ec=act_prm_snorkel_insurance-gc=act_prm_actions_only-tc=sft_flat-rbc=default-nb=200-nt=0-mc=hf_qw-b851383d
act_prm_snorkel_insurance,s2,snorkel_insurance_s2_thoughts_policy_g8top2_lr1e_3_nb200_flat32sgd_heldout,sgd,0.001,175,3.04999,0.75797,0.744549,2.792148,71326.0,122242.0,snorkel_insurance_s2_thoughts_policy_g8top2_lr1e_3_nb200_flat32sgd_heldout-act-prm-ia=0-rr=0-ec=act_prm_snorkel_insurance-gc=act_prm_actions_only-tc=sft_flat-rbc=default-nb=200-nt=0-mc=hf_qw-b851383d
act_prm_snorkel_insurance,s2,snorkel_insurance_s2_thoughts_policy_g8top2_lr1e_3_nb200_flat32sgd_heldout,sgd,0.001,180,3.039675,0.758392,0.745216,2.783247,71326.0,122242.0,snorkel_insurance_s2_thoughts_policy_g8top2_lr1e_3_nb200_flat32sgd_heldout-act-prm-ia=0-rr=0-ec=act_prm_snorkel_insurance-gc=act_prm_actions_only-tc=sft_flat-rbc=default-nb=200-nt=0-mc=hf_qw-b851383d
act_prm_snorkel_insurance,s2,snorkel_insurance_s2_thoughts_policy_g8top2_lr1e_3_nb200_flat32sgd_heldout,sgd,0.001,185,3.03185,0.75856,0.744879,2.776066,71326.0,122242.0,snorkel_insurance_s2_thoughts_policy_g8top2_lr1e_3_nb200_flat32sgd_heldout-act-prm-ia=0-rr=0-ec=act_prm_snorkel_insurance-gc=act_prm_actions_only-tc=sft_flat-rbc=default-nb=200-nt=0-mc=hf_qw-b851383d
act_prm_snorkel_insurance,s2,snorkel_insurance_s2_thoughts_policy_g8top2_lr1e_3_nb200_flat32sgd_heldout,sgd,0.001,190,3.023122,0.758668,0.745532,2.770171,71326.0,122242.0,snorkel_insurance_s2_thoughts_policy_g8top2_lr1e_3_nb200_flat32sgd_heldout-act-prm-ia=0-rr=0-ec=act_prm_snorkel_insurance-gc=act_prm_actions_only-tc=sft_flat-rbc=default-nb=200-nt=0-mc=hf_qw-b851383d
act_prm_snorkel_insurance,s2,snorkel_insurance_s2_thoughts_policy_g8top2_lr1e_3_nb200_flat32sgd_heldout,sgd,0.001,195,3.01768,0.758639,0.745682,2.765034,71326.0,122242.0,snorkel_insurance_s2_thoughts_policy_g8top2_lr1e_3_nb200_flat32sgd_heldout-act-prm-ia=0-rr=0-ec=act_prm_snorkel_insurance-gc=act_prm_actions_only-tc=sft_flat-rbc=default-nb=200-nt=0-mc=hf_qw-b851383d
act_prm_snorkel_insurance,s2,snorkel_insurance_s2_thoughts_policy_g8top2_lr1e_3_nb200_flat32sgd_heldout,sgd,0.001,199,3.012031,0.759002,0.746331,2.760745,71326.0,122242.0,snorkel_insurance_s2_thoughts_policy_g8top2_lr1e_3_nb200_flat32sgd_heldout-act-prm-ia=0-rr=0-ec=act_prm_snorkel_insurance-gc=act_prm_actions_only-tc=sft_flat-rbc=default-nb=200-nt=0-mc=hf_qw-b851383d
act_prm_snorkel_insurance,s2,snorkel_insurance_s2_thoughts_policy_g8top4_lr1e_3_nb200_flat32sgd_heldout,sgd,0.001,5,4.752372,0.752126,0.702322,5.133578,142652.0,244484.0,snorkel_insurance_s2_thoughts_policy_g8top4_lr1e_3_nb200_flat32sgd_heldout-act-prm-ia=0-rr=0-ec=act_prm_snorkel_insurance-gc=act_prm_actions_only-tc=sft_flat-rbc=default-nb=200-nt=0-mc=hf_qw-0bd95b65
act_prm_snorkel_insurance,s2,snorkel_insurance_s2_thoughts_policy_g8top4_lr1e_3_nb200_flat32sgd_heldout,sgd,0.001,10,4.727532,0.752173,0.702594,5.086073,142652.0,244484.0,snorkel_insurance_s2_thoughts_policy_g8top4_lr1e_3_nb200_flat32sgd_heldout-act-prm-ia=0-rr=0-ec=act_prm_snorkel_insurance-gc=act_prm_actions_only-tc=sft_flat-rbc=default-nb=200-nt=0-mc=hf_qw-0bd95b65
act_prm_snorkel_insurance,s2,snorkel_insurance_s2_thoughts_policy_g8top4_lr1e_3_nb200_flat32sgd_heldout,sgd,0.001,15,4.685989,0.752539,0.703521,5.011722,142652.0,244484.0,snorkel_insurance_s2_thoughts_policy_g8top4_lr1e_3_nb200_flat32sgd_heldout-act-prm-ia=0-rr=0-ec=act_prm_snorkel_insurance-gc=act_prm_actions_only-tc=sft_flat-rbc=default-nb=200-nt=0-mc=hf_qw-0bd95b65
act_prm_snorkel_insurance,s2,snorkel_insurance_s2_thoughts_policy_g8top4_lr1e_3_nb200_flat32sgd_heldout,sgd,0.001,20,4.656756,0.752743,0.704562,4.953279,142652.0,244484.0,snorkel_insurance_s2_thoughts_policy_g8top4_lr1e_3_nb200_flat32sgd_heldout-act-prm-ia=0-rr=0-ec=act_prm_snorkel_insurance-gc=act_prm_actions_only-tc=sft_flat-rbc=default-nb=200-nt=0-mc=hf_qw-0bd95b65
act_prm_snorkel_insurance,s2,snorkel_insurance_s2_thoughts_policy_g8top4_lr1e_3_nb200_flat32sgd_heldout,sgd,0.001,25,4.596747,0.752711,0.705814,4.84162,142652.0,244484.0,snorkel_insurance_s2_thoughts_policy_g8top4_lr1e_3_nb200_flat32sgd_heldout-act-prm-ia=0-rr=0-ec=act_prm_snorkel_insurance-gc=act_prm_actions_only-tc=sft_flat-rbc=default-nb=200-nt=0-mc=hf_qw-0bd95b65
act_prm_snorkel_insurance,s2,snorkel_insurance_s2_thoughts_policy_g8top4_lr1e_3_nb200_flat32sgd_heldout,sgd,0.001,30,4.539606,0.752747,0.70741,4.734854,142652.0,244484.0,snorkel_insurance_s2_thoughts_policy_g8top4_lr1e_3_nb200_flat32sgd_heldout-act-prm-ia=0-rr=0-ec=act_prm_snorkel_insurance-gc=act_prm_actions_only-tc=sft_flat-rbc=default-nb=200-nt=0-mc=hf_qw-0bd95b65
act_prm_snorkel_insurance,s2,snorkel_insurance_s2_thoughts_policy_g8top4_lr1e_3_nb200_flat32sgd_heldout,sgd,0.001,35,4.477687,0.752968,0.709338,4.6184,142652.0,244484.0,snorkel_insurance_s2_thoughts_policy_g8top4_lr1e_3_nb200_flat32sgd_heldout-act-prm-ia=0-rr=0-ec=act_prm_snorkel_insurance-gc=act_prm_actions_only-tc=sft_flat-rbc=default-nb=200-nt=0-mc=hf_qw-0bd95b65
act_prm_snorkel_insurance,s2,snorkel_insurance_s2_thoughts_policy_g8top4_lr1e_3_nb200_flat32sgd_heldout,sgd,0.001,40,4.398663,0.753792,0.711437,4.489078,142652.0,244484.0,snorkel_insurance_s2_thoughts_policy_g8top4_lr1e_3_nb200_flat32sgd_heldout-act-prm-ia=0-rr=0-ec=act_prm_snorkel_insurance-gc=act_prm_actions_only-tc=sft_flat-rbc=default-nb=200-nt=0-mc=hf_qw-0bd95b65
act_prm_snorkel_insurance,s2,snorkel_insurance_s2_thoughts_policy_g8top4_lr1e_3_nb200_flat32sgd_heldout,sgd,0.001,45,4.311651,0.753581,0.71409,4.346747,142652.0,244484.0,snorkel_insurance_s2_thoughts_policy_g8top4_lr1e_3_nb200_flat32sgd_heldout-act-prm-ia=0-rr=0-ec=act_prm_snorkel_insurance-gc=act_prm_actions_only-tc=sft_flat-rbc=default-nb=200-nt=0-mc=hf_qw-0bd95b65
act_prm_snorkel_insurance,s2,snorkel_insurance_s2_thoughts_policy_g8top4_lr1e_3_nb200_flat32sgd_heldout,sgd,0.001,50,4.214663,0.753697,0.716542,4.188288,142652.0,244484.0,snorkel_insurance_s2_thoughts_policy_g8top4_lr1e_3_nb200_flat32sgd_heldout-act-prm-ia=0-rr=0-ec=act_prm_snorkel_insurance-gc=act_prm_actions_only-tc=sft_flat-rbc=default-nb=200-nt=0-mc=hf_qw-0bd95b65
act_prm_snorkel_insurance,s2,snorkel_insurance_s2_thoughts_policy_g8top4_lr1e_3_nb200_flat32sgd_heldout,sgd,0.001,55,4.111579,0.754521,0.719337,4.038341,142652.0,244484.0,snorkel_insurance_s2_thoughts_policy_g8top4_lr1e_3_nb200_flat32sgd_heldout-act-prm-ia=0-rr=0-ec=act_prm_snorkel_insurance-gc=act_prm_actions_only-tc=sft_flat-rbc=default-nb=200-nt=0-mc=hf_qw-0bd95b65
act_prm_snorkel_insurance,s2,snorkel_insurance_s2_thoughts_policy_g8top4_lr1e_3_nb200_flat32sgd_heldout,sgd,0.001,60,4.007639,0.754718,0.722125,3.88866,142652.0,244484.0,snorkel_insurance_s2_thoughts_policy_g8top4_lr1e_3_nb200_flat32sgd_heldout-act-prm-ia=0-rr=0-ec=act_prm_snorkel_insurance-gc=act_prm_actions_only-tc=sft_flat-rbc=default-nb=200-nt=0-mc=hf_qw-0bd95b65
act_prm_snorkel_insurance,s2,snorkel_insurance_s2_thoughts_policy_g8top4_lr1e_3_nb200_flat32sgd_heldout,sgd,0.001,65,3.899289,0.755812,0.725189,3.735212,142652.0,244484.0,snorkel_insurance_s2_thoughts_policy_g8top4_lr1e_3_nb200_flat32sgd_heldout-act-prm-ia=0-rr=0-ec=act_prm_snorkel_insurance-gc=act_prm_actions_only-tc=sft_flat-rbc=default-nb=200-nt=0-mc=hf_qw-0bd95b65
act_prm_snorkel_insurance,s2,snorkel_insurance_s2_thoughts_policy_g8top4_lr1e_3_nb200_flat32sgd_heldout,sgd,0.001,70,3.791607,0.756142,0.727845,3.592572,142652.0,244484.0,snorkel_insurance_s2_thoughts_policy_g8top4_lr1e_3_nb200_flat32sgd_heldout-act-prm-ia=0-rr=0-ec=act_prm_snorkel_insurance-gc=act_prm_actions_only-tc=sft_flat-rbc=default-nb=200-nt=0-mc=hf_qw-0bd95b65
act_prm_snorkel_insurance,s2,snorkel_insurance_s2_thoughts_policy_g8top4_lr1e_3_nb200_flat32sgd_heldout,sgd,0.001,75,3.700514,0.756764,0.730093,3.476643,142652.0,244484.0,snorkel_insurance_s2_thoughts_policy_g8top4_lr1e_3_nb200_flat32sgd_heldout-act-prm-ia=0-rr=0-ec=act_prm_snorkel_insurance-gc=act_prm_actions_only-tc=sft_flat-rbc=default-nb=200-nt=0-mc=hf_qw-0bd95b65
act_prm_snorkel_insurance,s2,snorkel_insurance_s2_thoughts_policy_g8top4_lr1e_3_nb200_flat32sgd_heldout,sgd,0.001,80,3.613194,0.756456,0.731669,3.372331,142652.0,244484.0,snorkel_insurance_s2_thoughts_policy_g8top4_lr1e_3_nb200_flat32sgd_heldout-act-prm-ia=0-rr=0-ec=act_prm_snorkel_insurance-gc=act_prm_actions_only-tc=sft_flat-rbc=default-nb=200-nt=0-mc=hf_qw-0bd95b65
act_prm_snorkel_insurance,s2,snorkel_insurance_s2_thoughts_policy_g8top4_lr1e_3_nb200_flat32sgd_heldout,sgd,0.001,85,3.536827,0.756828,0.733514,3.285985,142652.0,244484.0,snorkel_insurance_s2_thoughts_policy_g8top4_lr1e_3_nb200_flat32sgd_heldout-act-prm-ia=0-rr=0-ec=act_prm_snorkel_insurance-gc=act_prm_actions_only-tc=sft_flat-rbc=default-nb=200-nt=0-mc=hf_qw-0bd95b65
act_prm_snorkel_insurance,s2,snorkel_insurance_s2_thoughts_policy_g8top4_lr1e_3_nb200_flat32sgd_heldout,sgd,0.001,90,3.474805,0.75753,0.734978,3.213654,142652.0,244484.0,snorkel_insurance_s2_thoughts_policy_g8top4_lr1e_3_nb200_flat32sgd_heldout-act-prm-ia=0-rr=0-ec=act_prm_snorkel_insurance-gc=act_prm_actions_only-tc=sft_flat-rbc=default-nb=200-nt=0-mc=hf_qw-0bd95b65
act_prm_snorkel_insurance,s2,snorkel_insurance_s2_thoughts_policy_g8top4_lr1e_3_nb200_flat32sgd_heldout,sgd,0.001,95,3.413332,0.757318,0.736321,3.147173,142652.0,244484.0,snorkel_insurance_s2_thoughts_policy_g8top4_lr1e_3_nb200_flat32sgd_heldout-act-prm-ia=0-rr=0-ec=act_prm_snorkel_insurance-gc=act_prm_actions_only-tc=sft_flat-rbc=default-nb=200-nt=0-mc=hf_qw-0bd95b65
act_prm_snorkel_insurance,s2,snorkel_insurance_s2_thoughts_policy_g8top4_lr1e_3_nb200_flat32sgd_heldout,sgd,0.001,100,3.362172,0.757578,0.737559,3.093784,142652.0,244484.0,snorkel_insurance_s2_thoughts_policy_g8top4_lr1e_3_nb200_flat32sgd_heldout-act-prm-ia=0-rr=0-ec=act_prm_snorkel_insurance-gc=act_prm_actions_only-tc=sft_flat-rbc=default-nb=200-nt=0-mc=hf_qw-0bd95b65
act_prm_snorkel_insurance,s2,snorkel_insurance_s2_thoughts_policy_g8top4_lr1e_3_nb200_flat32sgd_heldout,sgd,0.001,105,3.316628,0.757567,0.738326,3.048893,142652.0,244484.0,snorkel_insurance_s2_thoughts_policy_g8top4_lr1e_3_nb200_flat32sgd_heldout-act-prm-ia=0-rr=0-ec=act_prm_snorkel_insurance-gc=act_prm_actions_only-tc=sft_flat-rbc=default-nb=200-nt=0-mc=hf_qw-0bd95b65
act_prm_snorkel_insurance,s2,snorkel_insurance_s2_thoughts_policy_g8top4_lr1e_3_nb200_flat32sgd_heldout,sgd,0.001,110,3.277017,0.75768,0.738763,3.005535,142652.0,244484.0,snorkel_insurance_s2_thoughts_policy_g8top4_lr1e_3_nb200_flat32sgd_heldout-act-prm-ia=0-rr=0-ec=act_prm_snorkel_insurance-gc=act_prm_actions_only-tc=sft_flat-rbc=default-nb=200-nt=0-mc=hf_qw-0bd95b65
act_prm_snorkel_insurance,s2,snorkel_insurance_s2_thoughts_policy_g8top4_lr1e_3_nb200_flat32sgd_heldout,sgd,0.001,115,3.244288,0.757139,0.739554,2.974653,142652.0,244484.0,snorkel_insurance_s2_thoughts_policy_g8top4_lr1e_3_nb200_flat32sgd_heldout-act-prm-ia=0-rr=0-ec=act_prm_snorkel_insurance-gc=act_prm_actions_only-tc=sft_flat-rbc=default-nb=200-nt=0-mc=hf_qw-0bd95b65
act_prm_snorkel_insurance,s2,snorkel_insurance_s2_thoughts_policy_g8top4_lr1e_3_nb200_flat32sgd_heldout,sgd,0.001,120,3.216004,0.757393,0.74037,2.94501,142652.0,244484.0,snorkel_insurance_s2_thoughts_policy_g8top4_lr1e_3_nb200_flat32sgd_heldout-act-prm-ia=0-rr=0-ec=act_prm_snorkel_insurance-gc=act_prm_actions_only-tc=sft_flat-rbc=default-nb=200-nt=0-mc=hf_qw-0bd95b65
act_prm_snorkel_insurance,s2,snorkel_insurance_s2_thoughts_policy_g8top4_lr1e_3_nb200_flat32sgd_heldout,sgd,0.001,125,3.191839,0.75772,0.741136,2.922839,142652.0,244484.0,snorkel_insurance_s2_thoughts_policy_g8top4_lr1e_3_nb200_flat32sgd_heldout-act-prm-ia=0-rr=0-ec=act_prm_snorkel_insurance-gc=act_prm_actions_only-tc=sft_flat-rbc=default-nb=200-nt=0-mc=hf_qw-0bd95b65
act_prm_snorkel_insurance,s2,snorkel_insurance_s2_thoughts_policy_g8top4_lr1e_3_nb200_flat32sgd_heldout,sgd,0.001,130,3.169931,0.757628,0.741516,2.903972,142652.0,244484.0,snorkel_insurance_s2_thoughts_policy_g8top4_lr1e_3_nb200_flat32sgd_heldout-act-prm-ia=0-rr=0-ec=act_prm_snorkel_insurance-gc=act_prm_actions_only-tc=sft_flat-rbc=default-nb=200-nt=0-mc=hf_qw-0bd95b65
act_prm_snorkel_insurance,s2,snorkel_insurance_s2_thoughts_policy_g8top4_lr1e_3_nb200_flat32sgd_heldout,sgd,0.001,135,3.148456,0.757693,0.741838,2.885115,142652.0,244484.0,snorkel_insurance_s2_thoughts_policy_g8top4_lr1e_3_nb200_flat32sgd_heldout-act-prm-ia=0-rr=0-ec=act_prm_snorkel_insurance-gc=act_prm_actions_only-tc=sft_flat-rbc=default-nb=200-nt=0-mc=hf_qw-0bd95b65
act_prm_snorkel_insurance,s2,snorkel_insurance_s2_thoughts_policy_g8top4_lr1e_3_nb200_flat32sgd_heldout,sgd,0.001,140,3.129617,0.757562,0.742717,2.866807,142652.0,244484.0,snorkel_insurance_s2_thoughts_policy_g8top4_lr1e_3_nb200_flat32sgd_heldout-act-prm-ia=0-rr=0-ec=act_prm_snorkel_insurance-gc=act_prm_actions_only-tc=sft_flat-rbc=default-nb=200-nt=0-mc=hf_qw-0bd95b65
act_prm_snorkel_insurance,s2,snorkel_insurance_s2_thoughts_policy_g8top4_lr1e_3_nb200_flat32sgd_heldout,sgd,0.001,145,3.118151,0.75739,0.742352,2.853128,142652.0,244484.0,snorkel_insurance_s2_thoughts_policy_g8top4_lr1e_3_nb200_flat32sgd_heldout-act-prm-ia=0-rr=0-ec=act_prm_snorkel_insurance-gc=act_prm_actions_only-tc=sft_flat-rbc=default-nb=200-nt=0-mc=hf_qw-0bd95b65
act_prm_snorkel_insurance,s2,snorkel_insurance_s2_thoughts_policy_g8top4_lr1e_3_nb200_flat32sgd_heldout,sgd,0.001,150,3.10268,0.757887,0.743002,2.839837,142652.0,244484.0,snorkel_insurance_s2_thoughts_policy_g8top4_lr1e_3_nb200_flat32sgd_heldout-act-prm-ia=0-rr=0-ec=act_prm_snorkel_insurance-gc=act_prm_actions_only-tc=sft_flat-rbc=default-nb=200-nt=0-mc=hf_qw-0bd95b65
act_prm_snorkel_insurance,s2,snorkel_insurance_s2_thoughts_policy_g8top4_lr1e_3_nb200_flat32sgd_heldout,sgd,0.001,155,3.086173,0.758057,0.743359,2.826051,142652.0,244484.0,snorkel_insurance_s2_thoughts_policy_g8top4_lr1e_3_nb200_flat32sgd_heldout-act-prm-ia=0-rr=0-ec=act_prm_snorkel_insurance-gc=act_prm_actions_only-tc=sft_flat-rbc=default-nb=200-nt=0-mc=hf_qw-0bd95b65
act_prm_snorkel_insurance,s2,snorkel_insurance_s2_thoughts_policy_g8top4_lr1e_3_nb200_flat32sgd_heldout,sgd,0.001,160,3.073337,0.758235,0.743969,2.813895,142652.0,244484.0,snorkel_insurance_s2_thoughts_policy_g8top4_lr1e_3_nb200_flat32sgd_heldout-act-prm-ia=0-rr=0-ec=act_prm_snorkel_insurance-gc=act_prm_actions_only-tc=sft_flat-rbc=default-nb=200-nt=0-mc=hf_qw-0bd95b65
act_prm_snorkel_insurance,s2,snorkel_insurance_s2_thoughts_policy_g8top4_lr1e_3_nb200_flat32sgd_heldout,sgd,0.001,165,3.064507,0.757805,0.74383,2.805353,142652.0,244484.0,snorkel_insurance_s2_thoughts_policy_g8top4_lr1e_3_nb200_flat32sgd_heldout-act-prm-ia=0-rr=0-ec=act_prm_snorkel_insurance-gc=act_prm_actions_only-tc=sft_flat-rbc=default-nb=200-nt=0-mc=hf_qw-0bd95b65
act_prm_snorkel_insurance,s2,snorkel_insurance_s2_thoughts_policy_g8top4_lr1e_3_nb200_flat32sgd_heldout,sgd,0.001,170,3.05329,0.75807,0.744526,2.796442,142652.0,244484.0,snorkel_insurance_s2_thoughts_policy_g8top4_lr1e_3_nb200_flat32sgd_heldout-act-prm-ia=0-rr=0-ec=act_prm_snorkel_insurance-gc=act_prm_actions_only-tc=sft_flat-rbc=default-nb=200-nt=0-mc=hf_qw-0bd95b65
act_prm_snorkel_insurance,s2,snorkel_insurance_s2_thoughts_policy_g8top4_lr1e_3_nb200_flat32sgd_heldout,sgd,0.001,175,3.043321,0.758236,0.744429,2.787056,142652.0,244484.0,snorkel_insurance_s2_thoughts_policy_g8top4_lr1e_3_nb200_flat32sgd_heldout-act-prm-ia=0-rr=0-ec=act_prm_snorkel_insurance-gc=act_prm_actions_only-tc=sft_flat-rbc=default-nb=200-nt=0-mc=hf_qw-0bd95b65
act_prm_snorkel_insurance,s2,snorkel_insurance_s2_thoughts_policy_g8top4_lr1e_3_nb200_flat32sgd_heldout,sgd,0.001,180,3.034984,0.758507,0.745026,2.781754,142652.0,244484.0,snorkel_insurance_s2_thoughts_policy_g8top4_lr1e_3_nb200_flat32sgd_heldout-act-prm-ia=0-rr=0-ec=act_prm_snorkel_insurance-gc=act_prm_actions_only-tc=sft_flat-rbc=default-nb=200-nt=0-mc=hf_qw-0bd95b65
act_prm_snorkel_insurance,s2,snorkel_insurance_s2_thoughts_policy_g8top4_lr1e_3_nb200_flat32sgd_heldout,sgd,0.001,185,3.028718,0.758414,0.744929,2.775114,142652.0,244484.0,snorkel_insurance_s2_thoughts_policy_g8top4_lr1e_3_nb200_flat32sgd_heldout-act-prm-ia=0-rr=0-ec=act_prm_snorkel_insurance-gc=act_prm_actions_only-tc=sft_flat-rbc=default-nb=200-nt=0-mc=hf_qw-0bd95b65
act_prm_snorkel_insurance,s2,snorkel_insurance_s2_thoughts_policy_g8top4_lr1e_3_nb200_flat32sgd_heldout,sgd,0.001,190,3.021604,0.758536,0.745596,2.768379,142652.0,244484.0,snorkel_insurance_s2_thoughts_policy_g8top4_lr1e_3_nb200_flat32sgd_heldout-act-prm-ia=0-rr=0-ec=act_prm_snorkel_insurance-gc=act_prm_actions_only-tc=sft_flat-rbc=default-nb=200-nt=0-mc=hf_qw-0bd95b65
act_prm_snorkel_insurance,s2,snorkel_insurance_s2_thoughts_policy_g8top4_lr1e_3_nb200_flat32sgd_heldout,sgd,0.001,195,3.013681,0.758506,0.745557,2.762388,142652.0,244484.0,snorkel_insurance_s2_thoughts_policy_g8top4_lr1e_3_nb200_flat32sgd_heldout-act-prm-ia=0-rr=0-ec=act_prm_snorkel_insurance-gc=act_prm_actions_only-tc=sft_flat-rbc=default-nb=200-nt=0-mc=hf_qw-0bd95b65
act_prm_snorkel_insurance,s2,snorkel_insurance_s2_thoughts_policy_g8top4_lr1e_3_nb200_flat32sgd_heldout,sgd,0.001,199,3.011473,0.759017,0.746026,2.758827,142652.0,244484.0,snorkel_insurance_s2_thoughts_policy_g8top4_lr1e_3_nb200_flat32sgd_heldout-act-prm-ia=0-rr=0-ec=act_prm_snorkel_insurance-gc=act_prm_actions_only-tc=sft_flat-rbc=default-nb=200-nt=0-mc=hf_qw-0bd95b65
act_prm_snorkel_insurance,s2,snorkel_insurance_s2_thoughts_policy_g8top8_lr1e_3_nb200_flat32sgd_heldout,sgd,0.001,5,4.744921,0.751993,0.70208,5.125505,285304.0,488968.0,snorkel_insurance_s2_thoughts_policy_g8top8_lr1e_3_nb200_flat32sgd_heldout-act-prm-ia=0-rr=0-ec=act_prm_snorkel_insurance-gc=act_prm_actions_only-tc=sft_flat-rbc=default-nb=200-nt=0-mc=hf_qw-66e32f31
act_prm_snorkel_insurance,s2,snorkel_insurance_s2_thoughts_policy_g8top8_lr1e_3_nb200_flat32sgd_heldout,sgd,0.001,10,4.71535,0.752288,0.702578,5.068177,285304.0,488968.0,snorkel_insurance_s2_thoughts_policy_g8top8_lr1e_3_nb200_flat32sgd_heldout-act-prm-ia=0-rr=0-ec=act_prm_snorkel_insurance-gc=act_prm_actions_only-tc=sft_flat-rbc=default-nb=200-nt=0-mc=hf_qw-66e32f31
act_prm_snorkel_insurance,s2,snorkel_insurance_s2_thoughts_policy_g8top8_lr1e_3_nb200_flat32sgd_heldout,sgd,0.001,15,4.682754,0.752481,0.703864,4.999181,285304.0,488968.0,snorkel_insurance_s2_thoughts_policy_g8top8_lr1e_3_nb200_flat32sgd_heldout-act-prm-ia=0-rr=0-ec=act_prm_snorkel_insurance-gc=act_prm_actions_only-tc=sft_flat-rbc=default-nb=200-nt=0-mc=hf_qw-66e32f31
act_prm_snorkel_insurance,s2,snorkel_insurance_s2_thoughts_policy_g8top8_lr1e_3_nb200_flat32sgd_heldout,sgd,0.001,20,4.643012,0.752105,0.704505,4.929291,285304.0,488968.0,snorkel_insurance_s2_thoughts_policy_g8top8_lr1e_3_nb200_flat32sgd_heldout-act-prm-ia=0-rr=0-ec=act_prm_snorkel_insurance-gc=act_prm_actions_only-tc=sft_flat-rbc=default-nb=200-nt=0-mc=hf_qw-66e32f31
act_prm_snorkel_insurance,s2,snorkel_insurance_s2_thoughts_policy_g8top8_lr1e_3_nb200_flat32sgd_heldout,sgd,0.001,25,4.597673,0.752692,0.705412,4.837477,285304.0,488968.0,snorkel_insurance_s2_thoughts_policy_g8top8_lr1e_3_nb200_flat32sgd_heldout-act-prm-ia=0-rr=0-ec=act_prm_snorkel_insurance-gc=act_prm_actions_only-tc=sft_flat-rbc=default-nb=200-nt=0-mc=hf_qw-66e32f31
act_prm_snorkel_insurance,s2,snorkel_insurance_s2_thoughts_policy_g8top8_lr1e_3_nb200_flat32sgd_heldout,sgd,0.001,30,4.538843,0.752871,0.707502,4.726105,285304.0,488968.0,snorkel_insurance_s2_thoughts_policy_g8top8_lr1e_3_nb200_flat32sgd_heldout-act-prm-ia=0-rr=0-ec=act_prm_snorkel_insurance-gc=act_prm_actions_only-tc=sft_flat-rbc=default-nb=200-nt=0-mc=hf_qw-66e32f31
act_prm_snorkel_insurance,s2,snorkel_insurance_s2_thoughts_policy_g8top8_lr1e_3_nb200_flat32sgd_heldout,sgd,0.001,35,4.46968,0.752993,0.709348,4.605762,285304.0,488968.0,snorkel_insurance_s2_thoughts_policy_g8top8_lr1e_3_nb200_flat32sgd_heldout-act-prm-ia=0-rr=0-ec=act_prm_snorkel_insurance-gc=act_prm_actions_only-tc=sft_flat-rbc=default-nb=200-nt=0-mc=hf_qw-66e32f31
act_prm_snorkel_insurance,s2,snorkel_insurance_s2_thoughts_policy_g8top8_lr1e_3_nb200_flat32sgd_heldout,sgd,0.001,40,4.382532,0.753014,0.711695,4.462467,285304.0,488968.0,snorkel_insurance_s2_thoughts_policy_g8top8_lr1e_3_nb200_flat32sgd_heldout-act-prm-ia=0-rr=0-ec=act_prm_snorkel_insurance-gc=act_prm_actions_only-tc=sft_flat-rbc=default-nb=200-nt=0-mc=hf_qw-66e32f31
act_prm_snorkel_insurance,s2,snorkel_insurance_s2_thoughts_policy_g8top8_lr1e_3_nb200_flat32sgd_heldout,sgd,0.001,45,4.298338,0.754103,0.713855,4.327688,285304.0,488968.0,snorkel_insurance_s2_thoughts_policy_g8top8_lr1e_3_nb200_flat32sgd_heldout-act-prm-ia=0-rr=0-ec=act_prm_snorkel_insurance-gc=act_prm_actions_only-tc=sft_flat-rbc=default-nb=200-nt=0-mc=hf_qw-66e32f31
act_prm_snorkel_insurance,s2,snorkel_insurance_s2_thoughts_policy_g8top8_lr1e_3_nb200_flat32sgd_heldout,sgd,0.001,50,4.205022,0.754023,0.71664,4.176025,285304.0,488968.0,snorkel_insurance_s2_thoughts_policy_g8top8_lr1e_3_nb200_flat32sgd_heldout-act-prm-ia=0-rr=0-ec=act_prm_snorkel_insurance-gc=act_prm_actions_only-tc=sft_flat-rbc=default-nb=200-nt=0-mc=hf_qw-66e32f31
act_prm_snorkel_insurance,s2,snorkel_insurance_s2_thoughts_policy_g8top8_lr1e_3_nb200_flat32sgd_heldout,sgd,0.001,55,4.092431,0.754568,0.719263,4.012203,285304.0,488968.0,snorkel_insurance_s2_thoughts_policy_g8top8_lr1e_3_nb200_flat32sgd_heldout-act-prm-ia=0-rr=0-ec=act_prm_snorkel_insurance-gc=act_prm_actions_only-tc=sft_flat-rbc=default-nb=200-nt=0-mc=hf_qw-66e32f31
act_prm_snorkel_insurance,s2,snorkel_insurance_s2_thoughts_policy_g8top8_lr1e_3_nb200_flat32sgd_heldout,sgd,0.001,60,3.990278,0.75484,0.72247,3.863763,285304.0,488968.0,snorkel_insurance_s2_thoughts_policy_g8top8_lr1e_3_nb200_flat32sgd_heldout-act-prm-ia=0-rr=0-ec=act_prm_snorkel_insurance-gc=act_prm_actions_only-tc=sft_flat-rbc=default-nb=200-nt=0-mc=hf_qw-66e32f31
act_prm_snorkel_insurance,s2,snorkel_insurance_s2_thoughts_policy_g8top8_lr1e_3_nb200_flat32sgd_heldout,sgd,0.001,65,3.873963,0.755658,0.72533,3.706953,285304.0,488968.0,snorkel_insurance_s2_thoughts_policy_g8top8_lr1e_3_nb200_flat32sgd_heldout-act-prm-ia=0-rr=0-ec=act_prm_snorkel_insurance-gc=act_prm_actions_only-tc=sft_flat-rbc=default-nb=200-nt=0-mc=hf_qw-66e32f31
act_prm_snorkel_insurance,s2,snorkel_insurance_s2_thoughts_policy_g8top8_lr1e_3_nb200_flat32sgd_heldout,sgd,0.001,70,3.76856,0.756058,0.728129,3.569472,285304.0,488968.0,snorkel_insurance_s2_thoughts_policy_g8top8_lr1e_3_nb200_flat32sgd_heldout-act-prm-ia=0-rr=0-ec=act_prm_snorkel_insurance-gc=act_prm_actions_only-tc=sft_flat-rbc=default-nb=200-nt=0-mc=hf_qw-66e32f31
act_prm_snorkel_insurance,s2,snorkel_insurance_s2_thoughts_policy_g8top8_lr1e_3_nb200_flat32sgd_heldout,sgd,0.001,75,3.665509,0.756634,0.730587,3.442615,285304.0,488968.0,snorkel_insurance_s2_thoughts_policy_g8top8_lr1e_3_nb200_flat32sgd_heldout-act-prm-ia=0-rr=0-ec=act_prm_snorkel_insurance-gc=act_prm_actions_only-tc=sft_flat-rbc=default-nb=200-nt=0-mc=hf_qw-66e32f31
act_prm_snorkel_insurance,s2,snorkel_insurance_s2_thoughts_policy_g8top8_lr1e_3_nb200_flat32sgd_heldout,sgd,0.001,80,3.588045,0.757411,0.732195,3.347427,285304.0,488968.0,snorkel_insurance_s2_thoughts_policy_g8top8_lr1e_3_nb200_flat32sgd_heldout-act-prm-ia=0-rr=0-ec=act_prm_snorkel_insurance-gc=act_prm_actions_only-tc=sft_flat-rbc=default-nb=200-nt=0-mc=hf_qw-66e32f31
act_prm_snorkel_insurance,s2,snorkel_insurance_s2_thoughts_policy_g8top8_lr1e_3_nb200_flat32sgd_heldout,sgd,0.001,85,3.512872,0.757281,0.734358,3.261417,285304.0,488968.0,snorkel_insurance_s2_thoughts_policy_g8top8_lr1e_3_nb200_flat32sgd_heldout-act-prm-ia=0-rr=0-ec=act_prm_snorkel_insurance-gc=act_prm_actions_only-tc=sft_flat-rbc=default-nb=200-nt=0-mc=hf_qw-66e32f31
act_prm_snorkel_insurance,s2,snorkel_insurance_s2_thoughts_policy_g8top8_lr1e_3_nb200_flat32sgd_heldout,sgd,0.001,90,3.451501,0.757029,0.735012,3.191399,285304.0,488968.0,snorkel_insurance_s2_thoughts_policy_g8top8_lr1e_3_nb200_flat32sgd_heldout-act-prm-ia=0-rr=0-ec=act_prm_snorkel_insurance-gc=act_prm_actions_only-tc=sft_flat-rbc=default-nb=200-nt=0-mc=hf_qw-66e32f31
act_prm_snorkel_insurance,s2,snorkel_insurance_s2_thoughts_policy_g8top8_lr1e_3_nb200_flat32sgd_heldout,sgd,0.001,95,3.391392,0.757594,0.736612,3.127674,285304.0,488968.0,snorkel_insurance_s2_thoughts_policy_g8top8_lr1e_3_nb200_flat32sgd_heldout-act-prm-ia=0-rr=0-ec=act_prm_snorkel_insurance-gc=act_prm_actions_only-tc=sft_flat-rbc=default-nb=200-nt=0-mc=hf_qw-66e32f31
act_prm_snorkel_insurance,s2,snorkel_insurance_s2_thoughts_policy_g8top8_lr1e_3_nb200_flat32sgd_heldout,sgd,0.001,100,3.340423,0.757495,0.737725,3.075123,285304.0,488968.0,snorkel_insurance_s2_thoughts_policy_g8top8_lr1e_3_nb200_flat32sgd_heldout-act-prm-ia=0-rr=0-ec=act_prm_snorkel_insurance-gc=act_prm_actions_only-tc=sft_flat-rbc=default-nb=200-nt=0-mc=hf_qw-66e32f31
act_prm_snorkel_insurance,s2,snorkel_insurance_s2_thoughts_policy_g8top8_lr1e_3_nb200_flat32sgd_heldout,sgd,0.001,105,3.303879,0.75709,0.738476,3.032489,285304.0,488968.0,snorkel_insurance_s2_thoughts_policy_g8top8_lr1e_3_nb200_flat32sgd_heldout-act-prm-ia=0-rr=0-ec=act_prm_snorkel_insurance-gc=act_prm_actions_only-tc=sft_flat-rbc=default-nb=200-nt=0-mc=hf_qw-66e32f31
act_prm_snorkel_insurance,s2,snorkel_insurance_s2_thoughts_policy_g8top8_lr1e_3_nb200_flat32sgd_heldout,sgd,0.001,110,3.266157,0.757136,0.738947,2.995969,285304.0,488968.0,snorkel_insurance_s2_thoughts_policy_g8top8_lr1e_3_nb200_flat32sgd_heldout-act-prm-ia=0-rr=0-ec=act_prm_snorkel_insurance-gc=act_prm_actions_only-tc=sft_flat-rbc=default-nb=200-nt=0-mc=hf_qw-66e32f31
act_prm_snorkel_insurance,s2,snorkel_insurance_s2_thoughts_policy_g8top8_lr1e_3_nb200_flat32sgd_heldout,sgd,0.001,115,3.235993,0.757364,0.739739,2.964556,285304.0,488968.0,snorkel_insurance_s2_thoughts_policy_g8top8_lr1e_3_nb200_flat32sgd_heldout-act-prm-ia=0-rr=0-ec=act_prm_snorkel_insurance-gc=act_prm_actions_only-tc=sft_flat-rbc=default-nb=200-nt=0-mc=hf_qw-66e32f31
act_prm_snorkel_insurance,s2,snorkel_insurance_s2_thoughts_policy_g8top8_lr1e_3_nb200_flat32sgd_heldout,sgd,0.001,120,3.208321,0.757412,0.740645,2.938933,285304.0,488968.0,snorkel_insurance_s2_thoughts_policy_g8top8_lr1e_3_nb200_flat32sgd_heldout-act-prm-ia=0-rr=0-ec=act_prm_snorkel_insurance-gc=act_prm_actions_only-tc=sft_flat-rbc=default-nb=200-nt=0-mc=hf_qw-66e32f31
act_prm_snorkel_insurance,s2,snorkel_insurance_s2_thoughts_policy_g8top8_lr1e_3_nb200_flat32sgd_heldout,sgd,0.001,125,3.183271,0.757458,0.741546,2.915179,285304.0,488968.0,snorkel_insurance_s2_thoughts_policy_g8top8_lr1e_3_nb200_flat32sgd_heldout-act-prm-ia=0-rr=0-ec=act_prm_snorkel_insurance-gc=act_prm_actions_only-tc=sft_flat-rbc=default-nb=200-nt=0-mc=hf_qw-66e32f31
act_prm_snorkel_insurance,s2,snorkel_insurance_s2_thoughts_policy_g8top8_lr1e_3_nb200_flat32sgd_heldout,sgd,0.001,130,3.16412,0.757879,0.741994,2.897057,285304.0,488968.0,snorkel_insurance_s2_thoughts_policy_g8top8_lr1e_3_nb200_flat32sgd_heldout-act-prm-ia=0-rr=0-ec=act_prm_snorkel_insurance-gc=act_prm_actions_only-tc=sft_flat-rbc=default-nb=200-nt=0-mc=hf_qw-66e32f31
act_prm_snorkel_insurance,s2,snorkel_insurance_s2_thoughts_policy_g8top8_lr1e_3_nb200_flat32sgd_heldout,sgd,0.001,135,3.146576,0.757725,0.742263,2.879259,285304.0,488968.0,snorkel_insurance_s2_thoughts_policy_g8top8_lr1e_3_nb200_flat32sgd_heldout-act-prm-ia=0-rr=0-ec=act_prm_snorkel_insurance-gc=act_prm_actions_only-tc=sft_flat-rbc=default-nb=200-nt=0-mc=hf_qw-66e32f31
act_prm_snorkel_insurance,s2,snorkel_insurance_s2_thoughts_policy_g8top8_lr1e_3_nb200_flat32sgd_heldout,sgd,0.001,140,3.127314,0.757886,0.742677,2.862465,285304.0,488968.0,snorkel_insurance_s2_thoughts_policy_g8top8_lr1e_3_nb200_flat32sgd_heldout-act-prm-ia=0-rr=0-ec=act_prm_snorkel_insurance-gc=act_prm_actions_only-tc=sft_flat-rbc=default-nb=200-nt=0-mc=hf_qw-66e32f31
act_prm_snorkel_insurance,s2,snorkel_insurance_s2_thoughts_policy_g8top8_lr1e_3_nb200_flat32sgd_heldout,sgd,0.001,145,3.112556,0.758069,0.742645,2.849061,285304.0,488968.0,snorkel_insurance_s2_thoughts_policy_g8top8_lr1e_3_nb200_flat32sgd_heldout-act-prm-ia=0-rr=0-ec=act_prm_snorkel_insurance-gc=act_prm_actions_only-tc=sft_flat-rbc=default-nb=200-nt=0-mc=hf_qw-66e32f31
act_prm_snorkel_insurance,s2,snorkel_insurance_s2_thoughts_policy_g8top8_lr1e_3_nb200_flat32sgd_heldout,sgd,0.001,150,3.097763,0.757838,0.74321,2.83461,285304.0,488968.0,snorkel_insurance_s2_thoughts_policy_g8top8_lr1e_3_nb200_flat32sgd_heldout-act-prm-ia=0-rr=0-ec=act_prm_snorkel_insurance-gc=act_prm_actions_only-tc=sft_flat-rbc=default-nb=200-nt=0-mc=hf_qw-66e32f31
act_prm_snorkel_insurance,s2,snorkel_insurance_s2_thoughts_policy_g8top8_lr1e_3_nb200_flat32sgd_heldout,sgd,0.001,155,3.083468,0.757833,0.743695,2.823468,285304.0,488968.0,snorkel_insurance_s2_thoughts_policy_g8top8_lr1e_3_nb200_flat32sgd_heldout-act-prm-ia=0-rr=0-ec=act_prm_snorkel_insurance-gc=act_prm_actions_only-tc=sft_flat-rbc=default-nb=200-nt=0-mc=hf_qw-66e32f31
act_prm_snorkel_insurance,s2,snorkel_insurance_s2_thoughts_policy_g8top8_lr1e_3_nb200_flat32sgd_heldout,sgd,0.001,160,3.073687,0.758089,0.743877,2.813733,285304.0,488968.0,snorkel_insurance_s2_thoughts_policy_g8top8_lr1e_3_nb200_flat32sgd_heldout-act-prm-ia=0-rr=0-ec=act_prm_snorkel_insurance-gc=act_prm_actions_only-tc=sft_flat-rbc=default-nb=200-nt=0-mc=hf_qw-66e32f31
act_prm_snorkel_insurance,s2,snorkel_insurance_s2_thoughts_policy_g8top8_lr1e_3_nb200_flat32sgd_heldout,sgd,0.001,165,3.062809,0.757536,0.743665,2.804678,285304.0,488968.0,snorkel_insurance_s2_thoughts_policy_g8top8_lr1e_3_nb200_flat32sgd_heldout-act-prm-ia=0-rr=0-ec=act_prm_snorkel_insurance-gc=act_prm_actions_only-tc=sft_flat-rbc=default-nb=200-nt=0-mc=hf_qw-66e32f31
act_prm_snorkel_insurance,s2,snorkel_insurance_s2_thoughts_policy_g8top8_lr1e_3_nb200_flat32sgd_heldout,sgd,0.001,170,3.049295,0.757919,0.744502,2.79543,285304.0,488968.0,snorkel_insurance_s2_thoughts_policy_g8top8_lr1e_3_nb200_flat32sgd_heldout-act-prm-ia=0-rr=0-ec=act_prm_snorkel_insurance-gc=act_prm_actions_only-tc=sft_flat-rbc=default-nb=200-nt=0-mc=hf_qw-66e32f31
act_prm_snorkel_insurance,s2,snorkel_insurance_s2_thoughts_policy_g8top8_lr1e_3_nb200_flat32sgd_heldout,sgd,0.001,175,3.042272,0.757874,0.744827,2.788158,285304.0,488968.0,snorkel_insurance_s2_thoughts_policy_g8top8_lr1e_3_nb200_flat32sgd_heldout-act-prm-ia=0-rr=0-ec=act_prm_snorkel_insurance-gc=act_prm_actions_only-tc=sft_flat-rbc=default-nb=200-nt=0-mc=hf_qw-66e32f31
act_prm_snorkel_insurance,s2,snorkel_insurance_s2_thoughts_policy_g8top8_lr1e_3_nb200_flat32sgd_heldout,sgd,0.001,180,3.03439,0.758156,0.744623,2.781051,285304.0,488968.0,snorkel_insurance_s2_thoughts_policy_g8top8_lr1e_3_nb200_flat32sgd_heldout-act-prm-ia=0-rr=0-ec=act_prm_snorkel_insurance-gc=act_prm_actions_only-tc=sft_flat-rbc=default-nb=200-nt=0-mc=hf_qw-66e32f31
act_prm_snorkel_insurance,s2,snorkel_insurance_s2_thoughts_policy_g8top8_lr1e_3_nb200_flat32sgd_heldout,sgd,0.001,185,3.030048,0.758083,0.744869,2.776603,285304.0,488968.0,snorkel_insurance_s2_thoughts_policy_g8top8_lr1e_3_nb200_flat32sgd_heldout-act-prm-ia=0-rr=0-ec=act_prm_snorkel_insurance-gc=act_prm_actions_only-tc=sft_flat-rbc=default-nb=200-nt=0-mc=hf_qw-66e32f31
act_prm_snorkel_insurance,s2,snorkel_insurance_s2_thoughts_policy_g8top8_lr1e_3_nb200_flat32sgd_heldout,sgd,0.001,190,3.024829,0.757675,0.744728,2.771461,285304.0,488968.0,snorkel_insurance_s2_thoughts_policy_g8top8_lr1e_3_nb200_flat32sgd_heldout-act-prm-ia=0-rr=0-ec=act_prm_snorkel_insurance-gc=act_prm_actions_only-tc=sft_flat-rbc=default-nb=200-nt=0-mc=hf_qw-66e32f31
act_prm_snorkel_insurance,s2,snorkel_insurance_s2_thoughts_policy_g8top8_lr1e_3_nb200_flat32sgd_heldout,sgd,0.001,195,3.016915,0.757607,0.744903,2.764322,285304.0,488968.0,snorkel_insurance_s2_thoughts_policy_g8top8_lr1e_3_nb200_flat32sgd_heldout-act-prm-ia=0-rr=0-ec=act_prm_snorkel_insurance-gc=act_prm_actions_only-tc=sft_flat-rbc=default-nb=200-nt=0-mc=hf_qw-66e32f31
act_prm_snorkel_insurance,s2,snorkel_insurance_s2_thoughts_policy_g8top8_lr1e_3_nb200_flat32sgd_heldout,sgd,0.001,199,3.009482,0.758164,0.74536,2.759424,285304.0,488968.0,snorkel_insurance_s2_thoughts_policy_g8top8_lr1e_3_nb200_flat32sgd_heldout-act-prm-ia=0-rr=0-ec=act_prm_snorkel_insurance-gc=act_prm_actions_only-tc=sft_flat-rbc=default-nb=200-nt=0-mc=hf_qw-66e32f31
act_prm_tau2_airline,s2,airline_s2_actions_only_lr1e_3_adamw_nb100_heldout,adamw,0.001,10,2.190127,0.782418,0.782418,,,,airline_s2_actions_only_lr1e_3_adamw_nb100_heldout-act-prm-ia=0-rr=0-ec=act_prm_tau2_airline-gc=act_prm_actions_only-tc=sft-rbc=default-nb=100-nt=0-mc=hf_qwen3_4b_instruct-lc=r8_a16_linear-n-5a984508
act_prm_tau2_airline,s2,airline_s2_actions_only_lr1e_3_adamw_nb100_heldout,adamw,0.001,10,2.190127,0.782418,0.782418,,,,airline_s2_actions_only_lr1e_3_adamw_nb100_heldout-act-prm-ia=0-rr=0-ec=act_prm_tau2_airline-gc=act_prm_actions_only-tc=sft-rbc=default-nb=100-nt=0-mc=hf_qwen3_4b_instruct-lc=r8_a16_linear-n-5a984508
act_prm_tau2_airline,s2,airline_s2_actions_only_lr1e_3_adamw_nb100_heldout,adamw,0.001,20,2.129617,0.795558,0.795558,,,,airline_s2_actions_only_lr1e_3_adamw_nb100_heldout-act-prm-ia=0-rr=0-ec=act_prm_tau2_airline-gc=act_prm_actions_only-tc=sft-rbc=default-nb=100-nt=0-mc=hf_qwen3_4b_instruct-lc=r8_a16_linear-n-5a984508
act_prm_tau2_airline,s2,airline_s2_actions_only_lr1e_3_adamw_nb100_heldout,adamw,0.001,20,2.129617,0.795558,0.795558,,,,airline_s2_actions_only_lr1e_3_adamw_nb100_heldout-act-prm-ia=0-rr=0-ec=act_prm_tau2_airline-gc=act_prm_actions_only-tc=sft-rbc=default-nb=100-nt=0-mc=hf_qwen3_4b_instruct-lc=r8_a16_linear-n-5a984508
act_prm_tau2_airline,s2,airline_s2_actions_only_lr1e_3_adamw_nb100_heldout,adamw,0.001,30,2.34945,0.790239,0.790239,,,,airline_s2_actions_only_lr1e_3_adamw_nb100_heldout-act-prm-ia=0-rr=0-ec=act_prm_tau2_airline-gc=act_prm_actions_only-tc=sft-rbc=default-nb=100-nt=0-mc=hf_qwen3_4b_instruct-lc=r8_a16_linear-n-5a984508
act_prm_tau2_airline,s2,airline_s2_actions_only_lr1e_3_adamw_nb100_heldout,adamw,0.001,30,2.34945,0.790239,0.790239,,,,airline_s2_actions_only_lr1e_3_adamw_nb100_heldout-act-prm-ia=0-rr=0-ec=act_prm_tau2_airline-gc=act_prm_actions_only-tc=sft-rbc=default-nb=100-nt=0-mc=hf_qwen3_4b_instruct-lc=r8_a16_linear-n-5a984508
act_prm_tau2_airline,s2,airline_s2_actions_only_lr1e_3_adamw_nb100_heldout,adamw,0.001,40,2.889649,0.791334,0.791334,,,,airline_s2_actions_only_lr1e_3_adamw_nb100_heldout-act-prm-ia=0-rr=0-ec=act_prm_tau2_airline-gc=act_prm_actions_only-tc=sft-rbc=default-nb=100-nt=0-mc=hf_qwen3_4b_instruct-lc=r8_a16_linear-n-5a984508
act_prm_tau2_airline,s2,airline_s2_actions_only_lr1e_3_adamw_nb100_heldout,adamw,0.001,40,2.889649,0.791334,0.791334,,,,airline_s2_actions_only_lr1e_3_adamw_nb100_heldout-act-prm-ia=0-rr=0-ec=act_prm_tau2_airline-gc=act_prm_actions_only-tc=sft-rbc=default-nb=100-nt=0-mc=hf_qwen3_4b_instruct-lc=r8_a16_linear-n-5a984508
act_prm_tau2_airline,s2,airline_s2_actions_only_lr1e_3_adamw_nb100_heldout,adamw,0.001,50,3.3899,0.789301,0.789301,,,,airline_s2_actions_only_lr1e_3_adamw_nb100_heldout-act-prm-ia=0-rr=0-ec=act_prm_tau2_airline-gc=act_prm_actions_only-tc=sft-rbc=default-nb=100-nt=0-mc=hf_qwen3_4b_instruct-lc=r8_a16_linear-n-5a984508
act_prm_tau2_airline,s2,airline_s2_actions_only_lr1e_3_adamw_nb200_flat32_heldout,adamw,0.001,5,2.277563,0.774966,0.774966,2.277563,6393.0,6393.0,airline_s2_actions_only_lr1e_3_adamw_nb200_flat32_heldout-act-prm-ia=0-rr=0-ec=act_prm_tau2_airline-gc=act_prm_actions_only-tc=sft_flat-rbc=default-nb=200-nt=0-mc=hf_qwen3_4b_instruct-lc=r8_-872838d6
act_prm_tau2_airline,s2,airline_s2_actions_only_lr1e_3_adamw_nb200_flat32_heldout,adamw,0.001,10,2.34688,0.777904,0.777904,2.34688,6393.0,6393.0,airline_s2_actions_only_lr1e_3_adamw_nb200_flat32_heldout-act-prm-ia=0-rr=0-ec=act_prm_tau2_airline-gc=act_prm_actions_only-tc=sft_flat-rbc=default-nb=200-nt=0-mc=hf_qwen3_4b_instruct-lc=r8_-872838d6
act_prm_tau2_airline,s2,airline_s2_actions_only_lr1e_3_adamw_nb200_flat32_heldout,adamw,0.001,15,2.100138,0.794088,0.794088,2.100138,6393.0,6393.0,airline_s2_actions_only_lr1e_3_adamw_nb200_flat32_heldout-act-prm-ia=0-rr=0-ec=act_prm_tau2_airline-gc=act_prm_actions_only-tc=sft_flat-rbc=default-nb=200-nt=0-mc=hf_qwen3_4b_instruct-lc=r8_-872838d6
act_prm_tau2_airline,s2,airline_s2_actions_only_lr1e_3_adamw_nb200_flat32_heldout,adamw,0.001,20,2.111297,0.795881,0.795881,2.111297,6393.0,6393.0,airline_s2_actions_only_lr1e_3_adamw_nb200_flat32_heldout-act-prm-ia=0-rr=0-ec=act_prm_tau2_airline-gc=act_prm_actions_only-tc=sft_flat-rbc=default-nb=200-nt=0-mc=hf_qwen3_4b_instruct-lc=r8_-872838d6
act_prm_tau2_airline,s2,airline_s2_actions_only_lr1e_3_adamw_nb200_flat32_heldout,adamw,0.001,25,2.164024,0.795394,0.795394,2.164024,6393.0,6393.0,airline_s2_actions_only_lr1e_3_adamw_nb200_flat32_heldout-act-prm-ia=0-rr=0-ec=act_prm_tau2_airline-gc=act_prm_actions_only-tc=sft_flat-rbc=default-nb=200-nt=0-mc=hf_qwen3_4b_instruct-lc=r8_-872838d6
act_prm_tau2_airline,s2,airline_s2_actions_only_lr1e_3_adamw_nb200_flat32_heldout,adamw,0.001,30,2.236725,0.793461,0.793461,2.236725,6393.0,6393.0,airline_s2_actions_only_lr1e_3_adamw_nb200_flat32_heldout-act-prm-ia=0-rr=0-ec=act_prm_tau2_airline-gc=act_prm_actions_only-tc=sft_flat-rbc=default-nb=200-nt=0-mc=hf_qwen3_4b_instruct-lc=r8_-872838d6
act_prm_tau2_airline,s2,airline_s2_actions_only_lr1e_3_adamw_nb200_flat32_heldout,adamw,0.001,35,2.48877,0.790048,0.790048,2.48877,6393.0,6393.0,airline_s2_actions_only_lr1e_3_adamw_nb200_flat32_heldout-act-prm-ia=0-rr=0-ec=act_prm_tau2_airline-gc=act_prm_actions_only-tc=sft_flat-rbc=default-nb=200-nt=0-mc=hf_qwen3_4b_instruct-lc=r8_-872838d6
act_prm_tau2_airline,s2,airline_s2_actions_only_lr1e_3_adamw_nb200_flat32_heldout,adamw,0.001,40,2.844018,0.78799,0.78799,2.844018,6393.0,6393.0,airline_s2_actions_only_lr1e_3_adamw_nb200_flat32_heldout-act-prm-ia=0-rr=0-ec=act_prm_tau2_airline-gc=act_prm_actions_only-tc=sft_flat-rbc=default-nb=200-nt=0-mc=hf_qwen3_4b_instruct-lc=r8_-872838d6
act_prm_tau2_airline,s2,airline_s2_actions_only_lr1e_3_adamw_nb200_flat32_heldout,adamw,0.001,45,2.985025,0.788169,0.788169,2.985025,6393.0,6393.0,airline_s2_actions_only_lr1e_3_adamw_nb200_flat32_heldout-act-prm-ia=0-rr=0-ec=act_prm_tau2_airline-gc=act_prm_actions_only-tc=sft_flat-rbc=default-nb=200-nt=0-mc=hf_qwen3_4b_instruct-lc=r8_-872838d6
act_prm_tau2_airline,s2,airline_s2_actions_only_lr1e_3_nb200_flat32sgd_heldout,sgd,0.001,5,4.191313,0.747817,0.747817,4.191313,6393.0,6393.0,airline_s2_actions_only_lr1e_3_nb200_flat32sgd_heldout-act-prm-ia=0-rr=0-ec=act_prm_tau2_airline-gc=act_prm_actions_only-tc=sft_flat-rbc=default-nb=200-nt=0-mc=hf_qwen3_4b_instruct-lc=r8_a16-c6f2b13a
act_prm_tau2_airline,s2,airline_s2_actions_only_lr1e_3_nb200_flat32sgd_heldout,sgd,0.001,10,4.188473,0.746024,0.746024,4.188473,6393.0,6393.0,airline_s2_actions_only_lr1e_3_nb200_flat32sgd_heldout-act-prm-ia=0-rr=0-ec=act_prm_tau2_airline-gc=act_prm_actions_only-tc=sft_flat-rbc=default-nb=200-nt=0-mc=hf_qwen3_4b_instruct-lc=r8_a16-c6f2b13a
act_prm_tau2_airline,s2,airline_s2_actions_only_lr1e_3_nb200_flat32sgd_heldout,sgd,0.001,15,4.169855,0.745106,0.745106,4.169855,6393.0,6393.0,airline_s2_actions_only_lr1e_3_nb200_flat32sgd_heldout-act-prm-ia=0-rr=0-ec=act_prm_tau2_airline-gc=act_prm_actions_only-tc=sft_flat-rbc=default-nb=200-nt=0-mc=hf_qwen3_4b_instruct-lc=r8_a16-c6f2b13a
act_prm_tau2_airline,s2,airline_s2_actions_only_lr1e_3_nb200_flat32sgd_heldout,sgd,0.001,20,4.152862,0.745983,0.745983,4.152862,6393.0,6393.0,airline_s2_actions_only_lr1e_3_nb200_flat32sgd_heldout-act-prm-ia=0-rr=0-ec=act_prm_tau2_airline-gc=act_prm_actions_only-tc=sft_flat-rbc=default-nb=200-nt=0-mc=hf_qwen3_4b_instruct-lc=r8_a16-c6f2b13a
act_prm_tau2_airline,s2,airline_s2_actions_only_lr1e_3_nb200_flat32sgd_heldout,sgd,0.001,25,4.143211,0.745568,0.745568,4.143211,6393.0,6393.0,airline_s2_actions_only_lr1e_3_nb200_flat32sgd_heldout-act-prm-ia=0-rr=0-ec=act_prm_tau2_airline-gc=act_prm_actions_only-tc=sft_flat-rbc=default-nb=200-nt=0-mc=hf_qwen3_4b_instruct-lc=r8_a16-c6f2b13a
act_prm_tau2_airline,s2,airline_s2_actions_only_lr1e_3_nb200_flat32sgd_heldout,sgd,0.001,30,4.122291,0.746022,0.746022,4.122291,6393.0,6393.0,airline_s2_actions_only_lr1e_3_nb200_flat32sgd_heldout-act-prm-ia=0-rr=0-ec=act_prm_tau2_airline-gc=act_prm_actions_only-tc=sft_flat-rbc=default-nb=200-nt=0-mc=hf_qwen3_4b_instruct-lc=r8_a16-c6f2b13a
act_prm_tau2_airline,s2,airline_s2_actions_only_lr1e_3_nb200_flat32sgd_heldout,sgd,0.001,35,4.106685,0.74638,0.74638,4.106685,6393.0,6393.0,airline_s2_actions_only_lr1e_3_nb200_flat32sgd_heldout-act-prm-ia=0-rr=0-ec=act_prm_tau2_airline-gc=act_prm_actions_only-tc=sft_flat-rbc=default-nb=200-nt=0-mc=hf_qwen3_4b_instruct-lc=r8_a16-c6f2b13a
act_prm_tau2_airline,s2,airline_s2_actions_only_lr1e_3_nb200_flat32sgd_heldout,sgd,0.001,40,4.08906,0.745735,0.745735,4.08906,6393.0,6393.0,airline_s2_actions_only_lr1e_3_nb200_flat32sgd_heldout-act-prm-ia=0-rr=0-ec=act_prm_tau2_airline-gc=act_prm_actions_only-tc=sft_flat-rbc=default-nb=200-nt=0-mc=hf_qwen3_4b_instruct-lc=r8_a16-c6f2b13a
act_prm_tau2_airline,s2,airline_s2_actions_only_lr1e_3_nb200_flat32sgd_heldout,sgd,0.001,45,4.070677,0.746362,0.746362,4.070677,6393.0,6393.0,airline_s2_actions_only_lr1e_3_nb200_flat32sgd_heldout-act-prm-ia=0-rr=0-ec=act_prm_tau2_airline-gc=act_prm_actions_only-tc=sft_flat-rbc=default-nb=200-nt=0-mc=hf_qwen3_4b_instruct-lc=r8_a16-c6f2b13a
act_prm_tau2_airline,s2,airline_s2_actions_only_lr1e_3_nb200_flat32sgd_heldout,sgd,0.001,50,4.04437,0.746565,0.746565,4.04437,6393.0,6393.0,airline_s2_actions_only_lr1e_3_nb200_flat32sgd_heldout-act-prm-ia=0-rr=0-ec=act_prm_tau2_airline-gc=act_prm_actions_only-tc=sft_flat-rbc=default-nb=200-nt=0-mc=hf_qwen3_4b_instruct-lc=r8_a16-c6f2b13a
act_prm_tau2_airline,s2,airline_s2_actions_only_lr1e_3_nb200_flat32sgd_heldout,sgd,0.001,55,4.011891,0.746068,0.746068,4.011891,6393.0,6393.0,airline_s2_actions_only_lr1e_3_nb200_flat32sgd_heldout-act-prm-ia=0-rr=0-ec=act_prm_tau2_airline-gc=act_prm_actions_only-tc=sft_flat-rbc=default-nb=200-nt=0-mc=hf_qwen3_4b_instruct-lc=r8_a16-c6f2b13a
act_prm_tau2_airline,s2,airline_s2_actions_only_lr1e_3_nb200_flat32sgd_heldout,sgd,0.001,60,3.988367,0.746837,0.746837,3.988367,6393.0,6393.0,airline_s2_actions_only_lr1e_3_nb200_flat32sgd_heldout-act-prm-ia=0-rr=0-ec=act_prm_tau2_airline-gc=act_prm_actions_only-tc=sft_flat-rbc=default-nb=200-nt=0-mc=hf_qwen3_4b_instruct-lc=r8_a16-c6f2b13a
act_prm_tau2_airline,s2,airline_s2_actions_only_lr1e_3_nb200_flat32sgd_heldout,sgd,0.001,65,3.958323,0.747287,0.747287,3.958323,6393.0,6393.0,airline_s2_actions_only_lr1e_3_nb200_flat32sgd_heldout-act-prm-ia=0-rr=0-ec=act_prm_tau2_airline-gc=act_prm_actions_only-tc=sft_flat-rbc=default-nb=200-nt=0-mc=hf_qwen3_4b_instruct-lc=r8_a16-c6f2b13a
act_prm_tau2_airline,s2,airline_s2_actions_only_lr1e_3_nb200_flat32sgd_heldout,sgd,0.001,70,3.92198,0.746335,0.746335,3.92198,6393.0,6393.0,airline_s2_actions_only_lr1e_3_nb200_flat32sgd_heldout-act-prm-ia=0-rr=0-ec=act_prm_tau2_airline-gc=act_prm_actions_only-tc=sft_flat-rbc=default-nb=200-nt=0-mc=hf_qwen3_4b_instruct-lc=r8_a16-c6f2b13a
act_prm_tau2_airline,s2,airline_s2_actions_only_lr1e_3_nb200_flat32sgd_heldout,sgd,0.001,75,3.878855,0.747083,0.747083,3.878855,6393.0,6393.0,airline_s2_actions_only_lr1e_3_nb200_flat32sgd_heldout-act-prm-ia=0-rr=0-ec=act_prm_tau2_airline-gc=act_prm_actions_only-tc=sft_flat-rbc=default-nb=200-nt=0-mc=hf_qwen3_4b_instruct-lc=r8_a16-c6f2b13a
act_prm_tau2_airline,s2,airline_s2_actions_only_lr1e_3_nb200_flat32sgd_heldout,sgd,0.001,80,3.844657,0.747012,0.747012,3.844657,6393.0,6393.0,airline_s2_actions_only_lr1e_3_nb200_flat32sgd_heldout-act-prm-ia=0-rr=0-ec=act_prm_tau2_airline-gc=act_prm_actions_only-tc=sft_flat-rbc=default-nb=200-nt=0-mc=hf_qwen3_4b_instruct-lc=r8_a16-c6f2b13a
act_prm_tau2_airline,s2,airline_s2_actions_only_lr1e_3_nb200_flat32sgd_heldout,sgd,0.001,85,3.805391,0.747676,0.747676,3.805391,6393.0,6393.0,airline_s2_actions_only_lr1e_3_nb200_flat32sgd_heldout-act-prm-ia=0-rr=0-ec=act_prm_tau2_airline-gc=act_prm_actions_only-tc=sft_flat-rbc=default-nb=200-nt=0-mc=hf_qwen3_4b_instruct-lc=r8_a16-c6f2b13a
act_prm_tau2_airline,s2,airline_s2_actions_only_lr1e_3_nb200_flat32sgd_heldout,sgd,0.001,90,3.769253,0.746936,0.746936,3.769253,6393.0,6393.0,airline_s2_actions_only_lr1e_3_nb200_flat32sgd_heldout-act-prm-ia=0-rr=0-ec=act_prm_tau2_airline-gc=act_prm_actions_only-tc=sft_flat-rbc=default-nb=200-nt=0-mc=hf_qwen3_4b_instruct-lc=r8_a16-c6f2b13a
act_prm_tau2_airline,s2,airline_s2_actions_only_lr1e_3_nb200_flat32sgd_heldout,sgd,0.001,95,3.737463,0.747995,0.747995,3.737463,6393.0,6393.0,airline_s2_actions_only_lr1e_3_nb200_flat32sgd_heldout-act-prm-ia=0-rr=0-ec=act_prm_tau2_airline-gc=act_prm_actions_only-tc=sft_flat-rbc=default-nb=200-nt=0-mc=hf_qwen3_4b_instruct-lc=r8_a16-c6f2b13a
act_prm_tau2_airline,s2,airline_s2_actions_only_lr1e_3_nb200_flat32sgd_heldout,sgd,0.001,100,3.698608,0.748117,0.748117,3.698608,6393.0,6393.0,airline_s2_actions_only_lr1e_3_nb200_flat32sgd_heldout-act-prm-ia=0-rr=0-ec=act_prm_tau2_airline-gc=act_prm_actions_only-tc=sft_flat-rbc=default-nb=200-nt=0-mc=hf_qwen3_4b_instruct-lc=r8_a16-c6f2b13a
act_prm_tau2_airline,s2,airline_s2_actions_only_lr1e_3_nb200_flat32sgd_heldout,sgd,0.001,105,3.662436,0.749049,0.749049,3.662436,6393.0,6393.0,airline_s2_actions_only_lr1e_3_nb200_flat32sgd_heldout-act-prm-ia=0-rr=0-ec=act_prm_tau2_airline-gc=act_prm_actions_only-tc=sft_flat-rbc=default-nb=200-nt=0-mc=hf_qwen3_4b_instruct-lc=r8_a16-c6f2b13a
act_prm_tau2_airline,s2,airline_s2_actions_only_lr1e_3_nb200_flat32sgd_heldout,sgd,0.001,110,3.61806,0.750543,0.750543,3.61806,6393.0,6393.0,airline_s2_actions_only_lr1e_3_nb200_flat32sgd_heldout-act-prm-ia=0-rr=0-ec=act_prm_tau2_airline-gc=act_prm_actions_only-tc=sft_flat-rbc=default-nb=200-nt=0-mc=hf_qwen3_4b_instruct-lc=r8_a16-c6f2b13a
act_prm_tau2_airline,s2,airline_s2_actions_only_lr1e_3_nb200_flat32sgd_heldout,sgd,0.001,115,3.56882,0.749618,0.749618,3.56882,6393.0,6393.0,airline_s2_actions_only_lr1e_3_nb200_flat32sgd_heldout-act-prm-ia=0-rr=0-ec=act_prm_tau2_airline-gc=act_prm_actions_only-tc=sft_flat-rbc=default-nb=200-nt=0-mc=hf_qwen3_4b_instruct-lc=r8_a16-c6f2b13a
act_prm_tau2_airline,s2,airline_s2_actions_only_lr1e_3_nb200_flat32sgd_heldout,sgd,0.001,120,3.530746,0.750189,0.750189,3.530746,6393.0,6393.0,airline_s2_actions_only_lr1e_3_nb200_flat32sgd_heldout-act-prm-ia=0-rr=0-ec=act_prm_tau2_airline-gc=act_prm_actions_only-tc=sft_flat-rbc=default-nb=200-nt=0-mc=hf_qwen3_4b_instruct-lc=r8_a16-c6f2b13a
act_prm_tau2_airline,s2,airline_s2_actions_only_lr1e_3_nb200_flat32sgd_heldout,sgd,0.001,125,3.475439,0.750511,0.750511,3.475439,6393.0,6393.0,airline_s2_actions_only_lr1e_3_nb200_flat32sgd_heldout-act-prm-ia=0-rr=0-ec=act_prm_tau2_airline-gc=act_prm_actions_only-tc=sft_flat-rbc=default-nb=200-nt=0-mc=hf_qwen3_4b_instruct-lc=r8_a16-c6f2b13a
act_prm_tau2_airline,s2,airline_s2_actions_only_lr1e_3_nb200_flat32sgd_heldout,sgd,0.001,130,3.431377,0.750613,0.750613,3.431377,6393.0,6393.0,airline_s2_actions_only_lr1e_3_nb200_flat32sgd_heldout-act-prm-ia=0-rr=0-ec=act_prm_tau2_airline-gc=act_prm_actions_only-tc=sft_flat-rbc=default-nb=200-nt=0-mc=hf_qwen3_4b_instruct-lc=r8_a16-c6f2b13a
act_prm_tau2_airline,s2,airline_s2_actions_only_lr1e_3_nb200_flat32sgd_heldout,sgd,0.001,135,3.381636,0.752022,0.752022,3.381636,6393.0,6393.0,airline_s2_actions_only_lr1e_3_nb200_flat32sgd_heldout-act-prm-ia=0-rr=0-ec=act_prm_tau2_airline-gc=act_prm_actions_only-tc=sft_flat-rbc=default-nb=200-nt=0-mc=hf_qwen3_4b_instruct-lc=r8_a16-c6f2b13a
act_prm_tau2_airline,s2,airline_s2_actions_only_lr1e_3_nb200_flat32sgd_heldout,sgd,0.001,140,3.335116,0.750498,0.750498,3.335116,6393.0,6393.0,airline_s2_actions_only_lr1e_3_nb200_flat32sgd_heldout-act-prm-ia=0-rr=0-ec=act_prm_tau2_airline-gc=act_prm_actions_only-tc=sft_flat-rbc=default-nb=200-nt=0-mc=hf_qwen3_4b_instruct-lc=r8_a16-c6f2b13a
act_prm_tau2_airline,s2,airline_s2_actions_only_lr1e_3_nb200_flat32sgd_heldout,sgd,0.001,145,3.276408,0.753051,0.753051,3.276408,6393.0,6393.0,airline_s2_actions_only_lr1e_3_nb200_flat32sgd_heldout-act-prm-ia=0-rr=0-ec=act_prm_tau2_airline-gc=act_prm_actions_only-tc=sft_flat-rbc=default-nb=200-nt=0-mc=hf_qwen3_4b_instruct-lc=r8_a16-c6f2b13a
act_prm_tau2_airline,s2,airline_s2_actions_only_lr1e_3_nb200_flat32sgd_heldout,sgd,0.001,150,3.228046,0.752646,0.752646,3.228046,6393.0,6393.0,airline_s2_actions_only_lr1e_3_nb200_flat32sgd_heldout-act-prm-ia=0-rr=0-ec=act_prm_tau2_airline-gc=act_prm_actions_only-tc=sft_flat-rbc=default-nb=200-nt=0-mc=hf_qwen3_4b_instruct-lc=r8_a16-c6f2b13a
act_prm_tau2_airline,s2,airline_s2_actions_only_lr1e_3_nb200_flat32sgd_heldout,sgd,0.001,155,3.171501,0.753569,0.753569,3.171501,6393.0,6393.0,airline_s2_actions_only_lr1e_3_nb200_flat32sgd_heldout-act-prm-ia=0-rr=0-ec=act_prm_tau2_airline-gc=act_prm_actions_only-tc=sft_flat-rbc=default-nb=200-nt=0-mc=hf_qwen3_4b_instruct-lc=r8_a16-c6f2b13a
act_prm_tau2_airline,s2,airline_s2_actions_only_lr1e_3_nb200_flat32sgd_heldout,sgd,0.001,160,3.128768,0.753385,0.753385,3.128768,6393.0,6393.0,airline_s2_actions_only_lr1e_3_nb200_flat32sgd_heldout-act-prm-ia=0-rr=0-ec=act_prm_tau2_airline-gc=act_prm_actions_only-tc=sft_flat-rbc=default-nb=200-nt=0-mc=hf_qwen3_4b_instruct-lc=r8_a16-c6f2b13a
act_prm_tau2_airline,s2,airline_s2_actions_only_lr1e_3_nb200_flat32sgd_heldout,sgd,0.001,165,3.08933,0.75465,0.75465,3.08933,6393.0,6393.0,airline_s2_actions_only_lr1e_3_nb200_flat32sgd_heldout-act-prm-ia=0-rr=0-ec=act_prm_tau2_airline-gc=act_prm_actions_only-tc=sft_flat-rbc=default-nb=200-nt=0-mc=hf_qwen3_4b_instruct-lc=r8_a16-c6f2b13a
act_prm_tau2_airline,s2,airline_s2_actions_only_lr1e_3_nb200_flat32sgd_heldout,sgd,0.001,170,3.042764,0.755064,0.755064,3.042764,6393.0,6393.0,airline_s2_actions_only_lr1e_3_nb200_flat32sgd_heldout-act-prm-ia=0-rr=0-ec=act_prm_tau2_airline-gc=act_prm_actions_only-tc=sft_flat-rbc=default-nb=200-nt=0-mc=hf_qwen3_4b_instruct-lc=r8_a16-c6f2b13a
act_prm_tau2_airline,s2,airline_s2_actions_only_lr1e_3_nb200_flat32sgd_heldout,sgd,0.001,175,3.001432,0.753751,0.753751,3.001432,6393.0,6393.0,airline_s2_actions_only_lr1e_3_nb200_flat32sgd_heldout-act-prm-ia=0-rr=0-ec=act_prm_tau2_airline-gc=act_prm_actions_only-tc=sft_flat-rbc=default-nb=200-nt=0-mc=hf_qwen3_4b_instruct-lc=r8_a16-c6f2b13a
act_prm_tau2_airline,s2,airline_s2_actions_only_lr1e_3_nb200_flat32sgd_heldout,sgd,0.001,180,2.959914,0.75455,0.75455,2.959914,6393.0,6393.0,airline_s2_actions_only_lr1e_3_nb200_flat32sgd_heldout-act-prm-ia=0-rr=0-ec=act_prm_tau2_airline-gc=act_prm_actions_only-tc=sft_flat-rbc=default-nb=200-nt=0-mc=hf_qwen3_4b_instruct-lc=r8_a16-c6f2b13a
act_prm_tau2_airline,s2,airline_s2_actions_only_lr1e_3_nb200_flat32sgd_heldout,sgd,0.001,185,2.924419,0.755423,0.755423,2.924419,6393.0,6393.0,airline_s2_actions_only_lr1e_3_nb200_flat32sgd_heldout-act-prm-ia=0-rr=0-ec=act_prm_tau2_airline-gc=act_prm_actions_only-tc=sft_flat-rbc=default-nb=200-nt=0-mc=hf_qwen3_4b_instruct-lc=r8_a16-c6f2b13a
act_prm_tau2_airline,s2,airline_s2_actions_only_lr1e_3_nb200_flat32sgd_heldout,sgd,0.001,190,2.885465,0.75545,0.75545,2.885465,6393.0,6393.0,airline_s2_actions_only_lr1e_3_nb200_flat32sgd_heldout-act-prm-ia=0-rr=0-ec=act_prm_tau2_airline-gc=act_prm_actions_only-tc=sft_flat-rbc=default-nb=200-nt=0-mc=hf_qwen3_4b_instruct-lc=r8_a16-c6f2b13a
act_prm_tau2_airline,s2,airline_s2_actions_only_lr1e_3_nb200_flat32sgd_heldout,sgd,0.001,195,2.850398,0.755428,0.755428,2.850398,6393.0,6393.0,airline_s2_actions_only_lr1e_3_nb200_flat32sgd_heldout-act-prm-ia=0-rr=0-ec=act_prm_tau2_airline-gc=act_prm_actions_only-tc=sft_flat-rbc=default-nb=200-nt=0-mc=hf_qwen3_4b_instruct-lc=r8_a16-c6f2b13a
act_prm_tau2_airline,s2,airline_s2_actions_only_lr1e_3_nb200_flat32sgd_heldout,sgd,0.001,199,2.830699,0.755689,0.755689,2.830699,6393.0,6393.0,airline_s2_actions_only_lr1e_3_nb200_flat32sgd_heldout-act-prm-ia=0-rr=0-ec=act_prm_tau2_airline-gc=act_prm_actions_only-tc=sft_flat-rbc=default-nb=200-nt=0-mc=hf_qwen3_4b_instruct-lc=r8_a16-c6f2b13a
act_prm_tau2_airline,s2,airline_s2_actions_only_lr3e_3_nb150_heldout,,0.003,10,4.132099,0.746441,0.746441,,,,airline_s2_actions_only_lr3e_3_nb150_heldout-act-prm-ia=0-rr=0-ec=act_prm_tau2_airline-gc=act_prm_actions_only-tc=sft-rbc=default-nb=150-nt=0-mc=hf_qwen3_4b_instruct-lc=r8_a16_linear-nie=1-g-b7c63939
act_prm_tau2_airline,s2,airline_s2_actions_only_lr3e_3_nb150_heldout,,0.003,10,4.132099,0.746441,0.746441,,,,airline_s2_actions_only_lr3e_3_nb150_heldout-act-prm-ia=0-rr=0-ec=act_prm_tau2_airline-gc=act_prm_actions_only-tc=sft-rbc=default-nb=150-nt=0-mc=hf_qwen3_4b_instruct-lc=r8_a16_linear-nie=1-g-b7c63939
act_prm_tau2_airline,s2,airline_s2_actions_only_lr3e_3_nb150_heldout,,0.003,20,3.986166,0.746911,0.746911,,,,airline_s2_actions_only_lr3e_3_nb150_heldout-act-prm-ia=0-rr=0-ec=act_prm_tau2_airline-gc=act_prm_actions_only-tc=sft-rbc=default-nb=150-nt=0-mc=hf_qwen3_4b_instruct-lc=r8_a16_linear-nie=1-g-b7c63939
act_prm_tau2_airline,s2,airline_s2_actions_only_lr3e_3_nb150_heldout,,0.003,20,3.986166,0.746911,0.746911,,,,airline_s2_actions_only_lr3e_3_nb150_heldout-act-prm-ia=0-rr=0-ec=act_prm_tau2_airline-gc=act_prm_actions_only-tc=sft-rbc=default-nb=150-nt=0-mc=hf_qwen3_4b_instruct-lc=r8_a16_linear-nie=1-g-b7c63939
act_prm_tau2_airline,s2,airline_s2_actions_only_lr3e_3_nb150_heldout,,0.003,30,3.776075,0.748318,0.748318,,,,airline_s2_actions_only_lr3e_3_nb150_heldout-act-prm-ia=0-rr=0-ec=act_prm_tau2_airline-gc=act_prm_actions_only-tc=sft-rbc=default-nb=150-nt=0-mc=hf_qwen3_4b_instruct-lc=r8_a16_linear-nie=1-g-b7c63939
act_prm_tau2_airline,s2,airline_s2_actions_only_lr3e_3_nb150_heldout,,0.003,30,3.776075,0.748318,0.748318,,,,airline_s2_actions_only_lr3e_3_nb150_heldout-act-prm-ia=0-rr=0-ec=act_prm_tau2_airline-gc=act_prm_actions_only-tc=sft-rbc=default-nb=150-nt=0-mc=hf_qwen3_4b_instruct-lc=r8_a16_linear-nie=1-g-b7c63939
act_prm_tau2_airline,s2,airline_s2_actions_only_lr3e_3_nb150_heldout,,0.003,40,3.517745,0.750978,0.750978,,,,airline_s2_actions_only_lr3e_3_nb150_heldout-act-prm-ia=0-rr=0-ec=act_prm_tau2_airline-gc=act_prm_actions_only-tc=sft-rbc=default-nb=150-nt=0-mc=hf_qwen3_4b_instruct-lc=r8_a16_linear-nie=1-g-b7c63939
act_prm_tau2_airline,s2,airline_s2_actions_only_lr3e_3_nb150_heldout,,0.003,40,3.517745,0.750978,0.750978,,,,airline_s2_actions_only_lr3e_3_nb150_heldout-act-prm-ia=0-rr=0-ec=act_prm_tau2_airline-gc=act_prm_actions_only-tc=sft-rbc=default-nb=150-nt=0-mc=hf_qwen3_4b_instruct-lc=r8_a16_linear-nie=1-g-b7c63939
act_prm_tau2_airline,s2,airline_s2_actions_only_lr3e_3_nb150_heldout,,0.003,50,3.223255,0.753324,0.753324,,,,airline_s2_actions_only_lr3e_3_nb150_heldout-act-prm-ia=0-rr=0-ec=act_prm_tau2_airline-gc=act_prm_actions_only-tc=sft-rbc=default-nb=150-nt=0-mc=hf_qwen3_4b_instruct-lc=r8_a16_linear-nie=1-g-b7c63939
act_prm_tau2_airline,s2,airline_s2_actions_only_lr3e_3_nb150_heldout,,0.003,50,3.223255,0.753324,0.753324,,,,airline_s2_actions_only_lr3e_3_nb150_heldout-act-prm-ia=0-rr=0-ec=act_prm_tau2_airline-gc=act_prm_actions_only-tc=sft-rbc=default-nb=150-nt=0-mc=hf_qwen3_4b_instruct-lc=r8_a16_linear-nie=1-g-b7c63939
act_prm_tau2_airline,s2,airline_s2_actions_only_lr3e_3_nb150_heldout,,0.003,60,2.960226,0.75614,0.75614,,,,airline_s2_actions_only_lr3e_3_nb150_heldout-act-prm-ia=0-rr=0-ec=act_prm_tau2_airline-gc=act_prm_actions_only-tc=sft-rbc=default-nb=150-nt=0-mc=hf_qwen3_4b_instruct-lc=r8_a16_linear-nie=1-g-b7c63939
act_prm_tau2_airline,s2,airline_s2_actions_only_lr3e_3_nb150_heldout,,0.003,60,2.960226,0.75614,0.75614,,,,airline_s2_actions_only_lr3e_3_nb150_heldout-act-prm-ia=0-rr=0-ec=act_prm_tau2_airline-gc=act_prm_actions_only-tc=sft-rbc=default-nb=150-nt=0-mc=hf_qwen3_4b_instruct-lc=r8_a16_linear-nie=1-g-b7c63939
act_prm_tau2_airline,s2,airline_s2_actions_only_lr3e_3_nb150_heldout,,0.003,70,2.761369,0.757078,0.757078,,,,airline_s2_actions_only_lr3e_3_nb150_heldout-act-prm-ia=0-rr=0-ec=act_prm_tau2_airline-gc=act_prm_actions_only-tc=sft-rbc=default-nb=150-nt=0-mc=hf_qwen3_4b_instruct-lc=r8_a16_linear-nie=1-g-b7c63939
act_prm_tau2_airline,s2,airline_s2_actions_only_lr3e_3_nb150_heldout,,0.003,70,2.761369,0.757078,0.757078,,,,airline_s2_actions_only_lr3e_3_nb150_heldout-act-prm-ia=0-rr=0-ec=act_prm_tau2_airline-gc=act_prm_actions_only-tc=sft-rbc=default-nb=150-nt=0-mc=hf_qwen3_4b_instruct-lc=r8_a16_linear-nie=1-g-b7c63939
act_prm_tau2_airline,s2,airline_s2_actions_only_lr3e_3_nb150_heldout,,0.003,80,2.64748,0.757078,0.757078,,,,airline_s2_actions_only_lr3e_3_nb150_heldout-act-prm-ia=0-rr=0-ec=act_prm_tau2_airline-gc=act_prm_actions_only-tc=sft-rbc=default-nb=150-nt=0-mc=hf_qwen3_4b_instruct-lc=r8_a16_linear-nie=1-g-b7c63939
act_prm_tau2_airline,s2,airline_s2_actions_only_lr3e_3_nb150_heldout,,0.003,80,2.64748,0.757078,0.757078,,,,airline_s2_actions_only_lr3e_3_nb150_heldout-act-prm-ia=0-rr=0-ec=act_prm_tau2_airline-gc=act_prm_actions_only-tc=sft-rbc=default-nb=150-nt=0-mc=hf_qwen3_4b_instruct-lc=r8_a16_linear-nie=1-g-b7c63939
act_prm_tau2_airline,s2,airline_s2_actions_only_lr3e_3_nb150_heldout,,0.003,90,2.578274,0.758329,0.758329,,,,airline_s2_actions_only_lr3e_3_nb150_heldout-act-prm-ia=0-rr=0-ec=act_prm_tau2_airline-gc=act_prm_actions_only-tc=sft-rbc=default-nb=150-nt=0-mc=hf_qwen3_4b_instruct-lc=r8_a16_linear-nie=1-g-b7c63939
act_prm_tau2_airline,s2,airline_s2_actions_only_lr3e_3_nb150_heldout,,0.003,90,2.578274,0.758329,0.758329,,,,airline_s2_actions_only_lr3e_3_nb150_heldout-act-prm-ia=0-rr=0-ec=act_prm_tau2_airline-gc=act_prm_actions_only-tc=sft-rbc=default-nb=150-nt=0-mc=hf_qwen3_4b_instruct-lc=r8_a16_linear-nie=1-g-b7c63939
act_prm_tau2_airline,s2,airline_s2_actions_only_lr3e_3_nb150_heldout,,0.003,100,2.531978,0.759737,0.759737,,,,airline_s2_actions_only_lr3e_3_nb150_heldout-act-prm-ia=0-rr=0-ec=act_prm_tau2_airline-gc=act_prm_actions_only-tc=sft-rbc=default-nb=150-nt=0-mc=hf_qwen3_4b_instruct-lc=r8_a16_linear-nie=1-g-b7c63939
act_prm_tau2_airline,s2,airline_s2_actions_only_lr3e_3_nb150_heldout,,0.003,100,2.531978,0.759737,0.759737,,,,airline_s2_actions_only_lr3e_3_nb150_heldout-act-prm-ia=0-rr=0-ec=act_prm_tau2_airline-gc=act_prm_actions_only-tc=sft-rbc=default-nb=150-nt=0-mc=hf_qwen3_4b_instruct-lc=r8_a16_linear-nie=1-g-b7c63939
act_prm_tau2_airline,s2,airline_s2_actions_only_lr3e_3_nb150_heldout,,0.003,110,2.502183,0.758642,0.758642,,,,airline_s2_actions_only_lr3e_3_nb150_heldout-act-prm-ia=0-rr=0-ec=act_prm_tau2_airline-gc=act_prm_actions_only-tc=sft-rbc=default-nb=150-nt=0-mc=hf_qwen3_4b_instruct-lc=r8_a16_linear-nie=1-g-b7c63939
act_prm_tau2_airline,s2,airline_s2_actions_only_lr3e_3_nb150_heldout,,0.003,110,2.502183,0.758642,0.758642,,,,airline_s2_actions_only_lr3e_3_nb150_heldout-act-prm-ia=0-rr=0-ec=act_prm_tau2_airline-gc=act_prm_actions_only-tc=sft-rbc=default-nb=150-nt=0-mc=hf_qwen3_4b_instruct-lc=r8_a16_linear-nie=1-g-b7c63939
act_prm_tau2_airline,s2,airline_s2_actions_only_lr3e_3_nb150_heldout,,0.003,120,2.482473,0.759581,0.759581,,,,airline_s2_actions_only_lr3e_3_nb150_heldout-act-prm-ia=0-rr=0-ec=act_prm_tau2_airline-gc=act_prm_actions_only-tc=sft-rbc=default-nb=150-nt=0-mc=hf_qwen3_4b_instruct-lc=r8_a16_linear-nie=1-g-b7c63939
act_prm_tau2_airline,s2,airline_s2_actions_only_lr3e_3_nb150_heldout,,0.003,120,2.482473,0.759581,0.759581,,,,airline_s2_actions_only_lr3e_3_nb150_heldout-act-prm-ia=0-rr=0-ec=act_prm_tau2_airline-gc=act_prm_actions_only-tc=sft-rbc=default-nb=150-nt=0-mc=hf_qwen3_4b_instruct-lc=r8_a16_linear-nie=1-g-b7c63939
act_prm_tau2_airline,s2,airline_s2_actions_only_lr3e_3_nb150_heldout,,0.003,130,2.470394,0.761614,0.761614,,,,airline_s2_actions_only_lr3e_3_nb150_heldout-act-prm-ia=0-rr=0-ec=act_prm_tau2_airline-gc=act_prm_actions_only-tc=sft-rbc=default-nb=150-nt=0-mc=hf_qwen3_4b_instruct-lc=r8_a16_linear-nie=1-g-b7c63939
act_prm_tau2_airline,s2,airline_s2_actions_only_lr3e_3_nb150_heldout,,0.003,130,2.470394,0.761614,0.761614,,,,airline_s2_actions_only_lr3e_3_nb150_heldout-act-prm-ia=0-rr=0-ec=act_prm_tau2_airline-gc=act_prm_actions_only-tc=sft-rbc=default-nb=150-nt=0-mc=hf_qwen3_4b_instruct-lc=r8_a16_linear-nie=1-g-b7c63939
act_prm_tau2_airline,s2,airline_s2_actions_only_lr3e_3_nb150_heldout,,0.003,140,2.458681,0.761771,0.761771,,,,airline_s2_actions_only_lr3e_3_nb150_heldout-act-prm-ia=0-rr=0-ec=act_prm_tau2_airline-gc=act_prm_actions_only-tc=sft-rbc=default-nb=150-nt=0-mc=hf_qwen3_4b_instruct-lc=r8_a16_linear-nie=1-g-b7c63939
act_prm_tau2_airline,s2,airline_s2_actions_only_lr3e_3_nb150_heldout,,0.003,140,2.458681,0.761771,0.761771,,,,airline_s2_actions_only_lr3e_3_nb150_heldout-act-prm-ia=0-rr=0-ec=act_prm_tau2_airline-gc=act_prm_actions_only-tc=sft-rbc=default-nb=150-nt=0-mc=hf_qwen3_4b_instruct-lc=r8_a16_linear-nie=1-g-b7c63939
act_prm_tau2_airline,s2,airline_s2_actions_only_lr3e_3_nb150_heldout,,0.003,149,2.450565,0.762866,0.762866,,,,airline_s2_actions_only_lr3e_3_nb150_heldout-act-prm-ia=0-rr=0-ec=act_prm_tau2_airline-gc=act_prm_actions_only-tc=sft-rbc=default-nb=150-nt=0-mc=hf_qwen3_4b_instruct-lc=r8_a16_linear-nie=1-g-b7c63939
act_prm_tau2_airline,s2,airline_s2_actions_only_lr3e_3_nb150_heldout,,0.003,149,2.450565,0.762866,0.762866,,,,airline_s2_actions_only_lr3e_3_nb150_heldout-act-prm-ia=0-rr=0-ec=act_prm_tau2_airline-gc=act_prm_actions_only-tc=sft-rbc=default-nb=150-nt=0-mc=hf_qwen3_4b_instruct-lc=r8_a16_linear-nie=1-g-b7c63939
act_prm_tau2_airline,s2,airline_s2_expert_thoughts_all_lr1e_3_nb200_flat32sgd_heldout,sgd,0.001,5,3.445818,0.761007,0.651693,5.675415,6393.0,11990.0,airline_s2_expert_thoughts_all_lr1e_3_nb200_flat32sgd_heldout-act-prm-ia=0-rr=0-ec=act_prm_tau2_airline-gc=act_prm_actions_only-tc=sft_flat-rbc=default-nb=200-nt=0-mc=hf_qwen3_4b_instruct-lc-8a3b68a9
act_prm_tau2_airline,s2,airline_s2_expert_thoughts_all_lr1e_3_nb200_flat32sgd_heldout,sgd,0.001,10,3.438153,0.761372,0.651004,5.669752,6393.0,11990.0,airline_s2_expert_thoughts_all_lr1e_3_nb200_flat32sgd_heldout-act-prm-ia=0-rr=0-ec=act_prm_tau2_airline-gc=act_prm_actions_only-tc=sft_flat-rbc=default-nb=200-nt=0-mc=hf_qwen3_4b_instruct-lc-8a3b68a9
act_prm_tau2_airline,s2,airline_s2_expert_thoughts_all_lr1e_3_nb200_flat32sgd_heldout,sgd,0.001,15,3.428086,0.762109,0.652152,5.644708,6393.0,11990.0,airline_s2_expert_thoughts_all_lr1e_3_nb200_flat32sgd_heldout-act-prm-ia=0-rr=0-ec=act_prm_tau2_airline-gc=act_prm_actions_only-tc=sft_flat-rbc=default-nb=200-nt=0-mc=hf_qwen3_4b_instruct-lc-8a3b68a9
act_prm_tau2_airline,s2,airline_s2_expert_thoughts_all_lr1e_3_nb200_flat32sgd_heldout,sgd,0.001,20,3.412667,0.762709,0.652323,5.61549,6393.0,11990.0,airline_s2_expert_thoughts_all_lr1e_3_nb200_flat32sgd_heldout-act-prm-ia=0-rr=0-ec=act_prm_tau2_airline-gc=act_prm_actions_only-tc=sft_flat-rbc=default-nb=200-nt=0-mc=hf_qwen3_4b_instruct-lc-8a3b68a9
act_prm_tau2_airline,s2,airline_s2_expert_thoughts_all_lr1e_3_nb200_flat32sgd_heldout,sgd,0.001,25,3.400352,0.763367,0.651839,5.586093,6393.0,11990.0,airline_s2_expert_thoughts_all_lr1e_3_nb200_flat32sgd_heldout-act-prm-ia=0-rr=0-ec=act_prm_tau2_airline-gc=act_prm_actions_only-tc=sft_flat-rbc=default-nb=200-nt=0-mc=hf_qwen3_4b_instruct-lc-8a3b68a9
act_prm_tau2_airline,s2,airline_s2_expert_thoughts_all_lr1e_3_nb200_flat32sgd_heldout,sgd,0.001,30,3.383156,0.76322,0.65255,5.550807,6393.0,11990.0,airline_s2_expert_thoughts_all_lr1e_3_nb200_flat32sgd_heldout-act-prm-ia=0-rr=0-ec=act_prm_tau2_airline-gc=act_prm_actions_only-tc=sft_flat-rbc=default-nb=200-nt=0-mc=hf_qwen3_4b_instruct-lc-8a3b68a9
act_prm_tau2_airline,s2,airline_s2_expert_thoughts_all_lr1e_3_nb200_flat32sgd_heldout,sgd,0.001,35,3.364905,0.761952,0.652628,5.51776,6393.0,11990.0,airline_s2_expert_thoughts_all_lr1e_3_nb200_flat32sgd_heldout-act-prm-ia=0-rr=0-ec=act_prm_tau2_airline-gc=act_prm_actions_only-tc=sft_flat-rbc=default-nb=200-nt=0-mc=hf_qwen3_4b_instruct-lc-8a3b68a9
act_prm_tau2_airline,s2,airline_s2_expert_thoughts_all_lr1e_3_nb200_flat32sgd_heldout,sgd,0.001,40,3.343188,0.763298,0.652422,5.475164,6393.0,11990.0,airline_s2_expert_thoughts_all_lr1e_3_nb200_flat32sgd_heldout-act-prm-ia=0-rr=0-ec=act_prm_tau2_airline-gc=act_prm_actions_only-tc=sft_flat-rbc=default-nb=200-nt=0-mc=hf_qwen3_4b_instruct-lc-8a3b68a9
act_prm_tau2_airline,s2,airline_s2_expert_thoughts_all_lr1e_3_nb200_flat32sgd_heldout,sgd,0.001,45,3.325902,0.763317,0.654184,5.444612,6393.0,11990.0,airline_s2_expert_thoughts_all_lr1e_3_nb200_flat32sgd_heldout-act-prm-ia=0-rr=0-ec=act_prm_tau2_airline-gc=act_prm_actions_only-tc=sft_flat-rbc=default-nb=200-nt=0-mc=hf_qwen3_4b_instruct-lc-8a3b68a9
act_prm_tau2_airline,s2,airline_s2_expert_thoughts_all_lr1e_3_nb200_flat32sgd_heldout,sgd,0.001,50,3.299874,0.763412,0.652613,5.386858,6393.0,11990.0,airline_s2_expert_thoughts_all_lr1e_3_nb200_flat32sgd_heldout-act-prm-ia=0-rr=0-ec=act_prm_tau2_airline-gc=act_prm_actions_only-tc=sft_flat-rbc=default-nb=200-nt=0-mc=hf_qwen3_4b_instruct-lc-8a3b68a9
act_prm_tau2_airline,s2,airline_s2_expert_thoughts_all_lr1e_3_nb200_flat32sgd_heldout,sgd,0.001,55,3.278869,0.764291,0.655368,5.335287,6393.0,11990.0,airline_s2_expert_thoughts_all_lr1e_3_nb200_flat32sgd_heldout-act-prm-ia=0-rr=0-ec=act_prm_tau2_airline-gc=act_prm_actions_only-tc=sft_flat-rbc=default-nb=200-nt=0-mc=hf_qwen3_4b_instruct-lc-8a3b68a9
act_prm_tau2_airline,s2,airline_s2_expert_thoughts_all_lr1e_3_nb200_flat32sgd_heldout,sgd,0.001,60,3.263509,0.764262,0.654736,5.293066,6393.0,11990.0,airline_s2_expert_thoughts_all_lr1e_3_nb200_flat32sgd_heldout-act-prm-ia=0-rr=0-ec=act_prm_tau2_airline-gc=act_prm_actions_only-tc=sft_flat-rbc=default-nb=200-nt=0-mc=hf_qwen3_4b_instruct-lc-8a3b68a9
act_prm_tau2_airline,s2,airline_s2_expert_thoughts_all_lr1e_3_nb200_flat32sgd_heldout,sgd,0.001,65,3.232734,0.763359,0.654814,5.241736,6393.0,11990.0,airline_s2_expert_thoughts_all_lr1e_3_nb200_flat32sgd_heldout-act-prm-ia=0-rr=0-ec=act_prm_tau2_airline-gc=act_prm_actions_only-tc=sft_flat-rbc=default-nb=200-nt=0-mc=hf_qwen3_4b_instruct-lc-8a3b68a9
act_prm_tau2_airline,s2,airline_s2_expert_thoughts_all_lr1e_3_nb200_flat32sgd_heldout,sgd,0.001,70,3.208113,0.765286,0.656955,5.203375,6393.0,11990.0,airline_s2_expert_thoughts_all_lr1e_3_nb200_flat32sgd_heldout-act-prm-ia=0-rr=0-ec=act_prm_tau2_airline-gc=act_prm_actions_only-tc=sft_flat-rbc=default-nb=200-nt=0-mc=hf_qwen3_4b_instruct-lc-8a3b68a9
act_prm_tau2_airline,s2,airline_s2_expert_thoughts_all_lr1e_3_nb200_flat32sgd_heldout,sgd,0.001,75,3.17547,0.764476,0.656331,5.131846,6393.0,11990.0,airline_s2_expert_thoughts_all_lr1e_3_nb200_flat32sgd_heldout-act-prm-ia=0-rr=0-ec=act_prm_tau2_airline-gc=act_prm_actions_only-tc=sft_flat-rbc=default-nb=200-nt=0-mc=hf_qwen3_4b_instruct-lc-8a3b68a9
act_prm_tau2_airline,s2,airline_s2_expert_thoughts_all_lr1e_3_nb200_flat32sgd_heldout,sgd,0.001,80,3.14906,0.764716,0.657083,5.08276,6393.0,11990.0,airline_s2_expert_thoughts_all_lr1e_3_nb200_flat32sgd_heldout-act-prm-ia=0-rr=0-ec=act_prm_tau2_airline-gc=act_prm_actions_only-tc=sft_flat-rbc=default-nb=200-nt=0-mc=hf_qwen3_4b_instruct-lc-8a3b68a9
act_prm_tau2_airline,s2,airline_s2_expert_thoughts_all_lr1e_3_nb200_flat32sgd_heldout,sgd,0.001,85,3.119522,0.765709,0.657307,5.031445,6393.0,11990.0,airline_s2_expert_thoughts_all_lr1e_3_nb200_flat32sgd_heldout-act-prm-ia=0-rr=0-ec=act_prm_tau2_airline-gc=act_prm_actions_only-tc=sft_flat-rbc=default-nb=200-nt=0-mc=hf_qwen3_4b_instruct-lc-8a3b68a9
act_prm_tau2_airline,s2,airline_s2_expert_thoughts_all_lr1e_3_nb200_flat32sgd_heldout,sgd,0.001,90,3.098725,0.765048,0.657836,4.978173,6393.0,11990.0,airline_s2_expert_thoughts_all_lr1e_3_nb200_flat32sgd_heldout-act-prm-ia=0-rr=0-ec=act_prm_tau2_airline-gc=act_prm_actions_only-tc=sft_flat-rbc=default-nb=200-nt=0-mc=hf_qwen3_4b_instruct-lc-8a3b68a9
act_prm_tau2_airline,s2,airline_s2_expert_thoughts_all_lr1e_3_nb200_flat32sgd_heldout,sgd,0.001,95,3.062136,0.766203,0.657452,4.921716,6393.0,11990.0,airline_s2_expert_thoughts_all_lr1e_3_nb200_flat32sgd_heldout-act-prm-ia=0-rr=0-ec=act_prm_tau2_airline-gc=act_prm_actions_only-tc=sft_flat-rbc=default-nb=200-nt=0-mc=hf_qwen3_4b_instruct-lc-8a3b68a9
act_prm_tau2_airline,s2,airline_s2_expert_thoughts_all_lr1e_3_nb200_flat32sgd_heldout,sgd,0.001,100,3.038308,0.764283,0.657807,4.870744,6393.0,11990.0,airline_s2_expert_thoughts_all_lr1e_3_nb200_flat32sgd_heldout-act-prm-ia=0-rr=0-ec=act_prm_tau2_airline-gc=act_prm_actions_only-tc=sft_flat-rbc=default-nb=200-nt=0-mc=hf_qwen3_4b_instruct-lc-8a3b68a9
act_prm_tau2_airline,s2,airline_s2_expert_thoughts_all_lr1e_3_nb200_flat32sgd_heldout,sgd,0.001,105,3.002534,0.76556,0.657623,4.805472,6393.0,11990.0,airline_s2_expert_thoughts_all_lr1e_3_nb200_flat32sgd_heldout-act-prm-ia=0-rr=0-ec=act_prm_tau2_airline-gc=act_prm_actions_only-tc=sft_flat-rbc=default-nb=200-nt=0-mc=hf_qwen3_4b_instruct-lc-8a3b68a9
act_prm_tau2_airline,s2,airline_s2_expert_thoughts_all_lr1e_3_nb200_flat32sgd_heldout,sgd,0.001,110,2.974533,0.76535,0.659057,4.75029,6393.0,11990.0,airline_s2_expert_thoughts_all_lr1e_3_nb200_flat32sgd_heldout-act-prm-ia=0-rr=0-ec=act_prm_tau2_airline-gc=act_prm_actions_only-tc=sft_flat-rbc=default-nb=200-nt=0-mc=hf_qwen3_4b_instruct-lc-8a3b68a9
act_prm_tau2_airline,s2,airline_s2_expert_thoughts_all_lr1e_3_nb200_flat32sgd_heldout,sgd,0.001,115,2.94919,0.765191,0.657496,4.694904,6393.0,11990.0,airline_s2_expert_thoughts_all_lr1e_3_nb200_flat32sgd_heldout-act-prm-ia=0-rr=0-ec=act_prm_tau2_airline-gc=act_prm_actions_only-tc=sft_flat-rbc=default-nb=200-nt=0-mc=hf_qwen3_4b_instruct-lc-8a3b68a9
act_prm_tau2_airline,s2,airline_s2_expert_thoughts_all_lr1e_3_nb200_flat32sgd_heldout,sgd,0.001,120,2.915544,0.764374,0.658733,4.639937,6393.0,11990.0,airline_s2_expert_thoughts_all_lr1e_3_nb200_flat32sgd_heldout-act-prm-ia=0-rr=0-ec=act_prm_tau2_airline-gc=act_prm_actions_only-tc=sft_flat-rbc=default-nb=200-nt=0-mc=hf_qwen3_4b_instruct-lc-8a3b68a9
act_prm_tau2_airline,s2,airline_s2_expert_thoughts_all_lr1e_3_nb200_flat32sgd_heldout,sgd,0.001,125,2.885714,0.766025,0.659572,4.58487,6393.0,11990.0,airline_s2_expert_thoughts_all_lr1e_3_nb200_flat32sgd_heldout-act-prm-ia=0-rr=0-ec=act_prm_tau2_airline-gc=act_prm_actions_only-tc=sft_flat-rbc=default-nb=200-nt=0-mc=hf_qwen3_4b_instruct-lc-8a3b68a9
act_prm_tau2_airline,s2,airline_s2_expert_thoughts_all_lr1e_3_nb200_flat32sgd_heldout,sgd,0.001,130,2.862979,0.766227,0.659579,4.545402,6393.0,11990.0,airline_s2_expert_thoughts_all_lr1e_3_nb200_flat32sgd_heldout-act-prm-ia=0-rr=0-ec=act_prm_tau2_airline-gc=act_prm_actions_only-tc=sft_flat-rbc=default-nb=200-nt=0-mc=hf_qwen3_4b_instruct-lc-8a3b68a9
act_prm_tau2_airline,s2,airline_s2_expert_thoughts_all_lr1e_3_nb200_flat32sgd_heldout,sgd,0.001,135,2.829883,0.76461,0.660507,4.474967,6393.0,11990.0,airline_s2_expert_thoughts_all_lr1e_3_nb200_flat32sgd_heldout-act-prm-ia=0-rr=0-ec=act_prm_tau2_airline-gc=act_prm_actions_only-tc=sft_flat-rbc=default-nb=200-nt=0-mc=hf_qwen3_4b_instruct-lc-8a3b68a9
act_prm_tau2_airline,s2,airline_s2_expert_thoughts_all_lr1e_3_nb200_flat32sgd_heldout,sgd,0.001,140,2.804094,0.765381,0.660265,4.426316,6393.0,11990.0,airline_s2_expert_thoughts_all_lr1e_3_nb200_flat32sgd_heldout-act-prm-ia=0-rr=0-ec=act_prm_tau2_airline-gc=act_prm_actions_only-tc=sft_flat-rbc=default-nb=200-nt=0-mc=hf_qwen3_4b_instruct-lc-8a3b68a9
act_prm_tau2_airline,s2,airline_s2_expert_thoughts_all_lr1e_3_nb200_flat32sgd_heldout,sgd,0.001,145,2.776888,0.765939,0.66096,4.378774,6393.0,11990.0,airline_s2_expert_thoughts_all_lr1e_3_nb200_flat32sgd_heldout-act-prm-ia=0-rr=0-ec=act_prm_tau2_airline-gc=act_prm_actions_only-tc=sft_flat-rbc=default-nb=200-nt=0-mc=hf_qwen3_4b_instruct-lc-8a3b68a9
act_prm_tau2_airline,s2,airline_s2_expert_thoughts_all_lr1e_3_nb200_flat32sgd_heldout,sgd,0.001,150,2.753736,0.766416,0.661837,4.338822,6393.0,11990.0,airline_s2_expert_thoughts_all_lr1e_3_nb200_flat32sgd_heldout-act-prm-ia=0-rr=0-ec=act_prm_tau2_airline-gc=act_prm_actions_only-tc=sft_flat-rbc=default-nb=200-nt=0-mc=hf_qwen3_4b_instruct-lc-8a3b68a9
act_prm_tau2_airline,s2,airline_s2_expert_thoughts_all_lr1e_3_nb200_flat32sgd_heldout,sgd,0.001,155,2.727036,0.768417,0.663425,4.290304,6393.0,11990.0,airline_s2_expert_thoughts_all_lr1e_3_nb200_flat32sgd_heldout-act-prm-ia=0-rr=0-ec=act_prm_tau2_airline-gc=act_prm_actions_only-tc=sft_flat-rbc=default-nb=200-nt=0-mc=hf_qwen3_4b_instruct-lc-8a3b68a9
act_prm_tau2_airline,s2,airline_s2_expert_thoughts_all_lr1e_3_nb200_flat32sgd_heldout,sgd,0.001,160,2.707456,0.76709,0.662418,4.261496,6393.0,11990.0,airline_s2_expert_thoughts_all_lr1e_3_nb200_flat32sgd_heldout-act-prm-ia=0-rr=0-ec=act_prm_tau2_airline-gc=act_prm_actions_only-tc=sft_flat-rbc=default-nb=200-nt=0-mc=hf_qwen3_4b_instruct-lc-8a3b68a9
act_prm_tau2_airline,s2,airline_s2_expert_thoughts_all_lr1e_3_nb200_flat32sgd_heldout,sgd,0.001,165,2.684571,0.766486,0.662601,4.22224,6393.0,11990.0,airline_s2_expert_thoughts_all_lr1e_3_nb200_flat32sgd_heldout-act-prm-ia=0-rr=0-ec=act_prm_tau2_airline-gc=act_prm_actions_only-tc=sft_flat-rbc=default-nb=200-nt=0-mc=hf_qwen3_4b_instruct-lc-8a3b68a9
act_prm_tau2_airline,s2,airline_s2_expert_thoughts_all_lr1e_3_nb200_flat32sgd_heldout,sgd,0.001,170,2.6648,0.766542,0.66295,4.171747,6393.0,11990.0,airline_s2_expert_thoughts_all_lr1e_3_nb200_flat32sgd_heldout-act-prm-ia=0-rr=0-ec=act_prm_tau2_airline-gc=act_prm_actions_only-tc=sft_flat-rbc=default-nb=200-nt=0-mc=hf_qwen3_4b_instruct-lc-8a3b68a9
act_prm_tau2_airline,s2,airline_s2_expert_thoughts_all_lr1e_3_nb200_flat32sgd_heldout,sgd,0.001,175,2.648934,0.765901,0.663015,4.138447,6393.0,11990.0,airline_s2_expert_thoughts_all_lr1e_3_nb200_flat32sgd_heldout-act-prm-ia=0-rr=0-ec=act_prm_tau2_airline-gc=act_prm_actions_only-tc=sft_flat-rbc=default-nb=200-nt=0-mc=hf_qwen3_4b_instruct-lc-8a3b68a9
act_prm_tau2_airline,s2,airline_s2_expert_thoughts_all_lr1e_3_nb200_flat32sgd_heldout,sgd,0.001,180,2.632742,0.766702,0.662801,4.107635,6393.0,11990.0,airline_s2_expert_thoughts_all_lr1e_3_nb200_flat32sgd_heldout-act-prm-ia=0-rr=0-ec=act_prm_tau2_airline-gc=act_prm_actions_only-tc=sft_flat-rbc=default-nb=200-nt=0-mc=hf_qwen3_4b_instruct-lc-8a3b68a9
act_prm_tau2_airline,s2,airline_s2_expert_thoughts_all_lr1e_3_nb200_flat32sgd_heldout,sgd,0.001,185,2.612835,0.767841,0.66324,4.077481,6393.0,11990.0,airline_s2_expert_thoughts_all_lr1e_3_nb200_flat32sgd_heldout-act-prm-ia=0-rr=0-ec=act_prm_tau2_airline-gc=act_prm_actions_only-tc=sft_flat-rbc=default-nb=200-nt=0-mc=hf_qwen3_4b_instruct-lc-8a3b68a9
act_prm_tau2_airline,s2,airline_s2_expert_thoughts_all_lr1e_3_nb200_flat32sgd_heldout,sgd,0.001,190,2.594746,0.767318,0.665129,4.051287,6393.0,11990.0,airline_s2_expert_thoughts_all_lr1e_3_nb200_flat32sgd_heldout-act-prm-ia=0-rr=0-ec=act_prm_tau2_airline-gc=act_prm_actions_only-tc=sft_flat-rbc=default-nb=200-nt=0-mc=hf_qwen3_4b_instruct-lc-8a3b68a9
act_prm_tau2_airline,s2,airline_s2_expert_thoughts_all_lr1e_3_nb200_flat32sgd_heldout,sgd,0.001,195,2.582491,0.768139,0.664699,4.021443,6393.0,11990.0,airline_s2_expert_thoughts_all_lr1e_3_nb200_flat32sgd_heldout-act-prm-ia=0-rr=0-ec=act_prm_tau2_airline-gc=act_prm_actions_only-tc=sft_flat-rbc=default-nb=200-nt=0-mc=hf_qwen3_4b_instruct-lc-8a3b68a9
act_prm_tau2_airline,s2,airline_s2_expert_thoughts_all_lr1e_3_nb200_flat32sgd_heldout,sgd,0.001,199,2.577245,0.769474,0.666402,4.0041,6393.0,11990.0,airline_s2_expert_thoughts_all_lr1e_3_nb200_flat32sgd_heldout-act-prm-ia=0-rr=0-ec=act_prm_tau2_airline-gc=act_prm_actions_only-tc=sft_flat-rbc=default-nb=200-nt=0-mc=hf_qwen3_4b_instruct-lc-8a3b68a9
act_prm_tau2_airline,s2,airline_s2_expert_thoughts_all_lr3e_3_nb150_heldout,,0.003,10,3.215626,0.746915,0.621917,,,,airline_s2_expert_thoughts_all_lr3e_3_nb150_heldout-act-prm-ia=0-rr=0-ec=act_prm_tau2_airline-gc=act_prm_actions_only-tc=sft-rbc=default-nb=150-nt=0-mc=hf_qwen3_4b_instruct-lc=r8_a16_linear--07d9094b
act_prm_tau2_airline,s2,airline_s2_expert_thoughts_all_lr3e_3_nb150_heldout,,0.003,10,3.215626,0.746915,0.621917,,,,airline_s2_expert_thoughts_all_lr3e_3_nb150_heldout-act-prm-ia=0-rr=0-ec=act_prm_tau2_airline-gc=act_prm_actions_only-tc=sft-rbc=default-nb=150-nt=0-mc=hf_qwen3_4b_instruct-lc=r8_a16_linear--07d9094b
act_prm_tau2_airline,s2,airline_s2_expert_thoughts_all_lr3e_3_nb150_heldout,,0.003,20,3.110362,0.747614,0.623433,,,,airline_s2_expert_thoughts_all_lr3e_3_nb150_heldout-act-prm-ia=0-rr=0-ec=act_prm_tau2_airline-gc=act_prm_actions_only-tc=sft-rbc=default-nb=150-nt=0-mc=hf_qwen3_4b_instruct-lc=r8_a16_linear--07d9094b
act_prm_tau2_airline,s2,airline_s2_expert_thoughts_all_lr3e_3_nb150_heldout,,0.003,20,3.110362,0.747614,0.623433,,,,airline_s2_expert_thoughts_all_lr3e_3_nb150_heldout-act-prm-ia=0-rr=0-ec=act_prm_tau2_airline-gc=act_prm_actions_only-tc=sft-rbc=default-nb=150-nt=0-mc=hf_qwen3_4b_instruct-lc=r8_a16_linear--07d9094b
act_prm_tau2_airline,s2,airline_s2_expert_thoughts_all_lr3e_3_nb150_heldout,,0.003,30,2.972286,0.748778,0.626769,,,,airline_s2_expert_thoughts_all_lr3e_3_nb150_heldout-act-prm-ia=0-rr=0-ec=act_prm_tau2_airline-gc=act_prm_actions_only-tc=sft-rbc=default-nb=150-nt=0-mc=hf_qwen3_4b_instruct-lc=r8_a16_linear--07d9094b
act_prm_tau2_airline,s2,airline_s2_expert_thoughts_all_lr3e_3_nb150_heldout,,0.003,30,2.972286,0.748778,0.626769,,,,airline_s2_expert_thoughts_all_lr3e_3_nb150_heldout-act-prm-ia=0-rr=0-ec=act_prm_tau2_airline-gc=act_prm_actions_only-tc=sft-rbc=default-nb=150-nt=0-mc=hf_qwen3_4b_instruct-lc=r8_a16_linear--07d9094b
act_prm_tau2_airline,s2,airline_s2_expert_thoughts_all_lr3e_3_nb150_heldout,,0.003,40,2.839847,0.749709,0.628083,,,,airline_s2_expert_thoughts_all_lr3e_3_nb150_heldout-act-prm-ia=0-rr=0-ec=act_prm_tau2_airline-gc=act_prm_actions_only-tc=sft-rbc=default-nb=150-nt=0-mc=hf_qwen3_4b_instruct-lc=r8_a16_linear--07d9094b
act_prm_tau2_airline,s2,airline_s2_expert_thoughts_all_lr3e_3_nb150_heldout,,0.003,40,2.839847,0.749709,0.628083,,,,airline_s2_expert_thoughts_all_lr3e_3_nb150_heldout-act-prm-ia=0-rr=0-ec=act_prm_tau2_airline-gc=act_prm_actions_only-tc=sft-rbc=default-nb=150-nt=0-mc=hf_qwen3_4b_instruct-lc=r8_a16_linear--07d9094b
act_prm_tau2_airline,s2,airline_s2_expert_thoughts_all_lr3e_3_nb150_heldout,,0.003,50,2.710827,0.75064,0.633138,,,,airline_s2_expert_thoughts_all_lr3e_3_nb150_heldout-act-prm-ia=0-rr=0-ec=act_prm_tau2_airline-gc=act_prm_actions_only-tc=sft-rbc=default-nb=150-nt=0-mc=hf_qwen3_4b_instruct-lc=r8_a16_linear--07d9094b
act_prm_tau2_airline,s2,airline_s2_expert_thoughts_all_lr3e_3_nb150_heldout,,0.003,50,2.710827,0.75064,0.633138,,,,airline_s2_expert_thoughts_all_lr3e_3_nb150_heldout-act-prm-ia=0-rr=0-ec=act_prm_tau2_airline-gc=act_prm_actions_only-tc=sft-rbc=default-nb=150-nt=0-mc=hf_qwen3_4b_instruct-lc=r8_a16_linear--07d9094b
act_prm_tau2_airline,s2,airline_s2_expert_thoughts_all_lr3e_3_nb150_heldout,,0.003,60,2.618103,0.750407,0.634048,,,,airline_s2_expert_thoughts_all_lr3e_3_nb150_heldout-act-prm-ia=0-rr=0-ec=act_prm_tau2_airline-gc=act_prm_actions_only-tc=sft-rbc=default-nb=150-nt=0-mc=hf_qwen3_4b_instruct-lc=r8_a16_linear--07d9094b
act_prm_tau2_airline,s2,airline_s2_expert_thoughts_all_lr3e_3_nb150_heldout,,0.003,60,2.618103,0.750407,0.634048,,,,airline_s2_expert_thoughts_all_lr3e_3_nb150_heldout-act-prm-ia=0-rr=0-ec=act_prm_tau2_airline-gc=act_prm_actions_only-tc=sft-rbc=default-nb=150-nt=0-mc=hf_qwen3_4b_instruct-lc=r8_a16_linear--07d9094b
act_prm_tau2_airline,s2,airline_s2_expert_thoughts_all_lr3e_3_nb150_heldout,,0.003,70,2.553444,0.750175,0.635867,,,,airline_s2_expert_thoughts_all_lr3e_3_nb150_heldout-act-prm-ia=0-rr=0-ec=act_prm_tau2_airline-gc=act_prm_actions_only-tc=sft-rbc=default-nb=150-nt=0-mc=hf_qwen3_4b_instruct-lc=r8_a16_linear--07d9094b
act_prm_tau2_airline,s2,airline_s2_expert_thoughts_all_lr3e_3_nb150_heldout,,0.003,70,2.553444,0.750175,0.635867,,,,airline_s2_expert_thoughts_all_lr3e_3_nb150_heldout-act-prm-ia=0-rr=0-ec=act_prm_tau2_airline-gc=act_prm_actions_only-tc=sft-rbc=default-nb=150-nt=0-mc=hf_qwen3_4b_instruct-lc=r8_a16_linear--07d9094b
act_prm_tau2_airline,s2,airline_s2_expert_thoughts_all_lr3e_3_nb150_heldout,,0.003,80,2.509705,0.750873,0.63708,,,,airline_s2_expert_thoughts_all_lr3e_3_nb150_heldout-act-prm-ia=0-rr=0-ec=act_prm_tau2_airline-gc=act_prm_actions_only-tc=sft-rbc=default-nb=150-nt=0-mc=hf_qwen3_4b_instruct-lc=r8_a16_linear--07d9094b
act_prm_tau2_airline,s2,airline_s2_expert_thoughts_all_lr3e_3_nb150_heldout,,0.003,80,2.509705,0.750873,0.63708,,,,airline_s2_expert_thoughts_all_lr3e_3_nb150_heldout-act-prm-ia=0-rr=0-ec=act_prm_tau2_airline-gc=act_prm_actions_only-tc=sft-rbc=default-nb=150-nt=0-mc=hf_qwen3_4b_instruct-lc=r8_a16_linear--07d9094b
act_prm_tau2_airline,s2,airline_s2_expert_thoughts_all_lr3e_3_nb150_heldout,,0.003,90,2.483771,0.753667,0.639406,,,,airline_s2_expert_thoughts_all_lr3e_3_nb150_heldout-act-prm-ia=0-rr=0-ec=act_prm_tau2_airline-gc=act_prm_actions_only-tc=sft-rbc=default-nb=150-nt=0-mc=hf_qwen3_4b_instruct-lc=r8_a16_linear--07d9094b
act_prm_tau2_airline,s2,airline_s2_expert_thoughts_all_lr3e_3_nb150_heldout,,0.003,90,2.483771,0.753667,0.639406,,,,airline_s2_expert_thoughts_all_lr3e_3_nb150_heldout-act-prm-ia=0-rr=0-ec=act_prm_tau2_airline-gc=act_prm_actions_only-tc=sft-rbc=default-nb=150-nt=0-mc=hf_qwen3_4b_instruct-lc=r8_a16_linear--07d9094b
act_prm_tau2_airline,s2,airline_s2_expert_thoughts_all_lr3e_3_nb150_heldout,,0.003,100,2.463968,0.753201,0.639406,,,,airline_s2_expert_thoughts_all_lr3e_3_nb150_heldout-act-prm-ia=0-rr=0-ec=act_prm_tau2_airline-gc=act_prm_actions_only-tc=sft-rbc=default-nb=150-nt=0-mc=hf_qwen3_4b_instruct-lc=r8_a16_linear--07d9094b
act_prm_tau2_airline,s2,airline_s2_expert_thoughts_all_lr3e_3_nb150_heldout,,0.003,100,2.463968,0.753201,0.639406,,,,airline_s2_expert_thoughts_all_lr3e_3_nb150_heldout-act-prm-ia=0-rr=0-ec=act_prm_tau2_airline-gc=act_prm_actions_only-tc=sft-rbc=default-nb=150-nt=0-mc=hf_qwen3_4b_instruct-lc=r8_a16_linear--07d9094b
act_prm_tau2_airline,s2,airline_s2_expert_thoughts_all_lr3e_3_nb150_heldout,,0.003,110,2.448346,0.7539,0.639507,,,,airline_s2_expert_thoughts_all_lr3e_3_nb150_heldout-act-prm-ia=0-rr=0-ec=act_prm_tau2_airline-gc=act_prm_actions_only-tc=sft-rbc=default-nb=150-nt=0-mc=hf_qwen3_4b_instruct-lc=r8_a16_linear--07d9094b
act_prm_tau2_airline,s2,airline_s2_expert_thoughts_all_lr3e_3_nb150_heldout,,0.003,110,2.448346,0.7539,0.639507,,,,airline_s2_expert_thoughts_all_lr3e_3_nb150_heldout-act-prm-ia=0-rr=0-ec=act_prm_tau2_airline-gc=act_prm_actions_only-tc=sft-rbc=default-nb=150-nt=0-mc=hf_qwen3_4b_instruct-lc=r8_a16_linear--07d9094b
act_prm_tau2_airline,s2,airline_s2_expert_thoughts_all_lr3e_3_nb150_heldout,,0.003,120,2.439289,0.753667,0.639911,,,,airline_s2_expert_thoughts_all_lr3e_3_nb150_heldout-act-prm-ia=0-rr=0-ec=act_prm_tau2_airline-gc=act_prm_actions_only-tc=sft-rbc=default-nb=150-nt=0-mc=hf_qwen3_4b_instruct-lc=r8_a16_linear--07d9094b
act_prm_tau2_airline,s2,airline_s2_expert_thoughts_all_lr3e_3_nb150_heldout,,0.003,120,2.439289,0.753667,0.639911,,,,airline_s2_expert_thoughts_all_lr3e_3_nb150_heldout-act-prm-ia=0-rr=0-ec=act_prm_tau2_airline-gc=act_prm_actions_only-tc=sft-rbc=default-nb=150-nt=0-mc=hf_qwen3_4b_instruct-lc=r8_a16_linear--07d9094b
act_prm_tau2_airline,s2,airline_s2_expert_thoughts_all_lr3e_3_nb150_heldout,,0.003,130,2.431087,0.752736,0.640518,,,,airline_s2_expert_thoughts_all_lr3e_3_nb150_heldout-act-prm-ia=0-rr=0-ec=act_prm_tau2_airline-gc=act_prm_actions_only-tc=sft-rbc=default-nb=150-nt=0-mc=hf_qwen3_4b_instruct-lc=r8_a16_linear--07d9094b
act_prm_tau2_airline,s2,airline_s2_expert_thoughts_all_lr3e_3_nb150_heldout,,0.003,130,2.431087,0.752736,0.640518,,,,airline_s2_expert_thoughts_all_lr3e_3_nb150_heldout-act-prm-ia=0-rr=0-ec=act_prm_tau2_airline-gc=act_prm_actions_only-tc=sft-rbc=default-nb=150-nt=0-mc=hf_qwen3_4b_instruct-lc=r8_a16_linear--07d9094b
act_prm_tau2_airline,s2,airline_s2_expert_thoughts_all_lr3e_3_nb150_heldout,,0.003,140,2.423348,0.753434,0.640922,,,,airline_s2_expert_thoughts_all_lr3e_3_nb150_heldout-act-prm-ia=0-rr=0-ec=act_prm_tau2_airline-gc=act_prm_actions_only-tc=sft-rbc=default-nb=150-nt=0-mc=hf_qwen3_4b_instruct-lc=r8_a16_linear--07d9094b
act_prm_tau2_airline,s2,airline_s2_expert_thoughts_all_lr3e_3_nb150_heldout,,0.003,140,2.423348,0.753434,0.640922,,,,airline_s2_expert_thoughts_all_lr3e_3_nb150_heldout-act-prm-ia=0-rr=0-ec=act_prm_tau2_airline-gc=act_prm_actions_only-tc=sft-rbc=default-nb=150-nt=0-mc=hf_qwen3_4b_instruct-lc=r8_a16_linear--07d9094b
act_prm_tau2_airline,s2,airline_s2_expert_thoughts_all_lr3e_3_nb150_heldout,,0.003,149,2.418502,0.752969,0.641427,,,,airline_s2_expert_thoughts_all_lr3e_3_nb150_heldout-act-prm-ia=0-rr=0-ec=act_prm_tau2_airline-gc=act_prm_actions_only-tc=sft-rbc=default-nb=150-nt=0-mc=hf_qwen3_4b_instruct-lc=r8_a16_linear--07d9094b
act_prm_tau2_airline,s2,airline_s2_expert_thoughts_all_lr3e_3_nb150_heldout,,0.003,149,2.418502,0.752969,0.641427,,,,airline_s2_expert_thoughts_all_lr3e_3_nb150_heldout-act-prm-ia=0-rr=0-ec=act_prm_tau2_airline-gc=act_prm_actions_only-tc=sft-rbc=default-nb=150-nt=0-mc=hf_qwen3_4b_instruct-lc=r8_a16_linear--07d9094b
act_prm_tau2_airline,s2,airline_s2_expert_thoughts_all_lr3e_3_nb150_heldout_fixeval,,0.003,10,3.38432,0.763335,0.652627,,,,airline_s2_expert_thoughts_all_lr3e_3_nb150_heldout_fixeval-act-prm-ia=0-rr=0-ec=act_prm_tau2_airline-gc=act_prm_actions_only-tc=sft-rbc=default-nb=150-nt=0-mc=hf_qwen3_4b_instruct-lc=r8_a16-372ce489
act_prm_tau2_airline,s2,airline_s2_expert_thoughts_all_lr3e_3_nb150_heldout_fixeval,,0.003,10,3.38432,0.763335,0.652627,,,,airline_s2_expert_thoughts_all_lr3e_3_nb150_heldout_fixeval-act-prm-ia=0-rr=0-ec=act_prm_tau2_airline-gc=act_prm_actions_only-tc=sft-rbc=default-nb=150-nt=0-mc=hf_qwen3_4b_instruct-lc=r8_a16-372ce489
act_prm_tau2_airline,s2,airline_s2_expert_thoughts_all_lr3e_3_nb150_heldout_fixeval,,0.003,20,3.263203,0.763648,0.654462,,,,airline_s2_expert_thoughts_all_lr3e_3_nb150_heldout_fixeval-act-prm-ia=0-rr=0-ec=act_prm_tau2_airline-gc=act_prm_actions_only-tc=sft-rbc=default-nb=150-nt=0-mc=hf_qwen3_4b_instruct-lc=r8_a16-372ce489
act_prm_tau2_airline,s2,airline_s2_expert_thoughts_all_lr3e_3_nb150_heldout_fixeval,,0.003,20,3.263203,0.763648,0.654462,,,,airline_s2_expert_thoughts_all_lr3e_3_nb150_heldout_fixeval-act-prm-ia=0-rr=0-ec=act_prm_tau2_airline-gc=act_prm_actions_only-tc=sft-rbc=default-nb=150-nt=0-mc=hf_qwen3_4b_instruct-lc=r8_a16-372ce489
act_prm_tau2_airline,s2,airline_s2_expert_thoughts_all_lr3e_3_nb150_heldout_fixeval,,0.003,30,3.097188,0.76615,0.657298,,,,airline_s2_expert_thoughts_all_lr3e_3_nb150_heldout_fixeval-act-prm-ia=0-rr=0-ec=act_prm_tau2_airline-gc=act_prm_actions_only-tc=sft-rbc=default-nb=150-nt=0-mc=hf_qwen3_4b_instruct-lc=r8_a16-372ce489
act_prm_tau2_airline,s2,airline_s2_expert_thoughts_all_lr3e_3_nb150_heldout_fixeval,,0.003,30,3.097188,0.76615,0.657298,,,,airline_s2_expert_thoughts_all_lr3e_3_nb150_heldout_fixeval-act-prm-ia=0-rr=0-ec=act_prm_tau2_airline-gc=act_prm_actions_only-tc=sft-rbc=default-nb=150-nt=0-mc=hf_qwen3_4b_instruct-lc=r8_a16-372ce489
act_prm_tau2_airline,s2,airline_s2_expert_thoughts_all_lr3e_3_nb150_heldout_fixeval,,0.003,40,2.919448,0.765525,0.658215,,,,airline_s2_expert_thoughts_all_lr3e_3_nb150_heldout_fixeval-act-prm-ia=0-rr=0-ec=act_prm_tau2_airline-gc=act_prm_actions_only-tc=sft-rbc=default-nb=150-nt=0-mc=hf_qwen3_4b_instruct-lc=r8_a16-372ce489
act_prm_tau2_airline,s2,airline_s2_expert_thoughts_all_lr3e_3_nb150_heldout_fixeval,,0.003,40,2.919448,0.765525,0.658215,,,,airline_s2_expert_thoughts_all_lr3e_3_nb150_heldout_fixeval-act-prm-ia=0-rr=0-ec=act_prm_tau2_airline-gc=act_prm_actions_only-tc=sft-rbc=default-nb=150-nt=0-mc=hf_qwen3_4b_instruct-lc=r8_a16-372ce489
act_prm_tau2_airline,s2,airline_s2_expert_thoughts_all_lr3e_3_nb150_heldout_fixeval,,0.003,50,2.758422,0.767089,0.661802,,,,airline_s2_expert_thoughts_all_lr3e_3_nb150_heldout_fixeval-act-prm-ia=0-rr=0-ec=act_prm_tau2_airline-gc=act_prm_actions_only-tc=sft-rbc=default-nb=150-nt=0-mc=hf_qwen3_4b_instruct-lc=r8_a16-372ce489
act_prm_tau2_airline,s2,airline_s2_expert_thoughts_all_lr3e_3_nb150_heldout_fixeval,,0.003,50,2.758422,0.767089,0.661802,,,,airline_s2_expert_thoughts_all_lr3e_3_nb150_heldout_fixeval-act-prm-ia=0-rr=0-ec=act_prm_tau2_airline-gc=act_prm_actions_only-tc=sft-rbc=default-nb=150-nt=0-mc=hf_qwen3_4b_instruct-lc=r8_a16-372ce489
act_prm_tau2_airline,s2,airline_s2_expert_thoughts_all_lr3e_3_nb150_heldout_fixeval,,0.003,60,2.633924,0.767402,0.663303,,,,airline_s2_expert_thoughts_all_lr3e_3_nb150_heldout_fixeval-act-prm-ia=0-rr=0-ec=act_prm_tau2_airline-gc=act_prm_actions_only-tc=sft-rbc=default-nb=150-nt=0-mc=hf_qwen3_4b_instruct-lc=r8_a16-372ce489
act_prm_tau2_airline,s2,airline_s2_expert_thoughts_all_lr3e_3_nb150_heldout_fixeval,,0.003,60,2.633924,0.767402,0.663303,,,,airline_s2_expert_thoughts_all_lr3e_3_nb150_heldout_fixeval-act-prm-ia=0-rr=0-ec=act_prm_tau2_airline-gc=act_prm_actions_only-tc=sft-rbc=default-nb=150-nt=0-mc=hf_qwen3_4b_instruct-lc=r8_a16-372ce489
act_prm_tau2_airline,s2,airline_s2_expert_thoughts_all_lr3e_3_nb150_heldout_fixeval,,0.003,70,2.549879,0.769279,0.666222,,,,airline_s2_expert_thoughts_all_lr3e_3_nb150_heldout_fixeval-act-prm-ia=0-rr=0-ec=act_prm_tau2_airline-gc=act_prm_actions_only-tc=sft-rbc=default-nb=150-nt=0-mc=hf_qwen3_4b_instruct-lc=r8_a16-372ce489
act_prm_tau2_airline,s2,airline_s2_expert_thoughts_all_lr3e_3_nb150_heldout_fixeval,,0.003,70,2.549879,0.769279,0.666222,,,,airline_s2_expert_thoughts_all_lr3e_3_nb150_heldout_fixeval-act-prm-ia=0-rr=0-ec=act_prm_tau2_airline-gc=act_prm_actions_only-tc=sft-rbc=default-nb=150-nt=0-mc=hf_qwen3_4b_instruct-lc=r8_a16-372ce489
act_prm_tau2_airline,s2,airline_s2_expert_thoughts_all_lr3e_3_nb150_heldout_fixeval,,0.003,80,2.493933,0.770061,0.667056,,,,airline_s2_expert_thoughts_all_lr3e_3_nb150_heldout_fixeval-act-prm-ia=0-rr=0-ec=act_prm_tau2_airline-gc=act_prm_actions_only-tc=sft-rbc=default-nb=150-nt=0-mc=hf_qwen3_4b_instruct-lc=r8_a16-372ce489
act_prm_tau2_airline,s2,airline_s2_expert_thoughts_all_lr3e_3_nb150_heldout_fixeval,,0.003,80,2.493933,0.770061,0.667056,,,,airline_s2_expert_thoughts_all_lr3e_3_nb150_heldout_fixeval-act-prm-ia=0-rr=0-ec=act_prm_tau2_airline-gc=act_prm_actions_only-tc=sft-rbc=default-nb=150-nt=0-mc=hf_qwen3_4b_instruct-lc=r8_a16-372ce489
act_prm_tau2_airline,s2,airline_s2_expert_thoughts_all_lr3e_3_nb150_heldout_fixeval,,0.003,90,2.456013,0.769435,0.667389,,,,airline_s2_expert_thoughts_all_lr3e_3_nb150_heldout_fixeval-act-prm-ia=0-rr=0-ec=act_prm_tau2_airline-gc=act_prm_actions_only-tc=sft-rbc=default-nb=150-nt=0-mc=hf_qwen3_4b_instruct-lc=r8_a16-372ce489
act_prm_tau2_airline,s2,airline_s2_expert_thoughts_all_lr3e_3_nb150_heldout_fixeval,,0.003,90,2.456013,0.769435,0.667389,,,,airline_s2_expert_thoughts_all_lr3e_3_nb150_heldout_fixeval-act-prm-ia=0-rr=0-ec=act_prm_tau2_airline-gc=act_prm_actions_only-tc=sft-rbc=default-nb=150-nt=0-mc=hf_qwen3_4b_instruct-lc=r8_a16-372ce489
act_prm_tau2_airline,s2,airline_s2_expert_thoughts_all_lr3e_3_nb150_heldout_fixeval,,0.003,100,2.430092,0.77053,0.668307,,,,airline_s2_expert_thoughts_all_lr3e_3_nb150_heldout_fixeval-act-prm-ia=0-rr=0-ec=act_prm_tau2_airline-gc=act_prm_actions_only-tc=sft-rbc=default-nb=150-nt=0-mc=hf_qwen3_4b_instruct-lc=r8_a16-372ce489
act_prm_tau2_airline,s2,airline_s2_expert_thoughts_all_lr3e_3_nb150_heldout_fixeval,,0.003,100,2.430092,0.77053,0.668307,,,,airline_s2_expert_thoughts_all_lr3e_3_nb150_heldout_fixeval-act-prm-ia=0-rr=0-ec=act_prm_tau2_airline-gc=act_prm_actions_only-tc=sft-rbc=default-nb=150-nt=0-mc=hf_qwen3_4b_instruct-lc=r8_a16-372ce489
act_prm_tau2_airline,s2,airline_s2_expert_thoughts_all_lr3e_3_nb150_heldout_fixeval,,0.003,110,2.410755,0.769435,0.668057,,,,airline_s2_expert_thoughts_all_lr3e_3_nb150_heldout_fixeval-act-prm-ia=0-rr=0-ec=act_prm_tau2_airline-gc=act_prm_actions_only-tc=sft-rbc=default-nb=150-nt=0-mc=hf_qwen3_4b_instruct-lc=r8_a16-372ce489
act_prm_tau2_airline,s2,airline_s2_expert_thoughts_all_lr3e_3_nb150_heldout_fixeval,,0.003,110,2.410755,0.769435,0.668057,,,,airline_s2_expert_thoughts_all_lr3e_3_nb150_heldout_fixeval-act-prm-ia=0-rr=0-ec=act_prm_tau2_airline-gc=act_prm_actions_only-tc=sft-rbc=default-nb=150-nt=0-mc=hf_qwen3_4b_instruct-lc=r8_a16-372ce489
act_prm_tau2_airline,s2,airline_s2_expert_thoughts_all_lr3e_3_nb150_heldout_fixeval,,0.003,120,2.396692,0.769748,0.668724,,,,airline_s2_expert_thoughts_all_lr3e_3_nb150_heldout_fixeval-act-prm-ia=0-rr=0-ec=act_prm_tau2_airline-gc=act_prm_actions_only-tc=sft-rbc=default-nb=150-nt=0-mc=hf_qwen3_4b_instruct-lc=r8_a16-372ce489
act_prm_tau2_airline,s2,airline_s2_expert_thoughts_all_lr3e_3_nb150_heldout_fixeval,,0.003,120,2.396692,0.769748,0.668724,,,,airline_s2_expert_thoughts_all_lr3e_3_nb150_heldout_fixeval-act-prm-ia=0-rr=0-ec=act_prm_tau2_airline-gc=act_prm_actions_only-tc=sft-rbc=default-nb=150-nt=0-mc=hf_qwen3_4b_instruct-lc=r8_a16-372ce489
act_prm_tau2_airline,s2,airline_s2_expert_thoughts_all_lr3e_3_nb150_heldout_fixeval,,0.003,130,2.386001,0.77053,0.669475,,,,airline_s2_expert_thoughts_all_lr3e_3_nb150_heldout_fixeval-act-prm-ia=0-rr=0-ec=act_prm_tau2_airline-gc=act_prm_actions_only-tc=sft-rbc=default-nb=150-nt=0-mc=hf_qwen3_4b_instruct-lc=r8_a16-372ce489
act_prm_tau2_airline,s2,airline_s2_expert_thoughts_all_lr3e_3_nb150_heldout_fixeval,,0.003,130,2.386001,0.77053,0.669475,,,,airline_s2_expert_thoughts_all_lr3e_3_nb150_heldout_fixeval-act-prm-ia=0-rr=0-ec=act_prm_tau2_airline-gc=act_prm_actions_only-tc=sft-rbc=default-nb=150-nt=0-mc=hf_qwen3_4b_instruct-lc=r8_a16-372ce489
act_prm_tau2_airline,s2,airline_s2_expert_thoughts_all_lr3e_3_nb150_heldout_fixeval,,0.003,140,2.376603,0.771312,0.669641,,,,airline_s2_expert_thoughts_all_lr3e_3_nb150_heldout_fixeval-act-prm-ia=0-rr=0-ec=act_prm_tau2_airline-gc=act_prm_actions_only-tc=sft-rbc=default-nb=150-nt=0-mc=hf_qwen3_4b_instruct-lc=r8_a16-372ce489
act_prm_tau2_airline,s2,airline_s2_expert_thoughts_all_lr3e_3_nb150_heldout_fixeval,,0.003,140,2.376603,0.771312,0.669641,,,,airline_s2_expert_thoughts_all_lr3e_3_nb150_heldout_fixeval-act-prm-ia=0-rr=0-ec=act_prm_tau2_airline-gc=act_prm_actions_only-tc=sft-rbc=default-nb=150-nt=0-mc=hf_qwen3_4b_instruct-lc=r8_a16-372ce489
act_prm_tau2_airline,s2,airline_s2_expert_thoughts_all_lr3e_3_nb150_heldout_fixeval,,0.003,149,2.367329,0.771469,0.670225,,,,airline_s2_expert_thoughts_all_lr3e_3_nb150_heldout_fixeval-act-prm-ia=0-rr=0-ec=act_prm_tau2_airline-gc=act_prm_actions_only-tc=sft-rbc=default-nb=150-nt=0-mc=hf_qwen3_4b_instruct-lc=r8_a16-372ce489
act_prm_tau2_airline,s2,airline_s2_expert_thoughts_all_lr3e_3_nb150_heldout_fixeval,,0.003,149,2.367329,0.771469,0.670225,,,,airline_s2_expert_thoughts_all_lr3e_3_nb150_heldout_fixeval-act-prm-ia=0-rr=0-ec=act_prm_tau2_airline-gc=act_prm_actions_only-tc=sft-rbc=default-nb=150-nt=0-mc=hf_qwen3_4b_instruct-lc=r8_a16-372ce489
act_prm_tau2_airline,s2,airline_s2_expert_thoughts_lr1e_3_adamw_nb100_heldout,adamw,0.001,10,2.073705,0.793524,0.691493,,,,airline_s2_expert_thoughts_lr1e_3_adamw_nb100_heldout-act-prm-ia=0-rr=0-ec=act_prm_tau2_airline-gc=act_prm_actions_only-tc=sft-rbc=default-nb=100-nt=0-mc=hf_qwen3_4b_instruct-lc=r8_a16_linea-4d4e8b09
act_prm_tau2_airline,s2,airline_s2_expert_thoughts_lr1e_3_adamw_nb100_heldout,adamw,0.001,10,2.073705,0.793524,0.691493,,,,airline_s2_expert_thoughts_lr1e_3_adamw_nb100_heldout-act-prm-ia=0-rr=0-ec=act_prm_tau2_airline-gc=act_prm_actions_only-tc=sft-rbc=default-nb=100-nt=0-mc=hf_qwen3_4b_instruct-lc=r8_a16_linea-4d4e8b09
act_prm_tau2_airline,s2,airline_s2_expert_thoughts_lr1e_3_adamw_nb100_heldout,adamw,0.001,20,1.986281,0.808228,0.703003,,,,airline_s2_expert_thoughts_lr1e_3_adamw_nb100_heldout-act-prm-ia=0-rr=0-ec=act_prm_tau2_airline-gc=act_prm_actions_only-tc=sft-rbc=default-nb=100-nt=0-mc=hf_qwen3_4b_instruct-lc=r8_a16_linea-4d4e8b09
act_prm_tau2_airline,s2,airline_s2_expert_thoughts_lr1e_3_adamw_nb100_heldout,adamw,0.001,20,1.986281,0.808228,0.703003,,,,airline_s2_expert_thoughts_lr1e_3_adamw_nb100_heldout-act-prm-ia=0-rr=0-ec=act_prm_tau2_airline-gc=act_prm_actions_only-tc=sft-rbc=default-nb=100-nt=0-mc=hf_qwen3_4b_instruct-lc=r8_a16_linea-4d4e8b09
act_prm_tau2_airline,s2,airline_s2_expert_thoughts_lr1e_3_adamw_nb100_heldout,adamw,0.001,30,2.133322,0.806976,0.699333,,,,airline_s2_expert_thoughts_lr1e_3_adamw_nb100_heldout-act-prm-ia=0-rr=0-ec=act_prm_tau2_airline-gc=act_prm_actions_only-tc=sft-rbc=default-nb=100-nt=0-mc=hf_qwen3_4b_instruct-lc=r8_a16_linea-4d4e8b09
act_prm_tau2_airline,s2,airline_s2_expert_thoughts_lr1e_3_adamw_nb100_heldout,adamw,0.001,30,2.133322,0.806976,0.699333,,,,airline_s2_expert_thoughts_lr1e_3_adamw_nb100_heldout-act-prm-ia=0-rr=0-ec=act_prm_tau2_airline-gc=act_prm_actions_only-tc=sft-rbc=default-nb=100-nt=0-mc=hf_qwen3_4b_instruct-lc=r8_a16_linea-4d4e8b09
act_prm_tau2_airline,s2,airline_s2_expert_thoughts_lr1e_3_adamw_nb100_heldout,adamw,0.001,40,2.389111,0.801189,0.690409,,,,airline_s2_expert_thoughts_lr1e_3_adamw_nb100_heldout-act-prm-ia=0-rr=0-ec=act_prm_tau2_airline-gc=act_prm_actions_only-tc=sft-rbc=default-nb=100-nt=0-mc=hf_qwen3_4b_instruct-lc=r8_a16_linea-4d4e8b09
act_prm_tau2_airline,s2,airline_s2_expert_thoughts_lr1e_3_adamw_nb100_heldout,adamw,0.001,40,2.389111,0.801189,0.690409,,,,airline_s2_expert_thoughts_lr1e_3_adamw_nb100_heldout-act-prm-ia=0-rr=0-ec=act_prm_tau2_airline-gc=act_prm_actions_only-tc=sft-rbc=default-nb=100-nt=0-mc=hf_qwen3_4b_instruct-lc=r8_a16_linea-4d4e8b09
act_prm_tau2_airline,s2,airline_s2_expert_thoughts_lr1e_3_adamw_nb100_heldout,adamw,0.001,50,3.193569,0.791334,0.677314,,,,airline_s2_expert_thoughts_lr1e_3_adamw_nb100_heldout-act-prm-ia=0-rr=0-ec=act_prm_tau2_airline-gc=act_prm_actions_only-tc=sft-rbc=default-nb=100-nt=0-mc=hf_qwen3_4b_instruct-lc=r8_a16_linea-4d4e8b09
act_prm_tau2_airline,s2,airline_s2_expert_thoughts_lr1e_3_adamw_nb200_flat32_heldout,adamw,0.001,5,2.205179,0.783299,0.679554,3.420516,6393.0,11990.0,airline_s2_expert_thoughts_lr1e_3_adamw_nb200_flat32_heldout-act-prm-ia=0-rr=0-ec=act_prm_tau2_airline-gc=act_prm_actions_only-tc=sft_flat-rbc=default-nb=200-nt=0-mc=hf_qwen3_4b_instruct-lc=-b3911037
act_prm_tau2_airline,s2,airline_s2_expert_thoughts_lr1e_3_adamw_nb200_flat32_heldout,adamw,0.001,10,2.044498,0.792852,0.692763,3.136782,6393.0,11990.0,airline_s2_expert_thoughts_lr1e_3_adamw_nb200_flat32_heldout-act-prm-ia=0-rr=0-ec=act_prm_tau2_airline-gc=act_prm_actions_only-tc=sft_flat-rbc=default-nb=200-nt=0-mc=hf_qwen3_4b_instruct-lc=-b3911037
act_prm_tau2_airline,s2,airline_s2_expert_thoughts_lr1e_3_adamw_nb200_flat32_heldout,adamw,0.001,15,2.029567,0.8061,0.705235,3.119643,6393.0,11990.0,airline_s2_expert_thoughts_lr1e_3_adamw_nb200_flat32_heldout-act-prm-ia=0-rr=0-ec=act_prm_tau2_airline-gc=act_prm_actions_only-tc=sft_flat-rbc=default-nb=200-nt=0-mc=hf_qwen3_4b_instruct-lc=-b3911037
act_prm_tau2_airline,s2,airline_s2_expert_thoughts_lr1e_3_adamw_nb200_flat32_heldout,adamw,0.001,20,1.960396,0.805942,0.700829,3.052088,6393.0,11990.0,airline_s2_expert_thoughts_lr1e_3_adamw_nb200_flat32_heldout-act-prm-ia=0-rr=0-ec=act_prm_tau2_airline-gc=act_prm_actions_only-tc=sft_flat-rbc=default-nb=200-nt=0-mc=hf_qwen3_4b_instruct-lc=-b3911037
act_prm_tau2_airline,s2,airline_s2_expert_thoughts_lr1e_3_adamw_nb200_flat32_heldout,adamw,0.001,25,1.999569,0.805781,0.698489,3.142315,6393.0,11990.0,airline_s2_expert_thoughts_lr1e_3_adamw_nb200_flat32_heldout-act-prm-ia=0-rr=0-ec=act_prm_tau2_airline-gc=act_prm_actions_only-tc=sft_flat-rbc=default-nb=200-nt=0-mc=hf_qwen3_4b_instruct-lc=-b3911037
act_prm_tau2_airline,s2,airline_s2_expert_thoughts_lr1e_3_adamw_nb200_flat32_heldout,adamw,0.001,30,1.989772,0.8097,0.699438,3.12093,6393.0,11990.0,airline_s2_expert_thoughts_lr1e_3_adamw_nb200_flat32_heldout-act-prm-ia=0-rr=0-ec=act_prm_tau2_airline-gc=act_prm_actions_only-tc=sft_flat-rbc=default-nb=200-nt=0-mc=hf_qwen3_4b_instruct-lc=-b3911037
act_prm_tau2_airline,s2,airline_s2_expert_thoughts_lr1e_3_adamw_nb200_flat32_heldout,adamw,0.001,35,2.114542,0.804996,0.693509,3.387777,6393.0,11990.0,airline_s2_expert_thoughts_lr1e_3_adamw_nb200_flat32_heldout-act-prm-ia=0-rr=0-ec=act_prm_tau2_airline-gc=act_prm_actions_only-tc=sft_flat-rbc=default-nb=200-nt=0-mc=hf_qwen3_4b_instruct-lc=-b3911037
act_prm_tau2_airline,s2,airline_s2_expert_thoughts_lr1e_3_adamw_nb200_flat32_heldout,adamw,0.001,40,2.296767,0.79856,0.694607,3.741295,6393.0,11990.0,airline_s2_expert_thoughts_lr1e_3_adamw_nb200_flat32_heldout-act-prm-ia=0-rr=0-ec=act_prm_tau2_airline-gc=act_prm_actions_only-tc=sft_flat-rbc=default-nb=200-nt=0-mc=hf_qwen3_4b_instruct-lc=-b3911037
act_prm_tau2_airline,s2,airline_s2_expert_thoughts_lr1e_3_adamw_nb200_flat32_heldout,adamw,0.001,45,2.351225,0.797256,0.687626,3.970806,6393.0,11990.0,airline_s2_expert_thoughts_lr1e_3_adamw_nb200_flat32_heldout-act-prm-ia=0-rr=0-ec=act_prm_tau2_airline-gc=act_prm_actions_only-tc=sft_flat-rbc=default-nb=200-nt=0-mc=hf_qwen3_4b_instruct-lc=-b3911037
act_prm_tau2_airline,s2,airline_s2_expert_thoughts_lr1e_3_adamw_nb200_flat32_heldout,adamw,0.001,50,2.270739,0.79888,0.685501,3.874021,6393.0,11990.0,airline_s2_expert_thoughts_lr1e_3_adamw_nb200_flat32_heldout-act-prm-ia=0-rr=0-ec=act_prm_tau2_airline-gc=act_prm_actions_only-tc=sft_flat-rbc=default-nb=200-nt=0-mc=hf_qwen3_4b_instruct-lc=-b3911037
act_prm_tau2_airline,s2,airline_s2_expert_thoughts_lr3e_3_nb150_heldout,,0.003,10,3.402848,0.763022,0.65246,,,,airline_s2_expert_thoughts_lr3e_3_nb150_heldout-act-prm-ia=0-rr=0-ec=act_prm_tau2_airline-gc=act_prm_actions_only-tc=sft-rbc=default-nb=150-nt=0-mc=hf_qwen3_4b_instruct-lc=r8_a16_linear-nie=-bc97f306
act_prm_tau2_airline,s2,airline_s2_expert_thoughts_lr3e_3_nb150_heldout,,0.003,10,3.402848,0.763022,0.65246,,,,airline_s2_expert_thoughts_lr3e_3_nb150_heldout-act-prm-ia=0-rr=0-ec=act_prm_tau2_airline-gc=act_prm_actions_only-tc=sft-rbc=default-nb=150-nt=0-mc=hf_qwen3_4b_instruct-lc=r8_a16_linear-nie=-bc97f306
act_prm_tau2_airline,s2,airline_s2_expert_thoughts_lr3e_3_nb150_heldout,,0.003,20,3.301342,0.764586,0.654712,,,,airline_s2_expert_thoughts_lr3e_3_nb150_heldout-act-prm-ia=0-rr=0-ec=act_prm_tau2_airline-gc=act_prm_actions_only-tc=sft-rbc=default-nb=150-nt=0-mc=hf_qwen3_4b_instruct-lc=r8_a16_linear-nie=-bc97f306
act_prm_tau2_airline,s2,airline_s2_expert_thoughts_lr3e_3_nb150_heldout,,0.003,20,3.301342,0.764586,0.654712,,,,airline_s2_expert_thoughts_lr3e_3_nb150_heldout-act-prm-ia=0-rr=0-ec=act_prm_tau2_airline-gc=act_prm_actions_only-tc=sft-rbc=default-nb=150-nt=0-mc=hf_qwen3_4b_instruct-lc=r8_a16_linear-nie=-bc97f306
act_prm_tau2_airline,s2,airline_s2_expert_thoughts_lr3e_3_nb150_heldout,,0.003,30,3.167237,0.764586,0.655463,,,,airline_s2_expert_thoughts_lr3e_3_nb150_heldout-act-prm-ia=0-rr=0-ec=act_prm_tau2_airline-gc=act_prm_actions_only-tc=sft-rbc=default-nb=150-nt=0-mc=hf_qwen3_4b_instruct-lc=r8_a16_linear-nie=-bc97f306
act_prm_tau2_airline,s2,airline_s2_expert_thoughts_lr3e_3_nb150_heldout,,0.003,30,3.167237,0.764586,0.655463,,,,airline_s2_expert_thoughts_lr3e_3_nb150_heldout-act-prm-ia=0-rr=0-ec=act_prm_tau2_airline-gc=act_prm_actions_only-tc=sft-rbc=default-nb=150-nt=0-mc=hf_qwen3_4b_instruct-lc=r8_a16_linear-nie=-bc97f306
act_prm_tau2_airline,s2,airline_s2_expert_thoughts_lr3e_3_nb150_heldout,,0.003,40,3.008768,0.76615,0.657214,,,,airline_s2_expert_thoughts_lr3e_3_nb150_heldout-act-prm-ia=0-rr=0-ec=act_prm_tau2_airline-gc=act_prm_actions_only-tc=sft-rbc=default-nb=150-nt=0-mc=hf_qwen3_4b_instruct-lc=r8_a16_linear-nie=-bc97f306
act_prm_tau2_airline,s2,airline_s2_expert_thoughts_lr3e_3_nb150_heldout,,0.003,40,3.008768,0.76615,0.657214,,,,airline_s2_expert_thoughts_lr3e_3_nb150_heldout-act-prm-ia=0-rr=0-ec=act_prm_tau2_airline-gc=act_prm_actions_only-tc=sft-rbc=default-nb=150-nt=0-mc=hf_qwen3_4b_instruct-lc=r8_a16_linear-nie=-bc97f306
act_prm_tau2_airline,s2,airline_s2_expert_thoughts_lr3e_3_nb150_heldout,,0.003,50,2.84362,0.767245,0.660217,,,,airline_s2_expert_thoughts_lr3e_3_nb150_heldout-act-prm-ia=0-rr=0-ec=act_prm_tau2_airline-gc=act_prm_actions_only-tc=sft-rbc=default-nb=150-nt=0-mc=hf_qwen3_4b_instruct-lc=r8_a16_linear-nie=-bc97f306
act_prm_tau2_airline,s2,airline_s2_expert_thoughts_lr3e_3_nb150_heldout,,0.003,50,2.84362,0.767245,0.660217,,,,airline_s2_expert_thoughts_lr3e_3_nb150_heldout-act-prm-ia=0-rr=0-ec=act_prm_tau2_airline-gc=act_prm_actions_only-tc=sft-rbc=default-nb=150-nt=0-mc=hf_qwen3_4b_instruct-lc=r8_a16_linear-nie=-bc97f306
act_prm_tau2_airline,s2,airline_s2_expert_thoughts_lr3e_3_nb150_heldout,,0.003,60,2.702341,0.76834,0.662219,,,,airline_s2_expert_thoughts_lr3e_3_nb150_heldout-act-prm-ia=0-rr=0-ec=act_prm_tau2_airline-gc=act_prm_actions_only-tc=sft-rbc=default-nb=150-nt=0-mc=hf_qwen3_4b_instruct-lc=r8_a16_linear-nie=-bc97f306
act_prm_tau2_airline,s2,airline_s2_expert_thoughts_lr3e_3_nb150_heldout,,0.003,60,2.702341,0.76834,0.662219,,,,airline_s2_expert_thoughts_lr3e_3_nb150_heldout-act-prm-ia=0-rr=0-ec=act_prm_tau2_airline-gc=act_prm_actions_only-tc=sft-rbc=default-nb=150-nt=0-mc=hf_qwen3_4b_instruct-lc=r8_a16_linear-nie=-bc97f306
act_prm_tau2_airline,s2,airline_s2_expert_thoughts_lr3e_3_nb150_heldout,,0.003,70,2.591464,0.767871,0.663803,,,,airline_s2_expert_thoughts_lr3e_3_nb150_heldout-act-prm-ia=0-rr=0-ec=act_prm_tau2_airline-gc=act_prm_actions_only-tc=sft-rbc=default-nb=150-nt=0-mc=hf_qwen3_4b_instruct-lc=r8_a16_linear-nie=-bc97f306
act_prm_tau2_airline,s2,airline_s2_expert_thoughts_lr3e_3_nb150_heldout,,0.003,70,2.591464,0.767871,0.663803,,,,airline_s2_expert_thoughts_lr3e_3_nb150_heldout-act-prm-ia=0-rr=0-ec=act_prm_tau2_airline-gc=act_prm_actions_only-tc=sft-rbc=default-nb=150-nt=0-mc=hf_qwen3_4b_instruct-lc=r8_a16_linear-nie=-bc97f306
act_prm_tau2_airline,s2,airline_s2_expert_thoughts_lr3e_3_nb150_heldout,,0.003,80,2.514,0.769435,0.665972,,,,airline_s2_expert_thoughts_lr3e_3_nb150_heldout-act-prm-ia=0-rr=0-ec=act_prm_tau2_airline-gc=act_prm_actions_only-tc=sft-rbc=default-nb=150-nt=0-mc=hf_qwen3_4b_instruct-lc=r8_a16_linear-nie=-bc97f306
act_prm_tau2_airline,s2,airline_s2_expert_thoughts_lr3e_3_nb150_heldout,,0.003,80,2.514,0.769435,0.665972,,,,airline_s2_expert_thoughts_lr3e_3_nb150_heldout-act-prm-ia=0-rr=0-ec=act_prm_tau2_airline-gc=act_prm_actions_only-tc=sft-rbc=default-nb=150-nt=0-mc=hf_qwen3_4b_instruct-lc=r8_a16_linear-nie=-bc97f306
act_prm_tau2_airline,s2,airline_s2_expert_thoughts_lr3e_3_nb150_heldout,,0.003,90,2.458414,0.771,0.66764,,,,airline_s2_expert_thoughts_lr3e_3_nb150_heldout-act-prm-ia=0-rr=0-ec=act_prm_tau2_airline-gc=act_prm_actions_only-tc=sft-rbc=default-nb=150-nt=0-mc=hf_qwen3_4b_instruct-lc=r8_a16_linear-nie=-bc97f306
act_prm_tau2_airline,s2,airline_s2_expert_thoughts_lr3e_3_nb150_heldout,,0.003,90,2.458414,0.771,0.66764,,,,airline_s2_expert_thoughts_lr3e_3_nb150_heldout-act-prm-ia=0-rr=0-ec=act_prm_tau2_airline-gc=act_prm_actions_only-tc=sft-rbc=default-nb=150-nt=0-mc=hf_qwen3_4b_instruct-lc=r8_a16_linear-nie=-bc97f306
act_prm_tau2_airline,s2,airline_s2_expert_thoughts_lr3e_3_nb150_heldout,,0.003,100,2.42352,0.77053,0.667056,,,,airline_s2_expert_thoughts_lr3e_3_nb150_heldout-act-prm-ia=0-rr=0-ec=act_prm_tau2_airline-gc=act_prm_actions_only-tc=sft-rbc=default-nb=150-nt=0-mc=hf_qwen3_4b_instruct-lc=r8_a16_linear-nie=-bc97f306
act_prm_tau2_airline,s2,airline_s2_expert_thoughts_lr3e_3_nb150_heldout,,0.003,100,2.42352,0.77053,0.667056,,,,airline_s2_expert_thoughts_lr3e_3_nb150_heldout-act-prm-ia=0-rr=0-ec=act_prm_tau2_airline-gc=act_prm_actions_only-tc=sft-rbc=default-nb=150-nt=0-mc=hf_qwen3_4b_instruct-lc=r8_a16_linear-nie=-bc97f306
act_prm_tau2_airline,s2,airline_s2_expert_thoughts_lr3e_3_nb150_heldout,,0.003,110,2.39625,0.771312,0.668224,,,,airline_s2_expert_thoughts_lr3e_3_nb150_heldout-act-prm-ia=0-rr=0-ec=act_prm_tau2_airline-gc=act_prm_actions_only-tc=sft-rbc=default-nb=150-nt=0-mc=hf_qwen3_4b_instruct-lc=r8_a16_linear-nie=-bc97f306
act_prm_tau2_airline,s2,airline_s2_expert_thoughts_lr3e_3_nb150_heldout,,0.003,110,2.39625,0.771312,0.668224,,,,airline_s2_expert_thoughts_lr3e_3_nb150_heldout-act-prm-ia=0-rr=0-ec=act_prm_tau2_airline-gc=act_prm_actions_only-tc=sft-rbc=default-nb=150-nt=0-mc=hf_qwen3_4b_instruct-lc=r8_a16_linear-nie=-bc97f306
act_prm_tau2_airline,s2,airline_s2_expert_thoughts_lr3e_3_nb150_heldout,,0.003,120,2.375069,0.771782,0.668641,,,,airline_s2_expert_thoughts_lr3e_3_nb150_heldout-act-prm-ia=0-rr=0-ec=act_prm_tau2_airline-gc=act_prm_actions_only-tc=sft-rbc=default-nb=150-nt=0-mc=hf_qwen3_4b_instruct-lc=r8_a16_linear-nie=-bc97f306
act_prm_tau2_airline,s2,airline_s2_expert_thoughts_lr3e_3_nb150_heldout,,0.003,120,2.375069,0.771782,0.668641,,,,airline_s2_expert_thoughts_lr3e_3_nb150_heldout-act-prm-ia=0-rr=0-ec=act_prm_tau2_airline-gc=act_prm_actions_only-tc=sft-rbc=default-nb=150-nt=0-mc=hf_qwen3_4b_instruct-lc=r8_a16_linear-nie=-bc97f306
act_prm_tau2_airline,s2,airline_s2_expert_thoughts_lr3e_3_nb150_heldout,,0.003,130,2.359726,0.771625,0.667973,,,,airline_s2_expert_thoughts_lr3e_3_nb150_heldout-act-prm-ia=0-rr=0-ec=act_prm_tau2_airline-gc=act_prm_actions_only-tc=sft-rbc=default-nb=150-nt=0-mc=hf_qwen3_4b_instruct-lc=r8_a16_linear-nie=-bc97f306
act_prm_tau2_airline,s2,airline_s2_expert_thoughts_lr3e_3_nb150_heldout,,0.003,130,2.359726,0.771625,0.667973,,,,airline_s2_expert_thoughts_lr3e_3_nb150_heldout-act-prm-ia=0-rr=0-ec=act_prm_tau2_airline-gc=act_prm_actions_only-tc=sft-rbc=default-nb=150-nt=0-mc=hf_qwen3_4b_instruct-lc=r8_a16_linear-nie=-bc97f306
act_prm_tau2_airline,s2,airline_s2_expert_thoughts_lr3e_3_nb150_heldout,,0.003,140,2.345773,0.772094,0.668974,,,,airline_s2_expert_thoughts_lr3e_3_nb150_heldout-act-prm-ia=0-rr=0-ec=act_prm_tau2_airline-gc=act_prm_actions_only-tc=sft-rbc=default-nb=150-nt=0-mc=hf_qwen3_4b_instruct-lc=r8_a16_linear-nie=-bc97f306
act_prm_tau2_airline,s2,airline_s2_expert_thoughts_lr3e_3_nb150_heldout,,0.003,140,2.345773,0.772094,0.668974,,,,airline_s2_expert_thoughts_lr3e_3_nb150_heldout-act-prm-ia=0-rr=0-ec=act_prm_tau2_airline-gc=act_prm_actions_only-tc=sft-rbc=default-nb=150-nt=0-mc=hf_qwen3_4b_instruct-lc=r8_a16_linear-nie=-bc97f306
act_prm_tau2_airline,s2,airline_s2_expert_thoughts_lr3e_3_nb150_heldout,,0.003,149,2.338332,0.773189,0.669892,,,,airline_s2_expert_thoughts_lr3e_3_nb150_heldout-act-prm-ia=0-rr=0-ec=act_prm_tau2_airline-gc=act_prm_actions_only-tc=sft-rbc=default-nb=150-nt=0-mc=hf_qwen3_4b_instruct-lc=r8_a16_linear-nie=-bc97f306
act_prm_tau2_airline,s2,airline_s2_expert_thoughts_lr3e_3_nb150_heldout,,0.003,149,2.338332,0.773189,0.669892,,,,airline_s2_expert_thoughts_lr3e_3_nb150_heldout-act-prm-ia=0-rr=0-ec=act_prm_tau2_airline-gc=act_prm_actions_only-tc=sft-rbc=default-nb=150-nt=0-mc=hf_qwen3_4b_instruct-lc=r8_a16_linear-nie=-bc97f306
act_prm_tau2_airline,s2,airline_s2_thoughts_base_adamw30_lr1e_3_nb200_flat32sgd_heldout,sgd,0.001,5,3.514555,0.756776,0.738071,3.997781,6393.0,7559.0,airline_s2_thoughts_base_adamw30_lr1e_3_nb200_flat32sgd_heldout-act-prm-ia=0-rr=0-ec=act_prm_tau2_airline-gc=act_prm_actions_only-tc=sft_flat-rbc=default-nb=200-nt=0-mc=hf_qwen3_4b_instruct--0c4643e2
act_prm_tau2_airline,s2,airline_s2_thoughts_base_adamw30_lr1e_3_nb200_flat32sgd_heldout,sgd,0.001,10,3.505752,0.757029,0.738222,3.973044,6393.0,7559.0,airline_s2_thoughts_base_adamw30_lr1e_3_nb200_flat32sgd_heldout-act-prm-ia=0-rr=0-ec=act_prm_tau2_airline-gc=act_prm_actions_only-tc=sft_flat-rbc=default-nb=200-nt=0-mc=hf_qwen3_4b_instruct--0c4643e2
act_prm_tau2_airline,s2,airline_s2_thoughts_base_adamw30_lr1e_3_nb200_flat32sgd_heldout,sgd,0.001,15,3.501997,0.755684,0.736642,3.969479,6393.0,7559.0,airline_s2_thoughts_base_adamw30_lr1e_3_nb200_flat32sgd_heldout-act-prm-ia=0-rr=0-ec=act_prm_tau2_airline-gc=act_prm_actions_only-tc=sft_flat-rbc=default-nb=200-nt=0-mc=hf_qwen3_4b_instruct--0c4643e2
act_prm_tau2_airline,s2,airline_s2_thoughts_base_adamw30_lr1e_3_nb200_flat32sgd_heldout,sgd,0.001,20,3.474892,0.756861,0.738989,3.948186,6393.0,7559.0,airline_s2_thoughts_base_adamw30_lr1e_3_nb200_flat32sgd_heldout-act-prm-ia=0-rr=0-ec=act_prm_tau2_airline-gc=act_prm_actions_only-tc=sft_flat-rbc=default-nb=200-nt=0-mc=hf_qwen3_4b_instruct--0c4643e2
act_prm_tau2_airline,s2,airline_s2_thoughts_base_adamw30_lr1e_3_nb200_flat32sgd_heldout,sgd,0.001,25,3.466288,0.757046,0.738522,3.931091,6393.0,7559.0,airline_s2_thoughts_base_adamw30_lr1e_3_nb200_flat32sgd_heldout-act-prm-ia=0-rr=0-ec=act_prm_tau2_airline-gc=act_prm_actions_only-tc=sft_flat-rbc=default-nb=200-nt=0-mc=hf_qwen3_4b_instruct--0c4643e2
act_prm_tau2_airline,s2,airline_s2_thoughts_base_adamw30_lr1e_3_nb200_flat32sgd_heldout,sgd,0.001,30,3.451745,0.75731,0.738354,3.899818,6393.0,7559.0,airline_s2_thoughts_base_adamw30_lr1e_3_nb200_flat32sgd_heldout-act-prm-ia=0-rr=0-ec=act_prm_tau2_airline-gc=act_prm_actions_only-tc=sft_flat-rbc=default-nb=200-nt=0-mc=hf_qwen3_4b_instruct--0c4643e2
act_prm_tau2_airline,s2,airline_s2_thoughts_base_adamw30_lr1e_3_nb200_flat32sgd_heldout,sgd,0.001,35,3.435035,0.757044,0.738349,3.880579,6393.0,7559.0,airline_s2_thoughts_base_adamw30_lr1e_3_nb200_flat32sgd_heldout-act-prm-ia=0-rr=0-ec=act_prm_tau2_airline-gc=act_prm_actions_only-tc=sft_flat-rbc=default-nb=200-nt=0-mc=hf_qwen3_4b_instruct--0c4643e2
act_prm_tau2_airline,s2,airline_s2_thoughts_base_adamw30_lr1e_3_nb200_flat32sgd_heldout,sgd,0.001,40,3.422738,0.755965,0.737461,3.857551,6393.0,7559.0,airline_s2_thoughts_base_adamw30_lr1e_3_nb200_flat32sgd_heldout-act-prm-ia=0-rr=0-ec=act_prm_tau2_airline-gc=act_prm_actions_only-tc=sft_flat-rbc=default-nb=200-nt=0-mc=hf_qwen3_4b_instruct--0c4643e2
act_prm_tau2_airline,s2,airline_s2_thoughts_base_adamw30_lr1e_3_nb200_flat32sgd_heldout,sgd,0.001,45,3.405518,0.757055,0.738378,3.829332,6393.0,7559.0,airline_s2_thoughts_base_adamw30_lr1e_3_nb200_flat32sgd_heldout-act-prm-ia=0-rr=0-ec=act_prm_tau2_airline-gc=act_prm_actions_only-tc=sft_flat-rbc=default-nb=200-nt=0-mc=hf_qwen3_4b_instruct--0c4643e2
act_prm_tau2_airline,s2,airline_s2_thoughts_base_adamw30_lr1e_3_nb200_flat32sgd_heldout,sgd,0.001,50,3.374355,0.757007,0.739499,3.784416,6393.0,7559.0,airline_s2_thoughts_base_adamw30_lr1e_3_nb200_flat32sgd_heldout-act-prm-ia=0-rr=0-ec=act_prm_tau2_airline-gc=act_prm_actions_only-tc=sft_flat-rbc=default-nb=200-nt=0-mc=hf_qwen3_4b_instruct--0c4643e2
act_prm_tau2_airline,s2,airline_s2_thoughts_base_adamw30_lr1e_3_nb200_flat32sgd_heldout,sgd,0.001,55,3.36068,0.758094,0.739331,3.758184,6393.0,7559.0,airline_s2_thoughts_base_adamw30_lr1e_3_nb200_flat32sgd_heldout-act-prm-ia=0-rr=0-ec=act_prm_tau2_airline-gc=act_prm_actions_only-tc=sft_flat-rbc=default-nb=200-nt=0-mc=hf_qwen3_4b_instruct--0c4643e2
act_prm_tau2_airline,s2,airline_s2_thoughts_base_adamw30_lr1e_3_nb200_flat32sgd_heldout,sgd,0.001,60,3.332926,0.75739,0.738878,3.717788,6393.0,7559.0,airline_s2_thoughts_base_adamw30_lr1e_3_nb200_flat32sgd_heldout-act-prm-ia=0-rr=0-ec=act_prm_tau2_airline-gc=act_prm_actions_only-tc=sft_flat-rbc=default-nb=200-nt=0-mc=hf_qwen3_4b_instruct--0c4643e2
act_prm_tau2_airline,s2,airline_s2_thoughts_base_adamw30_lr1e_3_nb200_flat32sgd_heldout,sgd,0.001,65,3.310981,0.756417,0.738304,3.69588,6393.0,7559.0,airline_s2_thoughts_base_adamw30_lr1e_3_nb200_flat32sgd_heldout-act-prm-ia=0-rr=0-ec=act_prm_tau2_airline-gc=act_prm_actions_only-tc=sft_flat-rbc=default-nb=200-nt=0-mc=hf_qwen3_4b_instruct--0c4643e2
act_prm_tau2_airline,s2,airline_s2_thoughts_base_adamw30_lr1e_3_nb200_flat32sgd_heldout,sgd,0.001,70,3.28256,0.758524,0.739624,3.655467,6393.0,7559.0,airline_s2_thoughts_base_adamw30_lr1e_3_nb200_flat32sgd_heldout-act-prm-ia=0-rr=0-ec=act_prm_tau2_airline-gc=act_prm_actions_only-tc=sft_flat-rbc=default-nb=200-nt=0-mc=hf_qwen3_4b_instruct--0c4643e2
act_prm_tau2_airline,s2,airline_s2_thoughts_base_adamw30_lr1e_3_nb200_flat32sgd_heldout,sgd,0.001,75,3.255388,0.757584,0.739646,3.600809,6393.0,7559.0,airline_s2_thoughts_base_adamw30_lr1e_3_nb200_flat32sgd_heldout-act-prm-ia=0-rr=0-ec=act_prm_tau2_airline-gc=act_prm_actions_only-tc=sft_flat-rbc=default-nb=200-nt=0-mc=hf_qwen3_4b_instruct--0c4643e2
act_prm_tau2_airline,s2,airline_s2_thoughts_base_adamw30_lr1e_3_nb200_flat32sgd_heldout,sgd,0.001,80,3.23536,0.757771,0.740205,3.570489,6393.0,7559.0,airline_s2_thoughts_base_adamw30_lr1e_3_nb200_flat32sgd_heldout-act-prm-ia=0-rr=0-ec=act_prm_tau2_airline-gc=act_prm_actions_only-tc=sft_flat-rbc=default-nb=200-nt=0-mc=hf_qwen3_4b_instruct--0c4643e2
act_prm_tau2_airline,s2,airline_s2_thoughts_base_adamw30_lr1e_3_nb200_flat32sgd_heldout,sgd,0.001,85,3.195203,0.758749,0.741257,3.510459,6393.0,7559.0,airline_s2_thoughts_base_adamw30_lr1e_3_nb200_flat32sgd_heldout-act-prm-ia=0-rr=0-ec=act_prm_tau2_airline-gc=act_prm_actions_only-tc=sft_flat-rbc=default-nb=200-nt=0-mc=hf_qwen3_4b_instruct--0c4643e2
act_prm_tau2_airline,s2,airline_s2_thoughts_base_adamw30_lr1e_3_nb200_flat32sgd_heldout,sgd,0.001,90,3.183809,0.757869,0.741009,3.484628,6393.0,7559.0,airline_s2_thoughts_base_adamw30_lr1e_3_nb200_flat32sgd_heldout-act-prm-ia=0-rr=0-ec=act_prm_tau2_airline-gc=act_prm_actions_only-tc=sft_flat-rbc=default-nb=200-nt=0-mc=hf_qwen3_4b_instruct--0c4643e2
act_prm_tau2_airline,s2,airline_s2_thoughts_base_adamw30_lr1e_3_nb200_flat32sgd_heldout,sgd,0.001,95,3.148504,0.7591,0.742302,3.435694,6393.0,7559.0,airline_s2_thoughts_base_adamw30_lr1e_3_nb200_flat32sgd_heldout-act-prm-ia=0-rr=0-ec=act_prm_tau2_airline-gc=act_prm_actions_only-tc=sft_flat-rbc=default-nb=200-nt=0-mc=hf_qwen3_4b_instruct--0c4643e2
act_prm_tau2_airline,s2,airline_s2_thoughts_base_adamw30_lr1e_3_nb200_flat32sgd_heldout,sgd,0.001,100,3.118441,0.757876,0.740573,3.393971,6393.0,7559.0,airline_s2_thoughts_base_adamw30_lr1e_3_nb200_flat32sgd_heldout-act-prm-ia=0-rr=0-ec=act_prm_tau2_airline-gc=act_prm_actions_only-tc=sft_flat-rbc=default-nb=200-nt=0-mc=hf_qwen3_4b_instruct--0c4643e2
act_prm_tau2_airline,s2,airline_s2_thoughts_base_adamw30_lr1e_3_nb200_flat32sgd_heldout,sgd,0.001,105,3.086824,0.758453,0.742545,3.345286,6393.0,7559.0,airline_s2_thoughts_base_adamw30_lr1e_3_nb200_flat32sgd_heldout-act-prm-ia=0-rr=0-ec=act_prm_tau2_airline-gc=act_prm_actions_only-tc=sft_flat-rbc=default-nb=200-nt=0-mc=hf_qwen3_4b_instruct--0c4643e2
act_prm_tau2_airline,s2,airline_s2_thoughts_base_adamw30_lr1e_3_nb200_flat32sgd_heldout,sgd,0.001,110,3.064091,0.75888,0.742886,3.305023,6393.0,7559.0,airline_s2_thoughts_base_adamw30_lr1e_3_nb200_flat32sgd_heldout-act-prm-ia=0-rr=0-ec=act_prm_tau2_airline-gc=act_prm_actions_only-tc=sft_flat-rbc=default-nb=200-nt=0-mc=hf_qwen3_4b_instruct--0c4643e2
act_prm_tau2_airline,s2,airline_s2_thoughts_base_adamw30_lr1e_3_nb200_flat32sgd_heldout,sgd,0.001,115,3.030701,0.756973,0.74134,3.260213,6393.0,7559.0,airline_s2_thoughts_base_adamw30_lr1e_3_nb200_flat32sgd_heldout-act-prm-ia=0-rr=0-ec=act_prm_tau2_airline-gc=act_prm_actions_only-tc=sft_flat-rbc=default-nb=200-nt=0-mc=hf_qwen3_4b_instruct--0c4643e2
act_prm_tau2_airline,s2,airline_s2_thoughts_base_adamw30_lr1e_3_nb200_flat32sgd_heldout,sgd,0.001,120,3.00502,0.757367,0.742545,3.217265,6393.0,7559.0,airline_s2_thoughts_base_adamw30_lr1e_3_nb200_flat32sgd_heldout-act-prm-ia=0-rr=0-ec=act_prm_tau2_airline-gc=act_prm_actions_only-tc=sft_flat-rbc=default-nb=200-nt=0-mc=hf_qwen3_4b_instruct--0c4643e2
act_prm_tau2_airline,s2,airline_s2_thoughts_base_adamw30_lr1e_3_nb200_flat32sgd_heldout,sgd,0.001,125,2.970522,0.758816,0.74345,3.176355,6393.0,7559.0,airline_s2_thoughts_base_adamw30_lr1e_3_nb200_flat32sgd_heldout-act-prm-ia=0-rr=0-ec=act_prm_tau2_airline-gc=act_prm_actions_only-tc=sft_flat-rbc=default-nb=200-nt=0-mc=hf_qwen3_4b_instruct--0c4643e2
act_prm_tau2_airline,s2,airline_s2_thoughts_base_adamw30_lr1e_3_nb200_flat32sgd_heldout,sgd,0.001,130,2.952797,0.757943,0.743229,3.141116,6393.0,7559.0,airline_s2_thoughts_base_adamw30_lr1e_3_nb200_flat32sgd_heldout-act-prm-ia=0-rr=0-ec=act_prm_tau2_airline-gc=act_prm_actions_only-tc=sft_flat-rbc=default-nb=200-nt=0-mc=hf_qwen3_4b_instruct--0c4643e2
act_prm_tau2_airline,s2,airline_s2_thoughts_base_adamw30_lr1e_3_nb200_flat32sgd_heldout,sgd,0.001,135,2.921355,0.75937,0.744889,3.096165,6393.0,7559.0,airline_s2_thoughts_base_adamw30_lr1e_3_nb200_flat32sgd_heldout-act-prm-ia=0-rr=0-ec=act_prm_tau2_airline-gc=act_prm_actions_only-tc=sft_flat-rbc=default-nb=200-nt=0-mc=hf_qwen3_4b_instruct--0c4643e2
act_prm_tau2_airline,s2,airline_s2_thoughts_base_adamw30_lr1e_3_nb200_flat32sgd_heldout,sgd,0.001,140,2.891141,0.759286,0.744883,3.054121,6393.0,7559.0,airline_s2_thoughts_base_adamw30_lr1e_3_nb200_flat32sgd_heldout-act-prm-ia=0-rr=0-ec=act_prm_tau2_airline-gc=act_prm_actions_only-tc=sft_flat-rbc=default-nb=200-nt=0-mc=hf_qwen3_4b_instruct--0c4643e2
act_prm_tau2_airline,s2,airline_s2_thoughts_base_adamw30_lr1e_3_nb200_flat32sgd_heldout,sgd,0.001,145,2.865554,0.759553,0.745555,3.018231,6393.0,7559.0,airline_s2_thoughts_base_adamw30_lr1e_3_nb200_flat32sgd_heldout-act-prm-ia=0-rr=0-ec=act_prm_tau2_airline-gc=act_prm_actions_only-tc=sft_flat-rbc=default-nb=200-nt=0-mc=hf_qwen3_4b_instruct--0c4643e2
act_prm_tau2_airline,s2,airline_s2_thoughts_base_adamw30_lr1e_3_nb200_flat32sgd_heldout,sgd,0.001,150,2.843048,0.760307,0.746345,2.983794,6393.0,7559.0,airline_s2_thoughts_base_adamw30_lr1e_3_nb200_flat32sgd_heldout-act-prm-ia=0-rr=0-ec=act_prm_tau2_airline-gc=act_prm_actions_only-tc=sft_flat-rbc=default-nb=200-nt=0-mc=hf_qwen3_4b_instruct--0c4643e2
act_prm_tau2_airline,s2,airline_s2_thoughts_base_adamw30_lr1e_3_nb200_flat32sgd_heldout,sgd,0.001,155,2.821061,0.7601,0.746546,2.950637,6393.0,7559.0,airline_s2_thoughts_base_adamw30_lr1e_3_nb200_flat32sgd_heldout-act-prm-ia=0-rr=0-ec=act_prm_tau2_airline-gc=act_prm_actions_only-tc=sft_flat-rbc=default-nb=200-nt=0-mc=hf_qwen3_4b_instruct--0c4643e2
act_prm_tau2_airline,s2,airline_s2_thoughts_base_adamw30_lr1e_3_nb200_flat32sgd_heldout,sgd,0.001,160,2.79462,0.7591,0.745876,2.925712,6393.0,7559.0,airline_s2_thoughts_base_adamw30_lr1e_3_nb200_flat32sgd_heldout-act-prm-ia=0-rr=0-ec=act_prm_tau2_airline-gc=act_prm_actions_only-tc=sft_flat-rbc=default-nb=200-nt=0-mc=hf_qwen3_4b_instruct--0c4643e2
act_prm_tau2_airline,s2,airline_s2_thoughts_base_adamw30_lr1e_3_nb200_flat32sgd_heldout,sgd,0.001,165,2.780115,0.761117,0.748254,2.900592,6393.0,7559.0,airline_s2_thoughts_base_adamw30_lr1e_3_nb200_flat32sgd_heldout-act-prm-ia=0-rr=0-ec=act_prm_tau2_airline-gc=act_prm_actions_only-tc=sft_flat-rbc=default-nb=200-nt=0-mc=hf_qwen3_4b_instruct--0c4643e2
act_prm_tau2_airline,s2,airline_s2_thoughts_base_adamw30_lr1e_3_nb200_flat32sgd_heldout,sgd,0.001,170,2.759636,0.761312,0.748809,2.872014,6393.0,7559.0,airline_s2_thoughts_base_adamw30_lr1e_3_nb200_flat32sgd_heldout-act-prm-ia=0-rr=0-ec=act_prm_tau2_airline-gc=act_prm_actions_only-tc=sft_flat-rbc=default-nb=200-nt=0-mc=hf_qwen3_4b_instruct--0c4643e2
act_prm_tau2_airline,s2,airline_s2_thoughts_base_adamw30_lr1e_3_nb200_flat32sgd_heldout,sgd,0.001,175,2.74429,0.760953,0.747993,2.848461,6393.0,7559.0,airline_s2_thoughts_base_adamw30_lr1e_3_nb200_flat32sgd_heldout-act-prm-ia=0-rr=0-ec=act_prm_tau2_airline-gc=act_prm_actions_only-tc=sft_flat-rbc=default-nb=200-nt=0-mc=hf_qwen3_4b_instruct--0c4643e2
act_prm_tau2_airline,s2,airline_s2_thoughts_base_adamw30_lr1e_3_nb200_flat32sgd_heldout,sgd,0.001,180,2.723169,0.761471,0.748423,2.82377,6393.0,7559.0,airline_s2_thoughts_base_adamw30_lr1e_3_nb200_flat32sgd_heldout-act-prm-ia=0-rr=0-ec=act_prm_tau2_airline-gc=act_prm_actions_only-tc=sft_flat-rbc=default-nb=200-nt=0-mc=hf_qwen3_4b_instruct--0c4643e2
act_prm_tau2_airline,s2,airline_s2_thoughts_base_adamw30_lr1e_3_nb200_flat32sgd_heldout,sgd,0.001,185,2.706689,0.762554,0.750282,2.802991,6393.0,7559.0,airline_s2_thoughts_base_adamw30_lr1e_3_nb200_flat32sgd_heldout-act-prm-ia=0-rr=0-ec=act_prm_tau2_airline-gc=act_prm_actions_only-tc=sft_flat-rbc=default-nb=200-nt=0-mc=hf_qwen3_4b_instruct--0c4643e2
act_prm_tau2_airline,s2,airline_s2_thoughts_base_adamw30_lr1e_3_nb200_flat32sgd_heldout,sgd,0.001,190,2.691536,0.759466,0.74798,2.78145,6393.0,7559.0,airline_s2_thoughts_base_adamw30_lr1e_3_nb200_flat32sgd_heldout-act-prm-ia=0-rr=0-ec=act_prm_tau2_airline-gc=act_prm_actions_only-tc=sft_flat-rbc=default-nb=200-nt=0-mc=hf_qwen3_4b_instruct--0c4643e2
act_prm_tau2_airline,s2,airline_s2_thoughts_base_adamw30_lr1e_3_nb200_flat32sgd_heldout,sgd,0.001,195,2.679936,0.761736,0.750236,2.766013,6393.0,7559.0,airline_s2_thoughts_base_adamw30_lr1e_3_nb200_flat32sgd_heldout-act-prm-ia=0-rr=0-ec=act_prm_tau2_airline-gc=act_prm_actions_only-tc=sft_flat-rbc=default-nb=200-nt=0-mc=hf_qwen3_4b_instruct--0c4643e2
act_prm_tau2_airline,s2,airline_s2_thoughts_base_adamw30_lr1e_3_nb200_flat32sgd_heldout,sgd,0.001,199,2.667296,0.761935,0.750217,2.753755,6393.0,7559.0,airline_s2_thoughts_base_adamw30_lr1e_3_nb200_flat32sgd_heldout-act-prm-ia=0-rr=0-ec=act_prm_tau2_airline-gc=act_prm_actions_only-tc=sft_flat-rbc=default-nb=200-nt=0-mc=hf_qwen3_4b_instruct--0c4643e2
act_prm_tau2_airline,s2,airline_s2_thoughts_base_lr3e_3_nb150_heldout,,0.003,10,3.545868,0.753011,0.717597,,,,airline_s2_thoughts_base_lr3e_3_nb150_heldout-act-prm-ia=0-rr=0-ec=act_prm_tau2_airline-gc=act_prm_actions_only-tc=sft-rbc=default-nb=150-nt=0-mc=hf_qwen3_4b_instruct-lc=r8_a16_linear-nie=1--55cd93ac
act_prm_tau2_airline,s2,airline_s2_thoughts_base_lr3e_3_nb150_heldout,,0.003,10,3.545868,0.753011,0.717597,,,,airline_s2_thoughts_base_lr3e_3_nb150_heldout-act-prm-ia=0-rr=0-ec=act_prm_tau2_airline-gc=act_prm_actions_only-tc=sft-rbc=default-nb=150-nt=0-mc=hf_qwen3_4b_instruct-lc=r8_a16_linear-nie=1--55cd93ac
act_prm_tau2_airline,s2,airline_s2_thoughts_base_lr3e_3_nb150_heldout,,0.003,20,3.426358,0.753637,0.719025,,,,airline_s2_thoughts_base_lr3e_3_nb150_heldout-act-prm-ia=0-rr=0-ec=act_prm_tau2_airline-gc=act_prm_actions_only-tc=sft-rbc=default-nb=150-nt=0-mc=hf_qwen3_4b_instruct-lc=r8_a16_linear-nie=1--55cd93ac
act_prm_tau2_airline,s2,airline_s2_thoughts_base_lr3e_3_nb150_heldout,,0.003,20,3.426358,0.753637,0.719025,,,,airline_s2_thoughts_base_lr3e_3_nb150_heldout-act-prm-ia=0-rr=0-ec=act_prm_tau2_airline-gc=act_prm_actions_only-tc=sft-rbc=default-nb=150-nt=0-mc=hf_qwen3_4b_instruct-lc=r8_a16_linear-nie=1--55cd93ac
act_prm_tau2_airline,s2,airline_s2_thoughts_base_lr3e_3_nb150_heldout,,0.003,30,3.261697,0.754262,0.720782,,,,airline_s2_thoughts_base_lr3e_3_nb150_heldout-act-prm-ia=0-rr=0-ec=act_prm_tau2_airline-gc=act_prm_actions_only-tc=sft-rbc=default-nb=150-nt=0-mc=hf_qwen3_4b_instruct-lc=r8_a16_linear-nie=1--55cd93ac
act_prm_tau2_airline,s2,airline_s2_thoughts_base_lr3e_3_nb150_heldout,,0.003,30,3.261697,0.754262,0.720782,,,,airline_s2_thoughts_base_lr3e_3_nb150_heldout-act-prm-ia=0-rr=0-ec=act_prm_tau2_airline-gc=act_prm_actions_only-tc=sft-rbc=default-nb=150-nt=0-mc=hf_qwen3_4b_instruct-lc=r8_a16_linear-nie=1--55cd93ac
act_prm_tau2_airline,s2,airline_s2_thoughts_base_lr3e_3_nb150_heldout,,0.003,40,3.072489,0.757391,0.724077,,,,airline_s2_thoughts_base_lr3e_3_nb150_heldout-act-prm-ia=0-rr=0-ec=act_prm_tau2_airline-gc=act_prm_actions_only-tc=sft-rbc=default-nb=150-nt=0-mc=hf_qwen3_4b_instruct-lc=r8_a16_linear-nie=1--55cd93ac
act_prm_tau2_airline,s2,airline_s2_thoughts_base_lr3e_3_nb150_heldout,,0.003,40,3.072489,0.757391,0.724077,,,,airline_s2_thoughts_base_lr3e_3_nb150_heldout-act-prm-ia=0-rr=0-ec=act_prm_tau2_airline-gc=act_prm_actions_only-tc=sft-rbc=default-nb=150-nt=0-mc=hf_qwen3_4b_instruct-lc=r8_a16_linear-nie=1--55cd93ac
act_prm_tau2_airline,s2,airline_s2_thoughts_base_lr3e_3_nb150_heldout,,0.003,50,2.879013,0.760519,0.72891,,,,airline_s2_thoughts_base_lr3e_3_nb150_heldout-act-prm-ia=0-rr=0-ec=act_prm_tau2_airline-gc=act_prm_actions_only-tc=sft-rbc=default-nb=150-nt=0-mc=hf_qwen3_4b_instruct-lc=r8_a16_linear-nie=1--55cd93ac
act_prm_tau2_airline,s2,airline_s2_thoughts_base_lr3e_3_nb150_heldout,,0.003,50,2.879013,0.760519,0.72891,,,,airline_s2_thoughts_base_lr3e_3_nb150_heldout-act-prm-ia=0-rr=0-ec=act_prm_tau2_airline-gc=act_prm_actions_only-tc=sft-rbc=default-nb=150-nt=0-mc=hf_qwen3_4b_instruct-lc=r8_a16_linear-nie=1--55cd93ac
act_prm_tau2_airline,s2,airline_s2_thoughts_base_lr3e_3_nb150_heldout,,0.003,60,2.723724,0.762553,0.731107,,,,airline_s2_thoughts_base_lr3e_3_nb150_heldout-act-prm-ia=0-rr=0-ec=act_prm_tau2_airline-gc=act_prm_actions_only-tc=sft-rbc=default-nb=150-nt=0-mc=hf_qwen3_4b_instruct-lc=r8_a16_linear-nie=1--55cd93ac
act_prm_tau2_airline,s2,airline_s2_thoughts_base_lr3e_3_nb150_heldout,,0.003,60,2.723724,0.762553,0.731107,,,,airline_s2_thoughts_base_lr3e_3_nb150_heldout-act-prm-ia=0-rr=0-ec=act_prm_tau2_airline-gc=act_prm_actions_only-tc=sft-rbc=default-nb=150-nt=0-mc=hf_qwen3_4b_instruct-lc=r8_a16_linear-nie=1--55cd93ac
act_prm_tau2_airline,s2,airline_s2_thoughts_base_lr3e_3_nb150_heldout,,0.003,70,2.613343,0.763335,0.733304,,,,airline_s2_thoughts_base_lr3e_3_nb150_heldout-act-prm-ia=0-rr=0-ec=act_prm_tau2_airline-gc=act_prm_actions_only-tc=sft-rbc=default-nb=150-nt=0-mc=hf_qwen3_4b_instruct-lc=r8_a16_linear-nie=1--55cd93ac
act_prm_tau2_airline,s2,airline_s2_thoughts_base_lr3e_3_nb150_heldout,,0.003,70,2.613343,0.763335,0.733304,,,,airline_s2_thoughts_base_lr3e_3_nb150_heldout-act-prm-ia=0-rr=0-ec=act_prm_tau2_airline-gc=act_prm_actions_only-tc=sft-rbc=default-nb=150-nt=0-mc=hf_qwen3_4b_instruct-lc=r8_a16_linear-nie=1--55cd93ac
act_prm_tau2_airline,s2,airline_s2_thoughts_base_lr3e_3_nb150_heldout,,0.003,80,2.541461,0.763648,0.73583,,,,airline_s2_thoughts_base_lr3e_3_nb150_heldout-act-prm-ia=0-rr=0-ec=act_prm_tau2_airline-gc=act_prm_actions_only-tc=sft-rbc=default-nb=150-nt=0-mc=hf_qwen3_4b_instruct-lc=r8_a16_linear-nie=1--55cd93ac
act_prm_tau2_airline,s2,airline_s2_thoughts_base_lr3e_3_nb150_heldout,,0.003,80,2.541461,0.763648,0.73583,,,,airline_s2_thoughts_base_lr3e_3_nb150_heldout-act-prm-ia=0-rr=0-ec=act_prm_tau2_airline-gc=act_prm_actions_only-tc=sft-rbc=default-nb=150-nt=0-mc=hf_qwen3_4b_instruct-lc=r8_a16_linear-nie=1--55cd93ac
act_prm_tau2_airline,s2,airline_s2_thoughts_base_lr3e_3_nb150_heldout,,0.003,90,2.494284,0.763335,0.73583,,,,airline_s2_thoughts_base_lr3e_3_nb150_heldout-act-prm-ia=0-rr=0-ec=act_prm_tau2_airline-gc=act_prm_actions_only-tc=sft-rbc=default-nb=150-nt=0-mc=hf_qwen3_4b_instruct-lc=r8_a16_linear-nie=1--55cd93ac
act_prm_tau2_airline,s2,airline_s2_thoughts_base_lr3e_3_nb150_heldout,,0.003,90,2.494284,0.763335,0.73583,,,,airline_s2_thoughts_base_lr3e_3_nb150_heldout-act-prm-ia=0-rr=0-ec=act_prm_tau2_airline-gc=act_prm_actions_only-tc=sft-rbc=default-nb=150-nt=0-mc=hf_qwen3_4b_instruct-lc=r8_a16_linear-nie=1--55cd93ac
act_prm_tau2_airline,s2,airline_s2_thoughts_base_lr3e_3_nb150_heldout,,0.003,100,2.461059,0.763961,0.737478,,,,airline_s2_thoughts_base_lr3e_3_nb150_heldout-act-prm-ia=0-rr=0-ec=act_prm_tau2_airline-gc=act_prm_actions_only-tc=sft-rbc=default-nb=150-nt=0-mc=hf_qwen3_4b_instruct-lc=r8_a16_linear-nie=1--55cd93ac
act_prm_tau2_airline,s2,airline_s2_thoughts_base_lr3e_3_nb150_heldout,,0.003,100,2.461059,0.763961,0.737478,,,,airline_s2_thoughts_base_lr3e_3_nb150_heldout-act-prm-ia=0-rr=0-ec=act_prm_tau2_airline-gc=act_prm_actions_only-tc=sft-rbc=default-nb=150-nt=0-mc=hf_qwen3_4b_instruct-lc=r8_a16_linear-nie=1--55cd93ac
act_prm_tau2_airline,s2,airline_s2_thoughts_base_lr3e_3_nb150_heldout,,0.003,110,2.440463,0.764273,0.736819,,,,airline_s2_thoughts_base_lr3e_3_nb150_heldout-act-prm-ia=0-rr=0-ec=act_prm_tau2_airline-gc=act_prm_actions_only-tc=sft-rbc=default-nb=150-nt=0-mc=hf_qwen3_4b_instruct-lc=r8_a16_linear-nie=1--55cd93ac
act_prm_tau2_airline,s2,airline_s2_thoughts_base_lr3e_3_nb150_heldout,,0.003,110,2.440463,0.764273,0.736819,,,,airline_s2_thoughts_base_lr3e_3_nb150_heldout-act-prm-ia=0-rr=0-ec=act_prm_tau2_airline-gc=act_prm_actions_only-tc=sft-rbc=default-nb=150-nt=0-mc=hf_qwen3_4b_instruct-lc=r8_a16_linear-nie=1--55cd93ac
act_prm_tau2_airline,s2,airline_s2_thoughts_base_lr3e_3_nb150_heldout,,0.003,120,2.424034,0.765212,0.738247,,,,airline_s2_thoughts_base_lr3e_3_nb150_heldout-act-prm-ia=0-rr=0-ec=act_prm_tau2_airline-gc=act_prm_actions_only-tc=sft-rbc=default-nb=150-nt=0-mc=hf_qwen3_4b_instruct-lc=r8_a16_linear-nie=1--55cd93ac
act_prm_tau2_airline,s2,airline_s2_thoughts_base_lr3e_3_nb150_heldout,,0.003,120,2.424034,0.765212,0.738247,,,,airline_s2_thoughts_base_lr3e_3_nb150_heldout-act-prm-ia=0-rr=0-ec=act_prm_tau2_airline-gc=act_prm_actions_only-tc=sft-rbc=default-nb=150-nt=0-mc=hf_qwen3_4b_instruct-lc=r8_a16_linear-nie=1--55cd93ac
act_prm_tau2_airline,s2,airline_s2_thoughts_base_lr3e_3_nb150_heldout,,0.003,130,2.413323,0.765212,0.739126,,,,airline_s2_thoughts_base_lr3e_3_nb150_heldout-act-prm-ia=0-rr=0-ec=act_prm_tau2_airline-gc=act_prm_actions_only-tc=sft-rbc=default-nb=150-nt=0-mc=hf_qwen3_4b_instruct-lc=r8_a16_linear-nie=1--55cd93ac
act_prm_tau2_airline,s2,airline_s2_thoughts_base_lr3e_3_nb150_heldout,,0.003,130,2.413323,0.765212,0.739126,,,,airline_s2_thoughts_base_lr3e_3_nb150_heldout-act-prm-ia=0-rr=0-ec=act_prm_tau2_airline-gc=act_prm_actions_only-tc=sft-rbc=default-nb=150-nt=0-mc=hf_qwen3_4b_instruct-lc=r8_a16_linear-nie=1--55cd93ac
act_prm_tau2_airline,s2,airline_s2_thoughts_base_lr3e_3_nb150_heldout,,0.003,140,2.403322,0.765368,0.740114,,,,airline_s2_thoughts_base_lr3e_3_nb150_heldout-act-prm-ia=0-rr=0-ec=act_prm_tau2_airline-gc=act_prm_actions_only-tc=sft-rbc=default-nb=150-nt=0-mc=hf_qwen3_4b_instruct-lc=r8_a16_linear-nie=1--55cd93ac
act_prm_tau2_airline,s2,airline_s2_thoughts_base_lr3e_3_nb150_heldout,,0.003,140,2.403322,0.765368,0.740114,,,,airline_s2_thoughts_base_lr3e_3_nb150_heldout-act-prm-ia=0-rr=0-ec=act_prm_tau2_airline-gc=act_prm_actions_only-tc=sft-rbc=default-nb=150-nt=0-mc=hf_qwen3_4b_instruct-lc=r8_a16_linear-nie=1--55cd93ac
act_prm_tau2_airline,s2,airline_s2_thoughts_base_lr3e_3_nb150_heldout,,0.003,149,2.398074,0.76443,0.739785,,,,airline_s2_thoughts_base_lr3e_3_nb150_heldout-act-prm-ia=0-rr=0-ec=act_prm_tau2_airline-gc=act_prm_actions_only-tc=sft-rbc=default-nb=150-nt=0-mc=hf_qwen3_4b_instruct-lc=r8_a16_linear-nie=1--55cd93ac
act_prm_tau2_airline,s2,airline_s2_thoughts_base_lr3e_3_nb150_heldout,,0.003,149,2.398074,0.76443,0.739785,,,,airline_s2_thoughts_base_lr3e_3_nb150_heldout-act-prm-ia=0-rr=0-ec=act_prm_tau2_airline-gc=act_prm_actions_only-tc=sft-rbc=default-nb=150-nt=0-mc=hf_qwen3_4b_instruct-lc=r8_a16_linear-nie=1--55cd93ac
act_prm_tau2_airline,s2,airline_s2_thoughts_policy_adamw30_lr1e_3_adamw_nb100_heldout,adamw,0.001,10,2.072429,0.792116,0.766794,,,,airline_s2_thoughts_policy_adamw30_lr1e_3_adamw_nb100_heldout-act-prm-ia=0-rr=0-ec=act_prm_tau2_airline-gc=act_prm_actions_only-tc=sft-rbc=default-nb=100-nt=0-mc=hf_qwen3_4b_instruct-lc=r8_a-444a4d2e
act_prm_tau2_airline,s2,airline_s2_thoughts_policy_adamw30_lr1e_3_adamw_nb100_heldout,adamw,0.001,10,2.072429,0.792116,0.766794,,,,airline_s2_thoughts_policy_adamw30_lr1e_3_adamw_nb100_heldout-act-prm-ia=0-rr=0-ec=act_prm_tau2_airline-gc=act_prm_actions_only-tc=sft-rbc=default-nb=100-nt=0-mc=hf_qwen3_4b_instruct-lc=r8_a-444a4d2e
act_prm_tau2_airline,s2,airline_s2_thoughts_policy_adamw30_lr1e_3_adamw_nb100_heldout,adamw,0.001,20,2.005511,0.807915,0.774416,,,,airline_s2_thoughts_policy_adamw30_lr1e_3_adamw_nb100_heldout-act-prm-ia=0-rr=0-ec=act_prm_tau2_airline-gc=act_prm_actions_only-tc=sft-rbc=default-nb=100-nt=0-mc=hf_qwen3_4b_instruct-lc=r8_a-444a4d2e
act_prm_tau2_airline,s2,airline_s2_thoughts_policy_adamw30_lr1e_3_adamw_nb100_heldout,adamw,0.001,20,2.005511,0.807915,0.774416,,,,airline_s2_thoughts_policy_adamw30_lr1e_3_adamw_nb100_heldout-act-prm-ia=0-rr=0-ec=act_prm_tau2_airline-gc=act_prm_actions_only-tc=sft-rbc=default-nb=100-nt=0-mc=hf_qwen3_4b_instruct-lc=r8_a-444a4d2e
act_prm_tau2_airline,s2,airline_s2_thoughts_policy_adamw30_lr1e_3_adamw_nb100_heldout,adamw,0.001,30,2.277448,0.803692,0.767627,,,,airline_s2_thoughts_policy_adamw30_lr1e_3_adamw_nb100_heldout-act-prm-ia=0-rr=0-ec=act_prm_tau2_airline-gc=act_prm_actions_only-tc=sft-rbc=default-nb=100-nt=0-mc=hf_qwen3_4b_instruct-lc=r8_a-444a4d2e
act_prm_tau2_airline,s2,airline_s2_thoughts_policy_adamw30_lr1e_3_adamw_nb100_heldout,adamw,0.001,30,2.277448,0.803692,0.767627,,,,airline_s2_thoughts_policy_adamw30_lr1e_3_adamw_nb100_heldout-act-prm-ia=0-rr=0-ec=act_prm_tau2_airline-gc=act_prm_actions_only-tc=sft-rbc=default-nb=100-nt=0-mc=hf_qwen3_4b_instruct-lc=r8_a-444a4d2e
act_prm_tau2_airline,s2,airline_s2_thoughts_policy_adamw30_lr1e_3_adamw_nb100_heldout,adamw,0.001,40,2.847301,0.796027,0.762982,,,,airline_s2_thoughts_policy_adamw30_lr1e_3_adamw_nb100_heldout-act-prm-ia=0-rr=0-ec=act_prm_tau2_airline-gc=act_prm_actions_only-tc=sft-rbc=default-nb=100-nt=0-mc=hf_qwen3_4b_instruct-lc=r8_a-444a4d2e
act_prm_tau2_airline,s2,airline_s2_thoughts_policy_adamw30_lr1e_3_adamw_nb100_heldout,adamw,0.001,40,2.847301,0.796027,0.762982,,,,airline_s2_thoughts_policy_adamw30_lr1e_3_adamw_nb100_heldout-act-prm-ia=0-rr=0-ec=act_prm_tau2_airline-gc=act_prm_actions_only-tc=sft-rbc=default-nb=100-nt=0-mc=hf_qwen3_4b_instruct-lc=r8_a-444a4d2e
act_prm_tau2_airline,s2,airline_s2_thoughts_policy_adamw30_lr1e_3_adamw_nb100_heldout,adamw,0.001,50,3.462116,0.795245,0.759409,,,,airline_s2_thoughts_policy_adamw30_lr1e_3_adamw_nb100_heldout-act-prm-ia=0-rr=0-ec=act_prm_tau2_airline-gc=act_prm_actions_only-tc=sft-rbc=default-nb=100-nt=0-mc=hf_qwen3_4b_instruct-lc=r8_a-444a4d2e
act_prm_tau2_airline,s2,airline_s2_thoughts_policy_adamw30_lr1e_3_adamw_nb200_flat32_heldout,adamw,0.001,5,2.222982,0.780049,0.757763,2.378217,6393.0,8396.0,airline_s2_thoughts_policy_adamw30_lr1e_3_adamw_nb200_flat32_heldout-act-prm-ia=0-rr=0-ec=act_prm_tau2_airline-gc=act_prm_actions_only-tc=sft_flat-rbc=default-nb=200-nt=0-mc=hf_qwen3_4b_inst-dcfa70b2
act_prm_tau2_airline,s2,airline_s2_thoughts_policy_adamw30_lr1e_3_adamw_nb200_flat32_heldout,adamw,0.001,10,2.055968,0.793794,0.767089,2.233623,6393.0,8396.0,airline_s2_thoughts_policy_adamw30_lr1e_3_adamw_nb200_flat32_heldout-act-prm-ia=0-rr=0-ec=act_prm_tau2_airline-gc=act_prm_actions_only-tc=sft_flat-rbc=default-nb=200-nt=0-mc=hf_qwen3_4b_inst-dcfa70b2
act_prm_tau2_airline,s2,airline_s2_thoughts_policy_adamw30_lr1e_3_adamw_nb200_flat32_heldout,adamw,0.001,15,1.99185,0.802152,0.774629,2.190041,6393.0,8396.0,airline_s2_thoughts_policy_adamw30_lr1e_3_adamw_nb200_flat32_heldout-act-prm-ia=0-rr=0-ec=act_prm_tau2_airline-gc=act_prm_actions_only-tc=sft_flat-rbc=default-nb=200-nt=0-mc=hf_qwen3_4b_inst-dcfa70b2
act_prm_tau2_airline,s2,airline_s2_thoughts_policy_adamw30_lr1e_3_adamw_nb200_flat32_heldout,adamw,0.001,20,1.9879,0.804554,0.77278,2.2157,6393.0,8396.0,airline_s2_thoughts_policy_adamw30_lr1e_3_adamw_nb200_flat32_heldout-act-prm-ia=0-rr=0-ec=act_prm_tau2_airline-gc=act_prm_actions_only-tc=sft_flat-rbc=default-nb=200-nt=0-mc=hf_qwen3_4b_inst-dcfa70b2
act_prm_tau2_airline,s2,airline_s2_thoughts_policy_adamw30_lr1e_3_adamw_nb200_flat32_heldout,adamw,0.001,25,2.156838,0.801729,0.770645,2.438609,6393.0,8396.0,airline_s2_thoughts_policy_adamw30_lr1e_3_adamw_nb200_flat32_heldout-act-prm-ia=0-rr=0-ec=act_prm_tau2_airline-gc=act_prm_actions_only-tc=sft_flat-rbc=default-nb=200-nt=0-mc=hf_qwen3_4b_inst-dcfa70b2
act_prm_tau2_airline,s2,airline_s2_thoughts_policy_adamw30_lr1e_3_adamw_nb200_flat32_heldout,adamw,0.001,30,2.121173,0.804493,0.771217,2.4092,6393.0,8396.0,airline_s2_thoughts_policy_adamw30_lr1e_3_adamw_nb200_flat32_heldout-act-prm-ia=0-rr=0-ec=act_prm_tau2_airline-gc=act_prm_actions_only-tc=sft_flat-rbc=default-nb=200-nt=0-mc=hf_qwen3_4b_inst-dcfa70b2
act_prm_tau2_airline,s2,airline_s2_thoughts_policy_adamw30_lr1e_3_adamw_nb200_flat32_heldout,adamw,0.001,35,2.304211,0.798853,0.766075,2.63399,6393.0,8396.0,airline_s2_thoughts_policy_adamw30_lr1e_3_adamw_nb200_flat32_heldout-act-prm-ia=0-rr=0-ec=act_prm_tau2_airline-gc=act_prm_actions_only-tc=sft_flat-rbc=default-nb=200-nt=0-mc=hf_qwen3_4b_inst-dcfa70b2
act_prm_tau2_airline,s2,airline_s2_thoughts_policy_adamw30_lr1e_3_adamw_nb200_flat32_heldout,adamw,0.001,40,2.51384,0.796468,0.759856,2.945586,6393.0,8396.0,airline_s2_thoughts_policy_adamw30_lr1e_3_adamw_nb200_flat32_heldout-act-prm-ia=0-rr=0-ec=act_prm_tau2_airline-gc=act_prm_actions_only-tc=sft_flat-rbc=default-nb=200-nt=0-mc=hf_qwen3_4b_inst-dcfa70b2
act_prm_tau2_airline,s2,airline_s2_thoughts_policy_adamw30_lr1e_3_adamw_nb200_flat32_heldout,adamw,0.001,45,2.809578,0.796252,0.760883,3.236229,6393.0,8396.0,airline_s2_thoughts_policy_adamw30_lr1e_3_adamw_nb200_flat32_heldout-act-prm-ia=0-rr=0-ec=act_prm_tau2_airline-gc=act_prm_actions_only-tc=sft_flat-rbc=default-nb=200-nt=0-mc=hf_qwen3_4b_inst-dcfa70b2
act_prm_tau2_airline,s2,airline_s2_thoughts_policy_adamw30_lr1e_3_adamw_nb200_flat32_heldout,adamw,0.001,50,2.682958,0.799268,0.764616,3.197017,6393.0,8396.0,airline_s2_thoughts_policy_adamw30_lr1e_3_adamw_nb200_flat32_heldout-act-prm-ia=0-rr=0-ec=act_prm_tau2_airline-gc=act_prm_actions_only-tc=sft_flat-rbc=default-nb=200-nt=0-mc=hf_qwen3_4b_inst-dcfa70b2
act_prm_tau2_airline,s2,airline_s2_thoughts_policy_adamw30_lr1e_3_nb200_flat32sgd_heldout,sgd,0.001,5,3.294366,0.759672,0.720699,3.933139,6393.0,8396.0,airline_s2_thoughts_policy_adamw30_lr1e_3_nb200_flat32sgd_heldout-act-prm-ia=0-rr=0-ec=act_prm_tau2_airline-gc=act_prm_actions_only-tc=sft_flat-rbc=default-nb=200-nt=0-mc=hf_qwen3_4b_instruc-7744a1fd
act_prm_tau2_airline,s2,airline_s2_thoughts_policy_adamw30_lr1e_3_nb200_flat32sgd_heldout,sgd,0.001,10,3.287046,0.760107,0.721778,3.920398,6393.0,8396.0,airline_s2_thoughts_policy_adamw30_lr1e_3_nb200_flat32sgd_heldout-act-prm-ia=0-rr=0-ec=act_prm_tau2_airline-gc=act_prm_actions_only-tc=sft_flat-rbc=default-nb=200-nt=0-mc=hf_qwen3_4b_instruc-7744a1fd
act_prm_tau2_airline,s2,airline_s2_thoughts_policy_adamw30_lr1e_3_nb200_flat32sgd_heldout,sgd,0.001,15,3.278159,0.760357,0.722108,3.908842,6393.0,8396.0,airline_s2_thoughts_policy_adamw30_lr1e_3_nb200_flat32sgd_heldout-act-prm-ia=0-rr=0-ec=act_prm_tau2_airline-gc=act_prm_actions_only-tc=sft_flat-rbc=default-nb=200-nt=0-mc=hf_qwen3_4b_instruc-7744a1fd
act_prm_tau2_airline,s2,airline_s2_thoughts_policy_adamw30_lr1e_3_nb200_flat32sgd_heldout,sgd,0.001,20,3.271608,0.760257,0.722214,3.890411,6393.0,8396.0,airline_s2_thoughts_policy_adamw30_lr1e_3_nb200_flat32sgd_heldout-act-prm-ia=0-rr=0-ec=act_prm_tau2_airline-gc=act_prm_actions_only-tc=sft_flat-rbc=default-nb=200-nt=0-mc=hf_qwen3_4b_instruc-7744a1fd
act_prm_tau2_airline,s2,airline_s2_thoughts_policy_adamw30_lr1e_3_nb200_flat32sgd_heldout,sgd,0.001,25,3.253037,0.761526,0.723625,3.858205,6393.0,8396.0,airline_s2_thoughts_policy_adamw30_lr1e_3_nb200_flat32sgd_heldout-act-prm-ia=0-rr=0-ec=act_prm_tau2_airline-gc=act_prm_actions_only-tc=sft_flat-rbc=default-nb=200-nt=0-mc=hf_qwen3_4b_instruc-7744a1fd
act_prm_tau2_airline,s2,airline_s2_thoughts_policy_adamw30_lr1e_3_nb200_flat32sgd_heldout,sgd,0.001,30,3.249172,0.760956,0.722965,3.839785,6393.0,8396.0,airline_s2_thoughts_policy_adamw30_lr1e_3_nb200_flat32sgd_heldout-act-prm-ia=0-rr=0-ec=act_prm_tau2_airline-gc=act_prm_actions_only-tc=sft_flat-rbc=default-nb=200-nt=0-mc=hf_qwen3_4b_instruc-7744a1fd
act_prm_tau2_airline,s2,airline_s2_thoughts_policy_adamw30_lr1e_3_nb200_flat32sgd_heldout,sgd,0.001,35,3.231802,0.760918,0.72331,3.821108,6393.0,8396.0,airline_s2_thoughts_policy_adamw30_lr1e_3_nb200_flat32sgd_heldout-act-prm-ia=0-rr=0-ec=act_prm_tau2_airline-gc=act_prm_actions_only-tc=sft_flat-rbc=default-nb=200-nt=0-mc=hf_qwen3_4b_instruc-7744a1fd
act_prm_tau2_airline,s2,airline_s2_thoughts_policy_adamw30_lr1e_3_nb200_flat32sgd_heldout,sgd,0.001,40,3.213467,0.760056,0.723091,3.789226,6393.0,8396.0,airline_s2_thoughts_policy_adamw30_lr1e_3_nb200_flat32sgd_heldout-act-prm-ia=0-rr=0-ec=act_prm_tau2_airline-gc=act_prm_actions_only-tc=sft_flat-rbc=default-nb=200-nt=0-mc=hf_qwen3_4b_instruc-7744a1fd
act_prm_tau2_airline,s2,airline_s2_thoughts_policy_adamw30_lr1e_3_nb200_flat32sgd_heldout,sgd,0.001,45,3.19364,0.760539,0.723153,3.758558,6393.0,8396.0,airline_s2_thoughts_policy_adamw30_lr1e_3_nb200_flat32sgd_heldout-act-prm-ia=0-rr=0-ec=act_prm_tau2_airline-gc=act_prm_actions_only-tc=sft_flat-rbc=default-nb=200-nt=0-mc=hf_qwen3_4b_instruc-7744a1fd
act_prm_tau2_airline,s2,airline_s2_thoughts_policy_adamw30_lr1e_3_nb200_flat32sgd_heldout,sgd,0.001,50,3.165465,0.760894,0.724044,3.720881,6393.0,8396.0,airline_s2_thoughts_policy_adamw30_lr1e_3_nb200_flat32sgd_heldout-act-prm-ia=0-rr=0-ec=act_prm_tau2_airline-gc=act_prm_actions_only-tc=sft_flat-rbc=default-nb=200-nt=0-mc=hf_qwen3_4b_instruc-7744a1fd
act_prm_tau2_airline,s2,airline_s2_thoughts_policy_adamw30_lr1e_3_nb200_flat32sgd_heldout,sgd,0.001,55,3.152559,0.760945,0.72545,3.686098,6393.0,8396.0,airline_s2_thoughts_policy_adamw30_lr1e_3_nb200_flat32sgd_heldout-act-prm-ia=0-rr=0-ec=act_prm_tau2_airline-gc=act_prm_actions_only-tc=sft_flat-rbc=default-nb=200-nt=0-mc=hf_qwen3_4b_instruc-7744a1fd
act_prm_tau2_airline,s2,airline_s2_thoughts_policy_adamw30_lr1e_3_nb200_flat32sgd_heldout,sgd,0.001,60,3.123139,0.761045,0.724838,3.652226,6393.0,8396.0,airline_s2_thoughts_policy_adamw30_lr1e_3_nb200_flat32sgd_heldout-act-prm-ia=0-rr=0-ec=act_prm_tau2_airline-gc=act_prm_actions_only-tc=sft_flat-rbc=default-nb=200-nt=0-mc=hf_qwen3_4b_instruc-7744a1fd
act_prm_tau2_airline,s2,airline_s2_thoughts_policy_adamw30_lr1e_3_nb200_flat32sgd_heldout,sgd,0.001,65,3.101413,0.761652,0.72607,3.607668,6393.0,8396.0,airline_s2_thoughts_policy_adamw30_lr1e_3_nb200_flat32sgd_heldout-act-prm-ia=0-rr=0-ec=act_prm_tau2_airline-gc=act_prm_actions_only-tc=sft_flat-rbc=default-nb=200-nt=0-mc=hf_qwen3_4b_instruc-7744a1fd
act_prm_tau2_airline,s2,airline_s2_thoughts_policy_adamw30_lr1e_3_nb200_flat32sgd_heldout,sgd,0.001,70,3.076532,0.762783,0.726646,3.568441,6393.0,8396.0,airline_s2_thoughts_policy_adamw30_lr1e_3_nb200_flat32sgd_heldout-act-prm-ia=0-rr=0-ec=act_prm_tau2_airline-gc=act_prm_actions_only-tc=sft_flat-rbc=default-nb=200-nt=0-mc=hf_qwen3_4b_instruc-7744a1fd
act_prm_tau2_airline,s2,airline_s2_thoughts_policy_adamw30_lr1e_3_nb200_flat32sgd_heldout,sgd,0.001,75,3.044085,0.761659,0.726817,3.51934,6393.0,8396.0,airline_s2_thoughts_policy_adamw30_lr1e_3_nb200_flat32sgd_heldout-act-prm-ia=0-rr=0-ec=act_prm_tau2_airline-gc=act_prm_actions_only-tc=sft_flat-rbc=default-nb=200-nt=0-mc=hf_qwen3_4b_instruc-7744a1fd
act_prm_tau2_airline,s2,airline_s2_thoughts_policy_adamw30_lr1e_3_nb200_flat32sgd_heldout,sgd,0.001,80,3.025957,0.762324,0.726901,3.48467,6393.0,8396.0,airline_s2_thoughts_policy_adamw30_lr1e_3_nb200_flat32sgd_heldout-act-prm-ia=0-rr=0-ec=act_prm_tau2_airline-gc=act_prm_actions_only-tc=sft_flat-rbc=default-nb=200-nt=0-mc=hf_qwen3_4b_instruc-7744a1fd
act_prm_tau2_airline,s2,airline_s2_thoughts_policy_adamw30_lr1e_3_nb200_flat32sgd_heldout,sgd,0.001,85,3.000576,0.762813,0.727961,3.445103,6393.0,8396.0,airline_s2_thoughts_policy_adamw30_lr1e_3_nb200_flat32sgd_heldout-act-prm-ia=0-rr=0-ec=act_prm_tau2_airline-gc=act_prm_actions_only-tc=sft_flat-rbc=default-nb=200-nt=0-mc=hf_qwen3_4b_instruc-7744a1fd
act_prm_tau2_airline,s2,airline_s2_thoughts_policy_adamw30_lr1e_3_nb200_flat32sgd_heldout,sgd,0.001,90,2.979192,0.762616,0.728567,3.397952,6393.0,8396.0,airline_s2_thoughts_policy_adamw30_lr1e_3_nb200_flat32sgd_heldout-act-prm-ia=0-rr=0-ec=act_prm_tau2_airline-gc=act_prm_actions_only-tc=sft_flat-rbc=default-nb=200-nt=0-mc=hf_qwen3_4b_instruc-7744a1fd
act_prm_tau2_airline,s2,airline_s2_thoughts_policy_adamw30_lr1e_3_nb200_flat32sgd_heldout,sgd,0.001,95,2.945549,0.763145,0.728891,3.353424,6393.0,8396.0,airline_s2_thoughts_policy_adamw30_lr1e_3_nb200_flat32sgd_heldout-act-prm-ia=0-rr=0-ec=act_prm_tau2_airline-gc=act_prm_actions_only-tc=sft_flat-rbc=default-nb=200-nt=0-mc=hf_qwen3_4b_instruc-7744a1fd
act_prm_tau2_airline,s2,airline_s2_thoughts_policy_adamw30_lr1e_3_nb200_flat32sgd_heldout,sgd,0.001,100,2.919166,0.763304,0.729766,3.302787,6393.0,8396.0,airline_s2_thoughts_policy_adamw30_lr1e_3_nb200_flat32sgd_heldout-act-prm-ia=0-rr=0-ec=act_prm_tau2_airline-gc=act_prm_actions_only-tc=sft_flat-rbc=default-nb=200-nt=0-mc=hf_qwen3_4b_instruc-7744a1fd
act_prm_tau2_airline,s2,airline_s2_thoughts_policy_adamw30_lr1e_3_nb200_flat32sgd_heldout,sgd,0.001,105,2.890721,0.764383,0.73146,3.267491,6393.0,8396.0,airline_s2_thoughts_policy_adamw30_lr1e_3_nb200_flat32sgd_heldout-act-prm-ia=0-rr=0-ec=act_prm_tau2_airline-gc=act_prm_actions_only-tc=sft_flat-rbc=default-nb=200-nt=0-mc=hf_qwen3_4b_instruc-7744a1fd
act_prm_tau2_airline,s2,airline_s2_thoughts_policy_adamw30_lr1e_3_nb200_flat32sgd_heldout,sgd,0.001,110,2.863949,0.763408,0.730695,3.221046,6393.0,8396.0,airline_s2_thoughts_policy_adamw30_lr1e_3_nb200_flat32sgd_heldout-act-prm-ia=0-rr=0-ec=act_prm_tau2_airline-gc=act_prm_actions_only-tc=sft_flat-rbc=default-nb=200-nt=0-mc=hf_qwen3_4b_instruc-7744a1fd
act_prm_tau2_airline,s2,airline_s2_thoughts_policy_adamw30_lr1e_3_nb200_flat32sgd_heldout,sgd,0.001,115,2.835813,0.764284,0.731223,3.182172,6393.0,8396.0,airline_s2_thoughts_policy_adamw30_lr1e_3_nb200_flat32sgd_heldout-act-prm-ia=0-rr=0-ec=act_prm_tau2_airline-gc=act_prm_actions_only-tc=sft_flat-rbc=default-nb=200-nt=0-mc=hf_qwen3_4b_instruc-7744a1fd
act_prm_tau2_airline,s2,airline_s2_thoughts_policy_adamw30_lr1e_3_nb200_flat32sgd_heldout,sgd,0.001,120,2.814038,0.764172,0.731791,3.146365,6393.0,8396.0,airline_s2_thoughts_policy_adamw30_lr1e_3_nb200_flat32sgd_heldout-act-prm-ia=0-rr=0-ec=act_prm_tau2_airline-gc=act_prm_actions_only-tc=sft_flat-rbc=default-nb=200-nt=0-mc=hf_qwen3_4b_instruc-7744a1fd
act_prm_tau2_airline,s2,airline_s2_thoughts_policy_adamw30_lr1e_3_nb200_flat32sgd_heldout,sgd,0.001,125,2.782339,0.763974,0.731297,3.097736,6393.0,8396.0,airline_s2_thoughts_policy_adamw30_lr1e_3_nb200_flat32sgd_heldout-act-prm-ia=0-rr=0-ec=act_prm_tau2_airline-gc=act_prm_actions_only-tc=sft_flat-rbc=default-nb=200-nt=0-mc=hf_qwen3_4b_instruc-7744a1fd
act_prm_tau2_airline,s2,airline_s2_thoughts_policy_adamw30_lr1e_3_nb200_flat32sgd_heldout,sgd,0.001,130,2.75357,0.764058,0.731945,3.053365,6393.0,8396.0,airline_s2_thoughts_policy_adamw30_lr1e_3_nb200_flat32sgd_heldout-act-prm-ia=0-rr=0-ec=act_prm_tau2_airline-gc=act_prm_actions_only-tc=sft_flat-rbc=default-nb=200-nt=0-mc=hf_qwen3_4b_instruc-7744a1fd
act_prm_tau2_airline,s2,airline_s2_thoughts_policy_adamw30_lr1e_3_nb200_flat32sgd_heldout,sgd,0.001,135,2.733273,0.762941,0.732106,3.016749,6393.0,8396.0,airline_s2_thoughts_policy_adamw30_lr1e_3_nb200_flat32sgd_heldout-act-prm-ia=0-rr=0-ec=act_prm_tau2_airline-gc=act_prm_actions_only-tc=sft_flat-rbc=default-nb=200-nt=0-mc=hf_qwen3_4b_instruc-7744a1fd
act_prm_tau2_airline,s2,airline_s2_thoughts_policy_adamw30_lr1e_3_nb200_flat32sgd_heldout,sgd,0.001,140,2.707069,0.763194,0.73402,2.981871,6393.0,8396.0,airline_s2_thoughts_policy_adamw30_lr1e_3_nb200_flat32sgd_heldout-act-prm-ia=0-rr=0-ec=act_prm_tau2_airline-gc=act_prm_actions_only-tc=sft_flat-rbc=default-nb=200-nt=0-mc=hf_qwen3_4b_instruc-7744a1fd
act_prm_tau2_airline,s2,airline_s2_thoughts_policy_adamw30_lr1e_3_nb200_flat32sgd_heldout,sgd,0.001,145,2.689156,0.761515,0.732467,2.953839,6393.0,8396.0,airline_s2_thoughts_policy_adamw30_lr1e_3_nb200_flat32sgd_heldout-act-prm-ia=0-rr=0-ec=act_prm_tau2_airline-gc=act_prm_actions_only-tc=sft_flat-rbc=default-nb=200-nt=0-mc=hf_qwen3_4b_instruc-7744a1fd
act_prm_tau2_airline,s2,airline_s2_thoughts_policy_adamw30_lr1e_3_nb200_flat32sgd_heldout,sgd,0.001,150,2.666164,0.763937,0.734484,2.926131,6393.0,8396.0,airline_s2_thoughts_policy_adamw30_lr1e_3_nb200_flat32sgd_heldout-act-prm-ia=0-rr=0-ec=act_prm_tau2_airline-gc=act_prm_actions_only-tc=sft_flat-rbc=default-nb=200-nt=0-mc=hf_qwen3_4b_instruc-7744a1fd
act_prm_tau2_airline,s2,airline_s2_thoughts_policy_adamw30_lr1e_3_nb200_flat32sgd_heldout,sgd,0.001,155,2.646621,0.763436,0.733947,2.897585,6393.0,8396.0,airline_s2_thoughts_policy_adamw30_lr1e_3_nb200_flat32sgd_heldout-act-prm-ia=0-rr=0-ec=act_prm_tau2_airline-gc=act_prm_actions_only-tc=sft_flat-rbc=default-nb=200-nt=0-mc=hf_qwen3_4b_instruc-7744a1fd
act_prm_tau2_airline,s2,airline_s2_thoughts_policy_adamw30_lr1e_3_nb200_flat32sgd_heldout,sgd,0.001,160,2.629152,0.765161,0.736149,2.872326,6393.0,8396.0,airline_s2_thoughts_policy_adamw30_lr1e_3_nb200_flat32sgd_heldout-act-prm-ia=0-rr=0-ec=act_prm_tau2_airline-gc=act_prm_actions_only-tc=sft_flat-rbc=default-nb=200-nt=0-mc=hf_qwen3_4b_instruc-7744a1fd
act_prm_tau2_airline,s2,airline_s2_thoughts_policy_adamw30_lr1e_3_nb200_flat32sgd_heldout,sgd,0.001,165,2.61864,0.764815,0.736544,2.851299,6393.0,8396.0,airline_s2_thoughts_policy_adamw30_lr1e_3_nb200_flat32sgd_heldout-act-prm-ia=0-rr=0-ec=act_prm_tau2_airline-gc=act_prm_actions_only-tc=sft_flat-rbc=default-nb=200-nt=0-mc=hf_qwen3_4b_instruc-7744a1fd
act_prm_tau2_airline,s2,airline_s2_thoughts_policy_adamw30_lr1e_3_nb200_flat32sgd_heldout,sgd,0.001,170,2.605214,0.762982,0.735491,2.831956,6393.0,8396.0,airline_s2_thoughts_policy_adamw30_lr1e_3_nb200_flat32sgd_heldout-act-prm-ia=0-rr=0-ec=act_prm_tau2_airline-gc=act_prm_actions_only-tc=sft_flat-rbc=default-nb=200-nt=0-mc=hf_qwen3_4b_instruc-7744a1fd
act_prm_tau2_airline,s2,airline_s2_thoughts_policy_adamw30_lr1e_3_nb200_flat32sgd_heldout,sgd,0.001,175,2.589099,0.764091,0.735854,2.81038,6393.0,8396.0,airline_s2_thoughts_policy_adamw30_lr1e_3_nb200_flat32sgd_heldout-act-prm-ia=0-rr=0-ec=act_prm_tau2_airline-gc=act_prm_actions_only-tc=sft_flat-rbc=default-nb=200-nt=0-mc=hf_qwen3_4b_instruc-7744a1fd
act_prm_tau2_airline,s2,airline_s2_thoughts_policy_adamw30_lr1e_3_nb200_flat32sgd_heldout,sgd,0.001,180,2.579387,0.76497,0.737772,2.79299,6393.0,8396.0,airline_s2_thoughts_policy_adamw30_lr1e_3_nb200_flat32sgd_heldout-act-prm-ia=0-rr=0-ec=act_prm_tau2_airline-gc=act_prm_actions_only-tc=sft_flat-rbc=default-nb=200-nt=0-mc=hf_qwen3_4b_instruc-7744a1fd
act_prm_tau2_airline,s2,airline_s2_thoughts_policy_adamw30_lr1e_3_nb200_flat32sgd_heldout,sgd,0.001,185,2.565159,0.765051,0.736724,2.773377,6393.0,8396.0,airline_s2_thoughts_policy_adamw30_lr1e_3_nb200_flat32sgd_heldout-act-prm-ia=0-rr=0-ec=act_prm_tau2_airline-gc=act_prm_actions_only-tc=sft_flat-rbc=default-nb=200-nt=0-mc=hf_qwen3_4b_instruc-7744a1fd
act_prm_tau2_airline,s2,airline_s2_thoughts_policy_adamw30_lr1e_3_nb200_flat32sgd_heldout,sgd,0.001,190,2.553276,0.764542,0.737286,2.759899,6393.0,8396.0,airline_s2_thoughts_policy_adamw30_lr1e_3_nb200_flat32sgd_heldout-act-prm-ia=0-rr=0-ec=act_prm_tau2_airline-gc=act_prm_actions_only-tc=sft_flat-rbc=default-nb=200-nt=0-mc=hf_qwen3_4b_instruc-7744a1fd
act_prm_tau2_airline,s2,airline_s2_thoughts_policy_adamw30_lr1e_3_nb200_flat32sgd_heldout,sgd,0.001,195,2.541735,0.766232,0.73863,2.744274,6393.0,8396.0,airline_s2_thoughts_policy_adamw30_lr1e_3_nb200_flat32sgd_heldout-act-prm-ia=0-rr=0-ec=act_prm_tau2_airline-gc=act_prm_actions_only-tc=sft_flat-rbc=default-nb=200-nt=0-mc=hf_qwen3_4b_instruc-7744a1fd
act_prm_tau2_airline,s2,airline_s2_thoughts_policy_adamw30_lr1e_3_nb200_flat32sgd_heldout,sgd,0.001,199,2.537456,0.765844,0.738354,2.735579,6393.0,8396.0,airline_s2_thoughts_policy_adamw30_lr1e_3_nb200_flat32sgd_heldout-act-prm-ia=0-rr=0-ec=act_prm_tau2_airline-gc=act_prm_actions_only-tc=sft_flat-rbc=default-nb=200-nt=0-mc=hf_qwen3_4b_instruc-7744a1fd
act_prm_tau2_airline,s2,airline_s2_thoughts_policy_lr3e_3_nb150_heldout,,0.003,10,3.480335,0.753637,0.71618,,,,airline_s2_thoughts_policy_lr3e_3_nb150_heldout-act-prm-ia=0-rr=0-ec=act_prm_tau2_airline-gc=act_prm_actions_only-tc=sft-rbc=default-nb=150-nt=0-mc=hf_qwen3_4b_instruct-lc=r8_a16_linear-nie=-63847bed
act_prm_tau2_airline,s2,airline_s2_thoughts_policy_lr3e_3_nb150_heldout,,0.003,10,3.480335,0.753637,0.71618,,,,airline_s2_thoughts_policy_lr3e_3_nb150_heldout-act-prm-ia=0-rr=0-ec=act_prm_tau2_airline-gc=act_prm_actions_only-tc=sft-rbc=default-nb=150-nt=0-mc=hf_qwen3_4b_instruct-lc=r8_a16_linear-nie=-63847bed
act_prm_tau2_airline,s2,airline_s2_thoughts_policy_lr3e_3_nb150_heldout,,0.003,20,3.362051,0.752542,0.71618,,,,airline_s2_thoughts_policy_lr3e_3_nb150_heldout-act-prm-ia=0-rr=0-ec=act_prm_tau2_airline-gc=act_prm_actions_only-tc=sft-rbc=default-nb=150-nt=0-mc=hf_qwen3_4b_instruct-lc=r8_a16_linear-nie=-63847bed
act_prm_tau2_airline,s2,airline_s2_thoughts_policy_lr3e_3_nb150_heldout,,0.003,20,3.362051,0.752542,0.71618,,,,airline_s2_thoughts_policy_lr3e_3_nb150_heldout-act-prm-ia=0-rr=0-ec=act_prm_tau2_airline-gc=act_prm_actions_only-tc=sft-rbc=default-nb=150-nt=0-mc=hf_qwen3_4b_instruct-lc=r8_a16_linear-nie=-63847bed
act_prm_tau2_airline,s2,airline_s2_thoughts_policy_lr3e_3_nb150_heldout,,0.003,30,3.206524,0.754888,0.718966,,,,airline_s2_thoughts_policy_lr3e_3_nb150_heldout-act-prm-ia=0-rr=0-ec=act_prm_tau2_airline-gc=act_prm_actions_only-tc=sft-rbc=default-nb=150-nt=0-mc=hf_qwen3_4b_instruct-lc=r8_a16_linear-nie=-63847bed
act_prm_tau2_airline,s2,airline_s2_thoughts_policy_lr3e_3_nb150_heldout,,0.003,30,3.206524,0.754888,0.718966,,,,airline_s2_thoughts_policy_lr3e_3_nb150_heldout-act-prm-ia=0-rr=0-ec=act_prm_tau2_airline-gc=act_prm_actions_only-tc=sft-rbc=default-nb=150-nt=0-mc=hf_qwen3_4b_instruct-lc=r8_a16_linear-nie=-63847bed
act_prm_tau2_airline,s2,airline_s2_thoughts_policy_lr3e_3_nb150_heldout,,0.003,40,3.031145,0.756765,0.721863,,,,airline_s2_thoughts_policy_lr3e_3_nb150_heldout-act-prm-ia=0-rr=0-ec=act_prm_tau2_airline-gc=act_prm_actions_only-tc=sft-rbc=default-nb=150-nt=0-mc=hf_qwen3_4b_instruct-lc=r8_a16_linear-nie=-63847bed
act_prm_tau2_airline,s2,airline_s2_thoughts_policy_lr3e_3_nb150_heldout,,0.003,40,3.031145,0.756765,0.721863,,,,airline_s2_thoughts_policy_lr3e_3_nb150_heldout-act-prm-ia=0-rr=0-ec=act_prm_tau2_airline-gc=act_prm_actions_only-tc=sft-rbc=default-nb=150-nt=0-mc=hf_qwen3_4b_instruct-lc=r8_a16_linear-nie=-63847bed
act_prm_tau2_airline,s2,airline_s2_thoughts_policy_lr3e_3_nb150_heldout,,0.003,50,2.845175,0.758955,0.724426,,,,airline_s2_thoughts_policy_lr3e_3_nb150_heldout-act-prm-ia=0-rr=0-ec=act_prm_tau2_airline-gc=act_prm_actions_only-tc=sft-rbc=default-nb=150-nt=0-mc=hf_qwen3_4b_instruct-lc=r8_a16_linear-nie=-63847bed
act_prm_tau2_airline,s2,airline_s2_thoughts_policy_lr3e_3_nb150_heldout,,0.003,50,2.845175,0.758955,0.724426,,,,airline_s2_thoughts_policy_lr3e_3_nb150_heldout-act-prm-ia=0-rr=0-ec=act_prm_tau2_airline-gc=act_prm_actions_only-tc=sft-rbc=default-nb=150-nt=0-mc=hf_qwen3_4b_instruct-lc=r8_a16_linear-nie=-63847bed
act_prm_tau2_airline,s2,airline_s2_thoughts_policy_lr3e_3_nb150_heldout,,0.003,60,2.704733,0.762553,0.727435,,,,airline_s2_thoughts_policy_lr3e_3_nb150_heldout-act-prm-ia=0-rr=0-ec=act_prm_tau2_airline-gc=act_prm_actions_only-tc=sft-rbc=default-nb=150-nt=0-mc=hf_qwen3_4b_instruct-lc=r8_a16_linear-nie=-63847bed
act_prm_tau2_airline,s2,airline_s2_thoughts_policy_lr3e_3_nb150_heldout,,0.003,60,2.704733,0.762553,0.727435,,,,airline_s2_thoughts_policy_lr3e_3_nb150_heldout-act-prm-ia=0-rr=0-ec=act_prm_tau2_airline-gc=act_prm_actions_only-tc=sft-rbc=default-nb=150-nt=0-mc=hf_qwen3_4b_instruct-lc=r8_a16_linear-nie=-63847bed
act_prm_tau2_airline,s2,airline_s2_thoughts_policy_lr3e_3_nb150_heldout,,0.003,70,2.598284,0.765681,0.730221,,,,airline_s2_thoughts_policy_lr3e_3_nb150_heldout-act-prm-ia=0-rr=0-ec=act_prm_tau2_airline-gc=act_prm_actions_only-tc=sft-rbc=default-nb=150-nt=0-mc=hf_qwen3_4b_instruct-lc=r8_a16_linear-nie=-63847bed
act_prm_tau2_airline,s2,airline_s2_thoughts_policy_lr3e_3_nb150_heldout,,0.003,70,2.598284,0.765681,0.730221,,,,airline_s2_thoughts_policy_lr3e_3_nb150_heldout-act-prm-ia=0-rr=0-ec=act_prm_tau2_airline-gc=act_prm_actions_only-tc=sft-rbc=default-nb=150-nt=0-mc=hf_qwen3_4b_instruct-lc=r8_a16_linear-nie=-63847bed
act_prm_tau2_airline,s2,airline_s2_thoughts_policy_lr3e_3_nb150_heldout,,0.003,80,2.531868,0.765212,0.729329,,,,airline_s2_thoughts_policy_lr3e_3_nb150_heldout-act-prm-ia=0-rr=0-ec=act_prm_tau2_airline-gc=act_prm_actions_only-tc=sft-rbc=default-nb=150-nt=0-mc=hf_qwen3_4b_instruct-lc=r8_a16_linear-nie=-63847bed
act_prm_tau2_airline,s2,airline_s2_thoughts_policy_lr3e_3_nb150_heldout,,0.003,80,2.531868,0.765212,0.729329,,,,airline_s2_thoughts_policy_lr3e_3_nb150_heldout-act-prm-ia=0-rr=0-ec=act_prm_tau2_airline-gc=act_prm_actions_only-tc=sft-rbc=default-nb=150-nt=0-mc=hf_qwen3_4b_instruct-lc=r8_a16_linear-nie=-63847bed
act_prm_tau2_airline,s2,airline_s2_thoughts_policy_lr3e_3_nb150_heldout,,0.003,90,2.484138,0.765681,0.729329,,,,airline_s2_thoughts_policy_lr3e_3_nb150_heldout-act-prm-ia=0-rr=0-ec=act_prm_tau2_airline-gc=act_prm_actions_only-tc=sft-rbc=default-nb=150-nt=0-mc=hf_qwen3_4b_instruct-lc=r8_a16_linear-nie=-63847bed
act_prm_tau2_airline,s2,airline_s2_thoughts_policy_lr3e_3_nb150_heldout,,0.003,90,2.484138,0.765681,0.729329,,,,airline_s2_thoughts_policy_lr3e_3_nb150_heldout-act-prm-ia=0-rr=0-ec=act_prm_tau2_airline-gc=act_prm_actions_only-tc=sft-rbc=default-nb=150-nt=0-mc=hf_qwen3_4b_instruct-lc=r8_a16_linear-nie=-63847bed
act_prm_tau2_airline,s2,airline_s2_thoughts_policy_lr3e_3_nb150_heldout,,0.003,100,2.453293,0.766933,0.730778,,,,airline_s2_thoughts_policy_lr3e_3_nb150_heldout-act-prm-ia=0-rr=0-ec=act_prm_tau2_airline-gc=act_prm_actions_only-tc=sft-rbc=default-nb=150-nt=0-mc=hf_qwen3_4b_instruct-lc=r8_a16_linear-nie=-63847bed
act_prm_tau2_airline,s2,airline_s2_thoughts_policy_lr3e_3_nb150_heldout,,0.003,100,2.453293,0.766933,0.730778,,,,airline_s2_thoughts_policy_lr3e_3_nb150_heldout-act-prm-ia=0-rr=0-ec=act_prm_tau2_airline-gc=act_prm_actions_only-tc=sft-rbc=default-nb=150-nt=0-mc=hf_qwen3_4b_instruct-lc=r8_a16_linear-nie=-63847bed
act_prm_tau2_airline,s2,airline_s2_thoughts_policy_lr3e_3_nb150_heldout,,0.003,110,2.431262,0.766776,0.731001,,,,airline_s2_thoughts_policy_lr3e_3_nb150_heldout-act-prm-ia=0-rr=0-ec=act_prm_tau2_airline-gc=act_prm_actions_only-tc=sft-rbc=default-nb=150-nt=0-mc=hf_qwen3_4b_instruct-lc=r8_a16_linear-nie=-63847bed
act_prm_tau2_airline,s2,airline_s2_thoughts_policy_lr3e_3_nb150_heldout,,0.003,110,2.431262,0.766776,0.731001,,,,airline_s2_thoughts_policy_lr3e_3_nb150_heldout-act-prm-ia=0-rr=0-ec=act_prm_tau2_airline-gc=act_prm_actions_only-tc=sft-rbc=default-nb=150-nt=0-mc=hf_qwen3_4b_instruct-lc=r8_a16_linear-nie=-63847bed
act_prm_tau2_airline,s2,airline_s2_thoughts_policy_lr3e_3_nb150_heldout,,0.003,120,2.415364,0.767089,0.731446,,,,airline_s2_thoughts_policy_lr3e_3_nb150_heldout-act-prm-ia=0-rr=0-ec=act_prm_tau2_airline-gc=act_prm_actions_only-tc=sft-rbc=default-nb=150-nt=0-mc=hf_qwen3_4b_instruct-lc=r8_a16_linear-nie=-63847bed
act_prm_tau2_airline,s2,airline_s2_thoughts_policy_lr3e_3_nb150_heldout,,0.003,120,2.415364,0.767089,0.731446,,,,airline_s2_thoughts_policy_lr3e_3_nb150_heldout-act-prm-ia=0-rr=0-ec=act_prm_tau2_airline-gc=act_prm_actions_only-tc=sft-rbc=default-nb=150-nt=0-mc=hf_qwen3_4b_instruct-lc=r8_a16_linear-nie=-63847bed
act_prm_tau2_airline,s2,airline_s2_thoughts_policy_lr3e_3_nb150_heldout,,0.003,130,2.402532,0.767715,0.732561,,,,airline_s2_thoughts_policy_lr3e_3_nb150_heldout-act-prm-ia=0-rr=0-ec=act_prm_tau2_airline-gc=act_prm_actions_only-tc=sft-rbc=default-nb=150-nt=0-mc=hf_qwen3_4b_instruct-lc=r8_a16_linear-nie=-63847bed
act_prm_tau2_airline,s2,airline_s2_thoughts_policy_lr3e_3_nb150_heldout,,0.003,130,2.402532,0.767715,0.732561,,,,airline_s2_thoughts_policy_lr3e_3_nb150_heldout-act-prm-ia=0-rr=0-ec=act_prm_tau2_airline-gc=act_prm_actions_only-tc=sft-rbc=default-nb=150-nt=0-mc=hf_qwen3_4b_instruct-lc=r8_a16_linear-nie=-63847bed
act_prm_tau2_airline,s2,airline_s2_thoughts_policy_lr3e_3_nb150_heldout,,0.003,140,2.394008,0.768497,0.733786,,,,airline_s2_thoughts_policy_lr3e_3_nb150_heldout-act-prm-ia=0-rr=0-ec=act_prm_tau2_airline-gc=act_prm_actions_only-tc=sft-rbc=default-nb=150-nt=0-mc=hf_qwen3_4b_instruct-lc=r8_a16_linear-nie=-63847bed
act_prm_tau2_airline,s2,airline_s2_thoughts_policy_lr3e_3_nb150_heldout,,0.003,140,2.394008,0.768497,0.733786,,,,airline_s2_thoughts_policy_lr3e_3_nb150_heldout-act-prm-ia=0-rr=0-ec=act_prm_tau2_airline-gc=act_prm_actions_only-tc=sft-rbc=default-nb=150-nt=0-mc=hf_qwen3_4b_instruct-lc=r8_a16_linear-nie=-63847bed
act_prm_tau2_airline,s2,airline_s2_thoughts_policy_lr3e_3_nb150_heldout,,0.003,149,2.386807,0.769122,0.734789,,,,airline_s2_thoughts_policy_lr3e_3_nb150_heldout-act-prm-ia=0-rr=0-ec=act_prm_tau2_airline-gc=act_prm_actions_only-tc=sft-rbc=default-nb=150-nt=0-mc=hf_qwen3_4b_instruct-lc=r8_a16_linear-nie=-63847bed
act_prm_tau2_airline,s2,airline_s2_thoughts_policy_lr3e_3_nb150_heldout,,0.003,149,2.386807,0.769122,0.734789,,,,airline_s2_thoughts_policy_lr3e_3_nb150_heldout-act-prm-ia=0-rr=0-ec=act_prm_tau2_airline-gc=act_prm_actions_only-tc=sft-rbc=default-nb=150-nt=0-mc=hf_qwen3_4b_instruct-lc=r8_a16_linear-nie=-63847bed
act_prm_tau2_retail,other,basePPL_actionsonly,adamw,0.001,0,3.84283,0.760942,0.760942,3.84283,13459.0,13459.0,basePPL_actionsonly-act-prm-ia=0-rr=0-ec=act_prm_tau2_retail-gc=act_prm_actions_only-tc=sft_flat-rbc=default-nb=1-nt=0-mc=hf_qwen3_4b_instruct-lc=r8_a16_linear-gc=0-nf=0-ho=1-bm=eval_actiono-352fae85
act_prm_tau2_retail,other,equiv_flat,adamw,0.001,0,3.113301,0.773362,0.726462,3.79053,13459.0,19282.0,equiv_flat-act-prm-ia=0-rr=0-ec=act_prm_tau2_retail-gc=act_prm_actions_only-tc=sft_flat-rbc=default-nb=1-nt=0-mc=hf_qwen3_4b_instruct-lc=r8_a16_linear-gc=0-nf=0-ho=1-bm=eval_actiononly_ppl-l-5603a521
act_prm_tau2_retail,other,equiv_sft,adamw,0.001,0,3.111894,0.772569,0.726584,,,,equiv_sft-act-prm-ia=0-rr=0-ec=act_prm_tau2_retail-gc=act_prm_actions_only-tc=sft-rbc=default-nb=1-nt=0-mc=hf_qwen3_4b_instruct-lc=r8_a16_linear-gc=0-nf=0-ho=1-bm=eval_actiononly_ppl-gs=4-bs-8c45be8b
act_prm_tau2_retail,other,equiv_sft,adamw,0.001,0,3.111894,0.772569,0.726584,,,,equiv_sft-act-prm-ia=0-rr=0-ec=act_prm_tau2_retail-gc=act_prm_actions_only-tc=sft-rbc=default-nb=1-nt=0-mc=hf_qwen3_4b_instruct-lc=r8_a16_linear-gc=0-nf=0-ho=1-bm=eval_actiononly_ppl-gs=4-bs-8c45be8b
act_prm_tau2_retail,s2,retail_s2_actions_only_heldout,,4e-05,10,3.841321,0.760606,0.760606,,,,retail_s2_actions_only_heldout-act-prm-ia=0-rr=0-ec=act_prm_tau2_retail-gc=act_prm_actions_only-tc=sft-rbc=default-nb=60-nt=0-mc=hf_qwen3_4b_instruct-lc=r8_a16_linear-nie=1-gc=0-nf=0-lp=0_15-37fce582
act_prm_tau2_retail,s2,retail_s2_actions_only_heldout,,4e-05,10,3.841321,0.760606,0.760606,,,,retail_s2_actions_only_heldout-act-prm-ia=0-rr=0-ec=act_prm_tau2_retail-gc=act_prm_actions_only-tc=sft-rbc=default-nb=60-nt=0-mc=hf_qwen3_4b_instruct-lc=r8_a16_linear-nie=1-gc=0-nf=0-lp=0_15-37fce582
act_prm_tau2_retail,s2,retail_s2_actions_only_heldout,,4e-05,20,3.8391,0.760606,0.760606,,,,retail_s2_actions_only_heldout-act-prm-ia=0-rr=0-ec=act_prm_tau2_retail-gc=act_prm_actions_only-tc=sft-rbc=default-nb=60-nt=0-mc=hf_qwen3_4b_instruct-lc=r8_a16_linear-nie=1-gc=0-nf=0-lp=0_15-37fce582
act_prm_tau2_retail,s2,retail_s2_actions_only_heldout,,4e-05,20,3.8391,0.760606,0.760606,,,,retail_s2_actions_only_heldout-act-prm-ia=0-rr=0-ec=act_prm_tau2_retail-gc=act_prm_actions_only-tc=sft-rbc=default-nb=60-nt=0-mc=hf_qwen3_4b_instruct-lc=r8_a16_linear-nie=1-gc=0-nf=0-lp=0_15-37fce582
act_prm_tau2_retail,s2,retail_s2_actions_only_heldout,,4e-05,30,3.844722,0.760086,0.760086,,,,retail_s2_actions_only_heldout-act-prm-ia=0-rr=0-ec=act_prm_tau2_retail-gc=act_prm_actions_only-tc=sft-rbc=default-nb=60-nt=0-mc=hf_qwen3_4b_instruct-lc=r8_a16_linear-nie=1-gc=0-nf=0-lp=0_15-37fce582
act_prm_tau2_retail,s2,retail_s2_actions_only_heldout,,4e-05,30,3.844722,0.760086,0.760086,,,,retail_s2_actions_only_heldout-act-prm-ia=0-rr=0-ec=act_prm_tau2_retail-gc=act_prm_actions_only-tc=sft-rbc=default-nb=60-nt=0-mc=hf_qwen3_4b_instruct-lc=r8_a16_linear-nie=1-gc=0-nf=0-lp=0_15-37fce582
act_prm_tau2_retail,s2,retail_s2_actions_only_heldout,,4e-05,40,3.837826,0.760829,0.760829,,,,retail_s2_actions_only_heldout-act-prm-ia=0-rr=0-ec=act_prm_tau2_retail-gc=act_prm_actions_only-tc=sft-rbc=default-nb=60-nt=0-mc=hf_qwen3_4b_instruct-lc=r8_a16_linear-nie=1-gc=0-nf=0-lp=0_15-37fce582
act_prm_tau2_retail,s2,retail_s2_actions_only_heldout,,4e-05,40,3.837826,0.760829,0.760829,,,,retail_s2_actions_only_heldout-act-prm-ia=0-rr=0-ec=act_prm_tau2_retail-gc=act_prm_actions_only-tc=sft-rbc=default-nb=60-nt=0-mc=hf_qwen3_4b_instruct-lc=r8_a16_linear-nie=1-gc=0-nf=0-lp=0_15-37fce582
act_prm_tau2_retail,s2,retail_s2_actions_only_heldout,,4e-05,50,3.845084,0.760532,0.760532,,,,retail_s2_actions_only_heldout-act-prm-ia=0-rr=0-ec=act_prm_tau2_retail-gc=act_prm_actions_only-tc=sft-rbc=default-nb=60-nt=0-mc=hf_qwen3_4b_instruct-lc=r8_a16_linear-nie=1-gc=0-nf=0-lp=0_15-37fce582
act_prm_tau2_retail,s2,retail_s2_actions_only_heldout,,4e-05,50,3.845084,0.760532,0.760532,,,,retail_s2_actions_only_heldout-act-prm-ia=0-rr=0-ec=act_prm_tau2_retail-gc=act_prm_actions_only-tc=sft-rbc=default-nb=60-nt=0-mc=hf_qwen3_4b_instruct-lc=r8_a16_linear-nie=1-gc=0-nf=0-lp=0_15-37fce582
act_prm_tau2_retail,s2,retail_s2_actions_only_heldout,,4e-05,59,3.845542,0.760978,0.760978,,,,retail_s2_actions_only_heldout-act-prm-ia=0-rr=0-ec=act_prm_tau2_retail-gc=act_prm_actions_only-tc=sft-rbc=default-nb=60-nt=0-mc=hf_qwen3_4b_instruct-lc=r8_a16_linear-nie=1-gc=0-nf=0-lp=0_15-37fce582
act_prm_tau2_retail,s2,retail_s2_actions_only_heldout,,4e-05,59,3.845542,0.760978,0.760978,,,,retail_s2_actions_only_heldout-act-prm-ia=0-rr=0-ec=act_prm_tau2_retail-gc=act_prm_actions_only-tc=sft-rbc=default-nb=60-nt=0-mc=hf_qwen3_4b_instruct-lc=r8_a16_linear-nie=1-gc=0-nf=0-lp=0_15-37fce582
act_prm_tau2_retail,s2,retail_s2_actions_only_heldout_fullctx,,4e-05,10,3.388998,0.798499,0.798499,,,,retail_s2_actions_only_heldout_fullctx-act-prm-ia=0-rr=0-ec=act_prm_tau2_retail-gc=act_prm_actions_only-tc=sft-rbc=default-nb=60-nt=0-mc=hf_qwen3_4b_instruct-lc=r8_a16_linear-nie=1-gc=0-nf=0-2df1cba7
act_prm_tau2_retail,s2,retail_s2_actions_only_heldout_fullctx,,4e-05,10,3.388998,0.798499,0.798499,,,,retail_s2_actions_only_heldout_fullctx-act-prm-ia=0-rr=0-ec=act_prm_tau2_retail-gc=act_prm_actions_only-tc=sft-rbc=default-nb=60-nt=0-mc=hf_qwen3_4b_instruct-lc=r8_a16_linear-nie=1-gc=0-nf=0-2df1cba7
act_prm_tau2_retail,s2,retail_s2_actions_only_heldout_fullctx,,4e-05,20,3.391585,0.798722,0.798722,,,,retail_s2_actions_only_heldout_fullctx-act-prm-ia=0-rr=0-ec=act_prm_tau2_retail-gc=act_prm_actions_only-tc=sft-rbc=default-nb=60-nt=0-mc=hf_qwen3_4b_instruct-lc=r8_a16_linear-nie=1-gc=0-nf=0-2df1cba7
act_prm_tau2_retail,s2,retail_s2_actions_only_heldout_fullctx,,4e-05,20,3.391585,0.798722,0.798722,,,,retail_s2_actions_only_heldout_fullctx-act-prm-ia=0-rr=0-ec=act_prm_tau2_retail-gc=act_prm_actions_only-tc=sft-rbc=default-nb=60-nt=0-mc=hf_qwen3_4b_instruct-lc=r8_a16_linear-nie=1-gc=0-nf=0-2df1cba7
act_prm_tau2_retail,s2,retail_s2_actions_only_heldout_fullctx,,4e-05,30,3.389545,0.798796,0.798796,,,,retail_s2_actions_only_heldout_fullctx-act-prm-ia=0-rr=0-ec=act_prm_tau2_retail-gc=act_prm_actions_only-tc=sft-rbc=default-nb=60-nt=0-mc=hf_qwen3_4b_instruct-lc=r8_a16_linear-nie=1-gc=0-nf=0-2df1cba7
act_prm_tau2_retail,s2,retail_s2_actions_only_heldout_fullctx,,4e-05,30,3.389545,0.798796,0.798796,,,,retail_s2_actions_only_heldout_fullctx-act-prm-ia=0-rr=0-ec=act_prm_tau2_retail-gc=act_prm_actions_only-tc=sft-rbc=default-nb=60-nt=0-mc=hf_qwen3_4b_instruct-lc=r8_a16_linear-nie=1-gc=0-nf=0-2df1cba7
act_prm_tau2_retail,s2,retail_s2_actions_only_heldout_fullctx,,4e-05,40,3.392477,0.798796,0.798796,,,,retail_s2_actions_only_heldout_fullctx-act-prm-ia=0-rr=0-ec=act_prm_tau2_retail-gc=act_prm_actions_only-tc=sft-rbc=default-nb=60-nt=0-mc=hf_qwen3_4b_instruct-lc=r8_a16_linear-nie=1-gc=0-nf=0-2df1cba7
act_prm_tau2_retail,s2,retail_s2_actions_only_heldout_fullctx,,4e-05,40,3.392477,0.798796,0.798796,,,,retail_s2_actions_only_heldout_fullctx-act-prm-ia=0-rr=0-ec=act_prm_tau2_retail-gc=act_prm_actions_only-tc=sft-rbc=default-nb=60-nt=0-mc=hf_qwen3_4b_instruct-lc=r8_a16_linear-nie=1-gc=0-nf=0-2df1cba7
act_prm_tau2_retail,s2,retail_s2_actions_only_heldout_fullctx,,4e-05,50,3.383554,0.799094,0.799094,,,,retail_s2_actions_only_heldout_fullctx-act-prm-ia=0-rr=0-ec=act_prm_tau2_retail-gc=act_prm_actions_only-tc=sft-rbc=default-nb=60-nt=0-mc=hf_qwen3_4b_instruct-lc=r8_a16_linear-nie=1-gc=0-nf=0-2df1cba7
act_prm_tau2_retail,s2,retail_s2_actions_only_heldout_fullctx,,4e-05,50,3.383554,0.799094,0.799094,,,,retail_s2_actions_only_heldout_fullctx-act-prm-ia=0-rr=0-ec=act_prm_tau2_retail-gc=act_prm_actions_only-tc=sft-rbc=default-nb=60-nt=0-mc=hf_qwen3_4b_instruct-lc=r8_a16_linear-nie=1-gc=0-nf=0-2df1cba7
act_prm_tau2_retail,s2,retail_s2_actions_only_heldout_fullctx,,4e-05,59,3.384065,0.798499,0.798499,,,,retail_s2_actions_only_heldout_fullctx-act-prm-ia=0-rr=0-ec=act_prm_tau2_retail-gc=act_prm_actions_only-tc=sft-rbc=default-nb=60-nt=0-mc=hf_qwen3_4b_instruct-lc=r8_a16_linear-nie=1-gc=0-nf=0-2df1cba7
act_prm_tau2_retail,s2,retail_s2_actions_only_heldout_fullctx,,4e-05,59,3.384065,0.798499,0.798499,,,,retail_s2_actions_only_heldout_fullctx-act-prm-ia=0-rr=0-ec=act_prm_tau2_retail-gc=act_prm_actions_only-tc=sft-rbc=default-nb=60-nt=0-mc=hf_qwen3_4b_instruct-lc=r8_a16_linear-nie=1-gc=0-nf=0-2df1cba7
act_prm_tau2_retail,s2,retail_s2_actions_only_lr1e_3_adamw_nb150_heldout,adamw,0.001,10,1.926475,0.811873,0.811873,,,,retail_s2_actions_only_lr1e_3_adamw_nb150_heldout-act-prm-ia=0-rr=0-ec=act_prm_tau2_retail-gc=act_prm_actions_only-tc=sft-rbc=default-nb=150-nt=0-mc=hf_qwen3_4b_instruct-lc=r8_a16_linear-nie-07d6a5bf
act_prm_tau2_retail,s2,retail_s2_actions_only_lr1e_3_adamw_nb150_heldout,adamw,0.001,10,1.926475,0.811873,0.811873,,,,retail_s2_actions_only_lr1e_3_adamw_nb150_heldout-act-prm-ia=0-rr=0-ec=act_prm_tau2_retail-gc=act_prm_actions_only-tc=sft-rbc=default-nb=150-nt=0-mc=hf_qwen3_4b_instruct-lc=r8_a16_linear-nie-07d6a5bf
act_prm_tau2_retail,s2,retail_s2_actions_only_lr1e_3_adamw_nb150_heldout,adamw,0.001,20,1.791469,0.825916,0.825916,,,,retail_s2_actions_only_lr1e_3_adamw_nb150_heldout-act-prm-ia=0-rr=0-ec=act_prm_tau2_retail-gc=act_prm_actions_only-tc=sft-rbc=default-nb=150-nt=0-mc=hf_qwen3_4b_instruct-lc=r8_a16_linear-nie-07d6a5bf
act_prm_tau2_retail,s2,retail_s2_actions_only_lr1e_3_adamw_nb150_heldout,adamw,0.001,20,1.791469,0.825916,0.825916,,,,retail_s2_actions_only_lr1e_3_adamw_nb150_heldout-act-prm-ia=0-rr=0-ec=act_prm_tau2_retail-gc=act_prm_actions_only-tc=sft-rbc=default-nb=150-nt=0-mc=hf_qwen3_4b_instruct-lc=r8_a16_linear-nie-07d6a5bf
act_prm_tau2_retail,s2,retail_s2_actions_only_lr1e_3_adamw_nb150_heldout,adamw,0.001,30,1.798985,0.829259,0.829259,,,,retail_s2_actions_only_lr1e_3_adamw_nb150_heldout-act-prm-ia=0-rr=0-ec=act_prm_tau2_retail-gc=act_prm_actions_only-tc=sft-rbc=default-nb=150-nt=0-mc=hf_qwen3_4b_instruct-lc=r8_a16_linear-nie-07d6a5bf
act_prm_tau2_retail,s2,retail_s2_actions_only_lr1e_3_adamw_nb150_heldout,adamw,0.001,30,1.798985,0.829259,0.829259,,,,retail_s2_actions_only_lr1e_3_adamw_nb150_heldout-act-prm-ia=0-rr=0-ec=act_prm_tau2_retail-gc=act_prm_actions_only-tc=sft-rbc=default-nb=150-nt=0-mc=hf_qwen3_4b_instruct-lc=r8_a16_linear-nie-07d6a5bf
act_prm_tau2_retail,s2,retail_s2_actions_only_lr1e_3_adamw_nb150_heldout,adamw,0.001,40,1.837453,0.828888,0.828888,,,,retail_s2_actions_only_lr1e_3_adamw_nb150_heldout-act-prm-ia=0-rr=0-ec=act_prm_tau2_retail-gc=act_prm_actions_only-tc=sft-rbc=default-nb=150-nt=0-mc=hf_qwen3_4b_instruct-lc=r8_a16_linear-nie-07d6a5bf
act_prm_tau2_retail,s2,retail_s2_actions_only_lr1e_3_adamw_nb150_heldout,adamw,0.001,40,1.837453,0.828888,0.828888,,,,retail_s2_actions_only_lr1e_3_adamw_nb150_heldout-act-prm-ia=0-rr=0-ec=act_prm_tau2_retail-gc=act_prm_actions_only-tc=sft-rbc=default-nb=150-nt=0-mc=hf_qwen3_4b_instruct-lc=r8_a16_linear-nie-07d6a5bf
act_prm_tau2_retail,s2,retail_s2_actions_only_lr1e_3_adamw_nb150_heldout,adamw,0.001,50,1.813824,0.833792,0.833792,,,,retail_s2_actions_only_lr1e_3_adamw_nb150_heldout-act-prm-ia=0-rr=0-ec=act_prm_tau2_retail-gc=act_prm_actions_only-tc=sft-rbc=default-nb=150-nt=0-mc=hf_qwen3_4b_instruct-lc=r8_a16_linear-nie-07d6a5bf
act_prm_tau2_retail,s2,retail_s2_actions_only_lr1e_3_adamw_nb150_heldout,adamw,0.001,50,1.813824,0.833792,0.833792,,,,retail_s2_actions_only_lr1e_3_adamw_nb150_heldout-act-prm-ia=0-rr=0-ec=act_prm_tau2_retail-gc=act_prm_actions_only-tc=sft-rbc=default-nb=150-nt=0-mc=hf_qwen3_4b_instruct-lc=r8_a16_linear-nie-07d6a5bf
act_prm_tau2_retail,s2,retail_s2_actions_only_lr1e_3_adamw_nb150_heldout,adamw,0.001,60,1.862898,0.833494,0.833494,,,,retail_s2_actions_only_lr1e_3_adamw_nb150_heldout-act-prm-ia=0-rr=0-ec=act_prm_tau2_retail-gc=act_prm_actions_only-tc=sft-rbc=default-nb=150-nt=0-mc=hf_qwen3_4b_instruct-lc=r8_a16_linear-nie-07d6a5bf
act_prm_tau2_retail,s2,retail_s2_actions_only_lr1e_3_adamw_nb150_heldout,adamw,0.001,60,1.862898,0.833494,0.833494,,,,retail_s2_actions_only_lr1e_3_adamw_nb150_heldout-act-prm-ia=0-rr=0-ec=act_prm_tau2_retail-gc=act_prm_actions_only-tc=sft-rbc=default-nb=150-nt=0-mc=hf_qwen3_4b_instruct-lc=r8_a16_linear-nie-07d6a5bf
act_prm_tau2_retail,s2,retail_s2_actions_only_lr1e_3_adamw_nb150_heldout,adamw,0.001,70,2.038059,0.83134,0.83134,,,,retail_s2_actions_only_lr1e_3_adamw_nb150_heldout-act-prm-ia=0-rr=0-ec=act_prm_tau2_retail-gc=act_prm_actions_only-tc=sft-rbc=default-nb=150-nt=0-mc=hf_qwen3_4b_instruct-lc=r8_a16_linear-nie-07d6a5bf
act_prm_tau2_retail,s2,retail_s2_actions_only_lr1e_3_adamw_nb150_heldout,adamw,0.001,70,2.038059,0.83134,0.83134,,,,retail_s2_actions_only_lr1e_3_adamw_nb150_heldout-act-prm-ia=0-rr=0-ec=act_prm_tau2_retail-gc=act_prm_actions_only-tc=sft-rbc=default-nb=150-nt=0-mc=hf_qwen3_4b_instruct-lc=r8_a16_linear-nie-07d6a5bf
act_prm_tau2_retail,s2,retail_s2_actions_only_lr1e_3_adamw_nb150_heldout,adamw,0.001,80,2.170924,0.832306,0.832306,,,,retail_s2_actions_only_lr1e_3_adamw_nb150_heldout-act-prm-ia=0-rr=0-ec=act_prm_tau2_retail-gc=act_prm_actions_only-tc=sft-rbc=default-nb=150-nt=0-mc=hf_qwen3_4b_instruct-lc=r8_a16_linear-nie-07d6a5bf
act_prm_tau2_retail,s2,retail_s2_actions_only_lr1e_3_adamw_nb150_heldout,adamw,0.001,80,2.170924,0.832306,0.832306,,,,retail_s2_actions_only_lr1e_3_adamw_nb150_heldout-act-prm-ia=0-rr=0-ec=act_prm_tau2_retail-gc=act_prm_actions_only-tc=sft-rbc=default-nb=150-nt=0-mc=hf_qwen3_4b_instruct-lc=r8_a16_linear-nie-07d6a5bf
act_prm_tau2_retail,s2,retail_s2_actions_only_lr1e_3_adamw_nb150_heldout,adamw,0.001,90,2.208505,0.832083,0.832083,,,,retail_s2_actions_only_lr1e_3_adamw_nb150_heldout-act-prm-ia=0-rr=0-ec=act_prm_tau2_retail-gc=act_prm_actions_only-tc=sft-rbc=default-nb=150-nt=0-mc=hf_qwen3_4b_instruct-lc=r8_a16_linear-nie-07d6a5bf
act_prm_tau2_retail,s2,retail_s2_actions_only_lr1e_3_adamw_nb150_heldout,adamw,0.001,90,2.208505,0.832083,0.832083,,,,retail_s2_actions_only_lr1e_3_adamw_nb150_heldout-act-prm-ia=0-rr=0-ec=act_prm_tau2_retail-gc=act_prm_actions_only-tc=sft-rbc=default-nb=150-nt=0-mc=hf_qwen3_4b_instruct-lc=r8_a16_linear-nie-07d6a5bf
act_prm_tau2_retail,s2,retail_s2_actions_only_lr1e_3_adamw_nb150_heldout,adamw,0.001,100,2.286265,0.832008,0.832008,,,,retail_s2_actions_only_lr1e_3_adamw_nb150_heldout-act-prm-ia=0-rr=0-ec=act_prm_tau2_retail-gc=act_prm_actions_only-tc=sft-rbc=default-nb=150-nt=0-mc=hf_qwen3_4b_instruct-lc=r8_a16_linear-nie-07d6a5bf
act_prm_tau2_retail,s2,retail_s2_actions_only_lr1e_3_adamw_nb150_heldout,adamw,0.001,100,2.286265,0.832008,0.832008,,,,retail_s2_actions_only_lr1e_3_adamw_nb150_heldout-act-prm-ia=0-rr=0-ec=act_prm_tau2_retail-gc=act_prm_actions_only-tc=sft-rbc=default-nb=150-nt=0-mc=hf_qwen3_4b_instruct-lc=r8_a16_linear-nie-07d6a5bf
act_prm_tau2_retail,s2,retail_s2_actions_only_lr1e_3_adamw_nb150_heldout,adamw,0.001,110,2.246632,0.83342,0.83342,,,,retail_s2_actions_only_lr1e_3_adamw_nb150_heldout-act-prm-ia=0-rr=0-ec=act_prm_tau2_retail-gc=act_prm_actions_only-tc=sft-rbc=default-nb=150-nt=0-mc=hf_qwen3_4b_instruct-lc=r8_a16_linear-nie-07d6a5bf
act_prm_tau2_retail,s2,retail_s2_actions_only_lr1e_3_adamw_nb150_heldout,adamw,0.001,110,2.246632,0.83342,0.83342,,,,retail_s2_actions_only_lr1e_3_adamw_nb150_heldout-act-prm-ia=0-rr=0-ec=act_prm_tau2_retail-gc=act_prm_actions_only-tc=sft-rbc=default-nb=150-nt=0-mc=hf_qwen3_4b_instruct-lc=r8_a16_linear-nie-07d6a5bf
act_prm_tau2_retail,s2,retail_s2_actions_only_lr1e_3_adamw_nb150_heldout,adamw,0.001,120,2.388953,0.832231,0.832231,,,,retail_s2_actions_only_lr1e_3_adamw_nb150_heldout-act-prm-ia=0-rr=0-ec=act_prm_tau2_retail-gc=act_prm_actions_only-tc=sft-rbc=default-nb=150-nt=0-mc=hf_qwen3_4b_instruct-lc=r8_a16_linear-nie-07d6a5bf
act_prm_tau2_retail,s2,retail_s2_actions_only_lr1e_3_adamw_nb150_heldout,adamw,0.001,120,2.388953,0.832231,0.832231,,,,retail_s2_actions_only_lr1e_3_adamw_nb150_heldout-act-prm-ia=0-rr=0-ec=act_prm_tau2_retail-gc=act_prm_actions_only-tc=sft-rbc=default-nb=150-nt=0-mc=hf_qwen3_4b_instruct-lc=r8_a16_linear-nie-07d6a5bf
act_prm_tau2_retail,s2,retail_s2_actions_only_lr1e_3_adamw_nb200_flat32_heldout,adamw,0.001,5,2.152411,0.784476,0.784476,2.152411,13459.0,13459.0,retail_s2_actions_only_lr1e_3_adamw_nb200_flat32_heldout-act-prm-ia=0-rr=0-ec=act_prm_tau2_retail-gc=act_prm_actions_only-tc=sft_flat-rbc=default-nb=200-nt=0-mc=hf_qwen3_4b_instruct-lc=r8_a1-d051ef82
act_prm_tau2_retail,s2,retail_s2_actions_only_lr1e_3_adamw_nb200_flat32_heldout,adamw,0.001,10,1.966893,0.808959,0.808959,1.966893,13459.0,13459.0,retail_s2_actions_only_lr1e_3_adamw_nb200_flat32_heldout-act-prm-ia=0-rr=0-ec=act_prm_tau2_retail-gc=act_prm_actions_only-tc=sft_flat-rbc=default-nb=200-nt=0-mc=hf_qwen3_4b_instruct-lc=r8_a1-d051ef82
act_prm_tau2_retail,s2,retail_s2_actions_only_lr1e_3_adamw_nb200_flat32_heldout,adamw,0.001,15,1.875427,0.817572,0.817572,1.875427,13459.0,13459.0,retail_s2_actions_only_lr1e_3_adamw_nb200_flat32_heldout-act-prm-ia=0-rr=0-ec=act_prm_tau2_retail-gc=act_prm_actions_only-tc=sft_flat-rbc=default-nb=200-nt=0-mc=hf_qwen3_4b_instruct-lc=r8_a1-d051ef82
act_prm_tau2_retail,s2,retail_s2_actions_only_lr1e_3_adamw_nb200_flat32_heldout,adamw,0.001,20,1.819295,0.822836,0.822836,1.819295,13459.0,13459.0,retail_s2_actions_only_lr1e_3_adamw_nb200_flat32_heldout-act-prm-ia=0-rr=0-ec=act_prm_tau2_retail-gc=act_prm_actions_only-tc=sft_flat-rbc=default-nb=200-nt=0-mc=hf_qwen3_4b_instruct-lc=r8_a1-d051ef82
act_prm_tau2_retail,s2,retail_s2_actions_only_lr1e_3_adamw_nb200_flat32_heldout,adamw,0.001,25,1.791118,0.828537,0.828537,1.791118,13459.0,13459.0,retail_s2_actions_only_lr1e_3_adamw_nb200_flat32_heldout-act-prm-ia=0-rr=0-ec=act_prm_tau2_retail-gc=act_prm_actions_only-tc=sft_flat-rbc=default-nb=200-nt=0-mc=hf_qwen3_4b_instruct-lc=r8_a1-d051ef82
act_prm_tau2_retail,s2,retail_s2_actions_only_lr1e_3_adamw_nb200_flat32_heldout,adamw,0.001,30,1.766972,0.827565,0.827565,1.766972,13459.0,13459.0,retail_s2_actions_only_lr1e_3_adamw_nb200_flat32_heldout-act-prm-ia=0-rr=0-ec=act_prm_tau2_retail-gc=act_prm_actions_only-tc=sft_flat-rbc=default-nb=200-nt=0-mc=hf_qwen3_4b_instruct-lc=r8_a1-d051ef82
act_prm_tau2_retail,s2,retail_s2_actions_only_lr1e_3_adamw_nb200_flat32_heldout,adamw,0.001,35,1.772821,0.829437,0.829437,1.772821,13459.0,13459.0,retail_s2_actions_only_lr1e_3_adamw_nb200_flat32_heldout-act-prm-ia=0-rr=0-ec=act_prm_tau2_retail-gc=act_prm_actions_only-tc=sft_flat-rbc=default-nb=200-nt=0-mc=hf_qwen3_4b_instruct-lc=r8_a1-d051ef82
act_prm_tau2_retail,s2,retail_s2_actions_only_lr1e_3_adamw_nb200_flat32_heldout,adamw,0.001,40,1.799088,0.829372,0.829372,1.799088,13459.0,13459.0,retail_s2_actions_only_lr1e_3_adamw_nb200_flat32_heldout-act-prm-ia=0-rr=0-ec=act_prm_tau2_retail-gc=act_prm_actions_only-tc=sft_flat-rbc=default-nb=200-nt=0-mc=hf_qwen3_4b_instruct-lc=r8_a1-d051ef82
act_prm_tau2_retail,s2,retail_s2_actions_only_lr1e_3_adamw_nb200_flat32_heldout,adamw,0.001,45,1.811817,0.829522,0.829522,1.811817,13459.0,13459.0,retail_s2_actions_only_lr1e_3_adamw_nb200_flat32_heldout-act-prm-ia=0-rr=0-ec=act_prm_tau2_retail-gc=act_prm_actions_only-tc=sft_flat-rbc=default-nb=200-nt=0-mc=hf_qwen3_4b_instruct-lc=r8_a1-d051ef82
act_prm_tau2_retail,s2,retail_s2_actions_only_lr1e_3_adamw_nb200_flat32_heldout,adamw,0.001,50,1.901218,0.818524,0.818524,1.901218,13459.0,13459.0,retail_s2_actions_only_lr1e_3_adamw_nb200_flat32_heldout-act-prm-ia=0-rr=0-ec=act_prm_tau2_retail-gc=act_prm_actions_only-tc=sft_flat-rbc=default-nb=200-nt=0-mc=hf_qwen3_4b_instruct-lc=r8_a1-d051ef82
act_prm_tau2_retail,s2,retail_s2_actions_only_lr1e_3_adamw_nb200_flat32_heldout,adamw,0.001,55,1.826647,0.829419,0.829419,1.826647,13459.0,13459.0,retail_s2_actions_only_lr1e_3_adamw_nb200_flat32_heldout-act-prm-ia=0-rr=0-ec=act_prm_tau2_retail-gc=act_prm_actions_only-tc=sft_flat-rbc=default-nb=200-nt=0-mc=hf_qwen3_4b_instruct-lc=r8_a1-d051ef82
act_prm_tau2_retail,s2,retail_s2_actions_only_lr1e_3_adamw_nb200_flat32_heldout,adamw,0.001,60,1.864232,0.827787,0.827787,1.864232,13459.0,13459.0,retail_s2_actions_only_lr1e_3_adamw_nb200_flat32_heldout-act-prm-ia=0-rr=0-ec=act_prm_tau2_retail-gc=act_prm_actions_only-tc=sft_flat-rbc=default-nb=200-nt=0-mc=hf_qwen3_4b_instruct-lc=r8_a1-d051ef82
act_prm_tau2_retail,s2,retail_s2_actions_only_lr1e_3_adamw_nb6_validate_heldout,adamw,0.001,3,2.482733,0.759293,0.759293,2.482733,13459.0,13459.0,retail_s2_actions_only_lr1e_3_adamw_nb6_validate_heldout-act-prm-ia=0-rr=0-ec=act_prm_tau2_retail-gc=act_prm_actions_only-tc=sft_flat-rbc=default-nb=6-nt=0-mc=hf_qwen3_4b_instruct-lc=r8_a16_-35018701
act_prm_tau2_retail,s2,retail_s2_actions_only_lr1e_3_adamw_nb6_validate_heldout,adamw,0.001,5,2.312519,0.771901,0.771901,2.312519,13459.0,13459.0,retail_s2_actions_only_lr1e_3_adamw_nb6_validate_heldout-act-prm-ia=0-rr=0-ec=act_prm_tau2_retail-gc=act_prm_actions_only-tc=sft_flat-rbc=default-nb=6-nt=0-mc=hf_qwen3_4b_instruct-lc=r8_a16_-35018701
act_prm_tau2_retail,s2,retail_s2_actions_only_lr1e_3_heldout,,0.001,10,3.835454,0.76016,0.76016,,,,retail_s2_actions_only_lr1e_3_heldout-act-prm-ia=0-rr=0-ec=act_prm_tau2_retail-gc=act_prm_actions_only-tc=sft-rbc=default-nb=60-nt=0-mc=hf_qwen3_4b_instruct-lc=r8_a16_linear-nie=1-gc=0-nf=0--5bbe1bdf
act_prm_tau2_retail,s2,retail_s2_actions_only_lr1e_3_heldout,,0.001,10,3.835454,0.76016,0.76016,,,,retail_s2_actions_only_lr1e_3_heldout-act-prm-ia=0-rr=0-ec=act_prm_tau2_retail-gc=act_prm_actions_only-tc=sft-rbc=default-nb=60-nt=0-mc=hf_qwen3_4b_instruct-lc=r8_a16_linear-nie=1-gc=0-nf=0--5bbe1bdf
act_prm_tau2_retail,s2,retail_s2_actions_only_lr1e_3_heldout,,0.001,20,3.809917,0.760532,0.760532,,,,retail_s2_actions_only_lr1e_3_heldout-act-prm-ia=0-rr=0-ec=act_prm_tau2_retail-gc=act_prm_actions_only-tc=sft-rbc=default-nb=60-nt=0-mc=hf_qwen3_4b_instruct-lc=r8_a16_linear-nie=1-gc=0-nf=0--5bbe1bdf
act_prm_tau2_retail,s2,retail_s2_actions_only_lr1e_3_heldout,,0.001,20,3.809917,0.760532,0.760532,,,,retail_s2_actions_only_lr1e_3_heldout-act-prm-ia=0-rr=0-ec=act_prm_tau2_retail-gc=act_prm_actions_only-tc=sft-rbc=default-nb=60-nt=0-mc=hf_qwen3_4b_instruct-lc=r8_a16_linear-nie=1-gc=0-nf=0--5bbe1bdf
act_prm_tau2_retail,s2,retail_s2_actions_only_lr1e_3_heldout,,0.001,30,3.783868,0.760755,0.760755,,,,retail_s2_actions_only_lr1e_3_heldout-act-prm-ia=0-rr=0-ec=act_prm_tau2_retail-gc=act_prm_actions_only-tc=sft-rbc=default-nb=60-nt=0-mc=hf_qwen3_4b_instruct-lc=r8_a16_linear-nie=1-gc=0-nf=0--5bbe1bdf
act_prm_tau2_retail,s2,retail_s2_actions_only_lr1e_3_heldout,,0.001,30,3.783868,0.760755,0.760755,,,,retail_s2_actions_only_lr1e_3_heldout-act-prm-ia=0-rr=0-ec=act_prm_tau2_retail-gc=act_prm_actions_only-tc=sft-rbc=default-nb=60-nt=0-mc=hf_qwen3_4b_instruct-lc=r8_a16_linear-nie=1-gc=0-nf=0--5bbe1bdf
act_prm_tau2_retail,s2,retail_s2_actions_only_lr1e_3_heldout,,0.001,40,3.75764,0.760681,0.760681,,,,retail_s2_actions_only_lr1e_3_heldout-act-prm-ia=0-rr=0-ec=act_prm_tau2_retail-gc=act_prm_actions_only-tc=sft-rbc=default-nb=60-nt=0-mc=hf_qwen3_4b_instruct-lc=r8_a16_linear-nie=1-gc=0-nf=0--5bbe1bdf
act_prm_tau2_retail,s2,retail_s2_actions_only_lr1e_3_heldout,,0.001,40,3.75764,0.760681,0.760681,,,,retail_s2_actions_only_lr1e_3_heldout-act-prm-ia=0-rr=0-ec=act_prm_tau2_retail-gc=act_prm_actions_only-tc=sft-rbc=default-nb=60-nt=0-mc=hf_qwen3_4b_instruct-lc=r8_a16_linear-nie=1-gc=0-nf=0--5bbe1bdf
act_prm_tau2_retail,s2,retail_s2_actions_only_lr1e_3_heldout,,0.001,50,3.711152,0.761126,0.761126,,,,retail_s2_actions_only_lr1e_3_heldout-act-prm-ia=0-rr=0-ec=act_prm_tau2_retail-gc=act_prm_actions_only-tc=sft-rbc=default-nb=60-nt=0-mc=hf_qwen3_4b_instruct-lc=r8_a16_linear-nie=1-gc=0-nf=0--5bbe1bdf
act_prm_tau2_retail,s2,retail_s2_actions_only_lr1e_3_heldout,,0.001,50,3.711152,0.761126,0.761126,,,,retail_s2_actions_only_lr1e_3_heldout-act-prm-ia=0-rr=0-ec=act_prm_tau2_retail-gc=act_prm_actions_only-tc=sft-rbc=default-nb=60-nt=0-mc=hf_qwen3_4b_instruct-lc=r8_a16_linear-nie=1-gc=0-nf=0--5bbe1bdf
act_prm_tau2_retail,s2,retail_s2_actions_only_lr1e_3_heldout,,0.001,59,3.670176,0.760903,0.760903,,,,retail_s2_actions_only_lr1e_3_heldout-act-prm-ia=0-rr=0-ec=act_prm_tau2_retail-gc=act_prm_actions_only-tc=sft-rbc=default-nb=60-nt=0-mc=hf_qwen3_4b_instruct-lc=r8_a16_linear-nie=1-gc=0-nf=0--5bbe1bdf
act_prm_tau2_retail,s2,retail_s2_actions_only_lr1e_3_heldout,,0.001,59,3.670176,0.760903,0.760903,,,,retail_s2_actions_only_lr1e_3_heldout-act-prm-ia=0-rr=0-ec=act_prm_tau2_retail-gc=act_prm_actions_only-tc=sft-rbc=default-nb=60-nt=0-mc=hf_qwen3_4b_instruct-lc=r8_a16_linear-nie=1-gc=0-nf=0--5bbe1bdf
act_prm_tau2_retail,s2,retail_s2_actions_only_lr1e_3_nb150_heldout,,0.001,10,3.830742,0.759938,0.759938,,,,retail_s2_actions_only_lr1e_3_nb150_heldout-act-prm-ia=0-rr=0-ec=act_prm_tau2_retail-gc=act_prm_actions_only-tc=sft-rbc=default-nb=150-nt=0-mc=hf_qwen3_4b_instruct-lc=r8_a16_linear-nie=1-gc=-827deef0
act_prm_tau2_retail,s2,retail_s2_actions_only_lr1e_3_nb150_heldout,,0.001,10,3.830742,0.759938,0.759938,,,,retail_s2_actions_only_lr1e_3_nb150_heldout-act-prm-ia=0-rr=0-ec=act_prm_tau2_retail-gc=act_prm_actions_only-tc=sft-rbc=default-nb=150-nt=0-mc=hf_qwen3_4b_instruct-lc=r8_a16_linear-nie=1-gc=-827deef0
act_prm_tau2_retail,s2,retail_s2_actions_only_lr1e_3_nb150_heldout,,0.001,20,3.812203,0.760606,0.760606,,,,retail_s2_actions_only_lr1e_3_nb150_heldout-act-prm-ia=0-rr=0-ec=act_prm_tau2_retail-gc=act_prm_actions_only-tc=sft-rbc=default-nb=150-nt=0-mc=hf_qwen3_4b_instruct-lc=r8_a16_linear-nie=1-gc=-827deef0
act_prm_tau2_retail,s2,retail_s2_actions_only_lr1e_3_nb150_heldout,,0.001,20,3.812203,0.760606,0.760606,,,,retail_s2_actions_only_lr1e_3_nb150_heldout-act-prm-ia=0-rr=0-ec=act_prm_tau2_retail-gc=act_prm_actions_only-tc=sft-rbc=default-nb=150-nt=0-mc=hf_qwen3_4b_instruct-lc=r8_a16_linear-nie=1-gc=-827deef0
act_prm_tau2_retail,s2,retail_s2_actions_only_lr1e_3_nb150_heldout,,0.001,30,3.783675,0.760532,0.760532,,,,retail_s2_actions_only_lr1e_3_nb150_heldout-act-prm-ia=0-rr=0-ec=act_prm_tau2_retail-gc=act_prm_actions_only-tc=sft-rbc=default-nb=150-nt=0-mc=hf_qwen3_4b_instruct-lc=r8_a16_linear-nie=1-gc=-827deef0
act_prm_tau2_retail,s2,retail_s2_actions_only_lr1e_3_nb150_heldout,,0.001,30,3.783675,0.760532,0.760532,,,,retail_s2_actions_only_lr1e_3_nb150_heldout-act-prm-ia=0-rr=0-ec=act_prm_tau2_retail-gc=act_prm_actions_only-tc=sft-rbc=default-nb=150-nt=0-mc=hf_qwen3_4b_instruct-lc=r8_a16_linear-nie=1-gc=-827deef0
act_prm_tau2_retail,s2,retail_s2_actions_only_lr1e_3_nb150_heldout,,0.001,40,3.753216,0.760829,0.760829,,,,retail_s2_actions_only_lr1e_3_nb150_heldout-act-prm-ia=0-rr=0-ec=act_prm_tau2_retail-gc=act_prm_actions_only-tc=sft-rbc=default-nb=150-nt=0-mc=hf_qwen3_4b_instruct-lc=r8_a16_linear-nie=1-gc=-827deef0
act_prm_tau2_retail,s2,retail_s2_actions_only_lr1e_3_nb150_heldout,,0.001,40,3.753216,0.760829,0.760829,,,,retail_s2_actions_only_lr1e_3_nb150_heldout-act-prm-ia=0-rr=0-ec=act_prm_tau2_retail-gc=act_prm_actions_only-tc=sft-rbc=default-nb=150-nt=0-mc=hf_qwen3_4b_instruct-lc=r8_a16_linear-nie=1-gc=-827deef0
act_prm_tau2_retail,s2,retail_s2_actions_only_lr1e_3_nb150_heldout,,0.001,50,3.710899,0.761498,0.761498,,,,retail_s2_actions_only_lr1e_3_nb150_heldout-act-prm-ia=0-rr=0-ec=act_prm_tau2_retail-gc=act_prm_actions_only-tc=sft-rbc=default-nb=150-nt=0-mc=hf_qwen3_4b_instruct-lc=r8_a16_linear-nie=1-gc=-827deef0
act_prm_tau2_retail,s2,retail_s2_actions_only_lr1e_3_nb150_heldout,,0.001,50,3.710899,0.761498,0.761498,,,,retail_s2_actions_only_lr1e_3_nb150_heldout-act-prm-ia=0-rr=0-ec=act_prm_tau2_retail-gc=act_prm_actions_only-tc=sft-rbc=default-nb=150-nt=0-mc=hf_qwen3_4b_instruct-lc=r8_a16_linear-nie=1-gc=-827deef0
act_prm_tau2_retail,s2,retail_s2_actions_only_lr1e_3_nb150_heldout,,0.001,60,3.665691,0.760681,0.760681,,,,retail_s2_actions_only_lr1e_3_nb150_heldout-act-prm-ia=0-rr=0-ec=act_prm_tau2_retail-gc=act_prm_actions_only-tc=sft-rbc=default-nb=150-nt=0-mc=hf_qwen3_4b_instruct-lc=r8_a16_linear-nie=1-gc=-827deef0
act_prm_tau2_retail,s2,retail_s2_actions_only_lr1e_3_nb150_heldout,,0.001,60,3.665691,0.760681,0.760681,,,,retail_s2_actions_only_lr1e_3_nb150_heldout-act-prm-ia=0-rr=0-ec=act_prm_tau2_retail-gc=act_prm_actions_only-tc=sft-rbc=default-nb=150-nt=0-mc=hf_qwen3_4b_instruct-lc=r8_a16_linear-nie=1-gc=-827deef0
act_prm_tau2_retail,s2,retail_s2_actions_only_lr1e_3_nb150_heldout,,0.001,70,3.614538,0.760978,0.760978,,,,retail_s2_actions_only_lr1e_3_nb150_heldout-act-prm-ia=0-rr=0-ec=act_prm_tau2_retail-gc=act_prm_actions_only-tc=sft-rbc=default-nb=150-nt=0-mc=hf_qwen3_4b_instruct-lc=r8_a16_linear-nie=1-gc=-827deef0
act_prm_tau2_retail,s2,retail_s2_actions_only_lr1e_3_nb150_heldout,,0.001,70,3.614538,0.760978,0.760978,,,,retail_s2_actions_only_lr1e_3_nb150_heldout-act-prm-ia=0-rr=0-ec=act_prm_tau2_retail-gc=act_prm_actions_only-tc=sft-rbc=default-nb=150-nt=0-mc=hf_qwen3_4b_instruct-lc=r8_a16_linear-nie=1-gc=-827deef0
act_prm_tau2_retail,s2,retail_s2_actions_only_lr1e_3_nb150_heldout,,0.001,80,3.548871,0.761126,0.761126,,,,retail_s2_actions_only_lr1e_3_nb150_heldout-act-prm-ia=0-rr=0-ec=act_prm_tau2_retail-gc=act_prm_actions_only-tc=sft-rbc=default-nb=150-nt=0-mc=hf_qwen3_4b_instruct-lc=r8_a16_linear-nie=1-gc=-827deef0
act_prm_tau2_retail,s2,retail_s2_actions_only_lr1e_3_nb150_heldout,,0.001,80,3.548871,0.761126,0.761126,,,,retail_s2_actions_only_lr1e_3_nb150_heldout-act-prm-ia=0-rr=0-ec=act_prm_tau2_retail-gc=act_prm_actions_only-tc=sft-rbc=default-nb=150-nt=0-mc=hf_qwen3_4b_instruct-lc=r8_a16_linear-nie=1-gc=-827deef0
act_prm_tau2_retail,s2,retail_s2_actions_only_lr1e_3_nb150_heldout,,0.001,90,3.497712,0.761869,0.761869,,,,retail_s2_actions_only_lr1e_3_nb150_heldout-act-prm-ia=0-rr=0-ec=act_prm_tau2_retail-gc=act_prm_actions_only-tc=sft-rbc=default-nb=150-nt=0-mc=hf_qwen3_4b_instruct-lc=r8_a16_linear-nie=1-gc=-827deef0
act_prm_tau2_retail,s2,retail_s2_actions_only_lr1e_3_nb150_heldout,,0.001,90,3.497712,0.761869,0.761869,,,,retail_s2_actions_only_lr1e_3_nb150_heldout-act-prm-ia=0-rr=0-ec=act_prm_tau2_retail-gc=act_prm_actions_only-tc=sft-rbc=default-nb=150-nt=0-mc=hf_qwen3_4b_instruct-lc=r8_a16_linear-nie=1-gc=-827deef0
act_prm_tau2_retail,s2,retail_s2_actions_only_lr1e_3_nb150_heldout,,0.001,100,3.435896,0.761275,0.761275,,,,retail_s2_actions_only_lr1e_3_nb150_heldout-act-prm-ia=0-rr=0-ec=act_prm_tau2_retail-gc=act_prm_actions_only-tc=sft-rbc=default-nb=150-nt=0-mc=hf_qwen3_4b_instruct-lc=r8_a16_linear-nie=1-gc=-827deef0
act_prm_tau2_retail,s2,retail_s2_actions_only_lr1e_3_nb150_heldout,,0.001,100,3.435896,0.761275,0.761275,,,,retail_s2_actions_only_lr1e_3_nb150_heldout-act-prm-ia=0-rr=0-ec=act_prm_tau2_retail-gc=act_prm_actions_only-tc=sft-rbc=default-nb=150-nt=0-mc=hf_qwen3_4b_instruct-lc=r8_a16_linear-nie=1-gc=-827deef0
act_prm_tau2_retail,s2,retail_s2_actions_only_lr1e_3_nb150_heldout,,0.001,110,3.364737,0.762687,0.762687,,,,retail_s2_actions_only_lr1e_3_nb150_heldout-act-prm-ia=0-rr=0-ec=act_prm_tau2_retail-gc=act_prm_actions_only-tc=sft-rbc=default-nb=150-nt=0-mc=hf_qwen3_4b_instruct-lc=r8_a16_linear-nie=1-gc=-827deef0
act_prm_tau2_retail,s2,retail_s2_actions_only_lr1e_3_nb150_heldout,,0.001,110,3.364737,0.762687,0.762687,,,,retail_s2_actions_only_lr1e_3_nb150_heldout-act-prm-ia=0-rr=0-ec=act_prm_tau2_retail-gc=act_prm_actions_only-tc=sft-rbc=default-nb=150-nt=0-mc=hf_qwen3_4b_instruct-lc=r8_a16_linear-nie=1-gc=-827deef0
act_prm_tau2_retail,s2,retail_s2_actions_only_lr1e_3_nb150_heldout,,0.001,120,3.297945,0.762538,0.762538,,,,retail_s2_actions_only_lr1e_3_nb150_heldout-act-prm-ia=0-rr=0-ec=act_prm_tau2_retail-gc=act_prm_actions_only-tc=sft-rbc=default-nb=150-nt=0-mc=hf_qwen3_4b_instruct-lc=r8_a16_linear-nie=1-gc=-827deef0
act_prm_tau2_retail,s2,retail_s2_actions_only_lr1e_3_nb150_heldout,,0.001,120,3.297945,0.762538,0.762538,,,,retail_s2_actions_only_lr1e_3_nb150_heldout-act-prm-ia=0-rr=0-ec=act_prm_tau2_retail-gc=act_prm_actions_only-tc=sft-rbc=default-nb=150-nt=0-mc=hf_qwen3_4b_instruct-lc=r8_a16_linear-nie=1-gc=-827deef0
act_prm_tau2_retail,s2,retail_s2_actions_only_lr1e_3_nb150_heldout,,0.001,130,3.220711,0.763132,0.763132,,,,retail_s2_actions_only_lr1e_3_nb150_heldout-act-prm-ia=0-rr=0-ec=act_prm_tau2_retail-gc=act_prm_actions_only-tc=sft-rbc=default-nb=150-nt=0-mc=hf_qwen3_4b_instruct-lc=r8_a16_linear-nie=1-gc=-827deef0
act_prm_tau2_retail,s2,retail_s2_actions_only_lr1e_3_nb150_heldout,,0.001,130,3.220711,0.763132,0.763132,,,,retail_s2_actions_only_lr1e_3_nb150_heldout-act-prm-ia=0-rr=0-ec=act_prm_tau2_retail-gc=act_prm_actions_only-tc=sft-rbc=default-nb=150-nt=0-mc=hf_qwen3_4b_instruct-lc=r8_a16_linear-nie=1-gc=-827deef0
act_prm_tau2_retail,s2,retail_s2_actions_only_lr1e_3_nb150_heldout,,0.001,140,3.144096,0.764247,0.764247,,,,retail_s2_actions_only_lr1e_3_nb150_heldout-act-prm-ia=0-rr=0-ec=act_prm_tau2_retail-gc=act_prm_actions_only-tc=sft-rbc=default-nb=150-nt=0-mc=hf_qwen3_4b_instruct-lc=r8_a16_linear-nie=1-gc=-827deef0
act_prm_tau2_retail,s2,retail_s2_actions_only_lr1e_3_nb150_heldout,,0.001,140,3.144096,0.764247,0.764247,,,,retail_s2_actions_only_lr1e_3_nb150_heldout-act-prm-ia=0-rr=0-ec=act_prm_tau2_retail-gc=act_prm_actions_only-tc=sft-rbc=default-nb=150-nt=0-mc=hf_qwen3_4b_instruct-lc=r8_a16_linear-nie=1-gc=-827deef0
act_prm_tau2_retail,s2,retail_s2_actions_only_lr1e_3_nb150_heldout,,0.001,149,3.071908,0.765213,0.765213,,,,retail_s2_actions_only_lr1e_3_nb150_heldout-act-prm-ia=0-rr=0-ec=act_prm_tau2_retail-gc=act_prm_actions_only-tc=sft-rbc=default-nb=150-nt=0-mc=hf_qwen3_4b_instruct-lc=r8_a16_linear-nie=1-gc=-827deef0
act_prm_tau2_retail,s2,retail_s2_actions_only_lr1e_3_nb150_heldout,,0.001,149,3.071908,0.765213,0.765213,,,,retail_s2_actions_only_lr1e_3_nb150_heldout-act-prm-ia=0-rr=0-ec=act_prm_tau2_retail-gc=act_prm_actions_only-tc=sft-rbc=default-nb=150-nt=0-mc=hf_qwen3_4b_instruct-lc=r8_a16_linear-nie=1-gc=-827deef0
act_prm_tau2_retail,s2,retail_s2_actions_only_lr1e_3_nb200_flat32sgd_heldout,sgd,0.001,5,3.846971,0.760752,0.760752,3.846971,13459.0,13459.0,retail_s2_actions_only_lr1e_3_nb200_flat32sgd_heldout-act-prm-ia=0-rr=0-ec=act_prm_tau2_retail-gc=act_prm_actions_only-tc=sft_flat-rbc=default-nb=200-nt=0-mc=hf_qwen3_4b_instruct-lc=r8_a16_l-1c2c8e4f
act_prm_tau2_retail,s2,retail_s2_actions_only_lr1e_3_nb200_flat32sgd_heldout,sgd,0.001,10,3.836826,0.760201,0.760201,3.836826,13459.0,13459.0,retail_s2_actions_only_lr1e_3_nb200_flat32sgd_heldout-act-prm-ia=0-rr=0-ec=act_prm_tau2_retail-gc=act_prm_actions_only-tc=sft_flat-rbc=default-nb=200-nt=0-mc=hf_qwen3_4b_instruct-lc=r8_a16_l-1c2c8e4f
act_prm_tau2_retail,s2,retail_s2_actions_only_lr1e_3_nb200_flat32sgd_heldout,sgd,0.001,15,3.82522,0.760571,0.760571,3.82522,13459.0,13459.0,retail_s2_actions_only_lr1e_3_nb200_flat32sgd_heldout-act-prm-ia=0-rr=0-ec=act_prm_tau2_retail-gc=act_prm_actions_only-tc=sft_flat-rbc=default-nb=200-nt=0-mc=hf_qwen3_4b_instruct-lc=r8_a16_l-1c2c8e4f
act_prm_tau2_retail,s2,retail_s2_actions_only_lr1e_3_nb200_flat32sgd_heldout,sgd,0.001,20,3.808378,0.760423,0.760423,3.808378,13459.0,13459.0,retail_s2_actions_only_lr1e_3_nb200_flat32sgd_heldout-act-prm-ia=0-rr=0-ec=act_prm_tau2_retail-gc=act_prm_actions_only-tc=sft_flat-rbc=default-nb=200-nt=0-mc=hf_qwen3_4b_instruct-lc=r8_a16_l-1c2c8e4f
act_prm_tau2_retail,s2,retail_s2_actions_only_lr1e_3_nb200_flat32sgd_heldout,sgd,0.001,25,3.796375,0.760869,0.760869,3.796375,13459.0,13459.0,retail_s2_actions_only_lr1e_3_nb200_flat32sgd_heldout-act-prm-ia=0-rr=0-ec=act_prm_tau2_retail-gc=act_prm_actions_only-tc=sft_flat-rbc=default-nb=200-nt=0-mc=hf_qwen3_4b_instruct-lc=r8_a16_l-1c2c8e4f
act_prm_tau2_retail,s2,retail_s2_actions_only_lr1e_3_nb200_flat32sgd_heldout,sgd,0.001,30,3.782921,0.760881,0.760881,3.782921,13459.0,13459.0,retail_s2_actions_only_lr1e_3_nb200_flat32sgd_heldout-act-prm-ia=0-rr=0-ec=act_prm_tau2_retail-gc=act_prm_actions_only-tc=sft_flat-rbc=default-nb=200-nt=0-mc=hf_qwen3_4b_instruct-lc=r8_a16_l-1c2c8e4f
act_prm_tau2_retail,s2,retail_s2_actions_only_lr1e_3_nb200_flat32sgd_heldout,sgd,0.001,35,3.776813,0.761072,0.761072,3.776813,13459.0,13459.0,retail_s2_actions_only_lr1e_3_nb200_flat32sgd_heldout-act-prm-ia=0-rr=0-ec=act_prm_tau2_retail-gc=act_prm_actions_only-tc=sft_flat-rbc=default-nb=200-nt=0-mc=hf_qwen3_4b_instruct-lc=r8_a16_l-1c2c8e4f
act_prm_tau2_retail,s2,retail_s2_actions_only_lr1e_3_nb200_flat32sgd_heldout,sgd,0.001,40,3.754403,0.761083,0.761083,3.754403,13459.0,13459.0,retail_s2_actions_only_lr1e_3_nb200_flat32sgd_heldout-act-prm-ia=0-rr=0-ec=act_prm_tau2_retail-gc=act_prm_actions_only-tc=sft_flat-rbc=default-nb=200-nt=0-mc=hf_qwen3_4b_instruct-lc=r8_a16_l-1c2c8e4f
act_prm_tau2_retail,s2,retail_s2_actions_only_lr1e_3_nb200_flat32sgd_heldout,sgd,0.001,45,3.739618,0.760773,0.760773,3.739618,13459.0,13459.0,retail_s2_actions_only_lr1e_3_nb200_flat32sgd_heldout-act-prm-ia=0-rr=0-ec=act_prm_tau2_retail-gc=act_prm_actions_only-tc=sft_flat-rbc=default-nb=200-nt=0-mc=hf_qwen3_4b_instruct-lc=r8_a16_l-1c2c8e4f
act_prm_tau2_retail,s2,retail_s2_actions_only_lr1e_3_nb200_flat32sgd_heldout,sgd,0.001,50,3.711794,0.761164,0.761164,3.711794,13459.0,13459.0,retail_s2_actions_only_lr1e_3_nb200_flat32sgd_heldout-act-prm-ia=0-rr=0-ec=act_prm_tau2_retail-gc=act_prm_actions_only-tc=sft_flat-rbc=default-nb=200-nt=0-mc=hf_qwen3_4b_instruct-lc=r8_a16_l-1c2c8e4f
act_prm_tau2_retail,s2,retail_s2_actions_only_lr1e_3_nb200_flat32sgd_heldout,sgd,0.001,55,3.691686,0.760638,0.760638,3.691686,13459.0,13459.0,retail_s2_actions_only_lr1e_3_nb200_flat32sgd_heldout-act-prm-ia=0-rr=0-ec=act_prm_tau2_retail-gc=act_prm_actions_only-tc=sft_flat-rbc=default-nb=200-nt=0-mc=hf_qwen3_4b_instruct-lc=r8_a16_l-1c2c8e4f
act_prm_tau2_retail,s2,retail_s2_actions_only_lr1e_3_nb200_flat32sgd_heldout,sgd,0.001,60,3.664607,0.761304,0.761304,3.664607,13459.0,13459.0,retail_s2_actions_only_lr1e_3_nb200_flat32sgd_heldout-act-prm-ia=0-rr=0-ec=act_prm_tau2_retail-gc=act_prm_actions_only-tc=sft_flat-rbc=default-nb=200-nt=0-mc=hf_qwen3_4b_instruct-lc=r8_a16_l-1c2c8e4f
act_prm_tau2_retail,s2,retail_s2_actions_only_lr1e_3_nb200_flat32sgd_heldout,sgd,0.001,65,3.645164,0.760941,0.760941,3.645164,13459.0,13459.0,retail_s2_actions_only_lr1e_3_nb200_flat32sgd_heldout-act-prm-ia=0-rr=0-ec=act_prm_tau2_retail-gc=act_prm_actions_only-tc=sft_flat-rbc=default-nb=200-nt=0-mc=hf_qwen3_4b_instruct-lc=r8_a16_l-1c2c8e4f
act_prm_tau2_retail,s2,retail_s2_actions_only_lr1e_3_nb200_flat32sgd_heldout,sgd,0.001,70,3.609509,0.761509,0.761509,3.609509,13459.0,13459.0,retail_s2_actions_only_lr1e_3_nb200_flat32sgd_heldout-act-prm-ia=0-rr=0-ec=act_prm_tau2_retail-gc=act_prm_actions_only-tc=sft_flat-rbc=default-nb=200-nt=0-mc=hf_qwen3_4b_instruct-lc=r8_a16_l-1c2c8e4f
act_prm_tau2_retail,s2,retail_s2_actions_only_lr1e_3_nb200_flat32sgd_heldout,sgd,0.001,75,3.582633,0.761619,0.761619,3.582633,13459.0,13459.0,retail_s2_actions_only_lr1e_3_nb200_flat32sgd_heldout-act-prm-ia=0-rr=0-ec=act_prm_tau2_retail-gc=act_prm_actions_only-tc=sft_flat-rbc=default-nb=200-nt=0-mc=hf_qwen3_4b_instruct-lc=r8_a16_l-1c2c8e4f
act_prm_tau2_retail,s2,retail_s2_actions_only_lr1e_3_nb200_flat32sgd_heldout,sgd,0.001,80,3.549397,0.762118,0.762118,3.549397,13459.0,13459.0,retail_s2_actions_only_lr1e_3_nb200_flat32sgd_heldout-act-prm-ia=0-rr=0-ec=act_prm_tau2_retail-gc=act_prm_actions_only-tc=sft_flat-rbc=default-nb=200-nt=0-mc=hf_qwen3_4b_instruct-lc=r8_a16_l-1c2c8e4f
act_prm_tau2_retail,s2,retail_s2_actions_only_lr1e_3_nb200_flat32sgd_heldout,sgd,0.001,85,3.525486,0.762387,0.762387,3.525486,13459.0,13459.0,retail_s2_actions_only_lr1e_3_nb200_flat32sgd_heldout-act-prm-ia=0-rr=0-ec=act_prm_tau2_retail-gc=act_prm_actions_only-tc=sft_flat-rbc=default-nb=200-nt=0-mc=hf_qwen3_4b_instruct-lc=r8_a16_l-1c2c8e4f
act_prm_tau2_retail,s2,retail_s2_actions_only_lr1e_3_nb200_flat32sgd_heldout,sgd,0.001,90,3.49671,0.761914,0.761914,3.49671,13459.0,13459.0,retail_s2_actions_only_lr1e_3_nb200_flat32sgd_heldout-act-prm-ia=0-rr=0-ec=act_prm_tau2_retail-gc=act_prm_actions_only-tc=sft_flat-rbc=default-nb=200-nt=0-mc=hf_qwen3_4b_instruct-lc=r8_a16_l-1c2c8e4f
act_prm_tau2_retail,s2,retail_s2_actions_only_lr1e_3_nb200_flat32sgd_heldout,sgd,0.001,95,3.46752,0.762213,0.762213,3.46752,13459.0,13459.0,retail_s2_actions_only_lr1e_3_nb200_flat32sgd_heldout-act-prm-ia=0-rr=0-ec=act_prm_tau2_retail-gc=act_prm_actions_only-tc=sft_flat-rbc=default-nb=200-nt=0-mc=hf_qwen3_4b_instruct-lc=r8_a16_l-1c2c8e4f
act_prm_tau2_retail,s2,retail_s2_actions_only_lr1e_3_nb200_flat32sgd_heldout,sgd,0.001,100,3.440251,0.76181,0.76181,3.440251,13459.0,13459.0,retail_s2_actions_only_lr1e_3_nb200_flat32sgd_heldout-act-prm-ia=0-rr=0-ec=act_prm_tau2_retail-gc=act_prm_actions_only-tc=sft_flat-rbc=default-nb=200-nt=0-mc=hf_qwen3_4b_instruct-lc=r8_a16_l-1c2c8e4f
act_prm_tau2_retail,s2,retail_s2_actions_only_lr1e_3_nb200_flat32sgd_heldout,sgd,0.001,105,3.406302,0.761939,0.761939,3.406302,13459.0,13459.0,retail_s2_actions_only_lr1e_3_nb200_flat32sgd_heldout-act-prm-ia=0-rr=0-ec=act_prm_tau2_retail-gc=act_prm_actions_only-tc=sft_flat-rbc=default-nb=200-nt=0-mc=hf_qwen3_4b_instruct-lc=r8_a16_l-1c2c8e4f
act_prm_tau2_retail,s2,retail_s2_actions_only_lr1e_3_nb200_flat32sgd_heldout,sgd,0.001,110,3.372017,0.761952,0.761952,3.372017,13459.0,13459.0,retail_s2_actions_only_lr1e_3_nb200_flat32sgd_heldout-act-prm-ia=0-rr=0-ec=act_prm_tau2_retail-gc=act_prm_actions_only-tc=sft_flat-rbc=default-nb=200-nt=0-mc=hf_qwen3_4b_instruct-lc=r8_a16_l-1c2c8e4f
act_prm_tau2_retail,s2,retail_s2_actions_only_lr1e_3_nb200_flat32sgd_heldout,sgd,0.001,115,3.336202,0.762683,0.762683,3.336202,13459.0,13459.0,retail_s2_actions_only_lr1e_3_nb200_flat32sgd_heldout-act-prm-ia=0-rr=0-ec=act_prm_tau2_retail-gc=act_prm_actions_only-tc=sft_flat-rbc=default-nb=200-nt=0-mc=hf_qwen3_4b_instruct-lc=r8_a16_l-1c2c8e4f
act_prm_tau2_retail,s2,retail_s2_actions_only_lr1e_3_nb200_flat32sgd_heldout,sgd,0.001,120,3.292838,0.762448,0.762448,3.292838,13459.0,13459.0,retail_s2_actions_only_lr1e_3_nb200_flat32sgd_heldout-act-prm-ia=0-rr=0-ec=act_prm_tau2_retail-gc=act_prm_actions_only-tc=sft_flat-rbc=default-nb=200-nt=0-mc=hf_qwen3_4b_instruct-lc=r8_a16_l-1c2c8e4f
act_prm_tau2_retail,s2,retail_s2_actions_only_lr1e_3_nb200_flat32sgd_heldout,sgd,0.001,125,3.255439,0.763166,0.763166,3.255439,13459.0,13459.0,retail_s2_actions_only_lr1e_3_nb200_flat32sgd_heldout-act-prm-ia=0-rr=0-ec=act_prm_tau2_retail-gc=act_prm_actions_only-tc=sft_flat-rbc=default-nb=200-nt=0-mc=hf_qwen3_4b_instruct-lc=r8_a16_l-1c2c8e4f
act_prm_tau2_retail,s2,retail_s2_actions_only_lr1e_3_nb200_flat32sgd_heldout,sgd,0.001,130,3.219917,0.762635,0.762635,3.219917,13459.0,13459.0,retail_s2_actions_only_lr1e_3_nb200_flat32sgd_heldout-act-prm-ia=0-rr=0-ec=act_prm_tau2_retail-gc=act_prm_actions_only-tc=sft_flat-rbc=default-nb=200-nt=0-mc=hf_qwen3_4b_instruct-lc=r8_a16_l-1c2c8e4f
act_prm_tau2_retail,s2,retail_s2_actions_only_lr1e_3_nb200_flat32sgd_heldout,sgd,0.001,135,3.189659,0.764271,0.764271,3.189659,13459.0,13459.0,retail_s2_actions_only_lr1e_3_nb200_flat32sgd_heldout-act-prm-ia=0-rr=0-ec=act_prm_tau2_retail-gc=act_prm_actions_only-tc=sft_flat-rbc=default-nb=200-nt=0-mc=hf_qwen3_4b_instruct-lc=r8_a16_l-1c2c8e4f
act_prm_tau2_retail,s2,retail_s2_actions_only_lr1e_3_nb200_flat32sgd_heldout,sgd,0.001,140,3.151419,0.764614,0.764614,3.151419,13459.0,13459.0,retail_s2_actions_only_lr1e_3_nb200_flat32sgd_heldout-act-prm-ia=0-rr=0-ec=act_prm_tau2_retail-gc=act_prm_actions_only-tc=sft_flat-rbc=default-nb=200-nt=0-mc=hf_qwen3_4b_instruct-lc=r8_a16_l-1c2c8e4f
act_prm_tau2_retail,s2,retail_s2_actions_only_lr1e_3_nb200_flat32sgd_heldout,sgd,0.001,145,3.109403,0.764094,0.764094,3.109403,13459.0,13459.0,retail_s2_actions_only_lr1e_3_nb200_flat32sgd_heldout-act-prm-ia=0-rr=0-ec=act_prm_tau2_retail-gc=act_prm_actions_only-tc=sft_flat-rbc=default-nb=200-nt=0-mc=hf_qwen3_4b_instruct-lc=r8_a16_l-1c2c8e4f
act_prm_tau2_retail,s2,retail_s2_actions_only_lr1e_3_nb200_flat32sgd_heldout,sgd,0.001,150,3.064372,0.764798,0.764798,3.064372,13459.0,13459.0,retail_s2_actions_only_lr1e_3_nb200_flat32sgd_heldout-act-prm-ia=0-rr=0-ec=act_prm_tau2_retail-gc=act_prm_actions_only-tc=sft_flat-rbc=default-nb=200-nt=0-mc=hf_qwen3_4b_instruct-lc=r8_a16_l-1c2c8e4f
act_prm_tau2_retail,s2,retail_s2_actions_only_lr1e_3_nb200_flat32sgd_heldout,sgd,0.001,155,3.034469,0.764865,0.764865,3.034469,13459.0,13459.0,retail_s2_actions_only_lr1e_3_nb200_flat32sgd_heldout-act-prm-ia=0-rr=0-ec=act_prm_tau2_retail-gc=act_prm_actions_only-tc=sft_flat-rbc=default-nb=200-nt=0-mc=hf_qwen3_4b_instruct-lc=r8_a16_l-1c2c8e4f
act_prm_tau2_retail,s2,retail_s2_actions_only_lr1e_3_nb200_flat32sgd_heldout,sgd,0.001,160,2.99494,0.766158,0.766158,2.99494,13459.0,13459.0,retail_s2_actions_only_lr1e_3_nb200_flat32sgd_heldout-act-prm-ia=0-rr=0-ec=act_prm_tau2_retail-gc=act_prm_actions_only-tc=sft_flat-rbc=default-nb=200-nt=0-mc=hf_qwen3_4b_instruct-lc=r8_a16_l-1c2c8e4f
act_prm_tau2_retail,s2,retail_s2_actions_only_lr1e_3_nb200_flat32sgd_heldout,sgd,0.001,165,2.959585,0.765841,0.765841,2.959585,13459.0,13459.0,retail_s2_actions_only_lr1e_3_nb200_flat32sgd_heldout-act-prm-ia=0-rr=0-ec=act_prm_tau2_retail-gc=act_prm_actions_only-tc=sft_flat-rbc=default-nb=200-nt=0-mc=hf_qwen3_4b_instruct-lc=r8_a16_l-1c2c8e4f
act_prm_tau2_retail,s2,retail_s2_actions_only_lr1e_3_nb200_flat32sgd_heldout,sgd,0.001,170,2.923457,0.766309,0.766309,2.923457,13459.0,13459.0,retail_s2_actions_only_lr1e_3_nb200_flat32sgd_heldout-act-prm-ia=0-rr=0-ec=act_prm_tau2_retail-gc=act_prm_actions_only-tc=sft_flat-rbc=default-nb=200-nt=0-mc=hf_qwen3_4b_instruct-lc=r8_a16_l-1c2c8e4f
act_prm_tau2_retail,s2,retail_s2_actions_only_lr1e_3_nb200_flat32sgd_heldout,sgd,0.001,175,2.890388,0.76704,0.76704,2.890388,13459.0,13459.0,retail_s2_actions_only_lr1e_3_nb200_flat32sgd_heldout-act-prm-ia=0-rr=0-ec=act_prm_tau2_retail-gc=act_prm_actions_only-tc=sft_flat-rbc=default-nb=200-nt=0-mc=hf_qwen3_4b_instruct-lc=r8_a16_l-1c2c8e4f
act_prm_tau2_retail,s2,retail_s2_actions_only_lr1e_3_nb200_flat32sgd_heldout,sgd,0.001,180,2.858451,0.767342,0.767342,2.858451,13459.0,13459.0,retail_s2_actions_only_lr1e_3_nb200_flat32sgd_heldout-act-prm-ia=0-rr=0-ec=act_prm_tau2_retail-gc=act_prm_actions_only-tc=sft_flat-rbc=default-nb=200-nt=0-mc=hf_qwen3_4b_instruct-lc=r8_a16_l-1c2c8e4f
act_prm_tau2_retail,s2,retail_s2_actions_only_lr1e_3_nb200_flat32sgd_heldout,sgd,0.001,185,2.827425,0.766721,0.766721,2.827425,13459.0,13459.0,retail_s2_actions_only_lr1e_3_nb200_flat32sgd_heldout-act-prm-ia=0-rr=0-ec=act_prm_tau2_retail-gc=act_prm_actions_only-tc=sft_flat-rbc=default-nb=200-nt=0-mc=hf_qwen3_4b_instruct-lc=r8_a16_l-1c2c8e4f
act_prm_tau2_retail,s2,retail_s2_actions_only_lr1e_3_nb200_flat32sgd_heldout,sgd,0.001,190,2.79998,0.767773,0.767773,2.79998,13459.0,13459.0,retail_s2_actions_only_lr1e_3_nb200_flat32sgd_heldout-act-prm-ia=0-rr=0-ec=act_prm_tau2_retail-gc=act_prm_actions_only-tc=sft_flat-rbc=default-nb=200-nt=0-mc=hf_qwen3_4b_instruct-lc=r8_a16_l-1c2c8e4f
act_prm_tau2_retail,s2,retail_s2_actions_only_lr1e_3_nb200_flat32sgd_heldout,sgd,0.001,195,2.772351,0.768333,0.768333,2.772351,13459.0,13459.0,retail_s2_actions_only_lr1e_3_nb200_flat32sgd_heldout-act-prm-ia=0-rr=0-ec=act_prm_tau2_retail-gc=act_prm_actions_only-tc=sft_flat-rbc=default-nb=200-nt=0-mc=hf_qwen3_4b_instruct-lc=r8_a16_l-1c2c8e4f
act_prm_tau2_retail,s2,retail_s2_actions_only_lr1e_3_nb200_flat32sgd_heldout,sgd,0.001,199,2.751664,0.768142,0.768142,2.751664,13459.0,13459.0,retail_s2_actions_only_lr1e_3_nb200_flat32sgd_heldout-act-prm-ia=0-rr=0-ec=act_prm_tau2_retail-gc=act_prm_actions_only-tc=sft_flat-rbc=default-nb=200-nt=0-mc=hf_qwen3_4b_instruct-lc=r8_a16_l-1c2c8e4f
act_prm_tau2_retail,s2,retail_s2_actions_only_lr1e_4_adamw_nb200_flat32_heldout,adamw,0.0001,5,2.754951,0.770918,0.770918,2.754951,13459.0,13459.0,retail_s2_actions_only_lr1e_4_adamw_nb200_flat32_heldout-act-prm-ia=0-rr=0-ec=act_prm_tau2_retail-gc=act_prm_actions_only-tc=sft_flat-rbc=default-nb=200-nt=0-mc=hf_qwen3_4b_instruct-lc=r8_a1-ea7b4feb
act_prm_tau2_retail,s2,retail_s2_actions_only_lr1e_4_adamw_nb200_flat32_heldout,adamw,0.0001,10,2.33992,0.776463,0.776463,2.33992,13459.0,13459.0,retail_s2_actions_only_lr1e_4_adamw_nb200_flat32_heldout-act-prm-ia=0-rr=0-ec=act_prm_tau2_retail-gc=act_prm_actions_only-tc=sft_flat-rbc=default-nb=200-nt=0-mc=hf_qwen3_4b_instruct-lc=r8_a1-ea7b4feb
act_prm_tau2_retail,s2,retail_s2_actions_only_lr1e_4_adamw_nb200_flat32_heldout,adamw,0.0001,15,2.266711,0.7777,0.7777,2.266711,13459.0,13459.0,retail_s2_actions_only_lr1e_4_adamw_nb200_flat32_heldout-act-prm-ia=0-rr=0-ec=act_prm_tau2_retail-gc=act_prm_actions_only-tc=sft_flat-rbc=default-nb=200-nt=0-mc=hf_qwen3_4b_instruct-lc=r8_a1-ea7b4feb
act_prm_tau2_retail,s2,retail_s2_actions_only_lr1e_4_adamw_nb200_flat32_heldout,adamw,0.0001,20,2.20086,0.781309,0.781309,2.20086,13459.0,13459.0,retail_s2_actions_only_lr1e_4_adamw_nb200_flat32_heldout-act-prm-ia=0-rr=0-ec=act_prm_tau2_retail-gc=act_prm_actions_only-tc=sft_flat-rbc=default-nb=200-nt=0-mc=hf_qwen3_4b_instruct-lc=r8_a1-ea7b4feb
act_prm_tau2_retail,s2,retail_s2_actions_only_lr1e_4_adamw_nb200_flat32_heldout,adamw,0.0001,25,2.129834,0.787975,0.787975,2.129834,13459.0,13459.0,retail_s2_actions_only_lr1e_4_adamw_nb200_flat32_heldout-act-prm-ia=0-rr=0-ec=act_prm_tau2_retail-gc=act_prm_actions_only-tc=sft_flat-rbc=default-nb=200-nt=0-mc=hf_qwen3_4b_instruct-lc=r8_a1-ea7b4feb
act_prm_tau2_retail,s2,retail_s2_actions_only_lr1e_4_adamw_nb200_flat32_heldout,adamw,0.0001,30,2.064167,0.793462,0.793462,2.064167,13459.0,13459.0,retail_s2_actions_only_lr1e_4_adamw_nb200_flat32_heldout-act-prm-ia=0-rr=0-ec=act_prm_tau2_retail-gc=act_prm_actions_only-tc=sft_flat-rbc=default-nb=200-nt=0-mc=hf_qwen3_4b_instruct-lc=r8_a1-ea7b4feb
act_prm_tau2_retail,s2,retail_s2_actions_only_lr1e_4_adamw_nb200_flat32_heldout,adamw,0.0001,35,2.008579,0.798702,0.798702,2.008579,13459.0,13459.0,retail_s2_actions_only_lr1e_4_adamw_nb200_flat32_heldout-act-prm-ia=0-rr=0-ec=act_prm_tau2_retail-gc=act_prm_actions_only-tc=sft_flat-rbc=default-nb=200-nt=0-mc=hf_qwen3_4b_instruct-lc=r8_a1-ea7b4feb
act_prm_tau2_retail,s2,retail_s2_actions_only_lr1e_4_adamw_nb200_flat32_heldout,adamw,0.0001,40,1.972864,0.804592,0.804592,1.972864,13459.0,13459.0,retail_s2_actions_only_lr1e_4_adamw_nb200_flat32_heldout-act-prm-ia=0-rr=0-ec=act_prm_tau2_retail-gc=act_prm_actions_only-tc=sft_flat-rbc=default-nb=200-nt=0-mc=hf_qwen3_4b_instruct-lc=r8_a1-ea7b4feb
act_prm_tau2_retail,s2,retail_s2_actions_only_lr1e_4_adamw_nb200_flat32_heldout,adamw,0.0001,45,1.945561,0.807233,0.807233,1.945561,13459.0,13459.0,retail_s2_actions_only_lr1e_4_adamw_nb200_flat32_heldout-act-prm-ia=0-rr=0-ec=act_prm_tau2_retail-gc=act_prm_actions_only-tc=sft_flat-rbc=default-nb=200-nt=0-mc=hf_qwen3_4b_instruct-lc=r8_a1-ea7b4feb
act_prm_tau2_retail,s2,retail_s2_actions_only_lr1e_4_adamw_nb200_flat32_heldout,adamw,0.0001,50,1.907679,0.812146,0.812146,1.907679,13459.0,13459.0,retail_s2_actions_only_lr1e_4_adamw_nb200_flat32_heldout-act-prm-ia=0-rr=0-ec=act_prm_tau2_retail-gc=act_prm_actions_only-tc=sft_flat-rbc=default-nb=200-nt=0-mc=hf_qwen3_4b_instruct-lc=r8_a1-ea7b4feb
act_prm_tau2_retail,s2,retail_s2_actions_only_lr1e_4_adamw_nb200_flat32_heldout,adamw,0.0001,55,1.883279,0.814574,0.814574,1.883279,13459.0,13459.0,retail_s2_actions_only_lr1e_4_adamw_nb200_flat32_heldout-act-prm-ia=0-rr=0-ec=act_prm_tau2_retail-gc=act_prm_actions_only-tc=sft_flat-rbc=default-nb=200-nt=0-mc=hf_qwen3_4b_instruct-lc=r8_a1-ea7b4feb
act_prm_tau2_retail,s2,retail_s2_actions_only_lr1e_4_adamw_nb200_flat32_heldout,adamw,0.0001,60,1.861007,0.815193,0.815193,1.861007,13459.0,13459.0,retail_s2_actions_only_lr1e_4_adamw_nb200_flat32_heldout-act-prm-ia=0-rr=0-ec=act_prm_tau2_retail-gc=act_prm_actions_only-tc=sft_flat-rbc=default-nb=200-nt=0-mc=hf_qwen3_4b_instruct-lc=r8_a1-ea7b4feb
act_prm_tau2_retail,s2,retail_s2_actions_only_lr1e_4_adamw_nb200_flat32_heldout,adamw,0.0001,65,1.839665,0.817347,0.817347,1.839665,13459.0,13459.0,retail_s2_actions_only_lr1e_4_adamw_nb200_flat32_heldout-act-prm-ia=0-rr=0-ec=act_prm_tau2_retail-gc=act_prm_actions_only-tc=sft_flat-rbc=default-nb=200-nt=0-mc=hf_qwen3_4b_instruct-lc=r8_a1-ea7b4feb
act_prm_tau2_retail,s2,retail_s2_actions_only_lr1e_4_adamw_nb200_flat32_heldout,adamw,0.0001,70,1.817653,0.821879,0.821879,1.817653,13459.0,13459.0,retail_s2_actions_only_lr1e_4_adamw_nb200_flat32_heldout-act-prm-ia=0-rr=0-ec=act_prm_tau2_retail-gc=act_prm_actions_only-tc=sft_flat-rbc=default-nb=200-nt=0-mc=hf_qwen3_4b_instruct-lc=r8_a1-ea7b4feb
act_prm_tau2_retail,s2,retail_s2_actions_only_lr1e_4_adamw_nb200_flat32_heldout,adamw,0.0001,75,1.805531,0.822612,0.822612,1.805531,13459.0,13459.0,retail_s2_actions_only_lr1e_4_adamw_nb200_flat32_heldout-act-prm-ia=0-rr=0-ec=act_prm_tau2_retail-gc=act_prm_actions_only-tc=sft_flat-rbc=default-nb=200-nt=0-mc=hf_qwen3_4b_instruct-lc=r8_a1-ea7b4feb
act_prm_tau2_retail,s2,retail_s2_actions_only_lr1e_4_adamw_nb200_flat32_heldout,adamw,0.0001,80,1.790515,0.826355,0.826355,1.790515,13459.0,13459.0,retail_s2_actions_only_lr1e_4_adamw_nb200_flat32_heldout-act-prm-ia=0-rr=0-ec=act_prm_tau2_retail-gc=act_prm_actions_only-tc=sft_flat-rbc=default-nb=200-nt=0-mc=hf_qwen3_4b_instruct-lc=r8_a1-ea7b4feb
act_prm_tau2_retail,s2,retail_s2_actions_only_lr1e_4_adamw_nb200_flat32_heldout,adamw,0.0001,85,1.783831,0.828077,0.828077,1.783831,13459.0,13459.0,retail_s2_actions_only_lr1e_4_adamw_nb200_flat32_heldout-act-prm-ia=0-rr=0-ec=act_prm_tau2_retail-gc=act_prm_actions_only-tc=sft_flat-rbc=default-nb=200-nt=0-mc=hf_qwen3_4b_instruct-lc=r8_a1-ea7b4feb
act_prm_tau2_retail,s2,retail_s2_actions_only_lr1e_4_adamw_nb200_flat32_heldout,adamw,0.0001,90,1.772604,0.82908,0.82908,1.772604,13459.0,13459.0,retail_s2_actions_only_lr1e_4_adamw_nb200_flat32_heldout-act-prm-ia=0-rr=0-ec=act_prm_tau2_retail-gc=act_prm_actions_only-tc=sft_flat-rbc=default-nb=200-nt=0-mc=hf_qwen3_4b_instruct-lc=r8_a1-ea7b4feb
act_prm_tau2_retail,s2,retail_s2_actions_only_lr1e_4_adamw_nb200_flat32_heldout,adamw,0.0001,95,1.767507,0.827953,0.827953,1.767507,13459.0,13459.0,retail_s2_actions_only_lr1e_4_adamw_nb200_flat32_heldout-act-prm-ia=0-rr=0-ec=act_prm_tau2_retail-gc=act_prm_actions_only-tc=sft_flat-rbc=default-nb=200-nt=0-mc=hf_qwen3_4b_instruct-lc=r8_a1-ea7b4feb
act_prm_tau2_retail,s2,retail_s2_actions_only_lr1e_4_adamw_nb200_flat32_heldout,adamw,0.0001,100,1.776833,0.827914,0.827914,1.776833,13459.0,13459.0,retail_s2_actions_only_lr1e_4_adamw_nb200_flat32_heldout-act-prm-ia=0-rr=0-ec=act_prm_tau2_retail-gc=act_prm_actions_only-tc=sft_flat-rbc=default-nb=200-nt=0-mc=hf_qwen3_4b_instruct-lc=r8_a1-ea7b4feb
act_prm_tau2_retail,s2,retail_s2_actions_only_lr1e_4_adamw_nb200_flat32_heldout,adamw,0.0001,105,1.774994,0.828953,0.828953,1.774994,13459.0,13459.0,retail_s2_actions_only_lr1e_4_adamw_nb200_flat32_heldout-act-prm-ia=0-rr=0-ec=act_prm_tau2_retail-gc=act_prm_actions_only-tc=sft_flat-rbc=default-nb=200-nt=0-mc=hf_qwen3_4b_instruct-lc=r8_a1-ea7b4feb
act_prm_tau2_retail,s2,retail_s2_actions_only_lr1e_4_adamw_nb200_flat32_heldout,adamw,0.0001,110,1.768651,0.829792,0.829792,1.768651,13459.0,13459.0,retail_s2_actions_only_lr1e_4_adamw_nb200_flat32_heldout-act-prm-ia=0-rr=0-ec=act_prm_tau2_retail-gc=act_prm_actions_only-tc=sft_flat-rbc=default-nb=200-nt=0-mc=hf_qwen3_4b_instruct-lc=r8_a1-ea7b4feb
act_prm_tau2_retail,s2,retail_s2_actions_only_lr1e_4_adamw_nb200_flat32_heldout,adamw,0.0001,115,1.753784,0.830591,0.830591,1.753784,13459.0,13459.0,retail_s2_actions_only_lr1e_4_adamw_nb200_flat32_heldout-act-prm-ia=0-rr=0-ec=act_prm_tau2_retail-gc=act_prm_actions_only-tc=sft_flat-rbc=default-nb=200-nt=0-mc=hf_qwen3_4b_instruct-lc=r8_a1-ea7b4feb
act_prm_tau2_retail,s2,retail_s2_actions_only_lr1e_4_adamw_nb200_flat32_heldout,adamw,0.0001,120,1.762331,0.830401,0.830401,1.762331,13459.0,13459.0,retail_s2_actions_only_lr1e_4_adamw_nb200_flat32_heldout-act-prm-ia=0-rr=0-ec=act_prm_tau2_retail-gc=act_prm_actions_only-tc=sft_flat-rbc=default-nb=200-nt=0-mc=hf_qwen3_4b_instruct-lc=r8_a1-ea7b4feb
act_prm_tau2_retail,s2,retail_s2_actions_only_lr1e_4_adamw_nb200_flat32_heldout,adamw,0.0001,125,1.791411,0.830585,0.830585,1.791411,13459.0,13459.0,retail_s2_actions_only_lr1e_4_adamw_nb200_flat32_heldout-act-prm-ia=0-rr=0-ec=act_prm_tau2_retail-gc=act_prm_actions_only-tc=sft_flat-rbc=default-nb=200-nt=0-mc=hf_qwen3_4b_instruct-lc=r8_a1-ea7b4feb
act_prm_tau2_retail,s2,retail_s2_actions_only_lr1e_4_adamw_nb200_flat32_heldout,adamw,0.0001,130,1.786717,0.829553,0.829553,1.786717,13459.0,13459.0,retail_s2_actions_only_lr1e_4_adamw_nb200_flat32_heldout-act-prm-ia=0-rr=0-ec=act_prm_tau2_retail-gc=act_prm_actions_only-tc=sft_flat-rbc=default-nb=200-nt=0-mc=hf_qwen3_4b_instruct-lc=r8_a1-ea7b4feb
act_prm_tau2_retail,s2,retail_s2_actions_only_lr1e_4_adamw_nb200_flat32_heldout,adamw,0.0001,135,1.77151,0.830065,0.830065,1.77151,13459.0,13459.0,retail_s2_actions_only_lr1e_4_adamw_nb200_flat32_heldout-act-prm-ia=0-rr=0-ec=act_prm_tau2_retail-gc=act_prm_actions_only-tc=sft_flat-rbc=default-nb=200-nt=0-mc=hf_qwen3_4b_instruct-lc=r8_a1-ea7b4feb
act_prm_tau2_retail,s2,retail_s2_actions_only_lr1e_4_adamw_nb200_flat32_heldout,adamw,0.0001,140,1.781107,0.830844,0.830844,1.781107,13459.0,13459.0,retail_s2_actions_only_lr1e_4_adamw_nb200_flat32_heldout-act-prm-ia=0-rr=0-ec=act_prm_tau2_retail-gc=act_prm_actions_only-tc=sft_flat-rbc=default-nb=200-nt=0-mc=hf_qwen3_4b_instruct-lc=r8_a1-ea7b4feb
act_prm_tau2_retail,s2,retail_s2_actions_only_lr1e_4_adamw_nb200_flat32_heldout,adamw,0.0001,145,1.82269,0.829394,0.829394,1.82269,13459.0,13459.0,retail_s2_actions_only_lr1e_4_adamw_nb200_flat32_heldout-act-prm-ia=0-rr=0-ec=act_prm_tau2_retail-gc=act_prm_actions_only-tc=sft_flat-rbc=default-nb=200-nt=0-mc=hf_qwen3_4b_instruct-lc=r8_a1-ea7b4feb
act_prm_tau2_retail,s2,retail_s2_actions_only_lr1e_4_heldout,,0.0001,10,3.844585,0.760606,0.760606,,,,retail_s2_actions_only_lr1e_4_heldout-act-prm-ia=0-rr=0-ec=act_prm_tau2_retail-gc=act_prm_actions_only-tc=sft-rbc=default-nb=60-nt=0-mc=hf_qwen3_4b_instruct-lc=r8_a16_linear-nie=1-gc=0-nf=0--36df0255
act_prm_tau2_retail,s2,retail_s2_actions_only_lr1e_4_heldout,,0.0001,10,3.844585,0.760606,0.760606,,,,retail_s2_actions_only_lr1e_4_heldout-act-prm-ia=0-rr=0-ec=act_prm_tau2_retail-gc=act_prm_actions_only-tc=sft-rbc=default-nb=60-nt=0-mc=hf_qwen3_4b_instruct-lc=r8_a16_linear-nie=1-gc=0-nf=0--36df0255
act_prm_tau2_retail,s2,retail_s2_actions_only_lr1e_4_heldout,,0.0001,20,3.84289,0.760309,0.760309,,,,retail_s2_actions_only_lr1e_4_heldout-act-prm-ia=0-rr=0-ec=act_prm_tau2_retail-gc=act_prm_actions_only-tc=sft-rbc=default-nb=60-nt=0-mc=hf_qwen3_4b_instruct-lc=r8_a16_linear-nie=1-gc=0-nf=0--36df0255
act_prm_tau2_retail,s2,retail_s2_actions_only_lr1e_4_heldout,,0.0001,20,3.84289,0.760309,0.760309,,,,retail_s2_actions_only_lr1e_4_heldout-act-prm-ia=0-rr=0-ec=act_prm_tau2_retail-gc=act_prm_actions_only-tc=sft-rbc=default-nb=60-nt=0-mc=hf_qwen3_4b_instruct-lc=r8_a16_linear-nie=1-gc=0-nf=0--36df0255
act_prm_tau2_retail,s2,retail_s2_actions_only_lr1e_4_heldout,,0.0001,30,3.839488,0.760978,0.760978,,,,retail_s2_actions_only_lr1e_4_heldout-act-prm-ia=0-rr=0-ec=act_prm_tau2_retail-gc=act_prm_actions_only-tc=sft-rbc=default-nb=60-nt=0-mc=hf_qwen3_4b_instruct-lc=r8_a16_linear-nie=1-gc=0-nf=0--36df0255
act_prm_tau2_retail,s2,retail_s2_actions_only_lr1e_4_heldout,,0.0001,30,3.839488,0.760978,0.760978,,,,retail_s2_actions_only_lr1e_4_heldout-act-prm-ia=0-rr=0-ec=act_prm_tau2_retail-gc=act_prm_actions_only-tc=sft-rbc=default-nb=60-nt=0-mc=hf_qwen3_4b_instruct-lc=r8_a16_linear-nie=1-gc=0-nf=0--36df0255
act_prm_tau2_retail,s2,retail_s2_actions_only_lr1e_4_heldout,,0.0001,40,3.844909,0.760235,0.760235,,,,retail_s2_actions_only_lr1e_4_heldout-act-prm-ia=0-rr=0-ec=act_prm_tau2_retail-gc=act_prm_actions_only-tc=sft-rbc=default-nb=60-nt=0-mc=hf_qwen3_4b_instruct-lc=r8_a16_linear-nie=1-gc=0-nf=0--36df0255
act_prm_tau2_retail,s2,retail_s2_actions_only_lr1e_4_heldout,,0.0001,40,3.844909,0.760235,0.760235,,,,retail_s2_actions_only_lr1e_4_heldout-act-prm-ia=0-rr=0-ec=act_prm_tau2_retail-gc=act_prm_actions_only-tc=sft-rbc=default-nb=60-nt=0-mc=hf_qwen3_4b_instruct-lc=r8_a16_linear-nie=1-gc=0-nf=0--36df0255
act_prm_tau2_retail,s2,retail_s2_actions_only_lr1e_4_heldout,,0.0001,50,3.834639,0.760606,0.760606,,,,retail_s2_actions_only_lr1e_4_heldout-act-prm-ia=0-rr=0-ec=act_prm_tau2_retail-gc=act_prm_actions_only-tc=sft-rbc=default-nb=60-nt=0-mc=hf_qwen3_4b_instruct-lc=r8_a16_linear-nie=1-gc=0-nf=0--36df0255
act_prm_tau2_retail,s2,retail_s2_actions_only_lr1e_4_heldout,,0.0001,50,3.834639,0.760606,0.760606,,,,retail_s2_actions_only_lr1e_4_heldout-act-prm-ia=0-rr=0-ec=act_prm_tau2_retail-gc=act_prm_actions_only-tc=sft-rbc=default-nb=60-nt=0-mc=hf_qwen3_4b_instruct-lc=r8_a16_linear-nie=1-gc=0-nf=0--36df0255
act_prm_tau2_retail,s2,retail_s2_actions_only_lr1e_4_heldout,,0.0001,59,3.835358,0.760978,0.760978,,,,retail_s2_actions_only_lr1e_4_heldout-act-prm-ia=0-rr=0-ec=act_prm_tau2_retail-gc=act_prm_actions_only-tc=sft-rbc=default-nb=60-nt=0-mc=hf_qwen3_4b_instruct-lc=r8_a16_linear-nie=1-gc=0-nf=0--36df0255
act_prm_tau2_retail,s2,retail_s2_actions_only_lr1e_4_heldout,,0.0001,59,3.835358,0.760978,0.760978,,,,retail_s2_actions_only_lr1e_4_heldout-act-prm-ia=0-rr=0-ec=act_prm_tau2_retail-gc=act_prm_actions_only-tc=sft-rbc=default-nb=60-nt=0-mc=hf_qwen3_4b_instruct-lc=r8_a16_linear-nie=1-gc=0-nf=0--36df0255
act_prm_tau2_retail,s2,retail_s2_actions_only_lr3e_3_nb150_heldout,,0.003,10,3.77991,0.760681,0.760681,,,,retail_s2_actions_only_lr3e_3_nb150_heldout-act-prm-ia=0-rr=0-ec=act_prm_tau2_retail-gc=act_prm_actions_only-tc=sft-rbc=default-nb=150-nt=0-mc=hf_qwen3_4b_instruct-lc=r8_a16_linear-nie=1-gc=-4bc01552
act_prm_tau2_retail,s2,retail_s2_actions_only_lr3e_3_nb150_heldout,,0.003,10,3.77991,0.760681,0.760681,,,,retail_s2_actions_only_lr3e_3_nb150_heldout-act-prm-ia=0-rr=0-ec=act_prm_tau2_retail-gc=act_prm_actions_only-tc=sft-rbc=default-nb=150-nt=0-mc=hf_qwen3_4b_instruct-lc=r8_a16_linear-nie=1-gc=-4bc01552
act_prm_tau2_retail,s2,retail_s2_actions_only_lr3e_3_nb150_heldout,,0.003,20,3.673236,0.761052,0.761052,,,,retail_s2_actions_only_lr3e_3_nb150_heldout-act-prm-ia=0-rr=0-ec=act_prm_tau2_retail-gc=act_prm_actions_only-tc=sft-rbc=default-nb=150-nt=0-mc=hf_qwen3_4b_instruct-lc=r8_a16_linear-nie=1-gc=-4bc01552
act_prm_tau2_retail,s2,retail_s2_actions_only_lr3e_3_nb150_heldout,,0.003,20,3.673236,0.761052,0.761052,,,,retail_s2_actions_only_lr3e_3_nb150_heldout-act-prm-ia=0-rr=0-ec=act_prm_tau2_retail-gc=act_prm_actions_only-tc=sft-rbc=default-nb=150-nt=0-mc=hf_qwen3_4b_instruct-lc=r8_a16_linear-nie=1-gc=-4bc01552
act_prm_tau2_retail,s2,retail_s2_actions_only_lr3e_3_nb150_heldout,,0.003,30,3.491972,0.762018,0.762018,,,,retail_s2_actions_only_lr3e_3_nb150_heldout-act-prm-ia=0-rr=0-ec=act_prm_tau2_retail-gc=act_prm_actions_only-tc=sft-rbc=default-nb=150-nt=0-mc=hf_qwen3_4b_instruct-lc=r8_a16_linear-nie=1-gc=-4bc01552
act_prm_tau2_retail,s2,retail_s2_actions_only_lr3e_3_nb150_heldout,,0.003,30,3.491972,0.762018,0.762018,,,,retail_s2_actions_only_lr3e_3_nb150_heldout-act-prm-ia=0-rr=0-ec=act_prm_tau2_retail-gc=act_prm_actions_only-tc=sft-rbc=default-nb=150-nt=0-mc=hf_qwen3_4b_instruct-lc=r8_a16_linear-nie=1-gc=-4bc01552
act_prm_tau2_retail,s2,retail_s2_actions_only_lr3e_3_nb150_heldout,,0.003,40,3.296515,0.762612,0.762612,,,,retail_s2_actions_only_lr3e_3_nb150_heldout-act-prm-ia=0-rr=0-ec=act_prm_tau2_retail-gc=act_prm_actions_only-tc=sft-rbc=default-nb=150-nt=0-mc=hf_qwen3_4b_instruct-lc=r8_a16_linear-nie=1-gc=-4bc01552
act_prm_tau2_retail,s2,retail_s2_actions_only_lr3e_3_nb150_heldout,,0.003,40,3.296515,0.762612,0.762612,,,,retail_s2_actions_only_lr3e_3_nb150_heldout-act-prm-ia=0-rr=0-ec=act_prm_tau2_retail-gc=act_prm_actions_only-tc=sft-rbc=default-nb=150-nt=0-mc=hf_qwen3_4b_instruct-lc=r8_a16_linear-nie=1-gc=-4bc01552
act_prm_tau2_retail,s2,retail_s2_actions_only_lr3e_3_nb150_heldout,,0.003,50,3.072188,0.765213,0.765213,,,,retail_s2_actions_only_lr3e_3_nb150_heldout-act-prm-ia=0-rr=0-ec=act_prm_tau2_retail-gc=act_prm_actions_only-tc=sft-rbc=default-nb=150-nt=0-mc=hf_qwen3_4b_instruct-lc=r8_a16_linear-nie=1-gc=-4bc01552
act_prm_tau2_retail,s2,retail_s2_actions_only_lr3e_3_nb150_heldout,,0.003,50,3.072188,0.765213,0.765213,,,,retail_s2_actions_only_lr3e_3_nb150_heldout-act-prm-ia=0-rr=0-ec=act_prm_tau2_retail-gc=act_prm_actions_only-tc=sft-rbc=default-nb=150-nt=0-mc=hf_qwen3_4b_instruct-lc=r8_a16_linear-nie=1-gc=-4bc01552
act_prm_tau2_retail,s2,retail_s2_actions_only_lr3e_3_nb150_heldout,,0.003,60,2.860937,0.766773,0.766773,,,,retail_s2_actions_only_lr3e_3_nb150_heldout-act-prm-ia=0-rr=0-ec=act_prm_tau2_retail-gc=act_prm_actions_only-tc=sft-rbc=default-nb=150-nt=0-mc=hf_qwen3_4b_instruct-lc=r8_a16_linear-nie=1-gc=-4bc01552
act_prm_tau2_retail,s2,retail_s2_actions_only_lr3e_3_nb150_heldout,,0.003,60,2.860937,0.766773,0.766773,,,,retail_s2_actions_only_lr3e_3_nb150_heldout-act-prm-ia=0-rr=0-ec=act_prm_tau2_retail-gc=act_prm_actions_only-tc=sft-rbc=default-nb=150-nt=0-mc=hf_qwen3_4b_instruct-lc=r8_a16_linear-nie=1-gc=-4bc01552
act_prm_tau2_retail,s2,retail_s2_actions_only_lr3e_3_nb150_heldout,,0.003,70,2.696174,0.769151,0.769151,,,,retail_s2_actions_only_lr3e_3_nb150_heldout-act-prm-ia=0-rr=0-ec=act_prm_tau2_retail-gc=act_prm_actions_only-tc=sft-rbc=default-nb=150-nt=0-mc=hf_qwen3_4b_instruct-lc=r8_a16_linear-nie=1-gc=-4bc01552
act_prm_tau2_retail,s2,retail_s2_actions_only_lr3e_3_nb150_heldout,,0.003,70,2.696174,0.769151,0.769151,,,,retail_s2_actions_only_lr3e_3_nb150_heldout-act-prm-ia=0-rr=0-ec=act_prm_tau2_retail-gc=act_prm_actions_only-tc=sft-rbc=default-nb=150-nt=0-mc=hf_qwen3_4b_instruct-lc=r8_a16_linear-nie=1-gc=-4bc01552
act_prm_tau2_retail,s2,retail_s2_actions_only_lr3e_3_nb150_heldout,,0.003,80,2.587251,0.770117,0.770117,,,,retail_s2_actions_only_lr3e_3_nb150_heldout-act-prm-ia=0-rr=0-ec=act_prm_tau2_retail-gc=act_prm_actions_only-tc=sft-rbc=default-nb=150-nt=0-mc=hf_qwen3_4b_instruct-lc=r8_a16_linear-nie=1-gc=-4bc01552
act_prm_tau2_retail,s2,retail_s2_actions_only_lr3e_3_nb150_heldout,,0.003,80,2.587251,0.770117,0.770117,,,,retail_s2_actions_only_lr3e_3_nb150_heldout-act-prm-ia=0-rr=0-ec=act_prm_tau2_retail-gc=act_prm_actions_only-tc=sft-rbc=default-nb=150-nt=0-mc=hf_qwen3_4b_instruct-lc=r8_a16_linear-nie=1-gc=-4bc01552
act_prm_tau2_retail,s2,retail_s2_actions_only_lr3e_3_nb150_heldout,,0.003,90,2.511001,0.77034,0.77034,,,,retail_s2_actions_only_lr3e_3_nb150_heldout-act-prm-ia=0-rr=0-ec=act_prm_tau2_retail-gc=act_prm_actions_only-tc=sft-rbc=default-nb=150-nt=0-mc=hf_qwen3_4b_instruct-lc=r8_a16_linear-nie=1-gc=-4bc01552
act_prm_tau2_retail,s2,retail_s2_actions_only_lr3e_3_nb150_heldout,,0.003,90,2.511001,0.77034,0.77034,,,,retail_s2_actions_only_lr3e_3_nb150_heldout-act-prm-ia=0-rr=0-ec=act_prm_tau2_retail-gc=act_prm_actions_only-tc=sft-rbc=default-nb=150-nt=0-mc=hf_qwen3_4b_instruct-lc=r8_a16_linear-nie=1-gc=-4bc01552
act_prm_tau2_retail,s2,retail_s2_actions_only_lr3e_3_nb150_heldout,,0.003,100,2.459398,0.771231,0.771231,,,,retail_s2_actions_only_lr3e_3_nb150_heldout-act-prm-ia=0-rr=0-ec=act_prm_tau2_retail-gc=act_prm_actions_only-tc=sft-rbc=default-nb=150-nt=0-mc=hf_qwen3_4b_instruct-lc=r8_a16_linear-nie=1-gc=-4bc01552
act_prm_tau2_retail,s2,retail_s2_actions_only_lr3e_3_nb150_heldout,,0.003,100,2.459398,0.771231,0.771231,,,,retail_s2_actions_only_lr3e_3_nb150_heldout-act-prm-ia=0-rr=0-ec=act_prm_tau2_retail-gc=act_prm_actions_only-tc=sft-rbc=default-nb=150-nt=0-mc=hf_qwen3_4b_instruct-lc=r8_a16_linear-nie=1-gc=-4bc01552
act_prm_tau2_retail,s2,retail_s2_actions_only_lr3e_3_nb150_heldout,,0.003,110,2.421971,0.77242,0.77242,,,,retail_s2_actions_only_lr3e_3_nb150_heldout-act-prm-ia=0-rr=0-ec=act_prm_tau2_retail-gc=act_prm_actions_only-tc=sft-rbc=default-nb=150-nt=0-mc=hf_qwen3_4b_instruct-lc=r8_a16_linear-nie=1-gc=-4bc01552
act_prm_tau2_retail,s2,retail_s2_actions_only_lr3e_3_nb150_heldout,,0.003,110,2.421971,0.77242,0.77242,,,,retail_s2_actions_only_lr3e_3_nb150_heldout-act-prm-ia=0-rr=0-ec=act_prm_tau2_retail-gc=act_prm_actions_only-tc=sft-rbc=default-nb=150-nt=0-mc=hf_qwen3_4b_instruct-lc=r8_a16_linear-nie=1-gc=-4bc01552
act_prm_tau2_retail,s2,retail_s2_actions_only_lr3e_3_nb150_heldout,,0.003,120,2.394601,0.772123,0.772123,,,,retail_s2_actions_only_lr3e_3_nb150_heldout-act-prm-ia=0-rr=0-ec=act_prm_tau2_retail-gc=act_prm_actions_only-tc=sft-rbc=default-nb=150-nt=0-mc=hf_qwen3_4b_instruct-lc=r8_a16_linear-nie=1-gc=-4bc01552
act_prm_tau2_retail,s2,retail_s2_actions_only_lr3e_3_nb150_heldout,,0.003,120,2.394601,0.772123,0.772123,,,,retail_s2_actions_only_lr3e_3_nb150_heldout-act-prm-ia=0-rr=0-ec=act_prm_tau2_retail-gc=act_prm_actions_only-tc=sft-rbc=default-nb=150-nt=0-mc=hf_qwen3_4b_instruct-lc=r8_a16_linear-nie=1-gc=-4bc01552
act_prm_tau2_retail,s2,retail_s2_actions_only_lr3e_3_nb150_heldout,,0.003,130,2.371479,0.772123,0.772123,,,,retail_s2_actions_only_lr3e_3_nb150_heldout-act-prm-ia=0-rr=0-ec=act_prm_tau2_retail-gc=act_prm_actions_only-tc=sft-rbc=default-nb=150-nt=0-mc=hf_qwen3_4b_instruct-lc=r8_a16_linear-nie=1-gc=-4bc01552
act_prm_tau2_retail,s2,retail_s2_actions_only_lr3e_3_nb150_heldout,,0.003,130,2.371479,0.772123,0.772123,,,,retail_s2_actions_only_lr3e_3_nb150_heldout-act-prm-ia=0-rr=0-ec=act_prm_tau2_retail-gc=act_prm_actions_only-tc=sft-rbc=default-nb=150-nt=0-mc=hf_qwen3_4b_instruct-lc=r8_a16_linear-nie=1-gc=-4bc01552
act_prm_tau2_retail,s2,retail_s2_actions_only_lr3e_3_nb150_heldout,,0.003,140,2.354911,0.770934,0.770934,,,,retail_s2_actions_only_lr3e_3_nb150_heldout-act-prm-ia=0-rr=0-ec=act_prm_tau2_retail-gc=act_prm_actions_only-tc=sft-rbc=default-nb=150-nt=0-mc=hf_qwen3_4b_instruct-lc=r8_a16_linear-nie=1-gc=-4bc01552
act_prm_tau2_retail,s2,retail_s2_actions_only_lr3e_3_nb150_heldout,,0.003,140,2.354911,0.770934,0.770934,,,,retail_s2_actions_only_lr3e_3_nb150_heldout-act-prm-ia=0-rr=0-ec=act_prm_tau2_retail-gc=act_prm_actions_only-tc=sft-rbc=default-nb=150-nt=0-mc=hf_qwen3_4b_instruct-lc=r8_a16_linear-nie=1-gc=-4bc01552
act_prm_tau2_retail,s2,retail_s2_actions_only_lr3e_3_nb150_heldout,,0.003,149,2.342237,0.772643,0.772643,,,,retail_s2_actions_only_lr3e_3_nb150_heldout-act-prm-ia=0-rr=0-ec=act_prm_tau2_retail-gc=act_prm_actions_only-tc=sft-rbc=default-nb=150-nt=0-mc=hf_qwen3_4b_instruct-lc=r8_a16_linear-nie=1-gc=-4bc01552
act_prm_tau2_retail,s2,retail_s2_actions_only_lr3e_3_nb150_heldout,,0.003,149,2.342237,0.772643,0.772643,,,,retail_s2_actions_only_lr3e_3_nb150_heldout-act-prm-ia=0-rr=0-ec=act_prm_tau2_retail-gc=act_prm_actions_only-tc=sft-rbc=default-nb=150-nt=0-mc=hf_qwen3_4b_instruct-lc=r8_a16_linear-nie=1-gc=-4bc01552
act_prm_tau2_retail,s2,retail_s2_actions_only_lr3e_3_nb150_heldout_fullctx,,0.003,10,3.341195,0.799019,0.799019,,,,retail_s2_actions_only_lr3e_3_nb150_heldout_fullctx-act-prm-ia=0-rr=0-ec=act_prm_tau2_retail-gc=act_prm_actions_only-tc=sft-rbc=default-nb=150-nt=0-mc=hf_qwen3_4b_instruct-lc=r8_a16_linear-n-393da656
act_prm_tau2_retail,s2,retail_s2_actions_only_lr3e_3_nb150_heldout_fullctx,,0.003,10,3.341195,0.799019,0.799019,,,,retail_s2_actions_only_lr3e_3_nb150_heldout_fullctx-act-prm-ia=0-rr=0-ec=act_prm_tau2_retail-gc=act_prm_actions_only-tc=sft-rbc=default-nb=150-nt=0-mc=hf_qwen3_4b_instruct-lc=r8_a16_linear-n-393da656
act_prm_tau2_retail,s2,retail_s2_actions_only_lr3e_3_nb150_heldout_fullctx,,0.003,20,3.265658,0.799539,0.799539,,,,retail_s2_actions_only_lr3e_3_nb150_heldout_fullctx-act-prm-ia=0-rr=0-ec=act_prm_tau2_retail-gc=act_prm_actions_only-tc=sft-rbc=default-nb=150-nt=0-mc=hf_qwen3_4b_instruct-lc=r8_a16_linear-n-393da656
act_prm_tau2_retail,s2,retail_s2_actions_only_lr3e_3_nb150_heldout_fullctx,,0.003,20,3.265658,0.799539,0.799539,,,,retail_s2_actions_only_lr3e_3_nb150_heldout_fullctx-act-prm-ia=0-rr=0-ec=act_prm_tau2_retail-gc=act_prm_actions_only-tc=sft-rbc=default-nb=150-nt=0-mc=hf_qwen3_4b_instruct-lc=r8_a16_linear-n-393da656
act_prm_tau2_retail,s2,retail_s2_actions_only_lr3e_3_nb150_heldout_fullctx,,0.003,30,3.139466,0.800059,0.800059,,,,retail_s2_actions_only_lr3e_3_nb150_heldout_fullctx-act-prm-ia=0-rr=0-ec=act_prm_tau2_retail-gc=act_prm_actions_only-tc=sft-rbc=default-nb=150-nt=0-mc=hf_qwen3_4b_instruct-lc=r8_a16_linear-n-393da656
act_prm_tau2_retail,s2,retail_s2_actions_only_lr3e_3_nb150_heldout_fullctx,,0.003,30,3.139466,0.800059,0.800059,,,,retail_s2_actions_only_lr3e_3_nb150_heldout_fullctx-act-prm-ia=0-rr=0-ec=act_prm_tau2_retail-gc=act_prm_actions_only-tc=sft-rbc=default-nb=150-nt=0-mc=hf_qwen3_4b_instruct-lc=r8_a16_linear-n-393da656
act_prm_tau2_retail,s2,retail_s2_actions_only_lr3e_3_nb150_heldout_fullctx,,0.003,40,2.982953,0.802066,0.802066,,,,retail_s2_actions_only_lr3e_3_nb150_heldout_fullctx-act-prm-ia=0-rr=0-ec=act_prm_tau2_retail-gc=act_prm_actions_only-tc=sft-rbc=default-nb=150-nt=0-mc=hf_qwen3_4b_instruct-lc=r8_a16_linear-n-393da656
act_prm_tau2_retail,s2,retail_s2_actions_only_lr3e_3_nb150_heldout_fullctx,,0.003,40,2.982953,0.802066,0.802066,,,,retail_s2_actions_only_lr3e_3_nb150_heldout_fullctx-act-prm-ia=0-rr=0-ec=act_prm_tau2_retail-gc=act_prm_actions_only-tc=sft-rbc=default-nb=150-nt=0-mc=hf_qwen3_4b_instruct-lc=r8_a16_linear-n-393da656
act_prm_tau2_retail,s2,retail_s2_actions_only_lr3e_3_nb200_flat32sgd_heldout,sgd,0.003,5,3.825775,0.76081,0.76081,3.825775,13459.0,13459.0,retail_s2_actions_only_lr3e_3_nb200_flat32sgd_heldout-act-prm-ia=0-rr=0-ec=act_prm_tau2_retail-gc=act_prm_actions_only-tc=sft_flat-rbc=default-nb=200-nt=0-mc=hf_qwen3_4b_instruct-lc=r8_a16_l-178b23ae
act_prm_tau2_retail,s2,retail_s2_actions_only_lr3e_3_nb200_flat32sgd_heldout,sgd,0.003,10,3.791699,0.76128,0.76128,3.791699,13459.0,13459.0,retail_s2_actions_only_lr3e_3_nb200_flat32sgd_heldout-act-prm-ia=0-rr=0-ec=act_prm_tau2_retail-gc=act_prm_actions_only-tc=sft_flat-rbc=default-nb=200-nt=0-mc=hf_qwen3_4b_instruct-lc=r8_a16_l-178b23ae
act_prm_tau2_retail,s2,retail_s2_actions_only_lr3e_3_nb200_flat32sgd_heldout,sgd,0.003,15,3.737282,0.761048,0.761048,3.737282,13459.0,13459.0,retail_s2_actions_only_lr3e_3_nb200_flat32sgd_heldout-act-prm-ia=0-rr=0-ec=act_prm_tau2_retail-gc=act_prm_actions_only-tc=sft_flat-rbc=default-nb=200-nt=0-mc=hf_qwen3_4b_instruct-lc=r8_a16_l-178b23ae
act_prm_tau2_retail,s2,retail_s2_actions_only_lr3e_3_nb200_flat32sgd_heldout,sgd,0.003,20,3.664272,0.76103,0.76103,3.664272,13459.0,13459.0,retail_s2_actions_only_lr3e_3_nb200_flat32sgd_heldout-act-prm-ia=0-rr=0-ec=act_prm_tau2_retail-gc=act_prm_actions_only-tc=sft_flat-rbc=default-nb=200-nt=0-mc=hf_qwen3_4b_instruct-lc=r8_a16_l-178b23ae
act_prm_tau2_retail,s2,retail_s2_actions_only_lr3e_3_nb200_flat32sgd_heldout,sgd,0.003,25,3.581526,0.76272,0.76272,3.581526,13459.0,13459.0,retail_s2_actions_only_lr3e_3_nb200_flat32sgd_heldout-act-prm-ia=0-rr=0-ec=act_prm_tau2_retail-gc=act_prm_actions_only-tc=sft_flat-rbc=default-nb=200-nt=0-mc=hf_qwen3_4b_instruct-lc=r8_a16_l-178b23ae
act_prm_tau2_retail,s2,retail_s2_actions_only_lr3e_3_nb200_flat32sgd_heldout,sgd,0.003,30,3.490568,0.762102,0.762102,3.490568,13459.0,13459.0,retail_s2_actions_only_lr3e_3_nb200_flat32sgd_heldout-act-prm-ia=0-rr=0-ec=act_prm_tau2_retail-gc=act_prm_actions_only-tc=sft_flat-rbc=default-nb=200-nt=0-mc=hf_qwen3_4b_instruct-lc=r8_a16_l-178b23ae
act_prm_tau2_retail,s2,retail_s2_actions_only_lr3e_3_nb200_flat32sgd_heldout,sgd,0.003,35,3.400953,0.762634,0.762634,3.400953,13459.0,13459.0,retail_s2_actions_only_lr3e_3_nb200_flat32sgd_heldout-act-prm-ia=0-rr=0-ec=act_prm_tau2_retail-gc=act_prm_actions_only-tc=sft_flat-rbc=default-nb=200-nt=0-mc=hf_qwen3_4b_instruct-lc=r8_a16_l-178b23ae
act_prm_tau2_retail,s2,retail_s2_actions_only_lr3e_3_nb200_flat32sgd_heldout,sgd,0.003,40,3.303184,0.762557,0.762557,3.303184,13459.0,13459.0,retail_s2_actions_only_lr3e_3_nb200_flat32sgd_heldout-act-prm-ia=0-rr=0-ec=act_prm_tau2_retail-gc=act_prm_actions_only-tc=sft_flat-rbc=default-nb=200-nt=0-mc=hf_qwen3_4b_instruct-lc=r8_a16_l-178b23ae
act_prm_tau2_retail,s2,retail_s2_actions_only_lr3e_3_nb200_flat32sgd_heldout,sgd,0.003,45,3.191548,0.763982,0.763982,3.191548,13459.0,13459.0,retail_s2_actions_only_lr3e_3_nb200_flat32sgd_heldout-act-prm-ia=0-rr=0-ec=act_prm_tau2_retail-gc=act_prm_actions_only-tc=sft_flat-rbc=default-nb=200-nt=0-mc=hf_qwen3_4b_instruct-lc=r8_a16_l-178b23ae
act_prm_tau2_retail,s2,retail_s2_actions_only_lr3e_3_nb200_flat32sgd_heldout,sgd,0.003,50,3.080651,0.764675,0.764675,3.080651,13459.0,13459.0,retail_s2_actions_only_lr3e_3_nb200_flat32sgd_heldout-act-prm-ia=0-rr=0-ec=act_prm_tau2_retail-gc=act_prm_actions_only-tc=sft_flat-rbc=default-nb=200-nt=0-mc=hf_qwen3_4b_instruct-lc=r8_a16_l-178b23ae
act_prm_tau2_retail,s2,retail_s2_actions_only_lr3e_3_nb200_flat32sgd_heldout,sgd,0.003,55,2.966423,0.766015,0.766015,2.966423,13459.0,13459.0,retail_s2_actions_only_lr3e_3_nb200_flat32sgd_heldout-act-prm-ia=0-rr=0-ec=act_prm_tau2_retail-gc=act_prm_actions_only-tc=sft_flat-rbc=default-nb=200-nt=0-mc=hf_qwen3_4b_instruct-lc=r8_a16_l-178b23ae
act_prm_tau2_retail,s2,retail_s2_actions_only_lr3e_3_nb200_flat32sgd_heldout,sgd,0.003,60,2.873891,0.76699,0.76699,2.873891,13459.0,13459.0,retail_s2_actions_only_lr3e_3_nb200_flat32sgd_heldout-act-prm-ia=0-rr=0-ec=act_prm_tau2_retail-gc=act_prm_actions_only-tc=sft_flat-rbc=default-nb=200-nt=0-mc=hf_qwen3_4b_instruct-lc=r8_a16_l-178b23ae
act_prm_tau2_retail,s2,retail_s2_actions_only_lr3e_3_nb200_flat32sgd_heldout,sgd,0.003,65,2.790658,0.768894,0.768894,2.790658,13459.0,13459.0,retail_s2_actions_only_lr3e_3_nb200_flat32sgd_heldout-act-prm-ia=0-rr=0-ec=act_prm_tau2_retail-gc=act_prm_actions_only-tc=sft_flat-rbc=default-nb=200-nt=0-mc=hf_qwen3_4b_instruct-lc=r8_a16_l-178b23ae
act_prm_tau2_retail,s2,retail_s2_actions_only_lr3e_3_nb200_flat32sgd_heldout,sgd,0.003,70,2.708326,0.768447,0.768447,2.708326,13459.0,13459.0,retail_s2_actions_only_lr3e_3_nb200_flat32sgd_heldout-act-prm-ia=0-rr=0-ec=act_prm_tau2_retail-gc=act_prm_actions_only-tc=sft_flat-rbc=default-nb=200-nt=0-mc=hf_qwen3_4b_instruct-lc=r8_a16_l-178b23ae
act_prm_tau2_retail,s2,retail_s2_actions_only_lr3e_3_nb200_flat32sgd_heldout,sgd,0.003,75,2.639844,0.76933,0.76933,2.639844,13459.0,13459.0,retail_s2_actions_only_lr3e_3_nb200_flat32sgd_heldout-act-prm-ia=0-rr=0-ec=act_prm_tau2_retail-gc=act_prm_actions_only-tc=sft_flat-rbc=default-nb=200-nt=0-mc=hf_qwen3_4b_instruct-lc=r8_a16_l-178b23ae
act_prm_tau2_retail,s2,retail_s2_actions_only_lr3e_3_nb200_flat32sgd_heldout,sgd,0.003,80,2.587222,0.768745,0.768745,2.587222,13459.0,13459.0,retail_s2_actions_only_lr3e_3_nb200_flat32sgd_heldout-act-prm-ia=0-rr=0-ec=act_prm_tau2_retail-gc=act_prm_actions_only-tc=sft_flat-rbc=default-nb=200-nt=0-mc=hf_qwen3_4b_instruct-lc=r8_a16_l-178b23ae
act_prm_tau2_retail,s2,retail_s2_actions_only_lr3e_3_nb200_flat32sgd_heldout,sgd,0.003,85,2.544341,0.769808,0.769808,2.544341,13459.0,13459.0,retail_s2_actions_only_lr3e_3_nb200_flat32sgd_heldout-act-prm-ia=0-rr=0-ec=act_prm_tau2_retail-gc=act_prm_actions_only-tc=sft_flat-rbc=default-nb=200-nt=0-mc=hf_qwen3_4b_instruct-lc=r8_a16_l-178b23ae
act_prm_tau2_retail,s2,retail_s2_actions_only_lr3e_3_nb200_flat32sgd_heldout,sgd,0.003,90,2.512921,0.770731,0.770731,2.512921,13459.0,13459.0,retail_s2_actions_only_lr3e_3_nb200_flat32sgd_heldout-act-prm-ia=0-rr=0-ec=act_prm_tau2_retail-gc=act_prm_actions_only-tc=sft_flat-rbc=default-nb=200-nt=0-mc=hf_qwen3_4b_instruct-lc=r8_a16_l-178b23ae
act_prm_tau2_retail,s2,retail_s2_actions_only_lr3e_3_nb200_flat32sgd_heldout,sgd,0.003,95,2.486498,0.770861,0.770861,2.486498,13459.0,13459.0,retail_s2_actions_only_lr3e_3_nb200_flat32sgd_heldout-act-prm-ia=0-rr=0-ec=act_prm_tau2_retail-gc=act_prm_actions_only-tc=sft_flat-rbc=default-nb=200-nt=0-mc=hf_qwen3_4b_instruct-lc=r8_a16_l-178b23ae
act_prm_tau2_retail,s2,retail_s2_actions_only_lr3e_3_nb200_flat32sgd_heldout,sgd,0.003,100,2.46516,0.771913,0.771913,2.46516,13459.0,13459.0,retail_s2_actions_only_lr3e_3_nb200_flat32sgd_heldout-act-prm-ia=0-rr=0-ec=act_prm_tau2_retail-gc=act_prm_actions_only-tc=sft_flat-rbc=default-nb=200-nt=0-mc=hf_qwen3_4b_instruct-lc=r8_a16_l-178b23ae
act_prm_tau2_retail,s2,retail_s2_actions_only_lr3e_3_nb200_flat32sgd_heldout,sgd,0.003,105,2.438595,0.770674,0.770674,2.438595,13459.0,13459.0,retail_s2_actions_only_lr3e_3_nb200_flat32sgd_heldout-act-prm-ia=0-rr=0-ec=act_prm_tau2_retail-gc=act_prm_actions_only-tc=sft_flat-rbc=default-nb=200-nt=0-mc=hf_qwen3_4b_instruct-lc=r8_a16_l-178b23ae
act_prm_tau2_retail,s2,retail_s2_actions_only_lr3e_3_nb200_flat32sgd_heldout,sgd,0.003,110,2.423265,0.770638,0.770638,2.423265,13459.0,13459.0,retail_s2_actions_only_lr3e_3_nb200_flat32sgd_heldout-act-prm-ia=0-rr=0-ec=act_prm_tau2_retail-gc=act_prm_actions_only-tc=sft_flat-rbc=default-nb=200-nt=0-mc=hf_qwen3_4b_instruct-lc=r8_a16_l-178b23ae
act_prm_tau2_retail,s2,retail_s2_actions_only_lr3e_3_nb200_flat32sgd_heldout,sgd,0.003,115,2.408623,0.771327,0.771327,2.408623,13459.0,13459.0,retail_s2_actions_only_lr3e_3_nb200_flat32sgd_heldout-act-prm-ia=0-rr=0-ec=act_prm_tau2_retail-gc=act_prm_actions_only-tc=sft_flat-rbc=default-nb=200-nt=0-mc=hf_qwen3_4b_instruct-lc=r8_a16_l-178b23ae
act_prm_tau2_retail,s2,retail_s2_actions_only_lr3e_3_nb200_flat32sgd_heldout,sgd,0.003,120,2.392308,0.771623,0.771623,2.392308,13459.0,13459.0,retail_s2_actions_only_lr3e_3_nb200_flat32sgd_heldout-act-prm-ia=0-rr=0-ec=act_prm_tau2_retail-gc=act_prm_actions_only-tc=sft_flat-rbc=default-nb=200-nt=0-mc=hf_qwen3_4b_instruct-lc=r8_a16_l-178b23ae
act_prm_tau2_retail,s2,retail_s2_actions_only_lr3e_3_nb200_flat32sgd_heldout,sgd,0.003,125,2.381385,0.771847,0.771847,2.381385,13459.0,13459.0,retail_s2_actions_only_lr3e_3_nb200_flat32sgd_heldout-act-prm-ia=0-rr=0-ec=act_prm_tau2_retail-gc=act_prm_actions_only-tc=sft_flat-rbc=default-nb=200-nt=0-mc=hf_qwen3_4b_instruct-lc=r8_a16_l-178b23ae
act_prm_tau2_retail,s2,retail_s2_actions_only_lr3e_3_nb200_flat32sgd_heldout,sgd,0.003,130,2.370116,0.771228,0.771228,2.370116,13459.0,13459.0,retail_s2_actions_only_lr3e_3_nb200_flat32sgd_heldout-act-prm-ia=0-rr=0-ec=act_prm_tau2_retail-gc=act_prm_actions_only-tc=sft_flat-rbc=default-nb=200-nt=0-mc=hf_qwen3_4b_instruct-lc=r8_a16_l-178b23ae
act_prm_tau2_retail,s2,retail_s2_actions_only_lr3e_3_nb200_flat32sgd_heldout,sgd,0.003,135,2.362507,0.771956,0.771956,2.362507,13459.0,13459.0,retail_s2_actions_only_lr3e_3_nb200_flat32sgd_heldout-act-prm-ia=0-rr=0-ec=act_prm_tau2_retail-gc=act_prm_actions_only-tc=sft_flat-rbc=default-nb=200-nt=0-mc=hf_qwen3_4b_instruct-lc=r8_a16_l-178b23ae
act_prm_tau2_retail,s2,retail_s2_actions_only_lr3e_3_nb200_flat32sgd_heldout,sgd,0.003,140,2.355969,0.772442,0.772442,2.355969,13459.0,13459.0,retail_s2_actions_only_lr3e_3_nb200_flat32sgd_heldout-act-prm-ia=0-rr=0-ec=act_prm_tau2_retail-gc=act_prm_actions_only-tc=sft_flat-rbc=default-nb=200-nt=0-mc=hf_qwen3_4b_instruct-lc=r8_a16_l-178b23ae
act_prm_tau2_retail,s2,retail_s2_actions_only_lr3e_3_nb200_flat32sgd_heldout,sgd,0.003,145,2.349354,0.771685,0.771685,2.349354,13459.0,13459.0,retail_s2_actions_only_lr3e_3_nb200_flat32sgd_heldout-act-prm-ia=0-rr=0-ec=act_prm_tau2_retail-gc=act_prm_actions_only-tc=sft_flat-rbc=default-nb=200-nt=0-mc=hf_qwen3_4b_instruct-lc=r8_a16_l-178b23ae
act_prm_tau2_retail,s2,retail_s2_actions_only_lr3e_3_nb200_flat32sgd_heldout,sgd,0.003,150,2.339021,0.772248,0.772248,2.339021,13459.0,13459.0,retail_s2_actions_only_lr3e_3_nb200_flat32sgd_heldout-act-prm-ia=0-rr=0-ec=act_prm_tau2_retail-gc=act_prm_actions_only-tc=sft_flat-rbc=default-nb=200-nt=0-mc=hf_qwen3_4b_instruct-lc=r8_a16_l-178b23ae
act_prm_tau2_retail,s2,retail_s2_actions_only_lr3e_3_nb200_flat32sgd_heldout,sgd,0.003,155,2.334839,0.772644,0.772644,2.334839,13459.0,13459.0,retail_s2_actions_only_lr3e_3_nb200_flat32sgd_heldout-act-prm-ia=0-rr=0-ec=act_prm_tau2_retail-gc=act_prm_actions_only-tc=sft_flat-rbc=default-nb=200-nt=0-mc=hf_qwen3_4b_instruct-lc=r8_a16_l-178b23ae
act_prm_tau2_retail,s2,retail_s2_actions_only_lr3e_3_nb200_flat32sgd_heldout,sgd,0.003,160,2.329881,0.773249,0.773249,2.329881,13459.0,13459.0,retail_s2_actions_only_lr3e_3_nb200_flat32sgd_heldout-act-prm-ia=0-rr=0-ec=act_prm_tau2_retail-gc=act_prm_actions_only-tc=sft_flat-rbc=default-nb=200-nt=0-mc=hf_qwen3_4b_instruct-lc=r8_a16_l-178b23ae
act_prm_tau2_retail,s2,retail_s2_actions_only_lr3e_3_nb200_flat32sgd_heldout,sgd,0.003,165,2.325694,0.773583,0.773583,2.325694,13459.0,13459.0,retail_s2_actions_only_lr3e_3_nb200_flat32sgd_heldout-act-prm-ia=0-rr=0-ec=act_prm_tau2_retail-gc=act_prm_actions_only-tc=sft_flat-rbc=default-nb=200-nt=0-mc=hf_qwen3_4b_instruct-lc=r8_a16_l-178b23ae
act_prm_tau2_retail,s2,retail_s2_actions_only_lr3e_3_nb200_flat32sgd_heldout,sgd,0.003,170,2.32064,0.772748,0.772748,2.32064,13459.0,13459.0,retail_s2_actions_only_lr3e_3_nb200_flat32sgd_heldout-act-prm-ia=0-rr=0-ec=act_prm_tau2_retail-gc=act_prm_actions_only-tc=sft_flat-rbc=default-nb=200-nt=0-mc=hf_qwen3_4b_instruct-lc=r8_a16_l-178b23ae
act_prm_tau2_retail,s2,retail_s2_actions_only_lr3e_3_nb200_flat32sgd_heldout,sgd,0.003,175,2.315903,0.773689,0.773689,2.315903,13459.0,13459.0,retail_s2_actions_only_lr3e_3_nb200_flat32sgd_heldout-act-prm-ia=0-rr=0-ec=act_prm_tau2_retail-gc=act_prm_actions_only-tc=sft_flat-rbc=default-nb=200-nt=0-mc=hf_qwen3_4b_instruct-lc=r8_a16_l-178b23ae
act_prm_tau2_retail,s2,retail_s2_actions_only_lr3e_3_nb200_flat32sgd_heldout,sgd,0.003,180,2.310508,0.774089,0.774089,2.310508,13459.0,13459.0,retail_s2_actions_only_lr3e_3_nb200_flat32sgd_heldout-act-prm-ia=0-rr=0-ec=act_prm_tau2_retail-gc=act_prm_actions_only-tc=sft_flat-rbc=default-nb=200-nt=0-mc=hf_qwen3_4b_instruct-lc=r8_a16_l-178b23ae
act_prm_tau2_retail,s2,retail_s2_actions_only_lr3e_3_nb200_flat32sgd_heldout,sgd,0.003,185,2.307206,0.774744,0.774744,2.307206,13459.0,13459.0,retail_s2_actions_only_lr3e_3_nb200_flat32sgd_heldout-act-prm-ia=0-rr=0-ec=act_prm_tau2_retail-gc=act_prm_actions_only-tc=sft_flat-rbc=default-nb=200-nt=0-mc=hf_qwen3_4b_instruct-lc=r8_a16_l-178b23ae
act_prm_tau2_retail,s2,retail_s2_actions_only_lr3e_3_nb200_flat32sgd_heldout,sgd,0.003,190,2.304251,0.775018,0.775018,2.304251,13459.0,13459.0,retail_s2_actions_only_lr3e_3_nb200_flat32sgd_heldout-act-prm-ia=0-rr=0-ec=act_prm_tau2_retail-gc=act_prm_actions_only-tc=sft_flat-rbc=default-nb=200-nt=0-mc=hf_qwen3_4b_instruct-lc=r8_a16_l-178b23ae
act_prm_tau2_retail,s2,retail_s2_actions_only_lr3e_3_nb200_flat32sgd_heldout,sgd,0.003,195,2.300151,0.775271,0.775271,2.300151,13459.0,13459.0,retail_s2_actions_only_lr3e_3_nb200_flat32sgd_heldout-act-prm-ia=0-rr=0-ec=act_prm_tau2_retail-gc=act_prm_actions_only-tc=sft_flat-rbc=default-nb=200-nt=0-mc=hf_qwen3_4b_instruct-lc=r8_a16_l-178b23ae
act_prm_tau2_retail,s2,retail_s2_actions_only_lr3e_3_nb200_flat32sgd_heldout,sgd,0.003,199,2.298291,0.77513,0.77513,2.298291,13459.0,13459.0,retail_s2_actions_only_lr3e_3_nb200_flat32sgd_heldout-act-prm-ia=0-rr=0-ec=act_prm_tau2_retail-gc=act_prm_actions_only-tc=sft_flat-rbc=default-nb=200-nt=0-mc=hf_qwen3_4b_instruct-lc=r8_a16_l-178b23ae
act_prm_tau2_retail,s2,retail_s2_expert_thoughts_all_lr1e_3_nb200_flat32sgd_heldout,sgd,0.001,5,2.967082,0.789272,0.682758,4.827981,13459.0,24677.0,retail_s2_expert_thoughts_all_lr1e_3_nb200_flat32sgd_heldout-act-prm-ia=0-rr=0-ec=act_prm_tau2_retail-gc=act_prm_actions_only-tc=sft_flat-rbc=default-nb=200-nt=0-mc=hf_qwen3_4b_instruct-lc=r-9a06591b
act_prm_tau2_retail,s2,retail_s2_expert_thoughts_all_lr1e_3_nb200_flat32sgd_heldout,sgd,0.001,10,2.958468,0.788834,0.682568,4.802947,13459.0,24677.0,retail_s2_expert_thoughts_all_lr1e_3_nb200_flat32sgd_heldout-act-prm-ia=0-rr=0-ec=act_prm_tau2_retail-gc=act_prm_actions_only-tc=sft_flat-rbc=default-nb=200-nt=0-mc=hf_qwen3_4b_instruct-lc=r-9a06591b
act_prm_tau2_retail,s2,retail_s2_expert_thoughts_all_lr1e_3_nb200_flat32sgd_heldout,sgd,0.001,15,2.951635,0.789092,0.683249,4.796539,13459.0,24677.0,retail_s2_expert_thoughts_all_lr1e_3_nb200_flat32sgd_heldout-act-prm-ia=0-rr=0-ec=act_prm_tau2_retail-gc=act_prm_actions_only-tc=sft_flat-rbc=default-nb=200-nt=0-mc=hf_qwen3_4b_instruct-lc=r-9a06591b
act_prm_tau2_retail,s2,retail_s2_expert_thoughts_all_lr1e_3_nb200_flat32sgd_heldout,sgd,0.001,20,2.942932,0.788885,0.683021,4.778019,13459.0,24677.0,retail_s2_expert_thoughts_all_lr1e_3_nb200_flat32sgd_heldout-act-prm-ia=0-rr=0-ec=act_prm_tau2_retail-gc=act_prm_actions_only-tc=sft_flat-rbc=default-nb=200-nt=0-mc=hf_qwen3_4b_instruct-lc=r-9a06591b
act_prm_tau2_retail,s2,retail_s2_expert_thoughts_all_lr1e_3_nb200_flat32sgd_heldout,sgd,0.001,25,2.930464,0.789106,0.682979,4.750793,13459.0,24677.0,retail_s2_expert_thoughts_all_lr1e_3_nb200_flat32sgd_heldout-act-prm-ia=0-rr=0-ec=act_prm_tau2_retail-gc=act_prm_actions_only-tc=sft_flat-rbc=default-nb=200-nt=0-mc=hf_qwen3_4b_instruct-lc=r-9a06591b
act_prm_tau2_retail,s2,retail_s2_expert_thoughts_all_lr1e_3_nb200_flat32sgd_heldout,sgd,0.001,30,2.915292,0.789121,0.683576,4.723796,13459.0,24677.0,retail_s2_expert_thoughts_all_lr1e_3_nb200_flat32sgd_heldout-act-prm-ia=0-rr=0-ec=act_prm_tau2_retail-gc=act_prm_actions_only-tc=sft_flat-rbc=default-nb=200-nt=0-mc=hf_qwen3_4b_instruct-lc=r-9a06591b
act_prm_tau2_retail,s2,retail_s2_expert_thoughts_all_lr1e_3_nb200_flat32sgd_heldout,sgd,0.001,35,2.897791,0.789175,0.683678,4.68646,13459.0,24677.0,retail_s2_expert_thoughts_all_lr1e_3_nb200_flat32sgd_heldout-act-prm-ia=0-rr=0-ec=act_prm_tau2_retail-gc=act_prm_actions_only-tc=sft_flat-rbc=default-nb=200-nt=0-mc=hf_qwen3_4b_instruct-lc=r-9a06591b
act_prm_tau2_retail,s2,retail_s2_expert_thoughts_all_lr1e_3_nb200_flat32sgd_heldout,sgd,0.001,40,2.886359,0.78948,0.684601,4.653343,13459.0,24677.0,retail_s2_expert_thoughts_all_lr1e_3_nb200_flat32sgd_heldout-act-prm-ia=0-rr=0-ec=act_prm_tau2_retail-gc=act_prm_actions_only-tc=sft_flat-rbc=default-nb=200-nt=0-mc=hf_qwen3_4b_instruct-lc=r-9a06591b
act_prm_tau2_retail,s2,retail_s2_expert_thoughts_all_lr1e_3_nb200_flat32sgd_heldout,sgd,0.001,45,2.870266,0.789364,0.683486,4.622322,13459.0,24677.0,retail_s2_expert_thoughts_all_lr1e_3_nb200_flat32sgd_heldout-act-prm-ia=0-rr=0-ec=act_prm_tau2_retail-gc=act_prm_actions_only-tc=sft_flat-rbc=default-nb=200-nt=0-mc=hf_qwen3_4b_instruct-lc=r-9a06591b
act_prm_tau2_retail,s2,retail_s2_expert_thoughts_all_lr1e_3_nb200_flat32sgd_heldout,sgd,0.001,50,2.849806,0.789881,0.684677,4.58109,13459.0,24677.0,retail_s2_expert_thoughts_all_lr1e_3_nb200_flat32sgd_heldout-act-prm-ia=0-rr=0-ec=act_prm_tau2_retail-gc=act_prm_actions_only-tc=sft_flat-rbc=default-nb=200-nt=0-mc=hf_qwen3_4b_instruct-lc=r-9a06591b
act_prm_tau2_retail,s2,retail_s2_expert_thoughts_all_lr1e_3_nb200_flat32sgd_heldout,sgd,0.001,55,2.832894,0.789149,0.683641,4.541599,13459.0,24677.0,retail_s2_expert_thoughts_all_lr1e_3_nb200_flat32sgd_heldout-act-prm-ia=0-rr=0-ec=act_prm_tau2_retail-gc=act_prm_actions_only-tc=sft_flat-rbc=default-nb=200-nt=0-mc=hf_qwen3_4b_instruct-lc=r-9a06591b
act_prm_tau2_retail,s2,retail_s2_expert_thoughts_all_lr1e_3_nb200_flat32sgd_heldout,sgd,0.001,60,2.81485,0.78898,0.684579,4.510951,13459.0,24677.0,retail_s2_expert_thoughts_all_lr1e_3_nb200_flat32sgd_heldout-act-prm-ia=0-rr=0-ec=act_prm_tau2_retail-gc=act_prm_actions_only-tc=sft_flat-rbc=default-nb=200-nt=0-mc=hf_qwen3_4b_instruct-lc=r-9a06591b
act_prm_tau2_retail,s2,retail_s2_expert_thoughts_all_lr1e_3_nb200_flat32sgd_heldout,sgd,0.001,65,2.793183,0.790062,0.685267,4.462627,13459.0,24677.0,retail_s2_expert_thoughts_all_lr1e_3_nb200_flat32sgd_heldout-act-prm-ia=0-rr=0-ec=act_prm_tau2_retail-gc=act_prm_actions_only-tc=sft_flat-rbc=default-nb=200-nt=0-mc=hf_qwen3_4b_instruct-lc=r-9a06591b
act_prm_tau2_retail,s2,retail_s2_expert_thoughts_all_lr1e_3_nb200_flat32sgd_heldout,sgd,0.001,70,2.767552,0.790533,0.685626,4.418099,13459.0,24677.0,retail_s2_expert_thoughts_all_lr1e_3_nb200_flat32sgd_heldout-act-prm-ia=0-rr=0-ec=act_prm_tau2_retail-gc=act_prm_actions_only-tc=sft_flat-rbc=default-nb=200-nt=0-mc=hf_qwen3_4b_instruct-lc=r-9a06591b
act_prm_tau2_retail,s2,retail_s2_expert_thoughts_all_lr1e_3_nb200_flat32sgd_heldout,sgd,0.001,75,2.747928,0.790835,0.685256,4.388045,13459.0,24677.0,retail_s2_expert_thoughts_all_lr1e_3_nb200_flat32sgd_heldout-act-prm-ia=0-rr=0-ec=act_prm_tau2_retail-gc=act_prm_actions_only-tc=sft_flat-rbc=default-nb=200-nt=0-mc=hf_qwen3_4b_instruct-lc=r-9a06591b
act_prm_tau2_retail,s2,retail_s2_expert_thoughts_all_lr1e_3_nb200_flat32sgd_heldout,sgd,0.001,80,2.728834,0.790855,0.68602,4.339035,13459.0,24677.0,retail_s2_expert_thoughts_all_lr1e_3_nb200_flat32sgd_heldout-act-prm-ia=0-rr=0-ec=act_prm_tau2_retail-gc=act_prm_actions_only-tc=sft_flat-rbc=default-nb=200-nt=0-mc=hf_qwen3_4b_instruct-lc=r-9a06591b
act_prm_tau2_retail,s2,retail_s2_expert_thoughts_all_lr1e_3_nb200_flat32sgd_heldout,sgd,0.001,85,2.706962,0.791073,0.686723,4.296022,13459.0,24677.0,retail_s2_expert_thoughts_all_lr1e_3_nb200_flat32sgd_heldout-act-prm-ia=0-rr=0-ec=act_prm_tau2_retail-gc=act_prm_actions_only-tc=sft_flat-rbc=default-nb=200-nt=0-mc=hf_qwen3_4b_instruct-lc=r-9a06591b
act_prm_tau2_retail,s2,retail_s2_expert_thoughts_all_lr1e_3_nb200_flat32sgd_heldout,sgd,0.001,90,2.681049,0.79133,0.687087,4.248332,13459.0,24677.0,retail_s2_expert_thoughts_all_lr1e_3_nb200_flat32sgd_heldout-act-prm-ia=0-rr=0-ec=act_prm_tau2_retail-gc=act_prm_actions_only-tc=sft_flat-rbc=default-nb=200-nt=0-mc=hf_qwen3_4b_instruct-lc=r-9a06591b
act_prm_tau2_retail,s2,retail_s2_expert_thoughts_all_lr1e_3_nb200_flat32sgd_heldout,sgd,0.001,95,2.659508,0.791553,0.686934,4.199886,13459.0,24677.0,retail_s2_expert_thoughts_all_lr1e_3_nb200_flat32sgd_heldout-act-prm-ia=0-rr=0-ec=act_prm_tau2_retail-gc=act_prm_actions_only-tc=sft_flat-rbc=default-nb=200-nt=0-mc=hf_qwen3_4b_instruct-lc=r-9a06591b
act_prm_tau2_retail,s2,retail_s2_expert_thoughts_all_lr1e_3_nb200_flat32sgd_heldout,sgd,0.001,100,2.63533,0.791329,0.687913,4.156553,13459.0,24677.0,retail_s2_expert_thoughts_all_lr1e_3_nb200_flat32sgd_heldout-act-prm-ia=0-rr=0-ec=act_prm_tau2_retail-gc=act_prm_actions_only-tc=sft_flat-rbc=default-nb=200-nt=0-mc=hf_qwen3_4b_instruct-lc=r-9a06591b
act_prm_tau2_retail,s2,retail_s2_expert_thoughts_all_lr1e_3_nb200_flat32sgd_heldout,sgd,0.001,105,2.613155,0.791964,0.688748,4.109986,13459.0,24677.0,retail_s2_expert_thoughts_all_lr1e_3_nb200_flat32sgd_heldout-act-prm-ia=0-rr=0-ec=act_prm_tau2_retail-gc=act_prm_actions_only-tc=sft_flat-rbc=default-nb=200-nt=0-mc=hf_qwen3_4b_instruct-lc=r-9a06591b
act_prm_tau2_retail,s2,retail_s2_expert_thoughts_all_lr1e_3_nb200_flat32sgd_heldout,sgd,0.001,110,2.589122,0.793441,0.688965,4.063832,13459.0,24677.0,retail_s2_expert_thoughts_all_lr1e_3_nb200_flat32sgd_heldout-act-prm-ia=0-rr=0-ec=act_prm_tau2_retail-gc=act_prm_actions_only-tc=sft_flat-rbc=default-nb=200-nt=0-mc=hf_qwen3_4b_instruct-lc=r-9a06591b
act_prm_tau2_retail,s2,retail_s2_expert_thoughts_all_lr1e_3_nb200_flat32sgd_heldout,sgd,0.001,115,2.567121,0.792651,0.688755,4.0184,13459.0,24677.0,retail_s2_expert_thoughts_all_lr1e_3_nb200_flat32sgd_heldout-act-prm-ia=0-rr=0-ec=act_prm_tau2_retail-gc=act_prm_actions_only-tc=sft_flat-rbc=default-nb=200-nt=0-mc=hf_qwen3_4b_instruct-lc=r-9a06591b
act_prm_tau2_retail,s2,retail_s2_expert_thoughts_all_lr1e_3_nb200_flat32sgd_heldout,sgd,0.001,120,2.543938,0.793169,0.689295,3.97491,13459.0,24677.0,retail_s2_expert_thoughts_all_lr1e_3_nb200_flat32sgd_heldout-act-prm-ia=0-rr=0-ec=act_prm_tau2_retail-gc=act_prm_actions_only-tc=sft_flat-rbc=default-nb=200-nt=0-mc=hf_qwen3_4b_instruct-lc=r-9a06591b
act_prm_tau2_retail,s2,retail_s2_expert_thoughts_all_lr1e_3_nb200_flat32sgd_heldout,sgd,0.001,125,2.519555,0.793506,0.689546,3.930701,13459.0,24677.0,retail_s2_expert_thoughts_all_lr1e_3_nb200_flat32sgd_heldout-act-prm-ia=0-rr=0-ec=act_prm_tau2_retail-gc=act_prm_actions_only-tc=sft_flat-rbc=default-nb=200-nt=0-mc=hf_qwen3_4b_instruct-lc=r-9a06591b
act_prm_tau2_retail,s2,retail_s2_expert_thoughts_all_lr1e_3_nb200_flat32sgd_heldout,sgd,0.001,130,2.498853,0.793664,0.690492,3.890485,13459.0,24677.0,retail_s2_expert_thoughts_all_lr1e_3_nb200_flat32sgd_heldout-act-prm-ia=0-rr=0-ec=act_prm_tau2_retail-gc=act_prm_actions_only-tc=sft_flat-rbc=default-nb=200-nt=0-mc=hf_qwen3_4b_instruct-lc=r-9a06591b
act_prm_tau2_retail,s2,retail_s2_expert_thoughts_all_lr1e_3_nb200_flat32sgd_heldout,sgd,0.001,135,2.474431,0.793776,0.690241,3.841146,13459.0,24677.0,retail_s2_expert_thoughts_all_lr1e_3_nb200_flat32sgd_heldout-act-prm-ia=0-rr=0-ec=act_prm_tau2_retail-gc=act_prm_actions_only-tc=sft_flat-rbc=default-nb=200-nt=0-mc=hf_qwen3_4b_instruct-lc=r-9a06591b
act_prm_tau2_retail,s2,retail_s2_expert_thoughts_all_lr1e_3_nb200_flat32sgd_heldout,sgd,0.001,140,2.454492,0.794325,0.691477,3.810878,13459.0,24677.0,retail_s2_expert_thoughts_all_lr1e_3_nb200_flat32sgd_heldout-act-prm-ia=0-rr=0-ec=act_prm_tau2_retail-gc=act_prm_actions_only-tc=sft_flat-rbc=default-nb=200-nt=0-mc=hf_qwen3_4b_instruct-lc=r-9a06591b
act_prm_tau2_retail,s2,retail_s2_expert_thoughts_all_lr1e_3_nb200_flat32sgd_heldout,sgd,0.001,145,2.436076,0.794202,0.691636,3.768437,13459.0,24677.0,retail_s2_expert_thoughts_all_lr1e_3_nb200_flat32sgd_heldout-act-prm-ia=0-rr=0-ec=act_prm_tau2_retail-gc=act_prm_actions_only-tc=sft_flat-rbc=default-nb=200-nt=0-mc=hf_qwen3_4b_instruct-lc=r-9a06591b
act_prm_tau2_retail,s2,retail_s2_expert_thoughts_all_lr1e_3_nb200_flat32sgd_heldout,sgd,0.001,150,2.414822,0.793983,0.690937,3.738107,13459.0,24677.0,retail_s2_expert_thoughts_all_lr1e_3_nb200_flat32sgd_heldout-act-prm-ia=0-rr=0-ec=act_prm_tau2_retail-gc=act_prm_actions_only-tc=sft_flat-rbc=default-nb=200-nt=0-mc=hf_qwen3_4b_instruct-lc=r-9a06591b
act_prm_tau2_retail,s2,retail_s2_expert_thoughts_all_lr1e_3_nb200_flat32sgd_heldout,sgd,0.001,155,2.39852,0.7945,0.69104,3.705431,13459.0,24677.0,retail_s2_expert_thoughts_all_lr1e_3_nb200_flat32sgd_heldout-act-prm-ia=0-rr=0-ec=act_prm_tau2_retail-gc=act_prm_actions_only-tc=sft_flat-rbc=default-nb=200-nt=0-mc=hf_qwen3_4b_instruct-lc=r-9a06591b
act_prm_tau2_retail,s2,retail_s2_expert_thoughts_all_lr1e_3_nb200_flat32sgd_heldout,sgd,0.001,160,2.385302,0.793173,0.691661,3.673842,13459.0,24677.0,retail_s2_expert_thoughts_all_lr1e_3_nb200_flat32sgd_heldout-act-prm-ia=0-rr=0-ec=act_prm_tau2_retail-gc=act_prm_actions_only-tc=sft_flat-rbc=default-nb=200-nt=0-mc=hf_qwen3_4b_instruct-lc=r-9a06591b
act_prm_tau2_retail,s2,retail_s2_expert_thoughts_all_lr1e_3_nb200_flat32sgd_heldout,sgd,0.001,165,2.370334,0.793851,0.691667,3.645673,13459.0,24677.0,retail_s2_expert_thoughts_all_lr1e_3_nb200_flat32sgd_heldout-act-prm-ia=0-rr=0-ec=act_prm_tau2_retail-gc=act_prm_actions_only-tc=sft_flat-rbc=default-nb=200-nt=0-mc=hf_qwen3_4b_instruct-lc=r-9a06591b
act_prm_tau2_retail,s2,retail_s2_expert_thoughts_all_lr1e_3_nb200_flat32sgd_heldout,sgd,0.001,170,2.354764,0.794539,0.692677,3.616438,13459.0,24677.0,retail_s2_expert_thoughts_all_lr1e_3_nb200_flat32sgd_heldout-act-prm-ia=0-rr=0-ec=act_prm_tau2_retail-gc=act_prm_actions_only-tc=sft_flat-rbc=default-nb=200-nt=0-mc=hf_qwen3_4b_instruct-lc=r-9a06591b
act_prm_tau2_retail,s2,retail_s2_expert_thoughts_all_lr1e_3_nb200_flat32sgd_heldout,sgd,0.001,175,2.339198,0.79359,0.692803,3.589596,13459.0,24677.0,retail_s2_expert_thoughts_all_lr1e_3_nb200_flat32sgd_heldout-act-prm-ia=0-rr=0-ec=act_prm_tau2_retail-gc=act_prm_actions_only-tc=sft_flat-rbc=default-nb=200-nt=0-mc=hf_qwen3_4b_instruct-lc=r-9a06591b
act_prm_tau2_retail,s2,retail_s2_expert_thoughts_all_lr1e_3_nb200_flat32sgd_heldout,sgd,0.001,180,2.327243,0.793431,0.692882,3.562523,13459.0,24677.0,retail_s2_expert_thoughts_all_lr1e_3_nb200_flat32sgd_heldout-act-prm-ia=0-rr=0-ec=act_prm_tau2_retail-gc=act_prm_actions_only-tc=sft_flat-rbc=default-nb=200-nt=0-mc=hf_qwen3_4b_instruct-lc=r-9a06591b
act_prm_tau2_retail,s2,retail_s2_expert_thoughts_all_lr1e_3_nb200_flat32sgd_heldout,sgd,0.001,185,2.313547,0.794059,0.692798,3.540472,13459.0,24677.0,retail_s2_expert_thoughts_all_lr1e_3_nb200_flat32sgd_heldout-act-prm-ia=0-rr=0-ec=act_prm_tau2_retail-gc=act_prm_actions_only-tc=sft_flat-rbc=default-nb=200-nt=0-mc=hf_qwen3_4b_instruct-lc=r-9a06591b
act_prm_tau2_retail,s2,retail_s2_expert_thoughts_all_lr1e_3_nb200_flat32sgd_heldout,sgd,0.001,190,2.301781,0.794209,0.69358,3.516075,13459.0,24677.0,retail_s2_expert_thoughts_all_lr1e_3_nb200_flat32sgd_heldout-act-prm-ia=0-rr=0-ec=act_prm_tau2_retail-gc=act_prm_actions_only-tc=sft_flat-rbc=default-nb=200-nt=0-mc=hf_qwen3_4b_instruct-lc=r-9a06591b
act_prm_tau2_retail,s2,retail_s2_expert_thoughts_all_lr1e_3_nb200_flat32sgd_heldout,sgd,0.001,195,2.288153,0.793207,0.693578,3.492745,13459.0,24677.0,retail_s2_expert_thoughts_all_lr1e_3_nb200_flat32sgd_heldout-act-prm-ia=0-rr=0-ec=act_prm_tau2_retail-gc=act_prm_actions_only-tc=sft_flat-rbc=default-nb=200-nt=0-mc=hf_qwen3_4b_instruct-lc=r-9a06591b
act_prm_tau2_retail,s2,retail_s2_expert_thoughts_all_lr1e_3_nb200_flat32sgd_heldout,sgd,0.001,199,2.283655,0.79429,0.694326,3.481906,13459.0,24677.0,retail_s2_expert_thoughts_all_lr1e_3_nb200_flat32sgd_heldout-act-prm-ia=0-rr=0-ec=act_prm_tau2_retail-gc=act_prm_actions_only-tc=sft_flat-rbc=default-nb=200-nt=0-mc=hf_qwen3_4b_instruct-lc=r-9a06591b
act_prm_tau2_retail,s2,retail_s2_expert_thoughts_all_lr1e_4_adamw_nb200_flat32_heldout,adamw,0.0001,5,2.356041,0.797734,0.694878,3.688198,13459.0,24677.0,retail_s2_expert_thoughts_all_lr1e_4_adamw_nb200_flat32_heldout-act-prm-ia=0-rr=0-ec=act_prm_tau2_retail-gc=act_prm_actions_only-tc=sft_flat-rbc=default-nb=200-nt=0-mc=hf_qwen3_4b_instruct-l-ca374230
act_prm_tau2_retail,s2,retail_s2_expert_thoughts_all_lr1e_4_adamw_nb200_flat32_heldout,adamw,0.0001,10,2.107114,0.801352,0.70203,3.201224,13459.0,24677.0,retail_s2_expert_thoughts_all_lr1e_4_adamw_nb200_flat32_heldout-act-prm-ia=0-rr=0-ec=act_prm_tau2_retail-gc=act_prm_actions_only-tc=sft_flat-rbc=default-nb=200-nt=0-mc=hf_qwen3_4b_instruct-l-ca374230
act_prm_tau2_retail,s2,retail_s2_expert_thoughts_all_lr1e_4_adamw_nb200_flat32_heldout,adamw,0.0001,15,2.071153,0.799282,0.700088,3.115574,13459.0,24677.0,retail_s2_expert_thoughts_all_lr1e_4_adamw_nb200_flat32_heldout-act-prm-ia=0-rr=0-ec=act_prm_tau2_retail-gc=act_prm_actions_only-tc=sft_flat-rbc=default-nb=200-nt=0-mc=hf_qwen3_4b_instruct-l-ca374230
act_prm_tau2_retail,s2,retail_s2_expert_thoughts_all_lr1e_4_adamw_nb200_flat32_heldout,adamw,0.0001,20,2.02984,0.803377,0.705148,3.028925,13459.0,24677.0,retail_s2_expert_thoughts_all_lr1e_4_adamw_nb200_flat32_heldout-act-prm-ia=0-rr=0-ec=act_prm_tau2_retail-gc=act_prm_actions_only-tc=sft_flat-rbc=default-nb=200-nt=0-mc=hf_qwen3_4b_instruct-l-ca374230
act_prm_tau2_retail,s2,retail_s2_expert_thoughts_all_lr1e_4_adamw_nb200_flat32_heldout,adamw,0.0001,25,1.971059,0.80823,0.710478,2.934672,13459.0,24677.0,retail_s2_expert_thoughts_all_lr1e_4_adamw_nb200_flat32_heldout-act-prm-ia=0-rr=0-ec=act_prm_tau2_retail-gc=act_prm_actions_only-tc=sft_flat-rbc=default-nb=200-nt=0-mc=hf_qwen3_4b_instruct-l-ca374230
act_prm_tau2_retail,s2,retail_s2_expert_thoughts_all_lr1e_4_adamw_nb200_flat32_heldout,adamw,0.0001,30,1.923218,0.815561,0.715576,2.868434,13459.0,24677.0,retail_s2_expert_thoughts_all_lr1e_4_adamw_nb200_flat32_heldout-act-prm-ia=0-rr=0-ec=act_prm_tau2_retail-gc=act_prm_actions_only-tc=sft_flat-rbc=default-nb=200-nt=0-mc=hf_qwen3_4b_instruct-l-ca374230
act_prm_tau2_retail,s2,retail_s2_expert_thoughts_all_lr1e_4_adamw_nb200_flat32_heldout,adamw,0.0001,35,1.88327,0.818012,0.720008,2.802762,13459.0,24677.0,retail_s2_expert_thoughts_all_lr1e_4_adamw_nb200_flat32_heldout-act-prm-ia=0-rr=0-ec=act_prm_tau2_retail-gc=act_prm_actions_only-tc=sft_flat-rbc=default-nb=200-nt=0-mc=hf_qwen3_4b_instruct-l-ca374230
act_prm_tau2_retail,s2,retail_s2_expert_thoughts_all_lr1e_4_adamw_nb200_flat32_heldout,adamw,0.0001,40,1.852038,0.821171,0.722091,2.758268,13459.0,24677.0,retail_s2_expert_thoughts_all_lr1e_4_adamw_nb200_flat32_heldout-act-prm-ia=0-rr=0-ec=act_prm_tau2_retail-gc=act_prm_actions_only-tc=sft_flat-rbc=default-nb=200-nt=0-mc=hf_qwen3_4b_instruct-l-ca374230
act_prm_tau2_retail,s2,retail_s2_expert_thoughts_all_lr1e_4_adamw_nb200_flat32_heldout,adamw,0.0001,45,1.827359,0.824504,0.724564,2.726569,13459.0,24677.0,retail_s2_expert_thoughts_all_lr1e_4_adamw_nb200_flat32_heldout-act-prm-ia=0-rr=0-ec=act_prm_tau2_retail-gc=act_prm_actions_only-tc=sft_flat-rbc=default-nb=200-nt=0-mc=hf_qwen3_4b_instruct-l-ca374230
act_prm_tau2_retail,s2,retail_s2_expert_thoughts_all_lr1e_4_adamw_nb200_flat32_heldout,adamw,0.0001,50,1.803495,0.828081,0.72763,2.690245,13459.0,24677.0,retail_s2_expert_thoughts_all_lr1e_4_adamw_nb200_flat32_heldout-act-prm-ia=0-rr=0-ec=act_prm_tau2_retail-gc=act_prm_actions_only-tc=sft_flat-rbc=default-nb=200-nt=0-mc=hf_qwen3_4b_instruct-l-ca374230
act_prm_tau2_retail,s2,retail_s2_expert_thoughts_all_lr1e_4_adamw_nb200_flat32_heldout,adamw,0.0001,55,1.772537,0.830703,0.728573,2.662109,13459.0,24677.0,retail_s2_expert_thoughts_all_lr1e_4_adamw_nb200_flat32_heldout-act-prm-ia=0-rr=0-ec=act_prm_tau2_retail-gc=act_prm_actions_only-tc=sft_flat-rbc=default-nb=200-nt=0-mc=hf_qwen3_4b_instruct-l-ca374230
act_prm_tau2_retail,s2,retail_s2_expert_thoughts_all_lr1e_4_adamw_nb200_flat32_heldout,adamw,0.0001,60,1.75133,0.833464,0.732022,2.623508,13459.0,24677.0,retail_s2_expert_thoughts_all_lr1e_4_adamw_nb200_flat32_heldout-act-prm-ia=0-rr=0-ec=act_prm_tau2_retail-gc=act_prm_actions_only-tc=sft_flat-rbc=default-nb=200-nt=0-mc=hf_qwen3_4b_instruct-l-ca374230
act_prm_tau2_retail,s2,retail_s2_expert_thoughts_all_lr1e_4_adamw_nb200_flat32_heldout,adamw,0.0001,65,1.728309,0.83741,0.733766,2.596973,13459.0,24677.0,retail_s2_expert_thoughts_all_lr1e_4_adamw_nb200_flat32_heldout-act-prm-ia=0-rr=0-ec=act_prm_tau2_retail-gc=act_prm_actions_only-tc=sft_flat-rbc=default-nb=200-nt=0-mc=hf_qwen3_4b_instruct-l-ca374230
act_prm_tau2_retail,s2,retail_s2_expert_thoughts_all_lr1e_4_adamw_nb200_flat32_heldout,adamw,0.0001,70,1.70962,0.839038,0.735191,2.571158,13459.0,24677.0,retail_s2_expert_thoughts_all_lr1e_4_adamw_nb200_flat32_heldout-act-prm-ia=0-rr=0-ec=act_prm_tau2_retail-gc=act_prm_actions_only-tc=sft_flat-rbc=default-nb=200-nt=0-mc=hf_qwen3_4b_instruct-l-ca374230
act_prm_tau2_retail,s2,retail_s2_expert_thoughts_all_lr1e_4_adamw_nb200_flat32_heldout,adamw,0.0001,75,1.69036,0.840641,0.735278,2.549999,13459.0,24677.0,retail_s2_expert_thoughts_all_lr1e_4_adamw_nb200_flat32_heldout-act-prm-ia=0-rr=0-ec=act_prm_tau2_retail-gc=act_prm_actions_only-tc=sft_flat-rbc=default-nb=200-nt=0-mc=hf_qwen3_4b_instruct-l-ca374230
act_prm_tau2_retail,s2,retail_s2_expert_thoughts_all_lr1e_4_adamw_nb200_flat32_heldout,adamw,0.0001,80,1.684139,0.843045,0.738273,2.531769,13459.0,24677.0,retail_s2_expert_thoughts_all_lr1e_4_adamw_nb200_flat32_heldout-act-prm-ia=0-rr=0-ec=act_prm_tau2_retail-gc=act_prm_actions_only-tc=sft_flat-rbc=default-nb=200-nt=0-mc=hf_qwen3_4b_instruct-l-ca374230
act_prm_tau2_retail,s2,retail_s2_expert_thoughts_all_lr1e_4_adamw_nb200_flat32_heldout,adamw,0.0001,85,1.673522,0.844174,0.738914,2.533162,13459.0,24677.0,retail_s2_expert_thoughts_all_lr1e_4_adamw_nb200_flat32_heldout-act-prm-ia=0-rr=0-ec=act_prm_tau2_retail-gc=act_prm_actions_only-tc=sft_flat-rbc=default-nb=200-nt=0-mc=hf_qwen3_4b_instruct-l-ca374230
act_prm_tau2_retail,s2,retail_s2_expert_thoughts_all_lr1e_4_adamw_nb200_flat32_heldout,adamw,0.0001,90,1.664236,0.844623,0.739422,2.512139,13459.0,24677.0,retail_s2_expert_thoughts_all_lr1e_4_adamw_nb200_flat32_heldout-act-prm-ia=0-rr=0-ec=act_prm_tau2_retail-gc=act_prm_actions_only-tc=sft_flat-rbc=default-nb=200-nt=0-mc=hf_qwen3_4b_instruct-l-ca374230
act_prm_tau2_retail,s2,retail_s2_expert_thoughts_all_lr1e_4_adamw_nb200_flat32_heldout,adamw,0.0001,95,1.655484,0.844383,0.740067,2.493135,13459.0,24677.0,retail_s2_expert_thoughts_all_lr1e_4_adamw_nb200_flat32_heldout-act-prm-ia=0-rr=0-ec=act_prm_tau2_retail-gc=act_prm_actions_only-tc=sft_flat-rbc=default-nb=200-nt=0-mc=hf_qwen3_4b_instruct-l-ca374230
act_prm_tau2_retail,s2,retail_s2_expert_thoughts_all_lr1e_4_adamw_nb200_flat32_heldout,adamw,0.0001,100,1.656023,0.844367,0.74029,2.49824,13459.0,24677.0,retail_s2_expert_thoughts_all_lr1e_4_adamw_nb200_flat32_heldout-act-prm-ia=0-rr=0-ec=act_prm_tau2_retail-gc=act_prm_actions_only-tc=sft_flat-rbc=default-nb=200-nt=0-mc=hf_qwen3_4b_instruct-l-ca374230
act_prm_tau2_retail,s2,retail_s2_expert_thoughts_all_lr1e_4_adamw_nb200_flat32_heldout,adamw,0.0001,105,1.652019,0.84878,0.739247,2.52433,13459.0,24677.0,retail_s2_expert_thoughts_all_lr1e_4_adamw_nb200_flat32_heldout-act-prm-ia=0-rr=0-ec=act_prm_tau2_retail-gc=act_prm_actions_only-tc=sft_flat-rbc=default-nb=200-nt=0-mc=hf_qwen3_4b_instruct-l-ca374230
act_prm_tau2_retail,s2,retail_s2_expert_thoughts_all_lr1e_4_adamw_nb200_flat32_heldout,adamw,0.0001,110,1.646477,0.848383,0.742919,2.487185,13459.0,24677.0,retail_s2_expert_thoughts_all_lr1e_4_adamw_nb200_flat32_heldout-act-prm-ia=0-rr=0-ec=act_prm_tau2_retail-gc=act_prm_actions_only-tc=sft_flat-rbc=default-nb=200-nt=0-mc=hf_qwen3_4b_instruct-l-ca374230
act_prm_tau2_retail,s2,retail_s2_expert_thoughts_all_lr1e_4_adamw_nb200_flat32_heldout,adamw,0.0001,115,1.634,0.849155,0.741236,2.470957,13459.0,24677.0,retail_s2_expert_thoughts_all_lr1e_4_adamw_nb200_flat32_heldout-act-prm-ia=0-rr=0-ec=act_prm_tau2_retail-gc=act_prm_actions_only-tc=sft_flat-rbc=default-nb=200-nt=0-mc=hf_qwen3_4b_instruct-l-ca374230
act_prm_tau2_retail,s2,retail_s2_expert_thoughts_all_lr1e_4_adamw_nb200_flat32_heldout,adamw,0.0001,120,1.653581,0.847307,0.740092,2.524357,13459.0,24677.0,retail_s2_expert_thoughts_all_lr1e_4_adamw_nb200_flat32_heldout-act-prm-ia=0-rr=0-ec=act_prm_tau2_retail-gc=act_prm_actions_only-tc=sft_flat-rbc=default-nb=200-nt=0-mc=hf_qwen3_4b_instruct-l-ca374230
act_prm_tau2_retail,s2,retail_s2_expert_thoughts_all_lr1e_4_adamw_nb200_flat32_heldout,adamw,0.0001,125,1.641609,0.850339,0.740361,2.513292,13459.0,24677.0,retail_s2_expert_thoughts_all_lr1e_4_adamw_nb200_flat32_heldout-act-prm-ia=0-rr=0-ec=act_prm_tau2_retail-gc=act_prm_actions_only-tc=sft_flat-rbc=default-nb=200-nt=0-mc=hf_qwen3_4b_instruct-l-ca374230
act_prm_tau2_retail,s2,retail_s2_expert_thoughts_all_lr1e_4_adamw_nb200_flat32_heldout,adamw,0.0001,130,1.639925,0.849538,0.743929,2.482338,13459.0,24677.0,retail_s2_expert_thoughts_all_lr1e_4_adamw_nb200_flat32_heldout-act-prm-ia=0-rr=0-ec=act_prm_tau2_retail-gc=act_prm_actions_only-tc=sft_flat-rbc=default-nb=200-nt=0-mc=hf_qwen3_4b_instruct-l-ca374230
act_prm_tau2_retail,s2,retail_s2_expert_thoughts_all_lr1e_4_adamw_nb200_flat32_heldout,adamw,0.0001,135,1.644477,0.849717,0.740034,2.508442,13459.0,24677.0,retail_s2_expert_thoughts_all_lr1e_4_adamw_nb200_flat32_heldout-act-prm-ia=0-rr=0-ec=act_prm_tau2_retail-gc=act_prm_actions_only-tc=sft_flat-rbc=default-nb=200-nt=0-mc=hf_qwen3_4b_instruct-l-ca374230
act_prm_tau2_retail,s2,retail_s2_expert_thoughts_all_lr1e_4_adamw_nb200_flat32_heldout,adamw,0.0001,140,1.662998,0.84841,0.739298,2.553633,13459.0,24677.0,retail_s2_expert_thoughts_all_lr1e_4_adamw_nb200_flat32_heldout-act-prm-ia=0-rr=0-ec=act_prm_tau2_retail-gc=act_prm_actions_only-tc=sft_flat-rbc=default-nb=200-nt=0-mc=hf_qwen3_4b_instruct-l-ca374230
act_prm_tau2_retail,s2,retail_s2_expert_thoughts_all_lr1e_4_adamw_nb200_flat32_heldout,adamw,0.0001,145,1.651538,0.850335,0.737913,2.554579,13459.0,24677.0,retail_s2_expert_thoughts_all_lr1e_4_adamw_nb200_flat32_heldout-act-prm-ia=0-rr=0-ec=act_prm_tau2_retail-gc=act_prm_actions_only-tc=sft_flat-rbc=default-nb=200-nt=0-mc=hf_qwen3_4b_instruct-l-ca374230
act_prm_tau2_retail,s2,retail_s2_expert_thoughts_all_lr1e_4_adamw_nb200_flat32_heldout,adamw,0.0001,5,2.339677,0.794892,0.696795,3.55457,13459.0,24677.0,retail_s2_expert_thoughts_all_lr1e_4_adamw_nb200_flat32_heldout-act-prm-ia=0-rr=0-ec=act_prm_tau2_retail-gc=act_prm_actions_only-tc=sft_flat-rbc=default-nb=200-nt=0-mc=hf_qwen3_4b_instruct-l-ca374230
act_prm_tau2_retail,s2,retail_s2_expert_thoughts_all_lr1e_4_adamw_nb200_flat32_heldout,adamw,0.0001,10,2.159452,0.794233,0.699384,3.178035,13459.0,24677.0,retail_s2_expert_thoughts_all_lr1e_4_adamw_nb200_flat32_heldout-act-prm-ia=0-rr=0-ec=act_prm_tau2_retail-gc=act_prm_actions_only-tc=sft_flat-rbc=default-nb=200-nt=0-mc=hf_qwen3_4b_instruct-l-ca374230
act_prm_tau2_retail,s2,retail_s2_expert_thoughts_all_lr1e_4_adamw_nb200_flat32_heldout,adamw,0.0001,15,2.126344,0.794535,0.701089,3.095777,13459.0,24677.0,retail_s2_expert_thoughts_all_lr1e_4_adamw_nb200_flat32_heldout-act-prm-ia=0-rr=0-ec=act_prm_tau2_retail-gc=act_prm_actions_only-tc=sft_flat-rbc=default-nb=200-nt=0-mc=hf_qwen3_4b_instruct-l-ca374230
act_prm_tau2_retail,s2,retail_s2_expert_thoughts_all_lr1e_4_adamw_nb200_flat32_heldout,adamw,0.0001,20,2.05816,0.799516,0.708014,2.983188,13459.0,24677.0,retail_s2_expert_thoughts_all_lr1e_4_adamw_nb200_flat32_heldout-act-prm-ia=0-rr=0-ec=act_prm_tau2_retail-gc=act_prm_actions_only-tc=sft_flat-rbc=default-nb=200-nt=0-mc=hf_qwen3_4b_instruct-l-ca374230
act_prm_tau2_retail,s2,retail_s2_expert_thoughts_all_lr1e_4_adamw_nb200_flat32_heldout,adamw,0.0001,25,2.008124,0.804874,0.712856,2.903511,13459.0,24677.0,retail_s2_expert_thoughts_all_lr1e_4_adamw_nb200_flat32_heldout-act-prm-ia=0-rr=0-ec=act_prm_tau2_retail-gc=act_prm_actions_only-tc=sft_flat-rbc=default-nb=200-nt=0-mc=hf_qwen3_4b_instruct-l-ca374230
act_prm_tau2_retail,s2,retail_s2_expert_thoughts_all_lr1e_4_adamw_nb200_flat32_heldout,adamw,0.0001,30,1.981461,0.807189,0.717046,2.849896,13459.0,24677.0,retail_s2_expert_thoughts_all_lr1e_4_adamw_nb200_flat32_heldout-act-prm-ia=0-rr=0-ec=act_prm_tau2_retail-gc=act_prm_actions_only-tc=sft_flat-rbc=default-nb=200-nt=0-mc=hf_qwen3_4b_instruct-l-ca374230
act_prm_tau2_retail,s2,retail_s2_expert_thoughts_all_lr1e_4_adamw_nb200_flat32_heldout,adamw,0.0001,35,1.952161,0.810487,0.720153,2.803814,13459.0,24677.0,retail_s2_expert_thoughts_all_lr1e_4_adamw_nb200_flat32_heldout-act-prm-ia=0-rr=0-ec=act_prm_tau2_retail-gc=act_prm_actions_only-tc=sft_flat-rbc=default-nb=200-nt=0-mc=hf_qwen3_4b_instruct-l-ca374230
act_prm_tau2_retail,s2,retail_s2_expert_thoughts_all_lr1e_4_adamw_nb200_flat32_heldout,adamw,0.0001,40,1.914826,0.816266,0.722994,2.754454,13459.0,24677.0,retail_s2_expert_thoughts_all_lr1e_4_adamw_nb200_flat32_heldout-act-prm-ia=0-rr=0-ec=act_prm_tau2_retail-gc=act_prm_actions_only-tc=sft_flat-rbc=default-nb=200-nt=0-mc=hf_qwen3_4b_instruct-l-ca374230
act_prm_tau2_retail,s2,retail_s2_expert_thoughts_all_lr1e_4_adamw_nb200_flat32_heldout,adamw,0.0001,45,1.882713,0.818519,0.725654,2.715879,13459.0,24677.0,retail_s2_expert_thoughts_all_lr1e_4_adamw_nb200_flat32_heldout-act-prm-ia=0-rr=0-ec=act_prm_tau2_retail-gc=act_prm_actions_only-tc=sft_flat-rbc=default-nb=200-nt=0-mc=hf_qwen3_4b_instruct-l-ca374230
act_prm_tau2_retail,s2,retail_s2_expert_thoughts_all_lr1e_4_adamw_nb200_flat32_heldout,adamw,0.0001,50,1.861545,0.821197,0.727124,2.684127,13459.0,24677.0,retail_s2_expert_thoughts_all_lr1e_4_adamw_nb200_flat32_heldout-act-prm-ia=0-rr=0-ec=act_prm_tau2_retail-gc=act_prm_actions_only-tc=sft_flat-rbc=default-nb=200-nt=0-mc=hf_qwen3_4b_instruct-l-ca374230
act_prm_tau2_retail,s2,retail_s2_expert_thoughts_all_lr1e_4_adamw_nb200_flat32_heldout,adamw,0.0001,55,1.833379,0.82512,0.731524,2.647866,13459.0,24677.0,retail_s2_expert_thoughts_all_lr1e_4_adamw_nb200_flat32_heldout-act-prm-ia=0-rr=0-ec=act_prm_tau2_retail-gc=act_prm_actions_only-tc=sft_flat-rbc=default-nb=200-nt=0-mc=hf_qwen3_4b_instruct-l-ca374230
act_prm_tau2_retail,s2,retail_s2_expert_thoughts_all_lr1e_4_adamw_nb200_flat32_heldout,adamw,0.0001,60,1.808724,0.829621,0.733664,2.617611,13459.0,24677.0,retail_s2_expert_thoughts_all_lr1e_4_adamw_nb200_flat32_heldout-act-prm-ia=0-rr=0-ec=act_prm_tau2_retail-gc=act_prm_actions_only-tc=sft_flat-rbc=default-nb=200-nt=0-mc=hf_qwen3_4b_instruct-l-ca374230
act_prm_tau2_retail,s2,retail_s2_expert_thoughts_all_lr1e_4_adamw_nb200_flat32_heldout,adamw,0.0001,65,1.792793,0.832847,0.735312,2.60245,13459.0,24677.0,retail_s2_expert_thoughts_all_lr1e_4_adamw_nb200_flat32_heldout-act-prm-ia=0-rr=0-ec=act_prm_tau2_retail-gc=act_prm_actions_only-tc=sft_flat-rbc=default-nb=200-nt=0-mc=hf_qwen3_4b_instruct-l-ca374230
act_prm_tau2_retail,s2,retail_s2_expert_thoughts_all_lr1e_4_adamw_nb200_flat32_heldout,adamw,0.0001,70,1.778353,0.833042,0.735826,2.58599,13459.0,24677.0,retail_s2_expert_thoughts_all_lr1e_4_adamw_nb200_flat32_heldout-act-prm-ia=0-rr=0-ec=act_prm_tau2_retail-gc=act_prm_actions_only-tc=sft_flat-rbc=default-nb=200-nt=0-mc=hf_qwen3_4b_instruct-l-ca374230
act_prm_tau2_retail,s2,retail_s2_expert_thoughts_all_lr1e_4_adamw_nb200_flat32_heldout,adamw,0.0001,75,1.760377,0.835454,0.73761,2.579702,13459.0,24677.0,retail_s2_expert_thoughts_all_lr1e_4_adamw_nb200_flat32_heldout-act-prm-ia=0-rr=0-ec=act_prm_tau2_retail-gc=act_prm_actions_only-tc=sft_flat-rbc=default-nb=200-nt=0-mc=hf_qwen3_4b_instruct-l-ca374230
act_prm_tau2_retail,s2,retail_s2_expert_thoughts_all_lr1e_4_adamw_nb200_flat32_heldout,adamw,0.0001,80,1.756187,0.837437,0.737115,2.577814,13459.0,24677.0,retail_s2_expert_thoughts_all_lr1e_4_adamw_nb200_flat32_heldout-act-prm-ia=0-rr=0-ec=act_prm_tau2_retail-gc=act_prm_actions_only-tc=sft_flat-rbc=default-nb=200-nt=0-mc=hf_qwen3_4b_instruct-l-ca374230
act_prm_tau2_retail,s2,retail_s2_expert_thoughts_all_lr1e_4_adamw_nb200_flat32_heldout,adamw,0.0001,85,1.754092,0.839778,0.736692,2.586757,13459.0,24677.0,retail_s2_expert_thoughts_all_lr1e_4_adamw_nb200_flat32_heldout-act-prm-ia=0-rr=0-ec=act_prm_tau2_retail-gc=act_prm_actions_only-tc=sft_flat-rbc=default-nb=200-nt=0-mc=hf_qwen3_4b_instruct-l-ca374230
act_prm_tau2_retail,s2,retail_s2_expert_thoughts_all_lr1e_4_adamw_nb200_flat32_heldout,adamw,0.0001,90,1.74311,0.841708,0.738002,2.593345,13459.0,24677.0,retail_s2_expert_thoughts_all_lr1e_4_adamw_nb200_flat32_heldout-act-prm-ia=0-rr=0-ec=act_prm_tau2_retail-gc=act_prm_actions_only-tc=sft_flat-rbc=default-nb=200-nt=0-mc=hf_qwen3_4b_instruct-l-ca374230
act_prm_tau2_retail,s2,retail_s2_expert_thoughts_all_lr1e_4_adamw_nb200_flat32_heldout,adamw,0.0001,95,1.765248,0.839761,0.73687,2.637585,13459.0,24677.0,retail_s2_expert_thoughts_all_lr1e_4_adamw_nb200_flat32_heldout-act-prm-ia=0-rr=0-ec=act_prm_tau2_retail-gc=act_prm_actions_only-tc=sft_flat-rbc=default-nb=200-nt=0-mc=hf_qwen3_4b_instruct-l-ca374230
act_prm_tau2_retail,s2,retail_s2_expert_thoughts_all_lr1e_4_adamw_nb200_flat32_heldout,adamw,0.0001,100,1.751695,0.841205,0.736171,2.643714,13459.0,24677.0,retail_s2_expert_thoughts_all_lr1e_4_adamw_nb200_flat32_heldout-act-prm-ia=0-rr=0-ec=act_prm_tau2_retail-gc=act_prm_actions_only-tc=sft_flat-rbc=default-nb=200-nt=0-mc=hf_qwen3_4b_instruct-l-ca374230
act_prm_tau2_retail,s2,retail_s2_expert_thoughts_all_lr1e_4_adamw_nb200_flat32_heldout,adamw,0.0001,105,1.760769,0.840532,0.736066,2.673821,13459.0,24677.0,retail_s2_expert_thoughts_all_lr1e_4_adamw_nb200_flat32_heldout-act-prm-ia=0-rr=0-ec=act_prm_tau2_retail-gc=act_prm_actions_only-tc=sft_flat-rbc=default-nb=200-nt=0-mc=hf_qwen3_4b_instruct-l-ca374230
act_prm_tau2_retail,s2,retail_s2_expert_thoughts_all_lr1e_4_adamw_nb200_flat32_heldout,adamw,0.0001,110,1.762096,0.842417,0.733159,2.710924,13459.0,24677.0,retail_s2_expert_thoughts_all_lr1e_4_adamw_nb200_flat32_heldout-act-prm-ia=0-rr=0-ec=act_prm_tau2_retail-gc=act_prm_actions_only-tc=sft_flat-rbc=default-nb=200-nt=0-mc=hf_qwen3_4b_instruct-l-ca374230
act_prm_tau2_retail,s2,retail_s2_expert_thoughts_all_lr1e_4_adamw_nb200_flat32_heldout,adamw,0.0001,115,1.766644,0.841141,0.732981,2.743443,13459.0,24677.0,retail_s2_expert_thoughts_all_lr1e_4_adamw_nb200_flat32_heldout-act-prm-ia=0-rr=0-ec=act_prm_tau2_retail-gc=act_prm_actions_only-tc=sft_flat-rbc=default-nb=200-nt=0-mc=hf_qwen3_4b_instruct-l-ca374230
act_prm_tau2_retail,s2,retail_s2_expert_thoughts_all_lr1e_4_adamw_nb200_flat32_heldout,adamw,0.0001,120,1.787304,0.843155,0.732154,2.859217,13459.0,24677.0,retail_s2_expert_thoughts_all_lr1e_4_adamw_nb200_flat32_heldout-act-prm-ia=0-rr=0-ec=act_prm_tau2_retail-gc=act_prm_actions_only-tc=sft_flat-rbc=default-nb=200-nt=0-mc=hf_qwen3_4b_instruct-l-ca374230
act_prm_tau2_retail,s2,retail_s2_expert_thoughts_all_lr3e_3_nb150_heldout,,0.003,10,2.933646,0.773683,0.65393,,,,retail_s2_expert_thoughts_all_lr3e_3_nb150_heldout-act-prm-ia=0-rr=0-ec=act_prm_tau2_retail-gc=act_prm_actions_only-tc=sft-rbc=default-nb=150-nt=0-mc=hf_qwen3_4b_instruct-lc=r8_a16_linear-ni-8ece9847
act_prm_tau2_retail,s2,retail_s2_expert_thoughts_all_lr3e_3_nb150_heldout,,0.003,10,2.933646,0.773683,0.65393,,,,retail_s2_expert_thoughts_all_lr3e_3_nb150_heldout-act-prm-ia=0-rr=0-ec=act_prm_tau2_retail-gc=act_prm_actions_only-tc=sft-rbc=default-nb=150-nt=0-mc=hf_qwen3_4b_instruct-lc=r8_a16_linear-ni-8ece9847
act_prm_tau2_retail,s2,retail_s2_expert_thoughts_all_lr3e_3_nb150_heldout,,0.003,20,2.836678,0.7733,0.654565,,,,retail_s2_expert_thoughts_all_lr3e_3_nb150_heldout-act-prm-ia=0-rr=0-ec=act_prm_tau2_retail-gc=act_prm_actions_only-tc=sft-rbc=default-nb=150-nt=0-mc=hf_qwen3_4b_instruct-lc=r8_a16_linear-ni-8ece9847
act_prm_tau2_retail,s2,retail_s2_expert_thoughts_all_lr3e_3_nb150_heldout,,0.003,20,2.836678,0.7733,0.654565,,,,retail_s2_expert_thoughts_all_lr3e_3_nb150_heldout-act-prm-ia=0-rr=0-ec=act_prm_tau2_retail-gc=act_prm_actions_only-tc=sft-rbc=default-nb=150-nt=0-mc=hf_qwen3_4b_instruct-lc=r8_a16_linear-ni-8ece9847
act_prm_tau2_retail,s2,retail_s2_expert_thoughts_all_lr3e_3_nb150_heldout,,0.003,30,2.717997,0.774528,0.656962,,,,retail_s2_expert_thoughts_all_lr3e_3_nb150_heldout-act-prm-ia=0-rr=0-ec=act_prm_tau2_retail-gc=act_prm_actions_only-tc=sft-rbc=default-nb=150-nt=0-mc=hf_qwen3_4b_instruct-lc=r8_a16_linear-ni-8ece9847
act_prm_tau2_retail,s2,retail_s2_expert_thoughts_all_lr3e_3_nb150_heldout,,0.003,30,2.717997,0.774528,0.656962,,,,retail_s2_expert_thoughts_all_lr3e_3_nb150_heldout-act-prm-ia=0-rr=0-ec=act_prm_tau2_retail-gc=act_prm_actions_only-tc=sft-rbc=default-nb=150-nt=0-mc=hf_qwen3_4b_instruct-lc=r8_a16_linear-ni-8ece9847
act_prm_tau2_retail,s2,retail_s2_expert_thoughts_all_lr3e_3_nb150_heldout,,0.003,40,2.592936,0.777368,0.660874,,,,retail_s2_expert_thoughts_all_lr3e_3_nb150_heldout-act-prm-ia=0-rr=0-ec=act_prm_tau2_retail-gc=act_prm_actions_only-tc=sft-rbc=default-nb=150-nt=0-mc=hf_qwen3_4b_instruct-lc=r8_a16_linear-ni-8ece9847
act_prm_tau2_retail,s2,retail_s2_expert_thoughts_all_lr3e_3_nb150_heldout,,0.003,40,2.592936,0.777368,0.660874,,,,retail_s2_expert_thoughts_all_lr3e_3_nb150_heldout-act-prm-ia=0-rr=0-ec=act_prm_tau2_retail-gc=act_prm_actions_only-tc=sft-rbc=default-nb=150-nt=0-mc=hf_qwen3_4b_instruct-lc=r8_a16_linear-ni-8ece9847
act_prm_tau2_retail,s2,retail_s2_expert_thoughts_all_lr3e_3_nb150_heldout,,0.003,50,2.489312,0.777445,0.662707,,,,retail_s2_expert_thoughts_all_lr3e_3_nb150_heldout-act-prm-ia=0-rr=0-ec=act_prm_tau2_retail-gc=act_prm_actions_only-tc=sft-rbc=default-nb=150-nt=0-mc=hf_qwen3_4b_instruct-lc=r8_a16_linear-ni-8ece9847
act_prm_tau2_retail,s2,retail_s2_expert_thoughts_all_lr3e_3_nb150_heldout,,0.003,50,2.489312,0.777445,0.662707,,,,retail_s2_expert_thoughts_all_lr3e_3_nb150_heldout-act-prm-ia=0-rr=0-ec=act_prm_tau2_retail-gc=act_prm_actions_only-tc=sft-rbc=default-nb=150-nt=0-mc=hf_qwen3_4b_instruct-lc=r8_a16_linear-ni-8ece9847
act_prm_tau2_retail,s2,retail_s2_expert_thoughts_all_lr3e_3_nb150_heldout,,0.003,60,2.412843,0.776984,0.663976,,,,retail_s2_expert_thoughts_all_lr3e_3_nb150_heldout-act-prm-ia=0-rr=0-ec=act_prm_tau2_retail-gc=act_prm_actions_only-tc=sft-rbc=default-nb=150-nt=0-mc=hf_qwen3_4b_instruct-lc=r8_a16_linear-ni-8ece9847
act_prm_tau2_retail,s2,retail_s2_expert_thoughts_all_lr3e_3_nb150_heldout,,0.003,60,2.412843,0.776984,0.663976,,,,retail_s2_expert_thoughts_all_lr3e_3_nb150_heldout-act-prm-ia=0-rr=0-ec=act_prm_tau2_retail-gc=act_prm_actions_only-tc=sft-rbc=default-nb=150-nt=0-mc=hf_qwen3_4b_instruct-lc=r8_a16_linear-ni-8ece9847
act_prm_tau2_retail,s2,retail_s2_expert_thoughts_all_lr3e_3_nb150_heldout,,0.003,70,2.358373,0.776601,0.665456,,,,retail_s2_expert_thoughts_all_lr3e_3_nb150_heldout-act-prm-ia=0-rr=0-ec=act_prm_tau2_retail-gc=act_prm_actions_only-tc=sft-rbc=default-nb=150-nt=0-mc=hf_qwen3_4b_instruct-lc=r8_a16_linear-ni-8ece9847
act_prm_tau2_retail,s2,retail_s2_expert_thoughts_all_lr3e_3_nb150_heldout,,0.003,70,2.358373,0.776601,0.665456,,,,retail_s2_expert_thoughts_all_lr3e_3_nb150_heldout-act-prm-ia=0-rr=0-ec=act_prm_tau2_retail-gc=act_prm_actions_only-tc=sft-rbc=default-nb=150-nt=0-mc=hf_qwen3_4b_instruct-lc=r8_a16_linear-ni-8ece9847
act_prm_tau2_retail,s2,retail_s2_expert_thoughts_all_lr3e_3_nb150_heldout,,0.003,80,2.322793,0.778059,0.667219,,,,retail_s2_expert_thoughts_all_lr3e_3_nb150_heldout-act-prm-ia=0-rr=0-ec=act_prm_tau2_retail-gc=act_prm_actions_only-tc=sft-rbc=default-nb=150-nt=0-mc=hf_qwen3_4b_instruct-lc=r8_a16_linear-ni-8ece9847
act_prm_tau2_retail,s2,retail_s2_expert_thoughts_all_lr3e_3_nb150_heldout,,0.003,80,2.322793,0.778059,0.667219,,,,retail_s2_expert_thoughts_all_lr3e_3_nb150_heldout-act-prm-ia=0-rr=0-ec=act_prm_tau2_retail-gc=act_prm_actions_only-tc=sft-rbc=default-nb=150-nt=0-mc=hf_qwen3_4b_instruct-lc=r8_a16_linear-ni-8ece9847
act_prm_tau2_retail,s2,retail_s2_expert_thoughts_all_lr3e_3_nb150_heldout,,0.003,90,2.299776,0.776831,0.667113,,,,retail_s2_expert_thoughts_all_lr3e_3_nb150_heldout-act-prm-ia=0-rr=0-ec=act_prm_tau2_retail-gc=act_prm_actions_only-tc=sft-rbc=default-nb=150-nt=0-mc=hf_qwen3_4b_instruct-lc=r8_a16_linear-ni-8ece9847
act_prm_tau2_retail,s2,retail_s2_expert_thoughts_all_lr3e_3_nb150_heldout,,0.003,90,2.299776,0.776831,0.667113,,,,retail_s2_expert_thoughts_all_lr3e_3_nb150_heldout-act-prm-ia=0-rr=0-ec=act_prm_tau2_retail-gc=act_prm_actions_only-tc=sft-rbc=default-nb=150-nt=0-mc=hf_qwen3_4b_instruct-lc=r8_a16_linear-ni-8ece9847
act_prm_tau2_retail,s2,retail_s2_expert_thoughts_all_lr3e_3_nb150_heldout,,0.003,100,2.285236,0.77637,0.667571,,,,retail_s2_expert_thoughts_all_lr3e_3_nb150_heldout-act-prm-ia=0-rr=0-ec=act_prm_tau2_retail-gc=act_prm_actions_only-tc=sft-rbc=default-nb=150-nt=0-mc=hf_qwen3_4b_instruct-lc=r8_a16_linear-ni-8ece9847
act_prm_tau2_retail,s2,retail_s2_expert_thoughts_all_lr3e_3_nb150_heldout,,0.003,100,2.285236,0.77637,0.667571,,,,retail_s2_expert_thoughts_all_lr3e_3_nb150_heldout-act-prm-ia=0-rr=0-ec=act_prm_tau2_retail-gc=act_prm_actions_only-tc=sft-rbc=default-nb=150-nt=0-mc=hf_qwen3_4b_instruct-lc=r8_a16_linear-ni-8ece9847
act_prm_tau2_retail,s2,retail_s2_expert_thoughts_all_lr3e_3_nb150_heldout,,0.003,110,2.275234,0.776601,0.667994,,,,retail_s2_expert_thoughts_all_lr3e_3_nb150_heldout-act-prm-ia=0-rr=0-ec=act_prm_tau2_retail-gc=act_prm_actions_only-tc=sft-rbc=default-nb=150-nt=0-mc=hf_qwen3_4b_instruct-lc=r8_a16_linear-ni-8ece9847
act_prm_tau2_retail,s2,retail_s2_expert_thoughts_all_lr3e_3_nb150_heldout,,0.003,110,2.275234,0.776601,0.667994,,,,retail_s2_expert_thoughts_all_lr3e_3_nb150_heldout-act-prm-ia=0-rr=0-ec=act_prm_tau2_retail-gc=act_prm_actions_only-tc=sft-rbc=default-nb=150-nt=0-mc=hf_qwen3_4b_instruct-lc=r8_a16_linear-ni-8ece9847
act_prm_tau2_retail,s2,retail_s2_expert_thoughts_all_lr3e_3_nb150_heldout,,0.003,120,2.268099,0.777368,0.669299,,,,retail_s2_expert_thoughts_all_lr3e_3_nb150_heldout-act-prm-ia=0-rr=0-ec=act_prm_tau2_retail-gc=act_prm_actions_only-tc=sft-rbc=default-nb=150-nt=0-mc=hf_qwen3_4b_instruct-lc=r8_a16_linear-ni-8ece9847
act_prm_tau2_retail,s2,retail_s2_expert_thoughts_all_lr3e_3_nb150_heldout,,0.003,120,2.268099,0.777368,0.669299,,,,retail_s2_expert_thoughts_all_lr3e_3_nb150_heldout-act-prm-ia=0-rr=0-ec=act_prm_tau2_retail-gc=act_prm_actions_only-tc=sft-rbc=default-nb=150-nt=0-mc=hf_qwen3_4b_instruct-lc=r8_a16_linear-ni-8ece9847
act_prm_tau2_retail,s2,retail_s2_expert_thoughts_all_lr3e_3_nb150_heldout,,0.003,130,2.259943,0.776831,0.669404,,,,retail_s2_expert_thoughts_all_lr3e_3_nb150_heldout-act-prm-ia=0-rr=0-ec=act_prm_tau2_retail-gc=act_prm_actions_only-tc=sft-rbc=default-nb=150-nt=0-mc=hf_qwen3_4b_instruct-lc=r8_a16_linear-ni-8ece9847
act_prm_tau2_retail,s2,retail_s2_expert_thoughts_all_lr3e_3_nb150_heldout,,0.003,130,2.259943,0.776831,0.669404,,,,retail_s2_expert_thoughts_all_lr3e_3_nb150_heldout-act-prm-ia=0-rr=0-ec=act_prm_tau2_retail-gc=act_prm_actions_only-tc=sft-rbc=default-nb=150-nt=0-mc=hf_qwen3_4b_instruct-lc=r8_a16_linear-ni-8ece9847
act_prm_tau2_retail,s2,retail_s2_expert_thoughts_all_lr3e_3_nb150_heldout,,0.003,140,2.253508,0.776831,0.670356,,,,retail_s2_expert_thoughts_all_lr3e_3_nb150_heldout-act-prm-ia=0-rr=0-ec=act_prm_tau2_retail-gc=act_prm_actions_only-tc=sft-rbc=default-nb=150-nt=0-mc=hf_qwen3_4b_instruct-lc=r8_a16_linear-ni-8ece9847
act_prm_tau2_retail,s2,retail_s2_expert_thoughts_all_lr3e_3_nb150_heldout,,0.003,140,2.253508,0.776831,0.670356,,,,retail_s2_expert_thoughts_all_lr3e_3_nb150_heldout-act-prm-ia=0-rr=0-ec=act_prm_tau2_retail-gc=act_prm_actions_only-tc=sft-rbc=default-nb=150-nt=0-mc=hf_qwen3_4b_instruct-lc=r8_a16_linear-ni-8ece9847
act_prm_tau2_retail,s2,retail_s2_expert_thoughts_all_lr3e_3_nb150_heldout,,0.003,149,2.250281,0.777138,0.670356,,,,retail_s2_expert_thoughts_all_lr3e_3_nb150_heldout-act-prm-ia=0-rr=0-ec=act_prm_tau2_retail-gc=act_prm_actions_only-tc=sft-rbc=default-nb=150-nt=0-mc=hf_qwen3_4b_instruct-lc=r8_a16_linear-ni-8ece9847
act_prm_tau2_retail,s2,retail_s2_expert_thoughts_all_lr3e_3_nb150_heldout,,0.003,149,2.250281,0.777138,0.670356,,,,retail_s2_expert_thoughts_all_lr3e_3_nb150_heldout-act-prm-ia=0-rr=0-ec=act_prm_tau2_retail-gc=act_prm_actions_only-tc=sft-rbc=default-nb=150-nt=0-mc=hf_qwen3_4b_instruct-lc=r8_a16_linear-ni-8ece9847
act_prm_tau2_retail,s2,retail_s2_expert_thoughts_all_lr3e_3_nb150_heldout_fixeval,,0.003,10,2.868536,0.789959,0.682253,,,,retail_s2_expert_thoughts_all_lr3e_3_nb150_heldout_fixeval-act-prm-ia=0-rr=0-ec=act_prm_tau2_retail-gc=act_prm_actions_only-tc=sft-rbc=default-nb=150-nt=0-mc=hf_qwen3_4b_instruct-lc=r8_a16_l-a2e2d2ae
act_prm_tau2_retail,s2,retail_s2_expert_thoughts_all_lr3e_3_nb150_heldout_fixeval,,0.003,10,2.868536,0.789959,0.682253,,,,retail_s2_expert_thoughts_all_lr3e_3_nb150_heldout_fixeval-act-prm-ia=0-rr=0-ec=act_prm_tau2_retail-gc=act_prm_actions_only-tc=sft-rbc=default-nb=150-nt=0-mc=hf_qwen3_4b_instruct-lc=r8_a16_l-a2e2d2ae
act_prm_tau2_retail,s2,retail_s2_expert_thoughts_all_lr3e_3_nb150_heldout_fixeval,,0.003,20,2.769838,0.790665,0.683349,,,,retail_s2_expert_thoughts_all_lr3e_3_nb150_heldout_fixeval-act-prm-ia=0-rr=0-ec=act_prm_tau2_retail-gc=act_prm_actions_only-tc=sft-rbc=default-nb=150-nt=0-mc=hf_qwen3_4b_instruct-lc=r8_a16_l-a2e2d2ae
act_prm_tau2_retail,s2,retail_s2_expert_thoughts_all_lr3e_3_nb150_heldout_fixeval,,0.003,20,2.769838,0.790665,0.683349,,,,retail_s2_expert_thoughts_all_lr3e_3_nb150_heldout_fixeval-act-prm-ia=0-rr=0-ec=act_prm_tau2_retail-gc=act_prm_actions_only-tc=sft-rbc=default-nb=150-nt=0-mc=hf_qwen3_4b_instruct-lc=r8_a16_l-a2e2d2ae
act_prm_tau2_retail,s2,retail_s2_expert_thoughts_all_lr3e_3_nb150_heldout_fixeval,,0.003,30,2.640095,0.792564,0.685481,,,,retail_s2_expert_thoughts_all_lr3e_3_nb150_heldout_fixeval-act-prm-ia=0-rr=0-ec=act_prm_tau2_retail-gc=act_prm_actions_only-tc=sft-rbc=default-nb=150-nt=0-mc=hf_qwen3_4b_instruct-lc=r8_a16_l-a2e2d2ae
act_prm_tau2_retail,s2,retail_s2_expert_thoughts_all_lr3e_3_nb150_heldout_fixeval,,0.003,30,2.640095,0.792564,0.685481,,,,retail_s2_expert_thoughts_all_lr3e_3_nb150_heldout_fixeval-act-prm-ia=0-rr=0-ec=act_prm_tau2_retail-gc=act_prm_actions_only-tc=sft-rbc=default-nb=150-nt=0-mc=hf_qwen3_4b_instruct-lc=r8_a16_l-a2e2d2ae
act_prm_tau2_retail,s2,retail_s2_expert_thoughts_all_lr3e_3_nb150_heldout_fixeval,,0.003,40,2.50591,0.79403,0.68862,,,,retail_s2_expert_thoughts_all_lr3e_3_nb150_heldout_fixeval-act-prm-ia=0-rr=0-ec=act_prm_tau2_retail-gc=act_prm_actions_only-tc=sft-rbc=default-nb=150-nt=0-mc=hf_qwen3_4b_instruct-lc=r8_a16_l-a2e2d2ae
act_prm_tau2_retail,s2,retail_s2_expert_thoughts_all_lr3e_3_nb150_heldout_fixeval,,0.003,40,2.50591,0.79403,0.68862,,,,retail_s2_expert_thoughts_all_lr3e_3_nb150_heldout_fixeval-act-prm-ia=0-rr=0-ec=act_prm_tau2_retail-gc=act_prm_actions_only-tc=sft-rbc=default-nb=150-nt=0-mc=hf_qwen3_4b_instruct-lc=r8_a16_l-a2e2d2ae
act_prm_tau2_retail,s2,retail_s2_expert_thoughts_all_lr3e_3_nb150_heldout_fixeval,,0.003,50,2.389305,0.794464,0.690426,,,,retail_s2_expert_thoughts_all_lr3e_3_nb150_heldout_fixeval-act-prm-ia=0-rr=0-ec=act_prm_tau2_retail-gc=act_prm_actions_only-tc=sft-rbc=default-nb=150-nt=0-mc=hf_qwen3_4b_instruct-lc=r8_a16_l-a2e2d2ae
act_prm_tau2_retail,s2,retail_s2_expert_thoughts_all_lr3e_3_nb150_heldout_fixeval,,0.003,50,2.389305,0.794464,0.690426,,,,retail_s2_expert_thoughts_all_lr3e_3_nb150_heldout_fixeval-act-prm-ia=0-rr=0-ec=act_prm_tau2_retail-gc=act_prm_actions_only-tc=sft-rbc=default-nb=150-nt=0-mc=hf_qwen3_4b_instruct-lc=r8_a16_l-a2e2d2ae
act_prm_tau2_retail,s2,retail_s2_expert_thoughts_all_lr3e_3_nb150_heldout_fixeval,,0.003,60,2.301918,0.794953,0.692055,,,,retail_s2_expert_thoughts_all_lr3e_3_nb150_heldout_fixeval-act-prm-ia=0-rr=0-ec=act_prm_tau2_retail-gc=act_prm_actions_only-tc=sft-rbc=default-nb=150-nt=0-mc=hf_qwen3_4b_instruct-lc=r8_a16_l-a2e2d2ae
act_prm_tau2_retail,s2,retail_s2_expert_thoughts_all_lr3e_3_nb150_heldout_fixeval,,0.003,60,2.301918,0.794953,0.692055,,,,retail_s2_expert_thoughts_all_lr3e_3_nb150_heldout_fixeval-act-prm-ia=0-rr=0-ec=act_prm_tau2_retail-gc=act_prm_actions_only-tc=sft-rbc=default-nb=150-nt=0-mc=hf_qwen3_4b_instruct-lc=r8_a16_l-a2e2d2ae
act_prm_tau2_retail,s2,retail_s2_expert_thoughts_all_lr3e_3_nb150_heldout_fixeval,,0.003,70,2.239438,0.795821,0.693684,,,,retail_s2_expert_thoughts_all_lr3e_3_nb150_heldout_fixeval-act-prm-ia=0-rr=0-ec=act_prm_tau2_retail-gc=act_prm_actions_only-tc=sft-rbc=default-nb=150-nt=0-mc=hf_qwen3_4b_instruct-lc=r8_a16_l-a2e2d2ae
act_prm_tau2_retail,s2,retail_s2_expert_thoughts_all_lr3e_3_nb150_heldout_fixeval,,0.003,70,2.239438,0.795821,0.693684,,,,retail_s2_expert_thoughts_all_lr3e_3_nb150_heldout_fixeval-act-prm-ia=0-rr=0-ec=act_prm_tau2_retail-gc=act_prm_actions_only-tc=sft-rbc=default-nb=150-nt=0-mc=hf_qwen3_4b_instruct-lc=r8_a16_l-a2e2d2ae
act_prm_tau2_retail,s2,retail_s2_expert_thoughts_all_lr3e_3_nb150_heldout_fixeval,,0.003,80,2.201403,0.795278,0.694039,,,,retail_s2_expert_thoughts_all_lr3e_3_nb150_heldout_fixeval-act-prm-ia=0-rr=0-ec=act_prm_tau2_retail-gc=act_prm_actions_only-tc=sft-rbc=default-nb=150-nt=0-mc=hf_qwen3_4b_instruct-lc=r8_a16_l-a2e2d2ae
act_prm_tau2_retail,s2,retail_s2_expert_thoughts_all_lr3e_3_nb150_heldout_fixeval,,0.003,80,2.201403,0.795278,0.694039,,,,retail_s2_expert_thoughts_all_lr3e_3_nb150_heldout_fixeval-act-prm-ia=0-rr=0-ec=act_prm_tau2_retail-gc=act_prm_actions_only-tc=sft-rbc=default-nb=150-nt=0-mc=hf_qwen3_4b_instruct-lc=r8_a16_l-a2e2d2ae
act_prm_tau2_retail,s2,retail_s2_expert_thoughts_all_lr3e_3_nb150_heldout_fixeval,,0.003,90,2.173956,0.794735,0.694187,,,,retail_s2_expert_thoughts_all_lr3e_3_nb150_heldout_fixeval-act-prm-ia=0-rr=0-ec=act_prm_tau2_retail-gc=act_prm_actions_only-tc=sft-rbc=default-nb=150-nt=0-mc=hf_qwen3_4b_instruct-lc=r8_a16_l-a2e2d2ae
act_prm_tau2_retail,s2,retail_s2_expert_thoughts_all_lr3e_3_nb150_heldout_fixeval,,0.003,90,2.173956,0.794735,0.694187,,,,retail_s2_expert_thoughts_all_lr3e_3_nb150_heldout_fixeval-act-prm-ia=0-rr=0-ec=act_prm_tau2_retail-gc=act_prm_actions_only-tc=sft-rbc=default-nb=150-nt=0-mc=hf_qwen3_4b_instruct-lc=r8_a16_l-a2e2d2ae
act_prm_tau2_retail,s2,retail_s2_expert_thoughts_all_lr3e_3_nb150_heldout_fixeval,,0.003,100,2.156825,0.794355,0.694602,,,,retail_s2_expert_thoughts_all_lr3e_3_nb150_heldout_fixeval-act-prm-ia=0-rr=0-ec=act_prm_tau2_retail-gc=act_prm_actions_only-tc=sft-rbc=default-nb=150-nt=0-mc=hf_qwen3_4b_instruct-lc=r8_a16_l-a2e2d2ae
act_prm_tau2_retail,s2,retail_s2_expert_thoughts_all_lr3e_3_nb150_heldout_fixeval,,0.003,100,2.156825,0.794355,0.694602,,,,retail_s2_expert_thoughts_all_lr3e_3_nb150_heldout_fixeval-act-prm-ia=0-rr=0-ec=act_prm_tau2_retail-gc=act_prm_actions_only-tc=sft-rbc=default-nb=150-nt=0-mc=hf_qwen3_4b_instruct-lc=r8_a16_l-a2e2d2ae
act_prm_tau2_retail,s2,retail_s2_expert_thoughts_all_lr3e_3_nb150_heldout_fixeval,,0.003,110,2.145421,0.794898,0.695638,,,,retail_s2_expert_thoughts_all_lr3e_3_nb150_heldout_fixeval-act-prm-ia=0-rr=0-ec=act_prm_tau2_retail-gc=act_prm_actions_only-tc=sft-rbc=default-nb=150-nt=0-mc=hf_qwen3_4b_instruct-lc=r8_a16_l-a2e2d2ae
act_prm_tau2_retail,s2,retail_s2_expert_thoughts_all_lr3e_3_nb150_heldout_fixeval,,0.003,110,2.145421,0.794898,0.695638,,,,retail_s2_expert_thoughts_all_lr3e_3_nb150_heldout_fixeval-act-prm-ia=0-rr=0-ec=act_prm_tau2_retail-gc=act_prm_actions_only-tc=sft-rbc=default-nb=150-nt=0-mc=hf_qwen3_4b_instruct-lc=r8_a16_l-a2e2d2ae
act_prm_tau2_retail,s2,retail_s2_expert_thoughts_all_lr3e_3_nb150_heldout_fixeval,,0.003,120,2.136242,0.793921,0.694957,,,,retail_s2_expert_thoughts_all_lr3e_3_nb150_heldout_fixeval-act-prm-ia=0-rr=0-ec=act_prm_tau2_retail-gc=act_prm_actions_only-tc=sft-rbc=default-nb=150-nt=0-mc=hf_qwen3_4b_instruct-lc=r8_a16_l-a2e2d2ae
act_prm_tau2_retail,s2,retail_s2_expert_thoughts_all_lr3e_3_nb150_heldout_fixeval,,0.003,120,2.136242,0.793921,0.694957,,,,retail_s2_expert_thoughts_all_lr3e_3_nb150_heldout_fixeval-act-prm-ia=0-rr=0-ec=act_prm_tau2_retail-gc=act_prm_actions_only-tc=sft-rbc=default-nb=150-nt=0-mc=hf_qwen3_4b_instruct-lc=r8_a16_l-a2e2d2ae
act_prm_tau2_retail,s2,retail_s2_expert_thoughts_all_lr3e_3_nb150_heldout_fixeval,,0.003,130,2.129773,0.794681,0.696586,,,,retail_s2_expert_thoughts_all_lr3e_3_nb150_heldout_fixeval-act-prm-ia=0-rr=0-ec=act_prm_tau2_retail-gc=act_prm_actions_only-tc=sft-rbc=default-nb=150-nt=0-mc=hf_qwen3_4b_instruct-lc=r8_a16_l-a2e2d2ae
act_prm_tau2_retail,s2,retail_s2_expert_thoughts_all_lr3e_3_nb150_heldout_fixeval,,0.003,130,2.129773,0.794681,0.696586,,,,retail_s2_expert_thoughts_all_lr3e_3_nb150_heldout_fixeval-act-prm-ia=0-rr=0-ec=act_prm_tau2_retail-gc=act_prm_actions_only-tc=sft-rbc=default-nb=150-nt=0-mc=hf_qwen3_4b_instruct-lc=r8_a16_l-a2e2d2ae
act_prm_tau2_retail,s2,retail_s2_expert_thoughts_all_lr3e_3_nb150_heldout_fixeval,,0.003,140,2.122735,0.794573,0.697089,,,,retail_s2_expert_thoughts_all_lr3e_3_nb150_heldout_fixeval-act-prm-ia=0-rr=0-ec=act_prm_tau2_retail-gc=act_prm_actions_only-tc=sft-rbc=default-nb=150-nt=0-mc=hf_qwen3_4b_instruct-lc=r8_a16_l-a2e2d2ae
act_prm_tau2_retail,s2,retail_s2_expert_thoughts_all_lr3e_3_nb150_heldout_fixeval,,0.003,140,2.122735,0.794573,0.697089,,,,retail_s2_expert_thoughts_all_lr3e_3_nb150_heldout_fixeval-act-prm-ia=0-rr=0-ec=act_prm_tau2_retail-gc=act_prm_actions_only-tc=sft-rbc=default-nb=150-nt=0-mc=hf_qwen3_4b_instruct-lc=r8_a16_l-a2e2d2ae
act_prm_tau2_retail,s2,retail_s2_expert_thoughts_all_lr3e_3_nb150_heldout_fixeval,,0.003,149,2.119157,0.794735,0.697444,,,,retail_s2_expert_thoughts_all_lr3e_3_nb150_heldout_fixeval-act-prm-ia=0-rr=0-ec=act_prm_tau2_retail-gc=act_prm_actions_only-tc=sft-rbc=default-nb=150-nt=0-mc=hf_qwen3_4b_instruct-lc=r8_a16_l-a2e2d2ae
act_prm_tau2_retail,s2,retail_s2_expert_thoughts_all_lr3e_3_nb150_heldout_fixeval,,0.003,149,2.119157,0.794735,0.697444,,,,retail_s2_expert_thoughts_all_lr3e_3_nb150_heldout_fixeval-act-prm-ia=0-rr=0-ec=act_prm_tau2_retail-gc=act_prm_actions_only-tc=sft-rbc=default-nb=150-nt=0-mc=hf_qwen3_4b_instruct-lc=r8_a16_l-a2e2d2ae
act_prm_tau2_retail,s2,retail_s2_expert_thoughts_heldout,,4e-05,10,2.917696,0.790014,0.68175,,,,retail_s2_expert_thoughts_heldout-act-prm-ia=0-rr=0-ec=act_prm_tau2_retail-gc=act_prm_actions_only-tc=sft-rbc=default-nb=60-nt=0-mc=hf_qwen3_4b_instruct-lc=r8_a16_linear-nie=1-gc=0-nf=0-ket=-5ae0595c
act_prm_tau2_retail,s2,retail_s2_expert_thoughts_heldout,,4e-05,10,2.917696,0.790014,0.68175,,,,retail_s2_expert_thoughts_heldout-act-prm-ia=0-rr=0-ec=act_prm_tau2_retail-gc=act_prm_actions_only-tc=sft-rbc=default-nb=60-nt=0-mc=hf_qwen3_4b_instruct-lc=r8_a16_linear-nie=1-gc=0-nf=0-ket=-5ae0595c
act_prm_tau2_retail,s2,retail_s2_expert_thoughts_heldout,,4e-05,20,2.917359,0.789796,0.681365,,,,retail_s2_expert_thoughts_heldout-act-prm-ia=0-rr=0-ec=act_prm_tau2_retail-gc=act_prm_actions_only-tc=sft-rbc=default-nb=60-nt=0-mc=hf_qwen3_4b_instruct-lc=r8_a16_linear-nie=1-gc=0-nf=0-ket=-5ae0595c
act_prm_tau2_retail,s2,retail_s2_expert_thoughts_heldout,,4e-05,20,2.917359,0.789796,0.681365,,,,retail_s2_expert_thoughts_heldout-act-prm-ia=0-rr=0-ec=act_prm_tau2_retail-gc=act_prm_actions_only-tc=sft-rbc=default-nb=60-nt=0-mc=hf_qwen3_4b_instruct-lc=r8_a16_linear-nie=1-gc=0-nf=0-ket=-5ae0595c
act_prm_tau2_retail,s2,retail_s2_expert_thoughts_heldout,,4e-05,30,2.918419,0.790122,0.681631,,,,retail_s2_expert_thoughts_heldout-act-prm-ia=0-rr=0-ec=act_prm_tau2_retail-gc=act_prm_actions_only-tc=sft-rbc=default-nb=60-nt=0-mc=hf_qwen3_4b_instruct-lc=r8_a16_linear-nie=1-gc=0-nf=0-ket=-5ae0595c
act_prm_tau2_retail,s2,retail_s2_expert_thoughts_heldout,,4e-05,30,2.918419,0.790122,0.681631,,,,retail_s2_expert_thoughts_heldout-act-prm-ia=0-rr=0-ec=act_prm_tau2_retail-gc=act_prm_actions_only-tc=sft-rbc=default-nb=60-nt=0-mc=hf_qwen3_4b_instruct-lc=r8_a16_linear-nie=1-gc=0-nf=0-ket=-5ae0595c
act_prm_tau2_retail,s2,retail_s2_expert_thoughts_heldout,,4e-05,40,2.91736,0.788982,0.680891,,,,retail_s2_expert_thoughts_heldout-act-prm-ia=0-rr=0-ec=act_prm_tau2_retail-gc=act_prm_actions_only-tc=sft-rbc=default-nb=60-nt=0-mc=hf_qwen3_4b_instruct-lc=r8_a16_linear-nie=1-gc=0-nf=0-ket=-5ae0595c
act_prm_tau2_retail,s2,retail_s2_expert_thoughts_heldout,,4e-05,40,2.91736,0.788982,0.680891,,,,retail_s2_expert_thoughts_heldout-act-prm-ia=0-rr=0-ec=act_prm_tau2_retail-gc=act_prm_actions_only-tc=sft-rbc=default-nb=60-nt=0-mc=hf_qwen3_4b_instruct-lc=r8_a16_linear-nie=1-gc=0-nf=0-ket=-5ae0595c
act_prm_tau2_retail,s2,retail_s2_expert_thoughts_heldout,,4e-05,50,2.916503,0.789308,0.681039,,,,retail_s2_expert_thoughts_heldout-act-prm-ia=0-rr=0-ec=act_prm_tau2_retail-gc=act_prm_actions_only-tc=sft-rbc=default-nb=60-nt=0-mc=hf_qwen3_4b_instruct-lc=r8_a16_linear-nie=1-gc=0-nf=0-ket=-5ae0595c
act_prm_tau2_retail,s2,retail_s2_expert_thoughts_heldout,,4e-05,50,2.916503,0.789308,0.681039,,,,retail_s2_expert_thoughts_heldout-act-prm-ia=0-rr=0-ec=act_prm_tau2_retail-gc=act_prm_actions_only-tc=sft-rbc=default-nb=60-nt=0-mc=hf_qwen3_4b_instruct-lc=r8_a16_linear-nie=1-gc=0-nf=0-ket=-5ae0595c
act_prm_tau2_retail,s2,retail_s2_expert_thoughts_heldout,,4e-05,59,2.919025,0.790068,0.681572,,,,retail_s2_expert_thoughts_heldout-act-prm-ia=0-rr=0-ec=act_prm_tau2_retail-gc=act_prm_actions_only-tc=sft-rbc=default-nb=60-nt=0-mc=hf_qwen3_4b_instruct-lc=r8_a16_linear-nie=1-gc=0-nf=0-ket=-5ae0595c
act_prm_tau2_retail,s2,retail_s2_expert_thoughts_heldout,,4e-05,59,2.919025,0.790068,0.681572,,,,retail_s2_expert_thoughts_heldout-act-prm-ia=0-rr=0-ec=act_prm_tau2_retail-gc=act_prm_actions_only-tc=sft-rbc=default-nb=60-nt=0-mc=hf_qwen3_4b_instruct-lc=r8_a16_linear-nie=1-gc=0-nf=0-ket=-5ae0595c
act_prm_tau2_retail,s2,retail_s2_expert_thoughts_heldout_fullctx,,4e-05,10,2.804503,0.805373,0.696704,,,,retail_s2_expert_thoughts_heldout_fullctx-act-prm-ia=0-rr=0-ec=act_prm_tau2_retail-gc=act_prm_actions_only-tc=sft-rbc=default-nb=60-nt=0-mc=hf_qwen3_4b_instruct-lc=r8_a16_linear-nie=1-gc=0-n-17adb4f1
act_prm_tau2_retail,s2,retail_s2_expert_thoughts_heldout_fullctx,,4e-05,10,2.804503,0.805373,0.696704,,,,retail_s2_expert_thoughts_heldout_fullctx-act-prm-ia=0-rr=0-ec=act_prm_tau2_retail-gc=act_prm_actions_only-tc=sft-rbc=default-nb=60-nt=0-mc=hf_qwen3_4b_instruct-lc=r8_a16_linear-nie=1-gc=0-n-17adb4f1
act_prm_tau2_retail,s2,retail_s2_expert_thoughts_heldout_fullctx,,4e-05,20,2.804223,0.804776,0.696556,,,,retail_s2_expert_thoughts_heldout_fullctx-act-prm-ia=0-rr=0-ec=act_prm_tau2_retail-gc=act_prm_actions_only-tc=sft-rbc=default-nb=60-nt=0-mc=hf_qwen3_4b_instruct-lc=r8_a16_linear-nie=1-gc=0-n-17adb4f1
act_prm_tau2_retail,s2,retail_s2_expert_thoughts_heldout_fullctx,,4e-05,20,2.804223,0.804776,0.696556,,,,retail_s2_expert_thoughts_heldout_fullctx-act-prm-ia=0-rr=0-ec=act_prm_tau2_retail-gc=act_prm_actions_only-tc=sft-rbc=default-nb=60-nt=0-mc=hf_qwen3_4b_instruct-lc=r8_a16_linear-nie=1-gc=0-n-17adb4f1
act_prm_tau2_retail,s2,retail_s2_expert_thoughts_heldout_fullctx,,4e-05,30,2.80406,0.80483,0.696645,,,,retail_s2_expert_thoughts_heldout_fullctx-act-prm-ia=0-rr=0-ec=act_prm_tau2_retail-gc=act_prm_actions_only-tc=sft-rbc=default-nb=60-nt=0-mc=hf_qwen3_4b_instruct-lc=r8_a16_linear-nie=1-gc=0-n-17adb4f1
act_prm_tau2_retail,s2,retail_s2_expert_thoughts_heldout_fullctx,,4e-05,30,2.80406,0.80483,0.696645,,,,retail_s2_expert_thoughts_heldout_fullctx-act-prm-ia=0-rr=0-ec=act_prm_tau2_retail-gc=act_prm_actions_only-tc=sft-rbc=default-nb=60-nt=0-mc=hf_qwen3_4b_instruct-lc=r8_a16_linear-nie=1-gc=0-n-17adb4f1
act_prm_tau2_retail,s2,retail_s2_expert_thoughts_heldout_fullctx,,4e-05,40,2.802399,0.805319,0.696941,,,,retail_s2_expert_thoughts_heldout_fullctx-act-prm-ia=0-rr=0-ec=act_prm_tau2_retail-gc=act_prm_actions_only-tc=sft-rbc=default-nb=60-nt=0-mc=hf_qwen3_4b_instruct-lc=r8_a16_linear-nie=1-gc=0-n-17adb4f1
act_prm_tau2_retail,s2,retail_s2_expert_thoughts_heldout_fullctx,,4e-05,40,2.802399,0.805319,0.696941,,,,retail_s2_expert_thoughts_heldout_fullctx-act-prm-ia=0-rr=0-ec=act_prm_tau2_retail-gc=act_prm_actions_only-tc=sft-rbc=default-nb=60-nt=0-mc=hf_qwen3_4b_instruct-lc=r8_a16_linear-nie=1-gc=0-n-17adb4f1
act_prm_tau2_retail,s2,retail_s2_expert_thoughts_heldout_fullctx,,4e-05,50,2.802994,0.805102,0.696763,,,,retail_s2_expert_thoughts_heldout_fullctx-act-prm-ia=0-rr=0-ec=act_prm_tau2_retail-gc=act_prm_actions_only-tc=sft-rbc=default-nb=60-nt=0-mc=hf_qwen3_4b_instruct-lc=r8_a16_linear-nie=1-gc=0-n-17adb4f1
act_prm_tau2_retail,s2,retail_s2_expert_thoughts_heldout_fullctx,,4e-05,50,2.802994,0.805102,0.696763,,,,retail_s2_expert_thoughts_heldout_fullctx-act-prm-ia=0-rr=0-ec=act_prm_tau2_retail-gc=act_prm_actions_only-tc=sft-rbc=default-nb=60-nt=0-mc=hf_qwen3_4b_instruct-lc=r8_a16_linear-nie=1-gc=0-n-17adb4f1
act_prm_tau2_retail,s2,retail_s2_expert_thoughts_heldout_fullctx,,4e-05,59,2.806517,0.804722,0.697089,,,,retail_s2_expert_thoughts_heldout_fullctx-act-prm-ia=0-rr=0-ec=act_prm_tau2_retail-gc=act_prm_actions_only-tc=sft-rbc=default-nb=60-nt=0-mc=hf_qwen3_4b_instruct-lc=r8_a16_linear-nie=1-gc=0-n-17adb4f1
act_prm_tau2_retail,s2,retail_s2_expert_thoughts_heldout_fullctx,,4e-05,59,2.806517,0.804722,0.697089,,,,retail_s2_expert_thoughts_heldout_fullctx-act-prm-ia=0-rr=0-ec=act_prm_tau2_retail-gc=act_prm_actions_only-tc=sft-rbc=default-nb=60-nt=0-mc=hf_qwen3_4b_instruct-lc=r8_a16_linear-nie=1-gc=0-n-17adb4f1
act_prm_tau2_retail,s2,retail_s2_expert_thoughts_lr1e_3_adamw_nb100_heldout,adamw,0.001,10,1.801438,0.826323,0.722319,,,,retail_s2_expert_thoughts_lr1e_3_adamw_nb100_heldout-act-prm-ia=0-rr=0-ec=act_prm_tau2_retail-gc=act_prm_actions_only-tc=sft-rbc=default-nb=100-nt=0-mc=hf_qwen3_4b_instruct-lc=r8_a16_linear--5459b949
act_prm_tau2_retail,s2,retail_s2_expert_thoughts_lr1e_3_adamw_nb100_heldout,adamw,0.001,10,1.801438,0.826323,0.722319,,,,retail_s2_expert_thoughts_lr1e_3_adamw_nb100_heldout-act-prm-ia=0-rr=0-ec=act_prm_tau2_retail-gc=act_prm_actions_only-tc=sft-rbc=default-nb=100-nt=0-mc=hf_qwen3_4b_instruct-lc=r8_a16_linear--5459b949
act_prm_tau2_retail,s2,retail_s2_expert_thoughts_lr1e_3_adamw_nb100_heldout,adamw,0.001,20,1.691821,0.839946,0.734224,,,,retail_s2_expert_thoughts_lr1e_3_adamw_nb100_heldout-act-prm-ia=0-rr=0-ec=act_prm_tau2_retail-gc=act_prm_actions_only-tc=sft-rbc=default-nb=100-nt=0-mc=hf_qwen3_4b_instruct-lc=r8_a16_linear--5459b949
act_prm_tau2_retail,s2,retail_s2_expert_thoughts_lr1e_3_adamw_nb100_heldout,adamw,0.001,20,1.691821,0.839946,0.734224,,,,retail_s2_expert_thoughts_lr1e_3_adamw_nb100_heldout-act-prm-ia=0-rr=0-ec=act_prm_tau2_retail-gc=act_prm_actions_only-tc=sft-rbc=default-nb=100-nt=0-mc=hf_qwen3_4b_instruct-lc=r8_a16_linear--5459b949
act_prm_tau2_retail,s2,retail_s2_expert_thoughts_lr1e_3_adamw_nb100_heldout,adamw,0.001,30,1.665973,0.848304,0.739643,,,,retail_s2_expert_thoughts_lr1e_3_adamw_nb100_heldout-act-prm-ia=0-rr=0-ec=act_prm_tau2_retail-gc=act_prm_actions_only-tc=sft-rbc=default-nb=100-nt=0-mc=hf_qwen3_4b_instruct-lc=r8_a16_linear--5459b949
act_prm_tau2_retail,s2,retail_s2_expert_thoughts_lr1e_3_adamw_nb100_heldout,adamw,0.001,30,1.665973,0.848304,0.739643,,,,retail_s2_expert_thoughts_lr1e_3_adamw_nb100_heldout-act-prm-ia=0-rr=0-ec=act_prm_tau2_retail-gc=act_prm_actions_only-tc=sft-rbc=default-nb=100-nt=0-mc=hf_qwen3_4b_instruct-lc=r8_a16_linear--5459b949
act_prm_tau2_retail,s2,retail_s2_expert_thoughts_lr1e_3_adamw_nb100_heldout,adamw,0.001,40,1.688486,0.847815,0.736948,,,,retail_s2_expert_thoughts_lr1e_3_adamw_nb100_heldout-act-prm-ia=0-rr=0-ec=act_prm_tau2_retail-gc=act_prm_actions_only-tc=sft-rbc=default-nb=100-nt=0-mc=hf_qwen3_4b_instruct-lc=r8_a16_linear--5459b949
act_prm_tau2_retail,s2,retail_s2_expert_thoughts_lr1e_3_adamw_nb100_heldout,adamw,0.001,40,1.688486,0.847815,0.736948,,,,retail_s2_expert_thoughts_lr1e_3_adamw_nb100_heldout-act-prm-ia=0-rr=0-ec=act_prm_tau2_retail-gc=act_prm_actions_only-tc=sft-rbc=default-nb=100-nt=0-mc=hf_qwen3_4b_instruct-lc=r8_a16_linear--5459b949
act_prm_tau2_retail,s2,retail_s2_expert_thoughts_lr1e_3_adamw_nb100_heldout,adamw,0.001,50,1.719105,0.843419,0.73754,,,,retail_s2_expert_thoughts_lr1e_3_adamw_nb100_heldout-act-prm-ia=0-rr=0-ec=act_prm_tau2_retail-gc=act_prm_actions_only-tc=sft-rbc=default-nb=100-nt=0-mc=hf_qwen3_4b_instruct-lc=r8_a16_linear--5459b949
act_prm_tau2_retail,s2,retail_s2_expert_thoughts_lr1e_3_adamw_nb100_heldout,adamw,0.001,50,1.719105,0.843419,0.73754,,,,retail_s2_expert_thoughts_lr1e_3_adamw_nb100_heldout-act-prm-ia=0-rr=0-ec=act_prm_tau2_retail-gc=act_prm_actions_only-tc=sft-rbc=default-nb=100-nt=0-mc=hf_qwen3_4b_instruct-lc=r8_a16_linear--5459b949
act_prm_tau2_retail,s2,retail_s2_expert_thoughts_lr1e_3_adamw_nb100_heldout,adamw,0.001,60,1.707783,0.848738,0.737659,,,,retail_s2_expert_thoughts_lr1e_3_adamw_nb100_heldout-act-prm-ia=0-rr=0-ec=act_prm_tau2_retail-gc=act_prm_actions_only-tc=sft-rbc=default-nb=100-nt=0-mc=hf_qwen3_4b_instruct-lc=r8_a16_linear--5459b949
act_prm_tau2_retail,s2,retail_s2_expert_thoughts_lr1e_3_adamw_nb100_heldout,adamw,0.001,10,1.799933,0.828005,0.723178,,,,retail_s2_expert_thoughts_lr1e_3_adamw_nb100_heldout-act-prm-ia=0-rr=0-ec=act_prm_tau2_retail-gc=act_prm_actions_only-tc=sft-rbc=default-nb=100-nt=0-mc=hf_qwen3_4b_instruct-lc=r8_a16_linear--a9200222
act_prm_tau2_retail,s2,retail_s2_expert_thoughts_lr1e_3_adamw_nb100_heldout,adamw,0.001,10,1.799933,0.828005,0.723178,,,,retail_s2_expert_thoughts_lr1e_3_adamw_nb100_heldout-act-prm-ia=0-rr=0-ec=act_prm_tau2_retail-gc=act_prm_actions_only-tc=sft-rbc=default-nb=100-nt=0-mc=hf_qwen3_4b_instruct-lc=r8_a16_linear--a9200222
act_prm_tau2_retail,s2,retail_s2_expert_thoughts_lr1e_3_adamw_nb100_heldout,adamw,0.001,20,1.690132,0.841628,0.733898,,,,retail_s2_expert_thoughts_lr1e_3_adamw_nb100_heldout-act-prm-ia=0-rr=0-ec=act_prm_tau2_retail-gc=act_prm_actions_only-tc=sft-rbc=default-nb=100-nt=0-mc=hf_qwen3_4b_instruct-lc=r8_a16_linear--a9200222
act_prm_tau2_retail,s2,retail_s2_expert_thoughts_lr1e_3_adamw_nb100_heldout,adamw,0.001,20,1.690132,0.841628,0.733898,,,,retail_s2_expert_thoughts_lr1e_3_adamw_nb100_heldout-act-prm-ia=0-rr=0-ec=act_prm_tau2_retail-gc=act_prm_actions_only-tc=sft-rbc=default-nb=100-nt=0-mc=hf_qwen3_4b_instruct-lc=r8_a16_linear--a9200222
act_prm_tau2_retail,s2,retail_s2_expert_thoughts_lr1e_3_adamw_nb100_heldout,adamw,0.001,30,1.663416,0.846296,0.73988,,,,retail_s2_expert_thoughts_lr1e_3_adamw_nb100_heldout-act-prm-ia=0-rr=0-ec=act_prm_tau2_retail-gc=act_prm_actions_only-tc=sft-rbc=default-nb=100-nt=0-mc=hf_qwen3_4b_instruct-lc=r8_a16_linear--a9200222
act_prm_tau2_retail,s2,retail_s2_expert_thoughts_lr1e_3_adamw_nb100_heldout,adamw,0.001,30,1.663416,0.846296,0.73988,,,,retail_s2_expert_thoughts_lr1e_3_adamw_nb100_heldout-act-prm-ia=0-rr=0-ec=act_prm_tau2_retail-gc=act_prm_actions_only-tc=sft-rbc=default-nb=100-nt=0-mc=hf_qwen3_4b_instruct-lc=r8_a16_linear--a9200222
act_prm_tau2_retail,s2,retail_s2_expert_thoughts_lr1e_3_adamw_nb200_flat32_heldout,adamw,0.001,5,1.985249,0.803746,0.709855,2.934782,13459.0,24677.0,retail_s2_expert_thoughts_lr1e_3_adamw_nb200_flat32_heldout-act-prm-ia=0-rr=0-ec=act_prm_tau2_retail-gc=act_prm_actions_only-tc=sft_flat-rbc=default-nb=200-nt=0-mc=hf_qwen3_4b_instruct-lc=r8-d596939e
act_prm_tau2_retail,s2,retail_s2_expert_thoughts_lr1e_3_adamw_nb200_flat32_heldout,adamw,0.001,10,1.820932,0.82238,0.722105,2.731786,13459.0,24677.0,retail_s2_expert_thoughts_lr1e_3_adamw_nb200_flat32_heldout-act-prm-ia=0-rr=0-ec=act_prm_tau2_retail-gc=act_prm_actions_only-tc=sft_flat-rbc=default-nb=200-nt=0-mc=hf_qwen3_4b_instruct-lc=r8-d596939e
act_prm_tau2_retail,s2,retail_s2_expert_thoughts_lr1e_3_adamw_nb200_flat32_heldout,adamw,0.001,15,1.743702,0.83491,0.731606,2.629384,13459.0,24677.0,retail_s2_expert_thoughts_lr1e_3_adamw_nb200_flat32_heldout-act-prm-ia=0-rr=0-ec=act_prm_tau2_retail-gc=act_prm_actions_only-tc=sft_flat-rbc=default-nb=200-nt=0-mc=hf_qwen3_4b_instruct-lc=r8-d596939e
act_prm_tau2_retail,s2,retail_s2_expert_thoughts_lr1e_3_adamw_nb200_flat32_heldout,adamw,0.001,20,1.693038,0.84145,0.735872,2.580769,13459.0,24677.0,retail_s2_expert_thoughts_lr1e_3_adamw_nb200_flat32_heldout-act-prm-ia=0-rr=0-ec=act_prm_tau2_retail-gc=act_prm_actions_only-tc=sft_flat-rbc=default-nb=200-nt=0-mc=hf_qwen3_4b_instruct-lc=r8-d596939e
act_prm_tau2_retail,s2,retail_s2_expert_thoughts_lr1e_3_adamw_nb200_flat32_heldout,adamw,0.001,25,1.658277,0.845269,0.736807,2.522629,13459.0,24677.0,retail_s2_expert_thoughts_lr1e_3_adamw_nb200_flat32_heldout-act-prm-ia=0-rr=0-ec=act_prm_tau2_retail-gc=act_prm_actions_only-tc=sft_flat-rbc=default-nb=200-nt=0-mc=hf_qwen3_4b_instruct-lc=r8-d596939e
act_prm_tau2_retail,s2,retail_s2_expert_thoughts_lr1e_3_adamw_nb200_flat32_heldout,adamw,0.001,30,1.647344,0.849392,0.740868,2.490887,13459.0,24677.0,retail_s2_expert_thoughts_lr1e_3_adamw_nb200_flat32_heldout-act-prm-ia=0-rr=0-ec=act_prm_tau2_retail-gc=act_prm_actions_only-tc=sft_flat-rbc=default-nb=200-nt=0-mc=hf_qwen3_4b_instruct-lc=r8-d596939e
act_prm_tau2_retail,s2,retail_s2_expert_thoughts_lr1e_3_adamw_nb200_flat32_heldout,adamw,0.001,35,1.650394,0.849518,0.741741,2.490868,13459.0,24677.0,retail_s2_expert_thoughts_lr1e_3_adamw_nb200_flat32_heldout-act-prm-ia=0-rr=0-ec=act_prm_tau2_retail-gc=act_prm_actions_only-tc=sft_flat-rbc=default-nb=200-nt=0-mc=hf_qwen3_4b_instruct-lc=r8-d596939e
act_prm_tau2_retail,s2,retail_s2_expert_thoughts_lr1e_3_adamw_nb200_flat32_heldout,adamw,0.001,40,1.655148,0.849109,0.741398,2.510177,13459.0,24677.0,retail_s2_expert_thoughts_lr1e_3_adamw_nb200_flat32_heldout-act-prm-ia=0-rr=0-ec=act_prm_tau2_retail-gc=act_prm_actions_only-tc=sft_flat-rbc=default-nb=200-nt=0-mc=hf_qwen3_4b_instruct-lc=r8-d596939e
act_prm_tau2_retail,s2,retail_s2_expert_thoughts_lr1e_3_adamw_nb200_flat32_heldout,adamw,0.001,45,1.64641,0.851662,0.73937,2.532426,13459.0,24677.0,retail_s2_expert_thoughts_lr1e_3_adamw_nb200_flat32_heldout-act-prm-ia=0-rr=0-ec=act_prm_tau2_retail-gc=act_prm_actions_only-tc=sft_flat-rbc=default-nb=200-nt=0-mc=hf_qwen3_4b_instruct-lc=r8-d596939e
act_prm_tau2_retail,s2,retail_s2_expert_thoughts_lr1e_3_adamw_nb200_flat32_heldout,adamw,0.001,50,1.653633,0.846676,0.736779,2.510162,13459.0,24677.0,retail_s2_expert_thoughts_lr1e_3_adamw_nb200_flat32_heldout-act-prm-ia=0-rr=0-ec=act_prm_tau2_retail-gc=act_prm_actions_only-tc=sft_flat-rbc=default-nb=200-nt=0-mc=hf_qwen3_4b_instruct-lc=r8-d596939e
act_prm_tau2_retail,s2,retail_s2_expert_thoughts_lr1e_3_adamw_nb200_flat32_heldout,adamw,0.001,55,1.640911,0.850798,0.74075,2.50565,13459.0,24677.0,retail_s2_expert_thoughts_lr1e_3_adamw_nb200_flat32_heldout-act-prm-ia=0-rr=0-ec=act_prm_tau2_retail-gc=act_prm_actions_only-tc=sft_flat-rbc=default-nb=200-nt=0-mc=hf_qwen3_4b_instruct-lc=r8-d596939e
act_prm_tau2_retail,s2,retail_s2_expert_thoughts_lr1e_3_adamw_nb200_flat32_heldout,adamw,0.001,60,1.702702,0.848311,0.739059,2.671486,13459.0,24677.0,retail_s2_expert_thoughts_lr1e_3_adamw_nb200_flat32_heldout-act-prm-ia=0-rr=0-ec=act_prm_tau2_retail-gc=act_prm_actions_only-tc=sft_flat-rbc=default-nb=200-nt=0-mc=hf_qwen3_4b_instruct-lc=r8-d596939e
act_prm_tau2_retail,s2,retail_s2_expert_thoughts_lr1e_3_adamw_nb200_flat32_heldout,adamw,0.001,65,1.660164,0.852166,0.739238,2.594196,13459.0,24677.0,retail_s2_expert_thoughts_lr1e_3_adamw_nb200_flat32_heldout-act-prm-ia=0-rr=0-ec=act_prm_tau2_retail-gc=act_prm_actions_only-tc=sft_flat-rbc=default-nb=200-nt=0-mc=hf_qwen3_4b_instruct-lc=r8-d596939e
act_prm_tau2_retail,s2,retail_s2_expert_thoughts_lr1e_3_adamw_nb200_flat32_heldout,adamw,0.001,70,1.667528,0.851861,0.738724,2.598138,13459.0,24677.0,retail_s2_expert_thoughts_lr1e_3_adamw_nb200_flat32_heldout-act-prm-ia=0-rr=0-ec=act_prm_tau2_retail-gc=act_prm_actions_only-tc=sft_flat-rbc=default-nb=200-nt=0-mc=hf_qwen3_4b_instruct-lc=r8-d596939e
act_prm_tau2_retail,s2,retail_s2_expert_thoughts_lr1e_3_adamw_nb200_flat32_heldout,adamw,0.001,75,1.681097,0.850684,0.740341,2.616717,13459.0,24677.0,retail_s2_expert_thoughts_lr1e_3_adamw_nb200_flat32_heldout-act-prm-ia=0-rr=0-ec=act_prm_tau2_retail-gc=act_prm_actions_only-tc=sft_flat-rbc=default-nb=200-nt=0-mc=hf_qwen3_4b_instruct-lc=r8-d596939e
act_prm_tau2_retail,s2,retail_s2_expert_thoughts_lr1e_3_adamw_nb200_flat32_heldout,adamw,0.001,80,1.715182,0.851072,0.739046,2.740897,13459.0,24677.0,retail_s2_expert_thoughts_lr1e_3_adamw_nb200_flat32_heldout-act-prm-ia=0-rr=0-ec=act_prm_tau2_retail-gc=act_prm_actions_only-tc=sft_flat-rbc=default-nb=200-nt=0-mc=hf_qwen3_4b_instruct-lc=r8-d596939e
act_prm_tau2_retail,s2,retail_s2_expert_thoughts_lr1e_3_adamw_nb200_flat32_heldout,adamw,0.001,85,1.701982,0.850875,0.737867,2.692347,13459.0,24677.0,retail_s2_expert_thoughts_lr1e_3_adamw_nb200_flat32_heldout-act-prm-ia=0-rr=0-ec=act_prm_tau2_retail-gc=act_prm_actions_only-tc=sft_flat-rbc=default-nb=200-nt=0-mc=hf_qwen3_4b_instruct-lc=r8-d596939e
act_prm_tau2_retail,s2,retail_s2_expert_thoughts_lr1e_3_adamw_nb6_validate_heldout,adamw,0.001,3,2.287855,0.778954,0.677588,3.586871,18425.0,33769.0,retail_s2_expert_thoughts_lr1e_3_adamw_nb6_validate_heldout-act-prm-ia=0-rr=0-ec=act_prm_tau2_retail-gc=act_prm_actions_only-tc=sft_flat-rbc=default-nb=6-nt=0-mc=hf_qwen3_4b_instruct-lc=r8_a-8edc9e8e
act_prm_tau2_retail,s2,retail_s2_expert_thoughts_lr1e_3_adamw_nb6_validate_heldout,adamw,0.001,5,2.072886,0.79902,0.700951,3.132393,18425.0,33769.0,retail_s2_expert_thoughts_lr1e_3_adamw_nb6_validate_heldout-act-prm-ia=0-rr=0-ec=act_prm_tau2_retail-gc=act_prm_actions_only-tc=sft_flat-rbc=default-nb=6-nt=0-mc=hf_qwen3_4b_instruct-lc=r8_a-8edc9e8e
act_prm_tau2_retail,s2,retail_s2_expert_thoughts_lr1e_4_adamw_nb200_flat32_heldout,adamw,0.0001,5,2.354985,0.797533,0.695354,3.686544,13459.0,24677.0,retail_s2_expert_thoughts_lr1e_4_adamw_nb200_flat32_heldout-act-prm-ia=0-rr=0-ec=act_prm_tau2_retail-gc=act_prm_actions_only-tc=sft_flat-rbc=default-nb=200-nt=0-mc=hf_qwen3_4b_instruct-lc=r8-b9c2afda
act_prm_tau2_retail,s2,retail_s2_expert_thoughts_lr1e_4_adamw_nb200_flat32_heldout,adamw,0.0001,10,2.10745,0.801497,0.702123,3.19997,13459.0,24677.0,retail_s2_expert_thoughts_lr1e_4_adamw_nb200_flat32_heldout-act-prm-ia=0-rr=0-ec=act_prm_tau2_retail-gc=act_prm_actions_only-tc=sft_flat-rbc=default-nb=200-nt=0-mc=hf_qwen3_4b_instruct-lc=r8-b9c2afda
act_prm_tau2_retail,s2,retail_s2_expert_thoughts_lr1e_4_adamw_nb200_flat32_heldout,adamw,0.0001,15,2.071581,0.79952,0.699375,3.114778,13459.0,24677.0,retail_s2_expert_thoughts_lr1e_4_adamw_nb200_flat32_heldout-act-prm-ia=0-rr=0-ec=act_prm_tau2_retail-gc=act_prm_actions_only-tc=sft_flat-rbc=default-nb=200-nt=0-mc=hf_qwen3_4b_instruct-lc=r8-b9c2afda
act_prm_tau2_retail,s2,retail_s2_expert_thoughts_lr1e_4_adamw_nb200_flat32_heldout,adamw,0.0001,20,2.03,0.804043,0.706395,3.029046,13459.0,24677.0,retail_s2_expert_thoughts_lr1e_4_adamw_nb200_flat32_heldout-act-prm-ia=0-rr=0-ec=act_prm_tau2_retail-gc=act_prm_actions_only-tc=sft_flat-rbc=default-nb=200-nt=0-mc=hf_qwen3_4b_instruct-lc=r8-b9c2afda
act_prm_tau2_retail,s2,retail_s2_expert_thoughts_lr1e_4_adamw_nb200_flat32_heldout,adamw,0.0001,25,1.972511,0.807523,0.709974,2.937925,13459.0,24677.0,retail_s2_expert_thoughts_lr1e_4_adamw_nb200_flat32_heldout-act-prm-ia=0-rr=0-ec=act_prm_tau2_retail-gc=act_prm_actions_only-tc=sft_flat-rbc=default-nb=200-nt=0-mc=hf_qwen3_4b_instruct-lc=r8-b9c2afda
act_prm_tau2_retail,s2,retail_s2_expert_thoughts_lr1e_4_adamw_nb200_flat32_heldout,adamw,0.0001,30,1.924926,0.813973,0.714905,2.870172,13459.0,24677.0,retail_s2_expert_thoughts_lr1e_4_adamw_nb200_flat32_heldout-act-prm-ia=0-rr=0-ec=act_prm_tau2_retail-gc=act_prm_actions_only-tc=sft_flat-rbc=default-nb=200-nt=0-mc=hf_qwen3_4b_instruct-lc=r8-b9c2afda
act_prm_tau2_retail,s2,retail_s2_expert_thoughts_lr1e_4_adamw_nb200_flat32_heldout,adamw,0.0001,35,1.883116,0.819255,0.720511,2.805121,13459.0,24677.0,retail_s2_expert_thoughts_lr1e_4_adamw_nb200_flat32_heldout-act-prm-ia=0-rr=0-ec=act_prm_tau2_retail-gc=act_prm_actions_only-tc=sft_flat-rbc=default-nb=200-nt=0-mc=hf_qwen3_4b_instruct-lc=r8-b9c2afda
act_prm_tau2_retail,s2,retail_s2_expert_thoughts_lr1e_4_adamw_nb200_flat32_heldout,adamw,0.0001,40,1.853973,0.820829,0.722876,2.759919,13459.0,24677.0,retail_s2_expert_thoughts_lr1e_4_adamw_nb200_flat32_heldout-act-prm-ia=0-rr=0-ec=act_prm_tau2_retail-gc=act_prm_actions_only-tc=sft_flat-rbc=default-nb=200-nt=0-mc=hf_qwen3_4b_instruct-lc=r8-b9c2afda
act_prm_tau2_retail,s2,retail_s2_expert_thoughts_lr1e_4_adamw_nb200_flat32_heldout,adamw,0.0001,45,1.827873,0.826202,0.725805,2.727984,13459.0,24677.0,retail_s2_expert_thoughts_lr1e_4_adamw_nb200_flat32_heldout-act-prm-ia=0-rr=0-ec=act_prm_tau2_retail-gc=act_prm_actions_only-tc=sft_flat-rbc=default-nb=200-nt=0-mc=hf_qwen3_4b_instruct-lc=r8-b9c2afda
act_prm_tau2_retail,s2,retail_s2_expert_thoughts_lr1e_4_adamw_nb200_flat32_heldout,adamw,0.0001,50,1.803387,0.82709,0.726581,2.693398,13459.0,24677.0,retail_s2_expert_thoughts_lr1e_4_adamw_nb200_flat32_heldout-act-prm-ia=0-rr=0-ec=act_prm_tau2_retail-gc=act_prm_actions_only-tc=sft_flat-rbc=default-nb=200-nt=0-mc=hf_qwen3_4b_instruct-lc=r8-b9c2afda
act_prm_tau2_retail,s2,retail_s2_expert_thoughts_lr1e_4_adamw_nb200_flat32_heldout,adamw,0.0001,55,1.775773,0.830686,0.728471,2.663187,13459.0,24677.0,retail_s2_expert_thoughts_lr1e_4_adamw_nb200_flat32_heldout-act-prm-ia=0-rr=0-ec=act_prm_tau2_retail-gc=act_prm_actions_only-tc=sft_flat-rbc=default-nb=200-nt=0-mc=hf_qwen3_4b_instruct-lc=r8-b9c2afda
act_prm_tau2_retail,s2,retail_s2_expert_thoughts_lr1e_4_adamw_nb200_flat32_heldout,adamw,0.0001,60,1.752217,0.832188,0.73133,2.623963,13459.0,24677.0,retail_s2_expert_thoughts_lr1e_4_adamw_nb200_flat32_heldout-act-prm-ia=0-rr=0-ec=act_prm_tau2_retail-gc=act_prm_actions_only-tc=sft_flat-rbc=default-nb=200-nt=0-mc=hf_qwen3_4b_instruct-lc=r8-b9c2afda
act_prm_tau2_retail,s2,retail_s2_expert_thoughts_lr1e_4_adamw_nb200_flat32_heldout,adamw,0.0001,65,1.730681,0.836864,0.733561,2.600849,13459.0,24677.0,retail_s2_expert_thoughts_lr1e_4_adamw_nb200_flat32_heldout-act-prm-ia=0-rr=0-ec=act_prm_tau2_retail-gc=act_prm_actions_only-tc=sft_flat-rbc=default-nb=200-nt=0-mc=hf_qwen3_4b_instruct-lc=r8-b9c2afda
act_prm_tau2_retail,s2,retail_s2_expert_thoughts_lr1e_4_adamw_nb200_flat32_heldout,adamw,0.0001,70,1.710618,0.838878,0.735412,2.574655,13459.0,24677.0,retail_s2_expert_thoughts_lr1e_4_adamw_nb200_flat32_heldout-act-prm-ia=0-rr=0-ec=act_prm_tau2_retail-gc=act_prm_actions_only-tc=sft_flat-rbc=default-nb=200-nt=0-mc=hf_qwen3_4b_instruct-lc=r8-b9c2afda
act_prm_tau2_retail,s2,retail_s2_expert_thoughts_lr1e_4_adamw_nb200_flat32_heldout,adamw,0.0001,75,1.691863,0.840545,0.735458,2.550289,13459.0,24677.0,retail_s2_expert_thoughts_lr1e_4_adamw_nb200_flat32_heldout-act-prm-ia=0-rr=0-ec=act_prm_tau2_retail-gc=act_prm_actions_only-tc=sft_flat-rbc=default-nb=200-nt=0-mc=hf_qwen3_4b_instruct-lc=r8-b9c2afda
act_prm_tau2_retail,s2,retail_s2_expert_thoughts_lr1e_4_adamw_nb200_flat32_heldout,adamw,0.0001,80,1.687239,0.842224,0.737495,2.537035,13459.0,24677.0,retail_s2_expert_thoughts_lr1e_4_adamw_nb200_flat32_heldout-act-prm-ia=0-rr=0-ec=act_prm_tau2_retail-gc=act_prm_actions_only-tc=sft_flat-rbc=default-nb=200-nt=0-mc=hf_qwen3_4b_instruct-lc=r8-b9c2afda
act_prm_tau2_retail,s2,retail_s2_expert_thoughts_lr1e_4_adamw_nb200_flat32_heldout,adamw,0.0001,85,1.676343,0.842421,0.737086,2.535012,13459.0,24677.0,retail_s2_expert_thoughts_lr1e_4_adamw_nb200_flat32_heldout-act-prm-ia=0-rr=0-ec=act_prm_tau2_retail-gc=act_prm_actions_only-tc=sft_flat-rbc=default-nb=200-nt=0-mc=hf_qwen3_4b_instruct-lc=r8-b9c2afda
act_prm_tau2_retail,s2,retail_s2_expert_thoughts_lr1e_4_adamw_nb200_flat32_heldout,adamw,0.0001,90,1.664994,0.844208,0.739917,2.512331,13459.0,24677.0,retail_s2_expert_thoughts_lr1e_4_adamw_nb200_flat32_heldout-act-prm-ia=0-rr=0-ec=act_prm_tau2_retail-gc=act_prm_actions_only-tc=sft_flat-rbc=default-nb=200-nt=0-mc=hf_qwen3_4b_instruct-lc=r8-b9c2afda
act_prm_tau2_retail,s2,retail_s2_expert_thoughts_lr1e_4_adamw_nb200_flat32_heldout,adamw,0.0001,95,1.654907,0.844647,0.741011,2.494906,13459.0,24677.0,retail_s2_expert_thoughts_lr1e_4_adamw_nb200_flat32_heldout-act-prm-ia=0-rr=0-ec=act_prm_tau2_retail-gc=act_prm_actions_only-tc=sft_flat-rbc=default-nb=200-nt=0-mc=hf_qwen3_4b_instruct-lc=r8-b9c2afda
act_prm_tau2_retail,s2,retail_s2_expert_thoughts_lr1e_4_adamw_nb200_flat32_heldout,adamw,0.0001,100,1.6601,0.843868,0.740423,2.49664,13459.0,24677.0,retail_s2_expert_thoughts_lr1e_4_adamw_nb200_flat32_heldout-act-prm-ia=0-rr=0-ec=act_prm_tau2_retail-gc=act_prm_actions_only-tc=sft_flat-rbc=default-nb=200-nt=0-mc=hf_qwen3_4b_instruct-lc=r8-b9c2afda
act_prm_tau2_retail,s2,retail_s2_expert_thoughts_lr1e_4_adamw_nb200_flat32_heldout,adamw,0.0001,105,1.654115,0.848243,0.739567,2.527558,13459.0,24677.0,retail_s2_expert_thoughts_lr1e_4_adamw_nb200_flat32_heldout-act-prm-ia=0-rr=0-ec=act_prm_tau2_retail-gc=act_prm_actions_only-tc=sft_flat-rbc=default-nb=200-nt=0-mc=hf_qwen3_4b_instruct-lc=r8-b9c2afda
act_prm_tau2_retail,s2,retail_s2_expert_thoughts_lr1e_4_adamw_nb200_flat32_heldout,adamw,0.0001,110,1.649084,0.848846,0.742933,2.490302,13459.0,24677.0,retail_s2_expert_thoughts_lr1e_4_adamw_nb200_flat32_heldout-act-prm-ia=0-rr=0-ec=act_prm_tau2_retail-gc=act_prm_actions_only-tc=sft_flat-rbc=default-nb=200-nt=0-mc=hf_qwen3_4b_instruct-lc=r8-b9c2afda
act_prm_tau2_retail,s2,retail_s2_expert_thoughts_lr1e_4_adamw_nb200_flat32_heldout,adamw,0.0001,115,1.637331,0.848715,0.739718,2.47616,13459.0,24677.0,retail_s2_expert_thoughts_lr1e_4_adamw_nb200_flat32_heldout-act-prm-ia=0-rr=0-ec=act_prm_tau2_retail-gc=act_prm_actions_only-tc=sft_flat-rbc=default-nb=200-nt=0-mc=hf_qwen3_4b_instruct-lc=r8-b9c2afda
act_prm_tau2_retail,s2,retail_s2_expert_thoughts_lr1e_4_adamw_nb200_flat32_heldout,adamw,0.0001,120,1.650407,0.847171,0.739844,2.517396,13459.0,24677.0,retail_s2_expert_thoughts_lr1e_4_adamw_nb200_flat32_heldout-act-prm-ia=0-rr=0-ec=act_prm_tau2_retail-gc=act_prm_actions_only-tc=sft_flat-rbc=default-nb=200-nt=0-mc=hf_qwen3_4b_instruct-lc=r8-b9c2afda
act_prm_tau2_retail,s2,retail_s2_expert_thoughts_lr1e_4_adamw_nb200_flat32_heldout,adamw,0.0001,125,1.642367,0.853075,0.742244,2.514107,13459.0,24677.0,retail_s2_expert_thoughts_lr1e_4_adamw_nb200_flat32_heldout-act-prm-ia=0-rr=0-ec=act_prm_tau2_retail-gc=act_prm_actions_only-tc=sft_flat-rbc=default-nb=200-nt=0-mc=hf_qwen3_4b_instruct-lc=r8-b9c2afda
act_prm_tau2_retail,s2,retail_s2_expert_thoughts_lr1e_4_adamw_nb200_flat32_heldout,adamw,0.0001,130,1.645953,0.849146,0.742107,2.488583,13459.0,24677.0,retail_s2_expert_thoughts_lr1e_4_adamw_nb200_flat32_heldout-act-prm-ia=0-rr=0-ec=act_prm_tau2_retail-gc=act_prm_actions_only-tc=sft_flat-rbc=default-nb=200-nt=0-mc=hf_qwen3_4b_instruct-lc=r8-b9c2afda
act_prm_tau2_retail,s2,retail_s2_expert_thoughts_lr1e_4_adamw_nb200_flat32_heldout,adamw,0.0001,135,1.646234,0.849217,0.739874,2.512525,13459.0,24677.0,retail_s2_expert_thoughts_lr1e_4_adamw_nb200_flat32_heldout-act-prm-ia=0-rr=0-ec=act_prm_tau2_retail-gc=act_prm_actions_only-tc=sft_flat-rbc=default-nb=200-nt=0-mc=hf_qwen3_4b_instruct-lc=r8-b9c2afda
act_prm_tau2_retail,s2,retail_s2_expert_thoughts_lr1e_4_adamw_nb200_flat32_heldout,adamw,0.0001,140,1.663903,0.846491,0.738885,2.552701,13459.0,24677.0,retail_s2_expert_thoughts_lr1e_4_adamw_nb200_flat32_heldout-act-prm-ia=0-rr=0-ec=act_prm_tau2_retail-gc=act_prm_actions_only-tc=sft_flat-rbc=default-nb=200-nt=0-mc=hf_qwen3_4b_instruct-lc=r8-b9c2afda
act_prm_tau2_retail,s2,retail_s2_expert_thoughts_lr1e_4_adamw_nb200_flat32_heldout,adamw,0.0001,145,1.652429,0.851384,0.738713,2.551554,13459.0,24677.0,retail_s2_expert_thoughts_lr1e_4_adamw_nb200_flat32_heldout-act-prm-ia=0-rr=0-ec=act_prm_tau2_retail-gc=act_prm_actions_only-tc=sft_flat-rbc=default-nb=200-nt=0-mc=hf_qwen3_4b_instruct-lc=r8-b9c2afda
act_prm_tau2_retail,s2,retail_s2_expert_thoughts_lr3e_3_nb150_heldout,,0.003,10,2.885544,0.789851,0.681601,,,,retail_s2_expert_thoughts_lr3e_3_nb150_heldout-act-prm-ia=0-rr=0-ec=act_prm_tau2_retail-gc=act_prm_actions_only-tc=sft-rbc=default-nb=150-nt=0-mc=hf_qwen3_4b_instruct-lc=r8_a16_linear-nie=1--f4656361
act_prm_tau2_retail,s2,retail_s2_expert_thoughts_lr3e_3_nb150_heldout,,0.003,10,2.885544,0.789851,0.681601,,,,retail_s2_expert_thoughts_lr3e_3_nb150_heldout-act-prm-ia=0-rr=0-ec=act_prm_tau2_retail-gc=act_prm_actions_only-tc=sft-rbc=default-nb=150-nt=0-mc=hf_qwen3_4b_instruct-lc=r8_a16_linear-nie=1--f4656361
act_prm_tau2_retail,s2,retail_s2_expert_thoughts_lr3e_3_nb150_heldout,,0.003,20,2.810545,0.790068,0.682816,,,,retail_s2_expert_thoughts_lr3e_3_nb150_heldout-act-prm-ia=0-rr=0-ec=act_prm_tau2_retail-gc=act_prm_actions_only-tc=sft-rbc=default-nb=150-nt=0-mc=hf_qwen3_4b_instruct-lc=r8_a16_linear-nie=1--f4656361
act_prm_tau2_retail,s2,retail_s2_expert_thoughts_lr3e_3_nb150_heldout,,0.003,20,2.810545,0.790068,0.682816,,,,retail_s2_expert_thoughts_lr3e_3_nb150_heldout-act-prm-ia=0-rr=0-ec=act_prm_tau2_retail-gc=act_prm_actions_only-tc=sft-rbc=default-nb=150-nt=0-mc=hf_qwen3_4b_instruct-lc=r8_a16_linear-nie=1--f4656361
act_prm_tau2_retail,s2,retail_s2_expert_thoughts_lr3e_3_nb150_heldout,,0.003,30,2.716642,0.791805,0.684563,,,,retail_s2_expert_thoughts_lr3e_3_nb150_heldout-act-prm-ia=0-rr=0-ec=act_prm_tau2_retail-gc=act_prm_actions_only-tc=sft-rbc=default-nb=150-nt=0-mc=hf_qwen3_4b_instruct-lc=r8_a16_linear-nie=1--f4656361
act_prm_tau2_retail,s2,retail_s2_expert_thoughts_lr3e_3_nb150_heldout,,0.003,30,2.716642,0.791805,0.684563,,,,retail_s2_expert_thoughts_lr3e_3_nb150_heldout-act-prm-ia=0-rr=0-ec=act_prm_tau2_retail-gc=act_prm_actions_only-tc=sft-rbc=default-nb=150-nt=0-mc=hf_qwen3_4b_instruct-lc=r8_a16_linear-nie=1--f4656361
act_prm_tau2_retail,s2,retail_s2_expert_thoughts_lr3e_3_nb150_heldout,,0.003,40,2.612552,0.793161,0.686073,,,,retail_s2_expert_thoughts_lr3e_3_nb150_heldout-act-prm-ia=0-rr=0-ec=act_prm_tau2_retail-gc=act_prm_actions_only-tc=sft-rbc=default-nb=150-nt=0-mc=hf_qwen3_4b_instruct-lc=r8_a16_linear-nie=1--f4656361
act_prm_tau2_retail,s2,retail_s2_expert_thoughts_lr3e_3_nb150_heldout,,0.003,40,2.612552,0.793161,0.686073,,,,retail_s2_expert_thoughts_lr3e_3_nb150_heldout-act-prm-ia=0-rr=0-ec=act_prm_tau2_retail-gc=act_prm_actions_only-tc=sft-rbc=default-nb=150-nt=0-mc=hf_qwen3_4b_instruct-lc=r8_a16_linear-nie=1--f4656361
act_prm_tau2_retail,s2,retail_s2_expert_thoughts_lr3e_3_nb150_heldout,,0.003,50,2.502382,0.794247,0.687939,,,,retail_s2_expert_thoughts_lr3e_3_nb150_heldout-act-prm-ia=0-rr=0-ec=act_prm_tau2_retail-gc=act_prm_actions_only-tc=sft-rbc=default-nb=150-nt=0-mc=hf_qwen3_4b_instruct-lc=r8_a16_linear-nie=1--f4656361
act_prm_tau2_retail,s2,retail_s2_expert_thoughts_lr3e_3_nb150_heldout,,0.003,50,2.502382,0.794247,0.687939,,,,retail_s2_expert_thoughts_lr3e_3_nb150_heldout-act-prm-ia=0-rr=0-ec=act_prm_tau2_retail-gc=act_prm_actions_only-tc=sft-rbc=default-nb=150-nt=0-mc=hf_qwen3_4b_instruct-lc=r8_a16_linear-nie=1--f4656361
act_prm_tau2_retail,s2,retail_s2_expert_thoughts_lr3e_3_nb150_heldout,,0.003,60,2.405364,0.795332,0.689863,,,,retail_s2_expert_thoughts_lr3e_3_nb150_heldout-act-prm-ia=0-rr=0-ec=act_prm_tau2_retail-gc=act_prm_actions_only-tc=sft-rbc=default-nb=150-nt=0-mc=hf_qwen3_4b_instruct-lc=r8_a16_linear-nie=1--f4656361
act_prm_tau2_retail,s2,retail_s2_expert_thoughts_lr3e_3_nb150_heldout,,0.003,60,2.405364,0.795332,0.689863,,,,retail_s2_expert_thoughts_lr3e_3_nb150_heldout-act-prm-ia=0-rr=0-ec=act_prm_tau2_retail-gc=act_prm_actions_only-tc=sft-rbc=default-nb=150-nt=0-mc=hf_qwen3_4b_instruct-lc=r8_a16_linear-nie=1--f4656361
act_prm_tau2_retail,s2,retail_s2_expert_thoughts_lr3e_3_nb150_heldout,,0.003,70,2.322657,0.796038,0.691403,,,,retail_s2_expert_thoughts_lr3e_3_nb150_heldout-act-prm-ia=0-rr=0-ec=act_prm_tau2_retail-gc=act_prm_actions_only-tc=sft-rbc=default-nb=150-nt=0-mc=hf_qwen3_4b_instruct-lc=r8_a16_linear-nie=1--f4656361
act_prm_tau2_retail,s2,retail_s2_expert_thoughts_lr3e_3_nb150_heldout,,0.003,70,2.322657,0.796038,0.691403,,,,retail_s2_expert_thoughts_lr3e_3_nb150_heldout-act-prm-ia=0-rr=0-ec=act_prm_tau2_retail-gc=act_prm_actions_only-tc=sft-rbc=default-nb=150-nt=0-mc=hf_qwen3_4b_instruct-lc=r8_a16_linear-nie=1--f4656361
act_prm_tau2_retail,s2,retail_s2_expert_thoughts_lr3e_3_nb150_heldout,,0.003,80,2.263506,0.796418,0.692677,,,,retail_s2_expert_thoughts_lr3e_3_nb150_heldout-act-prm-ia=0-rr=0-ec=act_prm_tau2_retail-gc=act_prm_actions_only-tc=sft-rbc=default-nb=150-nt=0-mc=hf_qwen3_4b_instruct-lc=r8_a16_linear-nie=1--f4656361
act_prm_tau2_retail,s2,retail_s2_expert_thoughts_lr3e_3_nb150_heldout,,0.003,80,2.263506,0.796418,0.692677,,,,retail_s2_expert_thoughts_lr3e_3_nb150_heldout-act-prm-ia=0-rr=0-ec=act_prm_tau2_retail-gc=act_prm_actions_only-tc=sft-rbc=default-nb=150-nt=0-mc=hf_qwen3_4b_instruct-lc=r8_a16_linear-nie=1--f4656361
act_prm_tau2_retail,s2,retail_s2_expert_thoughts_lr3e_3_nb150_heldout,,0.003,90,2.216093,0.796852,0.693743,,,,retail_s2_expert_thoughts_lr3e_3_nb150_heldout-act-prm-ia=0-rr=0-ec=act_prm_tau2_retail-gc=act_prm_actions_only-tc=sft-rbc=default-nb=150-nt=0-mc=hf_qwen3_4b_instruct-lc=r8_a16_linear-nie=1--f4656361
act_prm_tau2_retail,s2,retail_s2_expert_thoughts_lr3e_3_nb150_heldout,,0.003,90,2.216093,0.796852,0.693743,,,,retail_s2_expert_thoughts_lr3e_3_nb150_heldout-act-prm-ia=0-rr=0-ec=act_prm_tau2_retail-gc=act_prm_actions_only-tc=sft-rbc=default-nb=150-nt=0-mc=hf_qwen3_4b_instruct-lc=r8_a16_linear-nie=1--f4656361
act_prm_tau2_retail,s2,retail_s2_expert_thoughts_lr3e_3_nb150_heldout,,0.003,100,2.18428,0.796581,0.693476,,,,retail_s2_expert_thoughts_lr3e_3_nb150_heldout-act-prm-ia=0-rr=0-ec=act_prm_tau2_retail-gc=act_prm_actions_only-tc=sft-rbc=default-nb=150-nt=0-mc=hf_qwen3_4b_instruct-lc=r8_a16_linear-nie=1--f4656361
act_prm_tau2_retail,s2,retail_s2_expert_thoughts_lr3e_3_nb150_heldout,,0.003,100,2.18428,0.796581,0.693476,,,,retail_s2_expert_thoughts_lr3e_3_nb150_heldout-act-prm-ia=0-rr=0-ec=act_prm_tau2_retail-gc=act_prm_actions_only-tc=sft-rbc=default-nb=150-nt=0-mc=hf_qwen3_4b_instruct-lc=r8_a16_linear-nie=1--f4656361
act_prm_tau2_retail,s2,retail_s2_expert_thoughts_lr3e_3_nb150_heldout,,0.003,110,2.159821,0.796635,0.694276,,,,retail_s2_expert_thoughts_lr3e_3_nb150_heldout-act-prm-ia=0-rr=0-ec=act_prm_tau2_retail-gc=act_prm_actions_only-tc=sft-rbc=default-nb=150-nt=0-mc=hf_qwen3_4b_instruct-lc=r8_a16_linear-nie=1--f4656361
act_prm_tau2_retail,s2,retail_s2_expert_thoughts_lr3e_3_nb150_heldout,,0.003,110,2.159821,0.796635,0.694276,,,,retail_s2_expert_thoughts_lr3e_3_nb150_heldout-act-prm-ia=0-rr=0-ec=act_prm_tau2_retail-gc=act_prm_actions_only-tc=sft-rbc=default-nb=150-nt=0-mc=hf_qwen3_4b_instruct-lc=r8_a16_linear-nie=1--f4656361
act_prm_tau2_retail,s2,retail_s2_expert_thoughts_lr3e_3_nb150_heldout,,0.003,120,2.140577,0.797015,0.694661,,,,retail_s2_expert_thoughts_lr3e_3_nb150_heldout-act-prm-ia=0-rr=0-ec=act_prm_tau2_retail-gc=act_prm_actions_only-tc=sft-rbc=default-nb=150-nt=0-mc=hf_qwen3_4b_instruct-lc=r8_a16_linear-nie=1--f4656361
act_prm_tau2_retail,s2,retail_s2_expert_thoughts_lr3e_3_nb150_heldout,,0.003,120,2.140577,0.797015,0.694661,,,,retail_s2_expert_thoughts_lr3e_3_nb150_heldout-act-prm-ia=0-rr=0-ec=act_prm_tau2_retail-gc=act_prm_actions_only-tc=sft-rbc=default-nb=150-nt=0-mc=hf_qwen3_4b_instruct-lc=r8_a16_linear-nie=1--f4656361
act_prm_tau2_retail,s2,retail_s2_expert_thoughts_lr3e_3_nb150_heldout,,0.003,130,2.125843,0.796798,0.694661,,,,retail_s2_expert_thoughts_lr3e_3_nb150_heldout-act-prm-ia=0-rr=0-ec=act_prm_tau2_retail-gc=act_prm_actions_only-tc=sft-rbc=default-nb=150-nt=0-mc=hf_qwen3_4b_instruct-lc=r8_a16_linear-nie=1--f4656361
act_prm_tau2_retail,s2,retail_s2_expert_thoughts_lr3e_3_nb150_heldout,,0.003,130,2.125843,0.796798,0.694661,,,,retail_s2_expert_thoughts_lr3e_3_nb150_heldout-act-prm-ia=0-rr=0-ec=act_prm_tau2_retail-gc=act_prm_actions_only-tc=sft-rbc=default-nb=150-nt=0-mc=hf_qwen3_4b_instruct-lc=r8_a16_linear-nie=1--f4656361
act_prm_tau2_retail,s2,retail_s2_expert_thoughts_lr3e_3_nb150_heldout,,0.003,140,2.114913,0.796418,0.694335,,,,retail_s2_expert_thoughts_lr3e_3_nb150_heldout-act-prm-ia=0-rr=0-ec=act_prm_tau2_retail-gc=act_prm_actions_only-tc=sft-rbc=default-nb=150-nt=0-mc=hf_qwen3_4b_instruct-lc=r8_a16_linear-nie=1--f4656361
act_prm_tau2_retail,s2,retail_s2_expert_thoughts_lr3e_3_nb150_heldout,,0.003,140,2.114913,0.796418,0.694335,,,,retail_s2_expert_thoughts_lr3e_3_nb150_heldout-act-prm-ia=0-rr=0-ec=act_prm_tau2_retail-gc=act_prm_actions_only-tc=sft-rbc=default-nb=150-nt=0-mc=hf_qwen3_4b_instruct-lc=r8_a16_linear-nie=1--f4656361
act_prm_tau2_retail,s2,retail_s2_expert_thoughts_lr3e_3_nb150_heldout,,0.003,149,2.107068,0.797286,0.695845,,,,retail_s2_expert_thoughts_lr3e_3_nb150_heldout-act-prm-ia=0-rr=0-ec=act_prm_tau2_retail-gc=act_prm_actions_only-tc=sft-rbc=default-nb=150-nt=0-mc=hf_qwen3_4b_instruct-lc=r8_a16_linear-nie=1--f4656361
act_prm_tau2_retail,s2,retail_s2_expert_thoughts_lr3e_3_nb150_heldout,,0.003,149,2.107068,0.797286,0.695845,,,,retail_s2_expert_thoughts_lr3e_3_nb150_heldout-act-prm-ia=0-rr=0-ec=act_prm_tau2_retail-gc=act_prm_actions_only-tc=sft-rbc=default-nb=150-nt=0-mc=hf_qwen3_4b_instruct-lc=r8_a16_linear-nie=1--f4656361
act_prm_tau2_retail,s2,retail_s2_thoughts_base_adamw30_lr1e_3_nb200_flat32sgd_heldout,sgd,0.001,5,3.185804,0.772512,0.751006,3.591773,13459.0,17393.0,retail_s2_thoughts_base_adamw30_lr1e_3_nb200_flat32sgd_heldout-act-prm-ia=0-rr=0-ec=act_prm_tau2_retail-gc=act_prm_actions_only-tc=sft_flat-rbc=default-nb=200-nt=0-mc=hf_qwen3_4b_instruct-lc-0129b620
act_prm_tau2_retail,s2,retail_s2_thoughts_base_adamw30_lr1e_3_nb200_flat32sgd_heldout,sgd,0.001,10,3.18204,0.772503,0.750608,3.583897,13459.0,17393.0,retail_s2_thoughts_base_adamw30_lr1e_3_nb200_flat32sgd_heldout-act-prm-ia=0-rr=0-ec=act_prm_tau2_retail-gc=act_prm_actions_only-tc=sft_flat-rbc=default-nb=200-nt=0-mc=hf_qwen3_4b_instruct-lc-0129b620
act_prm_tau2_retail,s2,retail_s2_thoughts_base_adamw30_lr1e_3_nb200_flat32sgd_heldout,sgd,0.001,15,3.174793,0.772344,0.750668,3.576626,13459.0,17393.0,retail_s2_thoughts_base_adamw30_lr1e_3_nb200_flat32sgd_heldout-act-prm-ia=0-rr=0-ec=act_prm_tau2_retail-gc=act_prm_actions_only-tc=sft_flat-rbc=default-nb=200-nt=0-mc=hf_qwen3_4b_instruct-lc-0129b620
act_prm_tau2_retail,s2,retail_s2_thoughts_base_adamw30_lr1e_3_nb200_flat32sgd_heldout,sgd,0.001,20,3.170071,0.772596,0.750899,3.563227,13459.0,17393.0,retail_s2_thoughts_base_adamw30_lr1e_3_nb200_flat32sgd_heldout-act-prm-ia=0-rr=0-ec=act_prm_tau2_retail-gc=act_prm_actions_only-tc=sft_flat-rbc=default-nb=200-nt=0-mc=hf_qwen3_4b_instruct-lc-0129b620
act_prm_tau2_retail,s2,retail_s2_thoughts_base_adamw30_lr1e_3_nb200_flat32sgd_heldout,sgd,0.001,25,3.160868,0.772514,0.750529,3.555809,13459.0,17393.0,retail_s2_thoughts_base_adamw30_lr1e_3_nb200_flat32sgd_heldout-act-prm-ia=0-rr=0-ec=act_prm_tau2_retail-gc=act_prm_actions_only-tc=sft_flat-rbc=default-nb=200-nt=0-mc=hf_qwen3_4b_instruct-lc-0129b620
act_prm_tau2_retail,s2,retail_s2_thoughts_base_adamw30_lr1e_3_nb200_flat32sgd_heldout,sgd,0.001,30,3.150272,0.772436,0.750999,3.529136,13459.0,17393.0,retail_s2_thoughts_base_adamw30_lr1e_3_nb200_flat32sgd_heldout-act-prm-ia=0-rr=0-ec=act_prm_tau2_retail-gc=act_prm_actions_only-tc=sft_flat-rbc=default-nb=200-nt=0-mc=hf_qwen3_4b_instruct-lc-0129b620
act_prm_tau2_retail,s2,retail_s2_thoughts_base_adamw30_lr1e_3_nb200_flat32sgd_heldout,sgd,0.001,35,3.139883,0.772984,0.751671,3.516464,13459.0,17393.0,retail_s2_thoughts_base_adamw30_lr1e_3_nb200_flat32sgd_heldout-act-prm-ia=0-rr=0-ec=act_prm_tau2_retail-gc=act_prm_actions_only-tc=sft_flat-rbc=default-nb=200-nt=0-mc=hf_qwen3_4b_instruct-lc-0129b620
act_prm_tau2_retail,s2,retail_s2_thoughts_base_adamw30_lr1e_3_nb200_flat32sgd_heldout,sgd,0.001,40,3.128324,0.772291,0.751544,3.495559,13459.0,17393.0,retail_s2_thoughts_base_adamw30_lr1e_3_nb200_flat32sgd_heldout-act-prm-ia=0-rr=0-ec=act_prm_tau2_retail-gc=act_prm_actions_only-tc=sft_flat-rbc=default-nb=200-nt=0-mc=hf_qwen3_4b_instruct-lc-0129b620
act_prm_tau2_retail,s2,retail_s2_thoughts_base_adamw30_lr1e_3_nb200_flat32sgd_heldout,sgd,0.001,45,3.11347,0.772534,0.752042,3.474711,13459.0,17393.0,retail_s2_thoughts_base_adamw30_lr1e_3_nb200_flat32sgd_heldout-act-prm-ia=0-rr=0-ec=act_prm_tau2_retail-gc=act_prm_actions_only-tc=sft_flat-rbc=default-nb=200-nt=0-mc=hf_qwen3_4b_instruct-lc-0129b620
act_prm_tau2_retail,s2,retail_s2_thoughts_base_adamw30_lr1e_3_nb200_flat32sgd_heldout,sgd,0.001,50,3.09757,0.772043,0.751905,3.444812,13459.0,17393.0,retail_s2_thoughts_base_adamw30_lr1e_3_nb200_flat32sgd_heldout-act-prm-ia=0-rr=0-ec=act_prm_tau2_retail-gc=act_prm_actions_only-tc=sft_flat-rbc=default-nb=200-nt=0-mc=hf_qwen3_4b_instruct-lc-0129b620
act_prm_tau2_retail,s2,retail_s2_thoughts_base_adamw30_lr1e_3_nb200_flat32sgd_heldout,sgd,0.001,55,3.082071,0.773224,0.752097,3.424791,13459.0,17393.0,retail_s2_thoughts_base_adamw30_lr1e_3_nb200_flat32sgd_heldout-act-prm-ia=0-rr=0-ec=act_prm_tau2_retail-gc=act_prm_actions_only-tc=sft_flat-rbc=default-nb=200-nt=0-mc=hf_qwen3_4b_instruct-lc-0129b620
act_prm_tau2_retail,s2,retail_s2_thoughts_base_adamw30_lr1e_3_nb200_flat32sgd_heldout,sgd,0.001,60,3.062079,0.773182,0.752428,3.397318,13459.0,17393.0,retail_s2_thoughts_base_adamw30_lr1e_3_nb200_flat32sgd_heldout-act-prm-ia=0-rr=0-ec=act_prm_tau2_retail-gc=act_prm_actions_only-tc=sft_flat-rbc=default-nb=200-nt=0-mc=hf_qwen3_4b_instruct-lc-0129b620
act_prm_tau2_retail,s2,retail_s2_thoughts_base_adamw30_lr1e_3_nb200_flat32sgd_heldout,sgd,0.001,65,3.046495,0.772154,0.752029,3.363561,13459.0,17393.0,retail_s2_thoughts_base_adamw30_lr1e_3_nb200_flat32sgd_heldout-act-prm-ia=0-rr=0-ec=act_prm_tau2_retail-gc=act_prm_actions_only-tc=sft_flat-rbc=default-nb=200-nt=0-mc=hf_qwen3_4b_instruct-lc-0129b620
act_prm_tau2_retail,s2,retail_s2_thoughts_base_adamw30_lr1e_3_nb200_flat32sgd_heldout,sgd,0.001,70,3.032249,0.773456,0.752828,3.343632,13459.0,17393.0,retail_s2_thoughts_base_adamw30_lr1e_3_nb200_flat32sgd_heldout-act-prm-ia=0-rr=0-ec=act_prm_tau2_retail-gc=act_prm_actions_only-tc=sft_flat-rbc=default-nb=200-nt=0-mc=hf_qwen3_4b_instruct-lc-0129b620
act_prm_tau2_retail,s2,retail_s2_thoughts_base_adamw30_lr1e_3_nb200_flat32sgd_heldout,sgd,0.001,75,3.007897,0.772754,0.752864,3.307517,13459.0,17393.0,retail_s2_thoughts_base_adamw30_lr1e_3_nb200_flat32sgd_heldout-act-prm-ia=0-rr=0-ec=act_prm_tau2_retail-gc=act_prm_actions_only-tc=sft_flat-rbc=default-nb=200-nt=0-mc=hf_qwen3_4b_instruct-lc-0129b620
act_prm_tau2_retail,s2,retail_s2_thoughts_base_adamw30_lr1e_3_nb200_flat32sgd_heldout,sgd,0.001,80,2.991382,0.772969,0.753051,3.276708,13459.0,17393.0,retail_s2_thoughts_base_adamw30_lr1e_3_nb200_flat32sgd_heldout-act-prm-ia=0-rr=0-ec=act_prm_tau2_retail-gc=act_prm_actions_only-tc=sft_flat-rbc=default-nb=200-nt=0-mc=hf_qwen3_4b_instruct-lc-0129b620
act_prm_tau2_retail,s2,retail_s2_thoughts_base_adamw30_lr1e_3_nb200_flat32sgd_heldout,sgd,0.001,85,2.97266,0.77301,0.753386,3.252217,13459.0,17393.0,retail_s2_thoughts_base_adamw30_lr1e_3_nb200_flat32sgd_heldout-act-prm-ia=0-rr=0-ec=act_prm_tau2_retail-gc=act_prm_actions_only-tc=sft_flat-rbc=default-nb=200-nt=0-mc=hf_qwen3_4b_instruct-lc-0129b620
act_prm_tau2_retail,s2,retail_s2_thoughts_base_adamw30_lr1e_3_nb200_flat32sgd_heldout,sgd,0.001,90,2.952356,0.773376,0.753544,3.220368,13459.0,17393.0,retail_s2_thoughts_base_adamw30_lr1e_3_nb200_flat32sgd_heldout-act-prm-ia=0-rr=0-ec=act_prm_tau2_retail-gc=act_prm_actions_only-tc=sft_flat-rbc=default-nb=200-nt=0-mc=hf_qwen3_4b_instruct-lc-0129b620
act_prm_tau2_retail,s2,retail_s2_thoughts_base_adamw30_lr1e_3_nb200_flat32sgd_heldout,sgd,0.001,95,2.927481,0.773321,0.754322,3.191336,13459.0,17393.0,retail_s2_thoughts_base_adamw30_lr1e_3_nb200_flat32sgd_heldout-act-prm-ia=0-rr=0-ec=act_prm_tau2_retail-gc=act_prm_actions_only-tc=sft_flat-rbc=default-nb=200-nt=0-mc=hf_qwen3_4b_instruct-lc-0129b620
act_prm_tau2_retail,s2,retail_s2_thoughts_base_adamw30_lr1e_3_nb200_flat32sgd_heldout,sgd,0.001,100,2.912672,0.773136,0.753898,3.158527,13459.0,17393.0,retail_s2_thoughts_base_adamw30_lr1e_3_nb200_flat32sgd_heldout-act-prm-ia=0-rr=0-ec=act_prm_tau2_retail-gc=act_prm_actions_only-tc=sft_flat-rbc=default-nb=200-nt=0-mc=hf_qwen3_4b_instruct-lc-0129b620
act_prm_tau2_retail,s2,retail_s2_thoughts_base_adamw30_lr1e_3_nb200_flat32sgd_heldout,sgd,0.001,105,2.889535,0.773819,0.7546,3.129272,13459.0,17393.0,retail_s2_thoughts_base_adamw30_lr1e_3_nb200_flat32sgd_heldout-act-prm-ia=0-rr=0-ec=act_prm_tau2_retail-gc=act_prm_actions_only-tc=sft_flat-rbc=default-nb=200-nt=0-mc=hf_qwen3_4b_instruct-lc-0129b620
act_prm_tau2_retail,s2,retail_s2_thoughts_base_adamw30_lr1e_3_nb200_flat32sgd_heldout,sgd,0.001,110,2.872333,0.773954,0.754824,3.095302,13459.0,17393.0,retail_s2_thoughts_base_adamw30_lr1e_3_nb200_flat32sgd_heldout-act-prm-ia=0-rr=0-ec=act_prm_tau2_retail-gc=act_prm_actions_only-tc=sft_flat-rbc=default-nb=200-nt=0-mc=hf_qwen3_4b_instruct-lc-0129b620
act_prm_tau2_retail,s2,retail_s2_thoughts_base_adamw30_lr1e_3_nb200_flat32sgd_heldout,sgd,0.001,115,2.848207,0.774247,0.75564,3.062507,13459.0,17393.0,retail_s2_thoughts_base_adamw30_lr1e_3_nb200_flat32sgd_heldout-act-prm-ia=0-rr=0-ec=act_prm_tau2_retail-gc=act_prm_actions_only-tc=sft_flat-rbc=default-nb=200-nt=0-mc=hf_qwen3_4b_instruct-lc-0129b620
act_prm_tau2_retail,s2,retail_s2_thoughts_base_adamw30_lr1e_3_nb200_flat32sgd_heldout,sgd,0.001,120,2.823304,0.773418,0.755535,3.029497,13459.0,17393.0,retail_s2_thoughts_base_adamw30_lr1e_3_nb200_flat32sgd_heldout-act-prm-ia=0-rr=0-ec=act_prm_tau2_retail-gc=act_prm_actions_only-tc=sft_flat-rbc=default-nb=200-nt=0-mc=hf_qwen3_4b_instruct-lc-0129b620
act_prm_tau2_retail,s2,retail_s2_thoughts_base_adamw30_lr1e_3_nb200_flat32sgd_heldout,sgd,0.001,125,2.801867,0.774052,0.756044,3.000393,13459.0,17393.0,retail_s2_thoughts_base_adamw30_lr1e_3_nb200_flat32sgd_heldout-act-prm-ia=0-rr=0-ec=act_prm_tau2_retail-gc=act_prm_actions_only-tc=sft_flat-rbc=default-nb=200-nt=0-mc=hf_qwen3_4b_instruct-lc-0129b620
act_prm_tau2_retail,s2,retail_s2_thoughts_base_adamw30_lr1e_3_nb200_flat32sgd_heldout,sgd,0.001,130,2.781368,0.773782,0.755974,2.965499,13459.0,17393.0,retail_s2_thoughts_base_adamw30_lr1e_3_nb200_flat32sgd_heldout-act-prm-ia=0-rr=0-ec=act_prm_tau2_retail-gc=act_prm_actions_only-tc=sft_flat-rbc=default-nb=200-nt=0-mc=hf_qwen3_4b_instruct-lc-0129b620
act_prm_tau2_retail,s2,retail_s2_thoughts_base_adamw30_lr1e_3_nb200_flat32sgd_heldout,sgd,0.001,135,2.760728,0.773689,0.756475,2.935302,13459.0,17393.0,retail_s2_thoughts_base_adamw30_lr1e_3_nb200_flat32sgd_heldout-act-prm-ia=0-rr=0-ec=act_prm_tau2_retail-gc=act_prm_actions_only-tc=sft_flat-rbc=default-nb=200-nt=0-mc=hf_qwen3_4b_instruct-lc-0129b620
act_prm_tau2_retail,s2,retail_s2_thoughts_base_adamw30_lr1e_3_nb200_flat32sgd_heldout,sgd,0.001,140,2.738843,0.774266,0.756349,2.901155,13459.0,17393.0,retail_s2_thoughts_base_adamw30_lr1e_3_nb200_flat32sgd_heldout-act-prm-ia=0-rr=0-ec=act_prm_tau2_retail-gc=act_prm_actions_only-tc=sft_flat-rbc=default-nb=200-nt=0-mc=hf_qwen3_4b_instruct-lc-0129b620
act_prm_tau2_retail,s2,retail_s2_thoughts_base_adamw30_lr1e_3_nb200_flat32sgd_heldout,sgd,0.001,145,2.719492,0.774357,0.757635,2.876665,13459.0,17393.0,retail_s2_thoughts_base_adamw30_lr1e_3_nb200_flat32sgd_heldout-act-prm-ia=0-rr=0-ec=act_prm_tau2_retail-gc=act_prm_actions_only-tc=sft_flat-rbc=default-nb=200-nt=0-mc=hf_qwen3_4b_instruct-lc-0129b620
act_prm_tau2_retail,s2,retail_s2_thoughts_base_adamw30_lr1e_3_nb200_flat32sgd_heldout,sgd,0.001,150,2.702633,0.774018,0.757598,2.847321,13459.0,17393.0,retail_s2_thoughts_base_adamw30_lr1e_3_nb200_flat32sgd_heldout-act-prm-ia=0-rr=0-ec=act_prm_tau2_retail-gc=act_prm_actions_only-tc=sft_flat-rbc=default-nb=200-nt=0-mc=hf_qwen3_4b_instruct-lc-0129b620
act_prm_tau2_retail,s2,retail_s2_thoughts_base_adamw30_lr1e_3_nb200_flat32sgd_heldout,sgd,0.001,155,2.683701,0.773665,0.758116,2.822755,13459.0,17393.0,retail_s2_thoughts_base_adamw30_lr1e_3_nb200_flat32sgd_heldout-act-prm-ia=0-rr=0-ec=act_prm_tau2_retail-gc=act_prm_actions_only-tc=sft_flat-rbc=default-nb=200-nt=0-mc=hf_qwen3_4b_instruct-lc-0129b620
act_prm_tau2_retail,s2,retail_s2_thoughts_base_adamw30_lr1e_3_nb200_flat32sgd_heldout,sgd,0.001,160,2.661787,0.774223,0.757939,2.794336,13459.0,17393.0,retail_s2_thoughts_base_adamw30_lr1e_3_nb200_flat32sgd_heldout-act-prm-ia=0-rr=0-ec=act_prm_tau2_retail-gc=act_prm_actions_only-tc=sft_flat-rbc=default-nb=200-nt=0-mc=hf_qwen3_4b_instruct-lc-0129b620
act_prm_tau2_retail,s2,retail_s2_thoughts_base_adamw30_lr1e_3_nb200_flat32sgd_heldout,sgd,0.001,165,2.64687,0.774137,0.759447,2.772596,13459.0,17393.0,retail_s2_thoughts_base_adamw30_lr1e_3_nb200_flat32sgd_heldout-act-prm-ia=0-rr=0-ec=act_prm_tau2_retail-gc=act_prm_actions_only-tc=sft_flat-rbc=default-nb=200-nt=0-mc=hf_qwen3_4b_instruct-lc-0129b620
act_prm_tau2_retail,s2,retail_s2_thoughts_base_adamw30_lr1e_3_nb200_flat32sgd_heldout,sgd,0.001,170,2.630961,0.774898,0.759767,2.749591,13459.0,17393.0,retail_s2_thoughts_base_adamw30_lr1e_3_nb200_flat32sgd_heldout-act-prm-ia=0-rr=0-ec=act_prm_tau2_retail-gc=act_prm_actions_only-tc=sft_flat-rbc=default-nb=200-nt=0-mc=hf_qwen3_4b_instruct-lc-0129b620
act_prm_tau2_retail,s2,retail_s2_thoughts_base_adamw30_lr1e_3_nb200_flat32sgd_heldout,sgd,0.001,175,2.612075,0.774806,0.760233,2.723849,13459.0,17393.0,retail_s2_thoughts_base_adamw30_lr1e_3_nb200_flat32sgd_heldout-act-prm-ia=0-rr=0-ec=act_prm_tau2_retail-gc=act_prm_actions_only-tc=sft_flat-rbc=default-nb=200-nt=0-mc=hf_qwen3_4b_instruct-lc-0129b620
act_prm_tau2_retail,s2,retail_s2_thoughts_base_adamw30_lr1e_3_nb200_flat32sgd_heldout,sgd,0.001,180,2.596898,0.774805,0.759988,2.704798,13459.0,17393.0,retail_s2_thoughts_base_adamw30_lr1e_3_nb200_flat32sgd_heldout-act-prm-ia=0-rr=0-ec=act_prm_tau2_retail-gc=act_prm_actions_only-tc=sft_flat-rbc=default-nb=200-nt=0-mc=hf_qwen3_4b_instruct-lc-0129b620
act_prm_tau2_retail,s2,retail_s2_thoughts_base_adamw30_lr1e_3_nb200_flat32sgd_heldout,sgd,0.001,185,2.583209,0.776204,0.760826,2.686417,13459.0,17393.0,retail_s2_thoughts_base_adamw30_lr1e_3_nb200_flat32sgd_heldout-act-prm-ia=0-rr=0-ec=act_prm_tau2_retail-gc=act_prm_actions_only-tc=sft_flat-rbc=default-nb=200-nt=0-mc=hf_qwen3_4b_instruct-lc-0129b620
act_prm_tau2_retail,s2,retail_s2_thoughts_base_adamw30_lr1e_3_nb200_flat32sgd_heldout,sgd,0.001,190,2.569969,0.775454,0.761573,2.6699,13459.0,17393.0,retail_s2_thoughts_base_adamw30_lr1e_3_nb200_flat32sgd_heldout-act-prm-ia=0-rr=0-ec=act_prm_tau2_retail-gc=act_prm_actions_only-tc=sft_flat-rbc=default-nb=200-nt=0-mc=hf_qwen3_4b_instruct-lc-0129b620
act_prm_tau2_retail,s2,retail_s2_thoughts_base_adamw30_lr1e_3_nb200_flat32sgd_heldout,sgd,0.001,195,2.558491,0.775189,0.761276,2.651628,13459.0,17393.0,retail_s2_thoughts_base_adamw30_lr1e_3_nb200_flat32sgd_heldout-act-prm-ia=0-rr=0-ec=act_prm_tau2_retail-gc=act_prm_actions_only-tc=sft_flat-rbc=default-nb=200-nt=0-mc=hf_qwen3_4b_instruct-lc-0129b620
act_prm_tau2_retail,s2,retail_s2_thoughts_base_adamw30_lr1e_3_nb200_flat32sgd_heldout,sgd,0.001,199,2.549906,0.775308,0.761625,2.639221,13459.0,17393.0,retail_s2_thoughts_base_adamw30_lr1e_3_nb200_flat32sgd_heldout-act-prm-ia=0-rr=0-ec=act_prm_tau2_retail-gc=act_prm_actions_only-tc=sft_flat-rbc=default-nb=200-nt=0-mc=hf_qwen3_4b_instruct-lc-0129b620
act_prm_tau2_retail,s2,retail_s2_thoughts_base_heldout,,4e-05,10,3.174566,0.78245,0.745728,,,,retail_s2_thoughts_base_heldout-act-prm-ia=0-rr=0-ec=act_prm_tau2_retail-gc=act_prm_actions_only-tc=sft-rbc=default-nb=60-nt=0-mc=hf_qwen3_4b_instruct-lc=r8_a16_linear-nie=1-gc=0-nf=0-lp=0_1-86a38cc0
act_prm_tau2_retail,s2,retail_s2_thoughts_base_heldout,,4e-05,10,3.174566,0.78245,0.745728,,,,retail_s2_thoughts_base_heldout-act-prm-ia=0-rr=0-ec=act_prm_tau2_retail-gc=act_prm_actions_only-tc=sft-rbc=default-nb=60-nt=0-mc=hf_qwen3_4b_instruct-lc=r8_a16_linear-nie=1-gc=0-nf=0-lp=0_1-86a38cc0
act_prm_tau2_retail,s2,retail_s2_thoughts_base_heldout,,4e-05,20,3.177077,0.781856,0.745532,,,,retail_s2_thoughts_base_heldout-act-prm-ia=0-rr=0-ec=act_prm_tau2_retail-gc=act_prm_actions_only-tc=sft-rbc=default-nb=60-nt=0-mc=hf_qwen3_4b_instruct-lc=r8_a16_linear-nie=1-gc=0-nf=0-lp=0_1-86a38cc0
act_prm_tau2_retail,s2,retail_s2_thoughts_base_heldout,,4e-05,20,3.177077,0.781856,0.745532,,,,retail_s2_thoughts_base_heldout-act-prm-ia=0-rr=0-ec=act_prm_tau2_retail-gc=act_prm_actions_only-tc=sft-rbc=default-nb=60-nt=0-mc=hf_qwen3_4b_instruct-lc=r8_a16_linear-nie=1-gc=0-nf=0-lp=0_1-86a38cc0
act_prm_tau2_retail,s2,retail_s2_thoughts_base_heldout,,4e-05,30,3.175981,0.781559,0.745285,,,,retail_s2_thoughts_base_heldout-act-prm-ia=0-rr=0-ec=act_prm_tau2_retail-gc=act_prm_actions_only-tc=sft-rbc=default-nb=60-nt=0-mc=hf_qwen3_4b_instruct-lc=r8_a16_linear-nie=1-gc=0-nf=0-lp=0_1-86a38cc0
act_prm_tau2_retail,s2,retail_s2_thoughts_base_heldout,,4e-05,30,3.175981,0.781559,0.745285,,,,retail_s2_thoughts_base_heldout-act-prm-ia=0-rr=0-ec=act_prm_tau2_retail-gc=act_prm_actions_only-tc=sft-rbc=default-nb=60-nt=0-mc=hf_qwen3_4b_instruct-lc=r8_a16_linear-nie=1-gc=0-nf=0-lp=0_1-86a38cc0
act_prm_tau2_retail,s2,retail_s2_thoughts_base_heldout,,4e-05,40,3.176098,0.781559,0.745482,,,,retail_s2_thoughts_base_heldout-act-prm-ia=0-rr=0-ec=act_prm_tau2_retail-gc=act_prm_actions_only-tc=sft-rbc=default-nb=60-nt=0-mc=hf_qwen3_4b_instruct-lc=r8_a16_linear-nie=1-gc=0-nf=0-lp=0_1-86a38cc0
act_prm_tau2_retail,s2,retail_s2_thoughts_base_heldout,,4e-05,40,3.176098,0.781559,0.745482,,,,retail_s2_thoughts_base_heldout-act-prm-ia=0-rr=0-ec=act_prm_tau2_retail-gc=act_prm_actions_only-tc=sft-rbc=default-nb=60-nt=0-mc=hf_qwen3_4b_instruct-lc=r8_a16_linear-nie=1-gc=0-nf=0-lp=0_1-86a38cc0
act_prm_tau2_retail,s2,retail_s2_thoughts_base_heldout,,4e-05,50,3.174667,0.781856,0.745532,,,,retail_s2_thoughts_base_heldout-act-prm-ia=0-rr=0-ec=act_prm_tau2_retail-gc=act_prm_actions_only-tc=sft-rbc=default-nb=60-nt=0-mc=hf_qwen3_4b_instruct-lc=r8_a16_linear-nie=1-gc=0-nf=0-lp=0_1-86a38cc0
act_prm_tau2_retail,s2,retail_s2_thoughts_base_heldout,,4e-05,50,3.174667,0.781856,0.745532,,,,retail_s2_thoughts_base_heldout-act-prm-ia=0-rr=0-ec=act_prm_tau2_retail-gc=act_prm_actions_only-tc=sft-rbc=default-nb=60-nt=0-mc=hf_qwen3_4b_instruct-lc=r8_a16_linear-nie=1-gc=0-nf=0-lp=0_1-86a38cc0
act_prm_tau2_retail,s2,retail_s2_thoughts_base_heldout,,4e-05,59,3.173539,0.78193,0.745433,,,,retail_s2_thoughts_base_heldout-act-prm-ia=0-rr=0-ec=act_prm_tau2_retail-gc=act_prm_actions_only-tc=sft-rbc=default-nb=60-nt=0-mc=hf_qwen3_4b_instruct-lc=r8_a16_linear-nie=1-gc=0-nf=0-lp=0_1-86a38cc0
act_prm_tau2_retail,s2,retail_s2_thoughts_base_heldout,,4e-05,59,3.173539,0.78193,0.745433,,,,retail_s2_thoughts_base_heldout-act-prm-ia=0-rr=0-ec=act_prm_tau2_retail-gc=act_prm_actions_only-tc=sft-rbc=default-nb=60-nt=0-mc=hf_qwen3_4b_instruct-lc=r8_a16_linear-nie=1-gc=0-nf=0-lp=0_1-86a38cc0
act_prm_tau2_retail,s2,retail_s2_thoughts_base_heldout_fullctx,,4e-05,10,3.005673,0.804072,0.772367,,,,retail_s2_thoughts_base_heldout_fullctx-act-prm-ia=0-rr=0-ec=act_prm_tau2_retail-gc=act_prm_actions_only-tc=sft-rbc=default-nb=60-nt=0-mc=hf_qwen3_4b_instruct-lc=r8_a16_linear-nie=1-gc=0-nf=-14351c55
act_prm_tau2_retail,s2,retail_s2_thoughts_base_heldout_fullctx,,4e-05,10,3.005673,0.804072,0.772367,,,,retail_s2_thoughts_base_heldout_fullctx-act-prm-ia=0-rr=0-ec=act_prm_tau2_retail-gc=act_prm_actions_only-tc=sft-rbc=default-nb=60-nt=0-mc=hf_qwen3_4b_instruct-lc=r8_a16_linear-nie=1-gc=0-nf=-14351c55
act_prm_tau2_retail,s2,retail_s2_thoughts_base_heldout_fullctx,,4e-05,20,3.001633,0.803403,0.771973,,,,retail_s2_thoughts_base_heldout_fullctx-act-prm-ia=0-rr=0-ec=act_prm_tau2_retail-gc=act_prm_actions_only-tc=sft-rbc=default-nb=60-nt=0-mc=hf_qwen3_4b_instruct-lc=r8_a16_linear-nie=1-gc=0-nf=-14351c55
act_prm_tau2_retail,s2,retail_s2_thoughts_base_heldout_fullctx,,4e-05,20,3.001633,0.803403,0.771973,,,,retail_s2_thoughts_base_heldout_fullctx-act-prm-ia=0-rr=0-ec=act_prm_tau2_retail-gc=act_prm_actions_only-tc=sft-rbc=default-nb=60-nt=0-mc=hf_qwen3_4b_instruct-lc=r8_a16_linear-nie=1-gc=0-nf=-14351c55
act_prm_tau2_retail,s2,retail_s2_thoughts_base_heldout_fullctx,,4e-05,30,2.999898,0.803477,0.772367,,,,retail_s2_thoughts_base_heldout_fullctx-act-prm-ia=0-rr=0-ec=act_prm_tau2_retail-gc=act_prm_actions_only-tc=sft-rbc=default-nb=60-nt=0-mc=hf_qwen3_4b_instruct-lc=r8_a16_linear-nie=1-gc=0-nf=-14351c55
act_prm_tau2_retail,s2,retail_s2_thoughts_base_heldout_fullctx,,4e-05,30,2.999898,0.803477,0.772367,,,,retail_s2_thoughts_base_heldout_fullctx-act-prm-ia=0-rr=0-ec=act_prm_tau2_retail-gc=act_prm_actions_only-tc=sft-rbc=default-nb=60-nt=0-mc=hf_qwen3_4b_instruct-lc=r8_a16_linear-nie=1-gc=0-nf=-14351c55
act_prm_tau2_retail,s2,retail_s2_thoughts_base_heldout_fullctx,,4e-05,40,3.003336,0.802957,0.771973,,,,retail_s2_thoughts_base_heldout_fullctx-act-prm-ia=0-rr=0-ec=act_prm_tau2_retail-gc=act_prm_actions_only-tc=sft-rbc=default-nb=60-nt=0-mc=hf_qwen3_4b_instruct-lc=r8_a16_linear-nie=1-gc=0-nf=-14351c55
act_prm_tau2_retail,s2,retail_s2_thoughts_base_heldout_fullctx,,4e-05,40,3.003336,0.802957,0.771973,,,,retail_s2_thoughts_base_heldout_fullctx-act-prm-ia=0-rr=0-ec=act_prm_tau2_retail-gc=act_prm_actions_only-tc=sft-rbc=default-nb=60-nt=0-mc=hf_qwen3_4b_instruct-lc=r8_a16_linear-nie=1-gc=0-nf=-14351c55
act_prm_tau2_retail,s2,retail_s2_thoughts_base_heldout_fullctx,,4e-05,50,3.002291,0.804072,0.772859,,,,retail_s2_thoughts_base_heldout_fullctx-act-prm-ia=0-rr=0-ec=act_prm_tau2_retail-gc=act_prm_actions_only-tc=sft-rbc=default-nb=60-nt=0-mc=hf_qwen3_4b_instruct-lc=r8_a16_linear-nie=1-gc=0-nf=-14351c55
act_prm_tau2_retail,s2,retail_s2_thoughts_base_heldout_fullctx,,4e-05,50,3.002291,0.804072,0.772859,,,,retail_s2_thoughts_base_heldout_fullctx-act-prm-ia=0-rr=0-ec=act_prm_tau2_retail-gc=act_prm_actions_only-tc=sft-rbc=default-nb=60-nt=0-mc=hf_qwen3_4b_instruct-lc=r8_a16_linear-nie=1-gc=0-nf=-14351c55
act_prm_tau2_retail,s2,retail_s2_thoughts_base_heldout_fullctx,,4e-05,59,3.000795,0.802957,0.771727,,,,retail_s2_thoughts_base_heldout_fullctx-act-prm-ia=0-rr=0-ec=act_prm_tau2_retail-gc=act_prm_actions_only-tc=sft-rbc=default-nb=60-nt=0-mc=hf_qwen3_4b_instruct-lc=r8_a16_linear-nie=1-gc=0-nf=-14351c55
act_prm_tau2_retail,s2,retail_s2_thoughts_base_heldout_fullctx,,4e-05,59,3.000795,0.802957,0.771727,,,,retail_s2_thoughts_base_heldout_fullctx-act-prm-ia=0-rr=0-ec=act_prm_tau2_retail-gc=act_prm_actions_only-tc=sft-rbc=default-nb=60-nt=0-mc=hf_qwen3_4b_instruct-lc=r8_a16_linear-nie=1-gc=0-nf=-14351c55
act_prm_tau2_retail,s2,retail_s2_thoughts_base_last_heldout,,4e-05,10,3.194912,0.778735,0.739883,,,,retail_s2_thoughts_base_last_heldout-act-prm-ia=0-rr=0-ec=act_prm_tau2_retail-gc=act_prm_actions_only-tc=sft-rbc=default-nb=60-nt=0-mc=hf_qwen3_4b_instruct-lc=r8_a16_linear-nie=1-gc=0-nf=0-l-4774a745
act_prm_tau2_retail,s2,retail_s2_thoughts_base_last_heldout,,4e-05,10,3.194912,0.778735,0.739883,,,,retail_s2_thoughts_base_last_heldout-act-prm-ia=0-rr=0-ec=act_prm_tau2_retail-gc=act_prm_actions_only-tc=sft-rbc=default-nb=60-nt=0-mc=hf_qwen3_4b_instruct-lc=r8_a16_linear-nie=1-gc=0-nf=0-l-4774a745
act_prm_tau2_retail,s2,retail_s2_thoughts_base_last_heldout,,4e-05,20,3.195661,0.778513,0.739632,,,,retail_s2_thoughts_base_last_heldout-act-prm-ia=0-rr=0-ec=act_prm_tau2_retail-gc=act_prm_actions_only-tc=sft-rbc=default-nb=60-nt=0-mc=hf_qwen3_4b_instruct-lc=r8_a16_linear-nie=1-gc=0-nf=0-l-4774a745
act_prm_tau2_retail,s2,retail_s2_thoughts_base_last_heldout,,4e-05,20,3.195661,0.778513,0.739632,,,,retail_s2_thoughts_base_last_heldout-act-prm-ia=0-rr=0-ec=act_prm_tau2_retail-gc=act_prm_actions_only-tc=sft-rbc=default-nb=60-nt=0-mc=hf_qwen3_4b_instruct-lc=r8_a16_linear-nie=1-gc=0-nf=0-l-4774a745
act_prm_tau2_retail,s2,retail_s2_thoughts_base_last_heldout,,4e-05,30,3.193337,0.778587,0.739481,,,,retail_s2_thoughts_base_last_heldout-act-prm-ia=0-rr=0-ec=act_prm_tau2_retail-gc=act_prm_actions_only-tc=sft-rbc=default-nb=60-nt=0-mc=hf_qwen3_4b_instruct-lc=r8_a16_linear-nie=1-gc=0-nf=0-l-4774a745
act_prm_tau2_retail,s2,retail_s2_thoughts_base_last_heldout,,4e-05,30,3.193337,0.778587,0.739481,,,,retail_s2_thoughts_base_last_heldout-act-prm-ia=0-rr=0-ec=act_prm_tau2_retail-gc=act_prm_actions_only-tc=sft-rbc=default-nb=60-nt=0-mc=hf_qwen3_4b_instruct-lc=r8_a16_linear-nie=1-gc=0-nf=0-l-4774a745
act_prm_tau2_retail,s2,retail_s2_thoughts_base_last_heldout,,4e-05,40,3.194812,0.778587,0.739682,,,,retail_s2_thoughts_base_last_heldout-act-prm-ia=0-rr=0-ec=act_prm_tau2_retail-gc=act_prm_actions_only-tc=sft-rbc=default-nb=60-nt=0-mc=hf_qwen3_4b_instruct-lc=r8_a16_linear-nie=1-gc=0-nf=0-l-4774a745
act_prm_tau2_retail,s2,retail_s2_thoughts_base_last_heldout,,4e-05,40,3.194812,0.778587,0.739682,,,,retail_s2_thoughts_base_last_heldout-act-prm-ia=0-rr=0-ec=act_prm_tau2_retail-gc=act_prm_actions_only-tc=sft-rbc=default-nb=60-nt=0-mc=hf_qwen3_4b_instruct-lc=r8_a16_linear-nie=1-gc=0-nf=0-l-4774a745
act_prm_tau2_retail,s2,retail_s2_thoughts_base_last_heldout,,4e-05,50,3.193358,0.779107,0.739883,,,,retail_s2_thoughts_base_last_heldout-act-prm-ia=0-rr=0-ec=act_prm_tau2_retail-gc=act_prm_actions_only-tc=sft-rbc=default-nb=60-nt=0-mc=hf_qwen3_4b_instruct-lc=r8_a16_linear-nie=1-gc=0-nf=0-l-4774a745
act_prm_tau2_retail,s2,retail_s2_thoughts_base_last_heldout,,4e-05,50,3.193358,0.779107,0.739883,,,,retail_s2_thoughts_base_last_heldout-act-prm-ia=0-rr=0-ec=act_prm_tau2_retail-gc=act_prm_actions_only-tc=sft-rbc=default-nb=60-nt=0-mc=hf_qwen3_4b_instruct-lc=r8_a16_linear-nie=1-gc=0-nf=0-l-4774a745
act_prm_tau2_retail,s2,retail_s2_thoughts_base_last_heldout,,4e-05,59,3.192833,0.778438,0.740133,,,,retail_s2_thoughts_base_last_heldout-act-prm-ia=0-rr=0-ec=act_prm_tau2_retail-gc=act_prm_actions_only-tc=sft-rbc=default-nb=60-nt=0-mc=hf_qwen3_4b_instruct-lc=r8_a16_linear-nie=1-gc=0-nf=0-l-4774a745
act_prm_tau2_retail,s2,retail_s2_thoughts_base_last_heldout,,4e-05,59,3.192833,0.778438,0.740133,,,,retail_s2_thoughts_base_last_heldout-act-prm-ia=0-rr=0-ec=act_prm_tau2_retail-gc=act_prm_actions_only-tc=sft-rbc=default-nb=60-nt=0-mc=hf_qwen3_4b_instruct-lc=r8_a16_linear-nie=1-gc=0-nf=0-l-4774a745
act_prm_tau2_retail,s2,retail_s2_thoughts_base_last_heldout_fullctx,,4e-05,10,2.982952,0.802957,0.765258,,,,retail_s2_thoughts_base_last_heldout_fullctx-act-prm-ia=0-rr=0-ec=act_prm_tau2_retail-gc=act_prm_actions_only-tc=sft-rbc=default-nb=60-nt=0-mc=hf_qwen3_4b_instruct-lc=r8_a16_linear-nie=1-gc=-fd15d648
act_prm_tau2_retail,s2,retail_s2_thoughts_base_last_heldout_fullctx,,4e-05,10,2.982952,0.802957,0.765258,,,,retail_s2_thoughts_base_last_heldout_fullctx-act-prm-ia=0-rr=0-ec=act_prm_tau2_retail-gc=act_prm_actions_only-tc=sft-rbc=default-nb=60-nt=0-mc=hf_qwen3_4b_instruct-lc=r8_a16_linear-nie=1-gc=-fd15d648
act_prm_tau2_retail,s2,retail_s2_thoughts_base_last_heldout_fullctx,,4e-05,20,2.985225,0.803329,0.76626,,,,retail_s2_thoughts_base_last_heldout_fullctx-act-prm-ia=0-rr=0-ec=act_prm_tau2_retail-gc=act_prm_actions_only-tc=sft-rbc=default-nb=60-nt=0-mc=hf_qwen3_4b_instruct-lc=r8_a16_linear-nie=1-gc=-fd15d648
act_prm_tau2_retail,s2,retail_s2_thoughts_base_last_heldout_fullctx,,4e-05,20,2.985225,0.803329,0.76626,,,,retail_s2_thoughts_base_last_heldout_fullctx-act-prm-ia=0-rr=0-ec=act_prm_tau2_retail-gc=act_prm_actions_only-tc=sft-rbc=default-nb=60-nt=0-mc=hf_qwen3_4b_instruct-lc=r8_a16_linear-nie=1-gc=-fd15d648
act_prm_tau2_retail,s2,retail_s2_thoughts_base_last_heldout_fullctx,,4e-05,30,2.983579,0.802437,0.765057,,,,retail_s2_thoughts_base_last_heldout_fullctx-act-prm-ia=0-rr=0-ec=act_prm_tau2_retail-gc=act_prm_actions_only-tc=sft-rbc=default-nb=60-nt=0-mc=hf_qwen3_4b_instruct-lc=r8_a16_linear-nie=1-gc=-fd15d648
act_prm_tau2_retail,s2,retail_s2_thoughts_base_last_heldout_fullctx,,4e-05,30,2.983579,0.802437,0.765057,,,,retail_s2_thoughts_base_last_heldout_fullctx-act-prm-ia=0-rr=0-ec=act_prm_tau2_retail-gc=act_prm_actions_only-tc=sft-rbc=default-nb=60-nt=0-mc=hf_qwen3_4b_instruct-lc=r8_a16_linear-nie=1-gc=-fd15d648
act_prm_tau2_retail,s2,retail_s2_thoughts_base_last_heldout_fullctx,,4e-05,40,2.98167,0.802511,0.765508,,,,retail_s2_thoughts_base_last_heldout_fullctx-act-prm-ia=0-rr=0-ec=act_prm_tau2_retail-gc=act_prm_actions_only-tc=sft-rbc=default-nb=60-nt=0-mc=hf_qwen3_4b_instruct-lc=r8_a16_linear-nie=1-gc=-fd15d648
act_prm_tau2_retail,s2,retail_s2_thoughts_base_last_heldout_fullctx,,4e-05,40,2.98167,0.802511,0.765508,,,,retail_s2_thoughts_base_last_heldout_fullctx-act-prm-ia=0-rr=0-ec=act_prm_tau2_retail-gc=act_prm_actions_only-tc=sft-rbc=default-nb=60-nt=0-mc=hf_qwen3_4b_instruct-lc=r8_a16_linear-nie=1-gc=-fd15d648
act_prm_tau2_retail,s2,retail_s2_thoughts_base_last_heldout_fullctx,,4e-05,50,2.98621,0.802586,0.765458,,,,retail_s2_thoughts_base_last_heldout_fullctx-act-prm-ia=0-rr=0-ec=act_prm_tau2_retail-gc=act_prm_actions_only-tc=sft-rbc=default-nb=60-nt=0-mc=hf_qwen3_4b_instruct-lc=r8_a16_linear-nie=1-gc=-fd15d648
act_prm_tau2_retail,s2,retail_s2_thoughts_base_last_heldout_fullctx,,4e-05,50,2.98621,0.802586,0.765458,,,,retail_s2_thoughts_base_last_heldout_fullctx-act-prm-ia=0-rr=0-ec=act_prm_tau2_retail-gc=act_prm_actions_only-tc=sft-rbc=default-nb=60-nt=0-mc=hf_qwen3_4b_instruct-lc=r8_a16_linear-nie=1-gc=-fd15d648
act_prm_tau2_retail,s2,retail_s2_thoughts_base_last_heldout_fullctx,,4e-05,59,2.981633,0.802734,0.765258,,,,retail_s2_thoughts_base_last_heldout_fullctx-act-prm-ia=0-rr=0-ec=act_prm_tau2_retail-gc=act_prm_actions_only-tc=sft-rbc=default-nb=60-nt=0-mc=hf_qwen3_4b_instruct-lc=r8_a16_linear-nie=1-gc=-fd15d648
act_prm_tau2_retail,s2,retail_s2_thoughts_base_last_heldout_fullctx,,4e-05,59,2.981633,0.802734,0.765258,,,,retail_s2_thoughts_base_last_heldout_fullctx-act-prm-ia=0-rr=0-ec=act_prm_tau2_retail-gc=act_prm_actions_only-tc=sft-rbc=default-nb=60-nt=0-mc=hf_qwen3_4b_instruct-lc=r8_a16_linear-nie=1-gc=-fd15d648
act_prm_tau2_retail,s2,retail_s2_thoughts_base_lr3e_3_nb150_heldout,,0.003,10,3.127299,0.782822,0.746615,,,,retail_s2_thoughts_base_lr3e_3_nb150_heldout-act-prm-ia=0-rr=0-ec=act_prm_tau2_retail-gc=act_prm_actions_only-tc=sft-rbc=default-nb=150-nt=0-mc=hf_qwen3_4b_instruct-lc=r8_a16_linear-nie=1-gc-3b961e82
act_prm_tau2_retail,s2,retail_s2_thoughts_base_lr3e_3_nb150_heldout,,0.003,10,3.127299,0.782822,0.746615,,,,retail_s2_thoughts_base_lr3e_3_nb150_heldout-act-prm-ia=0-rr=0-ec=act_prm_tau2_retail-gc=act_prm_actions_only-tc=sft-rbc=default-nb=150-nt=0-mc=hf_qwen3_4b_instruct-lc=r8_a16_linear-nie=1-gc-3b961e82
act_prm_tau2_retail,s2,retail_s2_thoughts_base_lr3e_3_nb150_heldout,,0.003,20,3.027185,0.783119,0.747156,,,,retail_s2_thoughts_base_lr3e_3_nb150_heldout-act-prm-ia=0-rr=0-ec=act_prm_tau2_retail-gc=act_prm_actions_only-tc=sft-rbc=default-nb=150-nt=0-mc=hf_qwen3_4b_instruct-lc=r8_a16_linear-nie=1-gc-3b961e82
act_prm_tau2_retail,s2,retail_s2_thoughts_base_lr3e_3_nb150_heldout,,0.003,20,3.027185,0.783119,0.747156,,,,retail_s2_thoughts_base_lr3e_3_nb150_heldout-act-prm-ia=0-rr=0-ec=act_prm_tau2_retail-gc=act_prm_actions_only-tc=sft-rbc=default-nb=150-nt=0-mc=hf_qwen3_4b_instruct-lc=r8_a16_linear-nie=1-gc-3b961e82
act_prm_tau2_retail,s2,retail_s2_thoughts_base_lr3e_3_nb150_heldout,,0.003,30,2.895978,0.783565,0.74819,,,,retail_s2_thoughts_base_lr3e_3_nb150_heldout-act-prm-ia=0-rr=0-ec=act_prm_tau2_retail-gc=act_prm_actions_only-tc=sft-rbc=default-nb=150-nt=0-mc=hf_qwen3_4b_instruct-lc=r8_a16_linear-nie=1-gc-3b961e82
act_prm_tau2_retail,s2,retail_s2_thoughts_base_lr3e_3_nb150_heldout,,0.003,30,2.895978,0.783565,0.74819,,,,retail_s2_thoughts_base_lr3e_3_nb150_heldout-act-prm-ia=0-rr=0-ec=act_prm_tau2_retail-gc=act_prm_actions_only-tc=sft-rbc=default-nb=150-nt=0-mc=hf_qwen3_4b_instruct-lc=r8_a16_linear-nie=1-gc-3b961e82
act_prm_tau2_retail,s2,retail_s2_thoughts_base_lr3e_3_nb150_heldout,,0.003,40,2.739847,0.785274,0.7508,,,,retail_s2_thoughts_base_lr3e_3_nb150_heldout-act-prm-ia=0-rr=0-ec=act_prm_tau2_retail-gc=act_prm_actions_only-tc=sft-rbc=default-nb=150-nt=0-mc=hf_qwen3_4b_instruct-lc=r8_a16_linear-nie=1-gc-3b961e82
act_prm_tau2_retail,s2,retail_s2_thoughts_base_lr3e_3_nb150_heldout,,0.003,40,2.739847,0.785274,0.7508,,,,retail_s2_thoughts_base_lr3e_3_nb150_heldout-act-prm-ia=0-rr=0-ec=act_prm_tau2_retail-gc=act_prm_actions_only-tc=sft-rbc=default-nb=150-nt=0-mc=hf_qwen3_4b_instruct-lc=r8_a16_linear-nie=1-gc-3b961e82
act_prm_tau2_retail,s2,retail_s2_thoughts_base_lr3e_3_nb150_heldout,,0.003,50,2.589375,0.786091,0.75277,,,,retail_s2_thoughts_base_lr3e_3_nb150_heldout-act-prm-ia=0-rr=0-ec=act_prm_tau2_retail-gc=act_prm_actions_only-tc=sft-rbc=default-nb=150-nt=0-mc=hf_qwen3_4b_instruct-lc=r8_a16_linear-nie=1-gc-3b961e82
act_prm_tau2_retail,s2,retail_s2_thoughts_base_lr3e_3_nb150_heldout,,0.003,50,2.589375,0.786091,0.75277,,,,retail_s2_thoughts_base_lr3e_3_nb150_heldout-act-prm-ia=0-rr=0-ec=act_prm_tau2_retail-gc=act_prm_actions_only-tc=sft-rbc=default-nb=150-nt=0-mc=hf_qwen3_4b_instruct-lc=r8_a16_linear-nie=1-gc-3b961e82
act_prm_tau2_retail,s2,retail_s2_thoughts_base_lr3e_3_nb150_heldout,,0.003,60,2.468854,0.787577,0.755133,,,,retail_s2_thoughts_base_lr3e_3_nb150_heldout-act-prm-ia=0-rr=0-ec=act_prm_tau2_retail-gc=act_prm_actions_only-tc=sft-rbc=default-nb=150-nt=0-mc=hf_qwen3_4b_instruct-lc=r8_a16_linear-nie=1-gc-3b961e82
act_prm_tau2_retail,s2,retail_s2_thoughts_base_lr3e_3_nb150_heldout,,0.003,60,2.468854,0.787577,0.755133,,,,retail_s2_thoughts_base_lr3e_3_nb150_heldout-act-prm-ia=0-rr=0-ec=act_prm_tau2_retail-gc=act_prm_actions_only-tc=sft-rbc=default-nb=150-nt=0-mc=hf_qwen3_4b_instruct-lc=r8_a16_linear-nie=1-gc-3b961e82
act_prm_tau2_retail,s2,retail_s2_thoughts_base_lr3e_3_nb150_heldout,,0.003,70,2.38445,0.78832,0.756955,,,,retail_s2_thoughts_base_lr3e_3_nb150_heldout-act-prm-ia=0-rr=0-ec=act_prm_tau2_retail-gc=act_prm_actions_only-tc=sft-rbc=default-nb=150-nt=0-mc=hf_qwen3_4b_instruct-lc=r8_a16_linear-nie=1-gc-3b961e82
act_prm_tau2_retail,s2,retail_s2_thoughts_base_lr3e_3_nb150_heldout,,0.003,70,2.38445,0.78832,0.756955,,,,retail_s2_thoughts_base_lr3e_3_nb150_heldout-act-prm-ia=0-rr=0-ec=act_prm_tau2_retail-gc=act_prm_actions_only-tc=sft-rbc=default-nb=150-nt=0-mc=hf_qwen3_4b_instruct-lc=r8_a16_linear-nie=1-gc-3b961e82
act_prm_tau2_retail,s2,retail_s2_thoughts_base_lr3e_3_nb150_heldout,,0.003,80,2.326533,0.787428,0.757054,,,,retail_s2_thoughts_base_lr3e_3_nb150_heldout-act-prm-ia=0-rr=0-ec=act_prm_tau2_retail-gc=act_prm_actions_only-tc=sft-rbc=default-nb=150-nt=0-mc=hf_qwen3_4b_instruct-lc=r8_a16_linear-nie=1-gc-3b961e82
act_prm_tau2_retail,s2,retail_s2_thoughts_base_lr3e_3_nb150_heldout,,0.003,80,2.326533,0.787428,0.757054,,,,retail_s2_thoughts_base_lr3e_3_nb150_heldout-act-prm-ia=0-rr=0-ec=act_prm_tau2_retail-gc=act_prm_actions_only-tc=sft-rbc=default-nb=150-nt=0-mc=hf_qwen3_4b_instruct-lc=r8_a16_linear-nie=1-gc-3b961e82
act_prm_tau2_retail,s2,retail_s2_thoughts_base_lr3e_3_nb150_heldout,,0.003,90,2.286494,0.788394,0.758383,,,,retail_s2_thoughts_base_lr3e_3_nb150_heldout-act-prm-ia=0-rr=0-ec=act_prm_tau2_retail-gc=act_prm_actions_only-tc=sft-rbc=default-nb=150-nt=0-mc=hf_qwen3_4b_instruct-lc=r8_a16_linear-nie=1-gc-3b961e82
act_prm_tau2_retail,s2,retail_s2_thoughts_base_lr3e_3_nb150_heldout,,0.003,90,2.286494,0.788394,0.758383,,,,retail_s2_thoughts_base_lr3e_3_nb150_heldout-act-prm-ia=0-rr=0-ec=act_prm_tau2_retail-gc=act_prm_actions_only-tc=sft-rbc=default-nb=150-nt=0-mc=hf_qwen3_4b_instruct-lc=r8_a16_linear-nie=1-gc-3b961e82
act_prm_tau2_retail,s2,retail_s2_thoughts_base_lr3e_3_nb150_heldout,,0.003,100,2.259545,0.78884,0.758531,,,,retail_s2_thoughts_base_lr3e_3_nb150_heldout-act-prm-ia=0-rr=0-ec=act_prm_tau2_retail-gc=act_prm_actions_only-tc=sft-rbc=default-nb=150-nt=0-mc=hf_qwen3_4b_instruct-lc=r8_a16_linear-nie=1-gc-3b961e82
act_prm_tau2_retail,s2,retail_s2_thoughts_base_lr3e_3_nb150_heldout,,0.003,100,2.259545,0.78884,0.758531,,,,retail_s2_thoughts_base_lr3e_3_nb150_heldout-act-prm-ia=0-rr=0-ec=act_prm_tau2_retail-gc=act_prm_actions_only-tc=sft-rbc=default-nb=150-nt=0-mc=hf_qwen3_4b_instruct-lc=r8_a16_linear-nie=1-gc-3b961e82
act_prm_tau2_retail,s2,retail_s2_thoughts_base_lr3e_3_nb150_heldout,,0.003,110,2.243294,0.788914,0.759171,,,,retail_s2_thoughts_base_lr3e_3_nb150_heldout-act-prm-ia=0-rr=0-ec=act_prm_tau2_retail-gc=act_prm_actions_only-tc=sft-rbc=default-nb=150-nt=0-mc=hf_qwen3_4b_instruct-lc=r8_a16_linear-nie=1-gc-3b961e82
act_prm_tau2_retail,s2,retail_s2_thoughts_base_lr3e_3_nb150_heldout,,0.003,110,2.243294,0.788914,0.759171,,,,retail_s2_thoughts_base_lr3e_3_nb150_heldout-act-prm-ia=0-rr=0-ec=act_prm_tau2_retail-gc=act_prm_actions_only-tc=sft-rbc=default-nb=150-nt=0-mc=hf_qwen3_4b_instruct-lc=r8_a16_linear-nie=1-gc-3b961e82
act_prm_tau2_retail,s2,retail_s2_thoughts_base_lr3e_3_nb150_heldout,,0.003,120,2.226254,0.789137,0.760205,,,,retail_s2_thoughts_base_lr3e_3_nb150_heldout-act-prm-ia=0-rr=0-ec=act_prm_tau2_retail-gc=act_prm_actions_only-tc=sft-rbc=default-nb=150-nt=0-mc=hf_qwen3_4b_instruct-lc=r8_a16_linear-nie=1-gc-3b961e82
act_prm_tau2_retail,s2,retail_s2_thoughts_base_lr3e_3_nb150_heldout,,0.003,120,2.226254,0.789137,0.760205,,,,retail_s2_thoughts_base_lr3e_3_nb150_heldout-act-prm-ia=0-rr=0-ec=act_prm_tau2_retail-gc=act_prm_actions_only-tc=sft-rbc=default-nb=150-nt=0-mc=hf_qwen3_4b_instruct-lc=r8_a16_linear-nie=1-gc-3b961e82
act_prm_tau2_retail,s2,retail_s2_thoughts_base_lr3e_3_nb150_heldout,,0.003,130,2.214246,0.789137,0.7605,,,,retail_s2_thoughts_base_lr3e_3_nb150_heldout-act-prm-ia=0-rr=0-ec=act_prm_tau2_retail-gc=act_prm_actions_only-tc=sft-rbc=default-nb=150-nt=0-mc=hf_qwen3_4b_instruct-lc=r8_a16_linear-nie=1-gc-3b961e82
act_prm_tau2_retail,s2,retail_s2_thoughts_base_lr3e_3_nb150_heldout,,0.003,130,2.214246,0.789137,0.7605,,,,retail_s2_thoughts_base_lr3e_3_nb150_heldout-act-prm-ia=0-rr=0-ec=act_prm_tau2_retail-gc=act_prm_actions_only-tc=sft-rbc=default-nb=150-nt=0-mc=hf_qwen3_4b_instruct-lc=r8_a16_linear-nie=1-gc-3b961e82
act_prm_tau2_retail,s2,retail_s2_thoughts_base_lr3e_3_nb150_heldout,,0.003,140,2.206248,0.789435,0.76114,,,,retail_s2_thoughts_base_lr3e_3_nb150_heldout-act-prm-ia=0-rr=0-ec=act_prm_tau2_retail-gc=act_prm_actions_only-tc=sft-rbc=default-nb=150-nt=0-mc=hf_qwen3_4b_instruct-lc=r8_a16_linear-nie=1-gc-3b961e82
act_prm_tau2_retail,s2,retail_s2_thoughts_base_lr3e_3_nb150_heldout,,0.003,140,2.206248,0.789435,0.76114,,,,retail_s2_thoughts_base_lr3e_3_nb150_heldout-act-prm-ia=0-rr=0-ec=act_prm_tau2_retail-gc=act_prm_actions_only-tc=sft-rbc=default-nb=150-nt=0-mc=hf_qwen3_4b_instruct-lc=r8_a16_linear-nie=1-gc-3b961e82
act_prm_tau2_retail,s2,retail_s2_thoughts_base_lr3e_3_nb150_heldout,,0.003,149,2.200291,0.788989,0.761042,,,,retail_s2_thoughts_base_lr3e_3_nb150_heldout-act-prm-ia=0-rr=0-ec=act_prm_tau2_retail-gc=act_prm_actions_only-tc=sft-rbc=default-nb=150-nt=0-mc=hf_qwen3_4b_instruct-lc=r8_a16_linear-nie=1-gc-3b961e82
act_prm_tau2_retail,s2,retail_s2_thoughts_base_lr3e_3_nb150_heldout,,0.003,149,2.200291,0.788989,0.761042,,,,retail_s2_thoughts_base_lr3e_3_nb150_heldout-act-prm-ia=0-rr=0-ec=act_prm_tau2_retail-gc=act_prm_actions_only-tc=sft-rbc=default-nb=150-nt=0-mc=hf_qwen3_4b_instruct-lc=r8_a16_linear-nie=1-gc-3b961e82
act_prm_tau2_retail,s2,retail_s2_thoughts_policy_1gen_lr3e_3_nb150_heldout,,0.003,10,3.135711,0.782822,0.747027,,,,retail_s2_thoughts_policy_1gen_lr3e_3_nb150_heldout-act-prm-ia=0-rr=0-ec=act_prm_tau2_retail-gc=act_prm_actions_only-tc=sft-rbc=default-nb=150-nt=0-mc=hf_qwen3_4b_instruct-lc=r8_a16_linear-n-99f9aa0d
act_prm_tau2_retail,s2,retail_s2_thoughts_policy_1gen_lr3e_3_nb150_heldout,,0.003,10,3.135711,0.782822,0.747027,,,,retail_s2_thoughts_policy_1gen_lr3e_3_nb150_heldout-act-prm-ia=0-rr=0-ec=act_prm_tau2_retail-gc=act_prm_actions_only-tc=sft-rbc=default-nb=150-nt=0-mc=hf_qwen3_4b_instruct-lc=r8_a16_linear-n-99f9aa0d
act_prm_tau2_retail,s2,retail_s2_thoughts_policy_1gen_lr3e_3_nb150_heldout,,0.003,20,3.032565,0.783045,0.747414,,,,retail_s2_thoughts_policy_1gen_lr3e_3_nb150_heldout-act-prm-ia=0-rr=0-ec=act_prm_tau2_retail-gc=act_prm_actions_only-tc=sft-rbc=default-nb=150-nt=0-mc=hf_qwen3_4b_instruct-lc=r8_a16_linear-n-99f9aa0d
act_prm_tau2_retail,s2,retail_s2_thoughts_policy_1gen_lr3e_3_nb150_heldout,,0.003,20,3.032565,0.783045,0.747414,,,,retail_s2_thoughts_policy_1gen_lr3e_3_nb150_heldout-act-prm-ia=0-rr=0-ec=act_prm_tau2_retail-gc=act_prm_actions_only-tc=sft-rbc=default-nb=150-nt=0-mc=hf_qwen3_4b_instruct-lc=r8_a16_linear-n-99f9aa0d
act_prm_tau2_retail,s2,retail_s2_thoughts_policy_1gen_lr3e_3_nb150_heldout,,0.003,30,2.897381,0.783193,0.748767,,,,retail_s2_thoughts_policy_1gen_lr3e_3_nb150_heldout-act-prm-ia=0-rr=0-ec=act_prm_tau2_retail-gc=act_prm_actions_only-tc=sft-rbc=default-nb=150-nt=0-mc=hf_qwen3_4b_instruct-lc=r8_a16_linear-n-99f9aa0d
act_prm_tau2_retail,s2,retail_s2_thoughts_policy_1gen_lr3e_3_nb150_heldout,,0.003,30,2.897381,0.783193,0.748767,,,,retail_s2_thoughts_policy_1gen_lr3e_3_nb150_heldout-act-prm-ia=0-rr=0-ec=act_prm_tau2_retail-gc=act_prm_actions_only-tc=sft-rbc=default-nb=150-nt=0-mc=hf_qwen3_4b_instruct-lc=r8_a16_linear-n-99f9aa0d
act_prm_tau2_retail,s2,retail_s2_thoughts_policy_1gen_lr3e_3_nb150_heldout,,0.003,40,2.739935,0.785199,0.751039,,,,retail_s2_thoughts_policy_1gen_lr3e_3_nb150_heldout-act-prm-ia=0-rr=0-ec=act_prm_tau2_retail-gc=act_prm_actions_only-tc=sft-rbc=default-nb=150-nt=0-mc=hf_qwen3_4b_instruct-lc=r8_a16_linear-n-99f9aa0d
act_prm_tau2_retail,s2,retail_s2_thoughts_policy_1gen_lr3e_3_nb150_heldout,,0.003,40,2.739935,0.785199,0.751039,,,,retail_s2_thoughts_policy_1gen_lr3e_3_nb150_heldout-act-prm-ia=0-rr=0-ec=act_prm_tau2_retail-gc=act_prm_actions_only-tc=sft-rbc=default-nb=150-nt=0-mc=hf_qwen3_4b_instruct-lc=r8_a16_linear-n-99f9aa0d
act_prm_tau2_retail,s2,retail_s2_thoughts_policy_1gen_lr3e_3_nb150_heldout,,0.003,50,2.593562,0.786463,0.753215,,,,retail_s2_thoughts_policy_1gen_lr3e_3_nb150_heldout-act-prm-ia=0-rr=0-ec=act_prm_tau2_retail-gc=act_prm_actions_only-tc=sft-rbc=default-nb=150-nt=0-mc=hf_qwen3_4b_instruct-lc=r8_a16_linear-n-99f9aa0d
act_prm_tau2_retail,s2,retail_s2_thoughts_policy_1gen_lr3e_3_nb150_heldout,,0.003,50,2.593562,0.786463,0.753215,,,,retail_s2_thoughts_policy_1gen_lr3e_3_nb150_heldout-act-prm-ia=0-rr=0-ec=act_prm_tau2_retail-gc=act_prm_actions_only-tc=sft-rbc=default-nb=150-nt=0-mc=hf_qwen3_4b_instruct-lc=r8_a16_linear-n-99f9aa0d
act_prm_tau2_retail,s2,retail_s2_thoughts_policy_1gen_lr3e_3_nb150_heldout,,0.003,60,2.474029,0.788469,0.755342,,,,retail_s2_thoughts_policy_1gen_lr3e_3_nb150_heldout-act-prm-ia=0-rr=0-ec=act_prm_tau2_retail-gc=act_prm_actions_only-tc=sft-rbc=default-nb=150-nt=0-mc=hf_qwen3_4b_instruct-lc=r8_a16_linear-n-99f9aa0d
act_prm_tau2_retail,s2,retail_s2_thoughts_policy_1gen_lr3e_3_nb150_heldout,,0.003,60,2.474029,0.788469,0.755342,,,,retail_s2_thoughts_policy_1gen_lr3e_3_nb150_heldout-act-prm-ia=0-rr=0-ec=act_prm_tau2_retail-gc=act_prm_actions_only-tc=sft-rbc=default-nb=150-nt=0-mc=hf_qwen3_4b_instruct-lc=r8_a16_linear-n-99f9aa0d
act_prm_tau2_retail,s2,retail_s2_thoughts_policy_1gen_lr3e_3_nb150_heldout,,0.003,70,2.388833,0.789063,0.755825,,,,retail_s2_thoughts_policy_1gen_lr3e_3_nb150_heldout-act-prm-ia=0-rr=0-ec=act_prm_tau2_retail-gc=act_prm_actions_only-tc=sft-rbc=default-nb=150-nt=0-mc=hf_qwen3_4b_instruct-lc=r8_a16_linear-n-99f9aa0d
act_prm_tau2_retail,s2,retail_s2_thoughts_policy_1gen_lr3e_3_nb150_heldout,,0.003,70,2.388833,0.789063,0.755825,,,,retail_s2_thoughts_policy_1gen_lr3e_3_nb150_heldout-act-prm-ia=0-rr=0-ec=act_prm_tau2_retail-gc=act_prm_actions_only-tc=sft-rbc=default-nb=150-nt=0-mc=hf_qwen3_4b_instruct-lc=r8_a16_linear-n-99f9aa0d
act_prm_tau2_retail,s2,retail_s2_thoughts_policy_1gen_lr3e_3_nb150_heldout,,0.003,80,2.33101,0.789732,0.756647,,,,retail_s2_thoughts_policy_1gen_lr3e_3_nb150_heldout-act-prm-ia=0-rr=0-ec=act_prm_tau2_retail-gc=act_prm_actions_only-tc=sft-rbc=default-nb=150-nt=0-mc=hf_qwen3_4b_instruct-lc=r8_a16_linear-n-99f9aa0d
act_prm_tau2_retail,s2,retail_s2_thoughts_policy_1gen_lr3e_3_nb150_heldout,,0.003,80,2.33101,0.789732,0.756647,,,,retail_s2_thoughts_policy_1gen_lr3e_3_nb150_heldout-act-prm-ia=0-rr=0-ec=act_prm_tau2_retail-gc=act_prm_actions_only-tc=sft-rbc=default-nb=150-nt=0-mc=hf_qwen3_4b_instruct-lc=r8_a16_linear-n-99f9aa0d
act_prm_tau2_retail,s2,retail_s2_thoughts_policy_1gen_lr3e_3_nb150_heldout,,0.003,90,2.293003,0.789732,0.757807,,,,retail_s2_thoughts_policy_1gen_lr3e_3_nb150_heldout-act-prm-ia=0-rr=0-ec=act_prm_tau2_retail-gc=act_prm_actions_only-tc=sft-rbc=default-nb=150-nt=0-mc=hf_qwen3_4b_instruct-lc=r8_a16_linear-n-99f9aa0d
act_prm_tau2_retail,s2,retail_s2_thoughts_policy_1gen_lr3e_3_nb150_heldout,,0.003,90,2.293003,0.789732,0.757807,,,,retail_s2_thoughts_policy_1gen_lr3e_3_nb150_heldout-act-prm-ia=0-rr=0-ec=act_prm_tau2_retail-gc=act_prm_actions_only-tc=sft-rbc=default-nb=150-nt=0-mc=hf_qwen3_4b_instruct-lc=r8_a16_linear-n-99f9aa0d
act_prm_tau2_retail,s2,retail_s2_thoughts_policy_1gen_lr3e_3_nb150_heldout,,0.003,100,2.266904,0.790326,0.757614,,,,retail_s2_thoughts_policy_1gen_lr3e_3_nb150_heldout-act-prm-ia=0-rr=0-ec=act_prm_tau2_retail-gc=act_prm_actions_only-tc=sft-rbc=default-nb=150-nt=0-mc=hf_qwen3_4b_instruct-lc=r8_a16_linear-n-99f9aa0d
act_prm_tau2_retail,s2,retail_s2_thoughts_policy_1gen_lr3e_3_nb150_heldout,,0.003,100,2.266904,0.790326,0.757614,,,,retail_s2_thoughts_policy_1gen_lr3e_3_nb150_heldout-act-prm-ia=0-rr=0-ec=act_prm_tau2_retail-gc=act_prm_actions_only-tc=sft-rbc=default-nb=150-nt=0-mc=hf_qwen3_4b_instruct-lc=r8_a16_linear-n-99f9aa0d
act_prm_tau2_retail,s2,retail_s2_thoughts_policy_1gen_lr3e_3_nb150_heldout,,0.003,110,2.245719,0.791218,0.758291,,,,retail_s2_thoughts_policy_1gen_lr3e_3_nb150_heldout-act-prm-ia=0-rr=0-ec=act_prm_tau2_retail-gc=act_prm_actions_only-tc=sft-rbc=default-nb=150-nt=0-mc=hf_qwen3_4b_instruct-lc=r8_a16_linear-n-99f9aa0d
act_prm_tau2_retail,s2,retail_s2_thoughts_policy_1gen_lr3e_3_nb150_heldout,,0.003,110,2.245719,0.791218,0.758291,,,,retail_s2_thoughts_policy_1gen_lr3e_3_nb150_heldout-act-prm-ia=0-rr=0-ec=act_prm_tau2_retail-gc=act_prm_actions_only-tc=sft-rbc=default-nb=150-nt=0-mc=hf_qwen3_4b_instruct-lc=r8_a16_linear-n-99f9aa0d
act_prm_tau2_retail,s2,retail_s2_thoughts_policy_1gen_lr3e_3_nb150_heldout,,0.003,120,2.232852,0.790772,0.759161,,,,retail_s2_thoughts_policy_1gen_lr3e_3_nb150_heldout-act-prm-ia=0-rr=0-ec=act_prm_tau2_retail-gc=act_prm_actions_only-tc=sft-rbc=default-nb=150-nt=0-mc=hf_qwen3_4b_instruct-lc=r8_a16_linear-n-99f9aa0d
act_prm_tau2_retail,s2,retail_s2_thoughts_policy_1gen_lr3e_3_nb150_heldout,,0.003,120,2.232852,0.790772,0.759161,,,,retail_s2_thoughts_policy_1gen_lr3e_3_nb150_heldout-act-prm-ia=0-rr=0-ec=act_prm_tau2_retail-gc=act_prm_actions_only-tc=sft-rbc=default-nb=150-nt=0-mc=hf_qwen3_4b_instruct-lc=r8_a16_linear-n-99f9aa0d
act_prm_tau2_retail,s2,retail_s2_thoughts_policy_1gen_lr3e_3_nb150_heldout,,0.003,130,2.221296,0.791366,0.759934,,,,retail_s2_thoughts_policy_1gen_lr3e_3_nb150_heldout-act-prm-ia=0-rr=0-ec=act_prm_tau2_retail-gc=act_prm_actions_only-tc=sft-rbc=default-nb=150-nt=0-mc=hf_qwen3_4b_instruct-lc=r8_a16_linear-n-99f9aa0d
act_prm_tau2_retail,s2,retail_s2_thoughts_policy_1gen_lr3e_3_nb150_heldout,,0.003,130,2.221296,0.791366,0.759934,,,,retail_s2_thoughts_policy_1gen_lr3e_3_nb150_heldout-act-prm-ia=0-rr=0-ec=act_prm_tau2_retail-gc=act_prm_actions_only-tc=sft-rbc=default-nb=150-nt=0-mc=hf_qwen3_4b_instruct-lc=r8_a16_linear-n-99f9aa0d
act_prm_tau2_retail,s2,retail_s2_thoughts_policy_1gen_lr3e_3_nb150_heldout,,0.003,140,2.211929,0.791812,0.760659,,,,retail_s2_thoughts_policy_1gen_lr3e_3_nb150_heldout-act-prm-ia=0-rr=0-ec=act_prm_tau2_retail-gc=act_prm_actions_only-tc=sft-rbc=default-nb=150-nt=0-mc=hf_qwen3_4b_instruct-lc=r8_a16_linear-n-99f9aa0d
act_prm_tau2_retail,s2,retail_s2_thoughts_policy_1gen_lr3e_3_nb150_heldout,,0.003,140,2.211929,0.791812,0.760659,,,,retail_s2_thoughts_policy_1gen_lr3e_3_nb150_heldout-act-prm-ia=0-rr=0-ec=act_prm_tau2_retail-gc=act_prm_actions_only-tc=sft-rbc=default-nb=150-nt=0-mc=hf_qwen3_4b_instruct-lc=r8_a16_linear-n-99f9aa0d
act_prm_tau2_retail,s2,retail_s2_thoughts_policy_1gen_lr3e_3_nb150_heldout,,0.003,149,2.205838,0.79315,0.761433,,,,retail_s2_thoughts_policy_1gen_lr3e_3_nb150_heldout-act-prm-ia=0-rr=0-ec=act_prm_tau2_retail-gc=act_prm_actions_only-tc=sft-rbc=default-nb=150-nt=0-mc=hf_qwen3_4b_instruct-lc=r8_a16_linear-n-99f9aa0d
act_prm_tau2_retail,s2,retail_s2_thoughts_policy_1gen_lr3e_3_nb150_heldout,,0.003,149,2.205838,0.79315,0.761433,,,,retail_s2_thoughts_policy_1gen_lr3e_3_nb150_heldout-act-prm-ia=0-rr=0-ec=act_prm_tau2_retail-gc=act_prm_actions_only-tc=sft-rbc=default-nb=150-nt=0-mc=hf_qwen3_4b_instruct-lc=r8_a16_linear-n-99f9aa0d
act_prm_tau2_retail,s2,retail_s2_thoughts_policy_adamw30_lr1e_3_adamw_nb100_heldout,adamw,0.001,10,1.895895,0.815068,0.781506,,,,retail_s2_thoughts_policy_adamw30_lr1e_3_adamw_nb100_heldout-act-prm-ia=0-rr=0-ec=act_prm_tau2_retail-gc=act_prm_actions_only-tc=sft-rbc=default-nb=100-nt=0-mc=hf_qwen3_4b_instruct-lc=r8_a16-b2097f6f
act_prm_tau2_retail,s2,retail_s2_thoughts_policy_adamw30_lr1e_3_adamw_nb100_heldout,adamw,0.001,10,1.895895,0.815068,0.781506,,,,retail_s2_thoughts_policy_adamw30_lr1e_3_adamw_nb100_heldout-act-prm-ia=0-rr=0-ec=act_prm_tau2_retail-gc=act_prm_actions_only-tc=sft-rbc=default-nb=100-nt=0-mc=hf_qwen3_4b_instruct-lc=r8_a16-b2097f6f
act_prm_tau2_retail,s2,retail_s2_thoughts_policy_adamw30_lr1e_3_adamw_nb100_heldout,adamw,0.001,20,1.762106,0.830597,0.791671,,,,retail_s2_thoughts_policy_adamw30_lr1e_3_adamw_nb100_heldout-act-prm-ia=0-rr=0-ec=act_prm_tau2_retail-gc=act_prm_actions_only-tc=sft-rbc=default-nb=100-nt=0-mc=hf_qwen3_4b_instruct-lc=r8_a16-b2097f6f
act_prm_tau2_retail,s2,retail_s2_thoughts_policy_adamw30_lr1e_3_adamw_nb100_heldout,adamw,0.001,20,1.762106,0.830597,0.791671,,,,retail_s2_thoughts_policy_adamw30_lr1e_3_adamw_nb100_heldout-act-prm-ia=0-rr=0-ec=act_prm_tau2_retail-gc=act_prm_actions_only-tc=sft-rbc=default-nb=100-nt=0-mc=hf_qwen3_4b_instruct-lc=r8_a16-b2097f6f
act_prm_tau2_retail,s2,retail_s2_thoughts_policy_adamw30_lr1e_3_adamw_nb100_heldout,adamw,0.001,30,1.745568,0.837358,0.79582,,,,retail_s2_thoughts_policy_adamw30_lr1e_3_adamw_nb100_heldout-act-prm-ia=0-rr=0-ec=act_prm_tau2_retail-gc=act_prm_actions_only-tc=sft-rbc=default-nb=100-nt=0-mc=hf_qwen3_4b_instruct-lc=r8_a16-b2097f6f
act_prm_tau2_retail,s2,retail_s2_thoughts_policy_adamw30_lr1e_3_adamw_nb100_heldout,adamw,0.001,30,1.745568,0.837358,0.79582,,,,retail_s2_thoughts_policy_adamw30_lr1e_3_adamw_nb100_heldout-act-prm-ia=0-rr=0-ec=act_prm_tau2_retail-gc=act_prm_actions_only-tc=sft-rbc=default-nb=100-nt=0-mc=hf_qwen3_4b_instruct-lc=r8_a16-b2097f6f
act_prm_tau2_retail,s2,retail_s2_thoughts_policy_adamw30_lr1e_3_adamw_nb100_heldout,adamw,0.001,40,1.735845,0.836764,0.793642,,,,retail_s2_thoughts_policy_adamw30_lr1e_3_adamw_nb100_heldout-act-prm-ia=0-rr=0-ec=act_prm_tau2_retail-gc=act_prm_actions_only-tc=sft-rbc=default-nb=100-nt=0-mc=hf_qwen3_4b_instruct-lc=r8_a16-b2097f6f
act_prm_tau2_retail,s2,retail_s2_thoughts_policy_adamw30_lr1e_3_adamw_nb100_heldout,adamw,0.001,40,1.735845,0.836764,0.793642,,,,retail_s2_thoughts_policy_adamw30_lr1e_3_adamw_nb100_heldout-act-prm-ia=0-rr=0-ec=act_prm_tau2_retail-gc=act_prm_actions_only-tc=sft-rbc=default-nb=100-nt=0-mc=hf_qwen3_4b_instruct-lc=r8_a16-b2097f6f
act_prm_tau2_retail,s2,retail_s2_thoughts_policy_adamw30_lr1e_3_adamw_nb100_heldout,adamw,0.001,50,1.787582,0.836986,0.792553,,,,retail_s2_thoughts_policy_adamw30_lr1e_3_adamw_nb100_heldout-act-prm-ia=0-rr=0-ec=act_prm_tau2_retail-gc=act_prm_actions_only-tc=sft-rbc=default-nb=100-nt=0-mc=hf_qwen3_4b_instruct-lc=r8_a16-b2097f6f
act_prm_tau2_retail,s2,retail_s2_thoughts_policy_adamw30_lr1e_3_adamw_nb100_heldout,adamw,0.001,50,1.787582,0.836986,0.792553,,,,retail_s2_thoughts_policy_adamw30_lr1e_3_adamw_nb100_heldout-act-prm-ia=0-rr=0-ec=act_prm_tau2_retail-gc=act_prm_actions_only-tc=sft-rbc=default-nb=100-nt=0-mc=hf_qwen3_4b_instruct-lc=r8_a16-b2097f6f
act_prm_tau2_retail,s2,retail_s2_thoughts_policy_adamw30_lr1e_3_adamw_nb100_heldout,adamw,0.001,60,1.85086,0.837061,0.792656,,,,retail_s2_thoughts_policy_adamw30_lr1e_3_adamw_nb100_heldout-act-prm-ia=0-rr=0-ec=act_prm_tau2_retail-gc=act_prm_actions_only-tc=sft-rbc=default-nb=100-nt=0-mc=hf_qwen3_4b_instruct-lc=r8_a16-b2097f6f
act_prm_tau2_retail,s2,retail_s2_thoughts_policy_adamw30_lr1e_3_adamw_nb100_heldout,adamw,0.001,60,1.85086,0.837061,0.792656,,,,retail_s2_thoughts_policy_adamw30_lr1e_3_adamw_nb100_heldout-act-prm-ia=0-rr=0-ec=act_prm_tau2_retail-gc=act_prm_actions_only-tc=sft-rbc=default-nb=100-nt=0-mc=hf_qwen3_4b_instruct-lc=r8_a16-b2097f6f
act_prm_tau2_retail,s2,retail_s2_thoughts_policy_adamw30_lr1e_3_adamw_nb100_heldout,adamw,0.001,70,1.971803,0.83446,0.785966,,,,retail_s2_thoughts_policy_adamw30_lr1e_3_adamw_nb100_heldout-act-prm-ia=0-rr=0-ec=act_prm_tau2_retail-gc=act_prm_actions_only-tc=sft-rbc=default-nb=100-nt=0-mc=hf_qwen3_4b_instruct-lc=r8_a16-b2097f6f
act_prm_tau2_retail,s2,retail_s2_thoughts_policy_adamw30_lr1e_3_adamw_nb200_flat32_heldout,adamw,0.001,5,2.123039,0.791838,0.760962,2.297676,13459.0,19282.0,retail_s2_thoughts_policy_adamw30_lr1e_3_adamw_nb200_flat32_heldout-act-prm-ia=0-rr=0-ec=act_prm_tau2_retail-gc=act_prm_actions_only-tc=sft_flat-rbc=default-nb=200-nt=0-mc=hf_qwen3_4b_instru-0474f413
act_prm_tau2_retail,s2,retail_s2_thoughts_policy_adamw30_lr1e_3_adamw_nb200_flat32_heldout,adamw,0.001,10,1.917225,0.814167,0.780704,2.103299,13459.0,19282.0,retail_s2_thoughts_policy_adamw30_lr1e_3_adamw_nb200_flat32_heldout-act-prm-ia=0-rr=0-ec=act_prm_tau2_retail-gc=act_prm_actions_only-tc=sft_flat-rbc=default-nb=200-nt=0-mc=hf_qwen3_4b_instru-0474f413
act_prm_tau2_retail,s2,retail_s2_thoughts_policy_adamw30_lr1e_3_adamw_nb200_flat32_heldout,adamw,0.001,15,1.828758,0.821299,0.785597,2.029633,13459.0,19282.0,retail_s2_thoughts_policy_adamw30_lr1e_3_adamw_nb200_flat32_heldout-act-prm-ia=0-rr=0-ec=act_prm_tau2_retail-gc=act_prm_actions_only-tc=sft_flat-rbc=default-nb=200-nt=0-mc=hf_qwen3_4b_instru-0474f413
act_prm_tau2_retail,s2,retail_s2_thoughts_policy_adamw30_lr1e_3_adamw_nb200_flat32_heldout,adamw,0.001,20,1.782787,0.829471,0.789524,2.001334,13459.0,19282.0,retail_s2_thoughts_policy_adamw30_lr1e_3_adamw_nb200_flat32_heldout-act-prm-ia=0-rr=0-ec=act_prm_tau2_retail-gc=act_prm_actions_only-tc=sft_flat-rbc=default-nb=200-nt=0-mc=hf_qwen3_4b_instru-0474f413
act_prm_tau2_retail,s2,retail_s2_thoughts_policy_adamw30_lr1e_3_adamw_nb200_flat32_heldout,adamw,0.001,25,1.773895,0.831939,0.792197,1.987514,13459.0,19282.0,retail_s2_thoughts_policy_adamw30_lr1e_3_adamw_nb200_flat32_heldout-act-prm-ia=0-rr=0-ec=act_prm_tau2_retail-gc=act_prm_actions_only-tc=sft_flat-rbc=default-nb=200-nt=0-mc=hf_qwen3_4b_instru-0474f413
act_prm_tau2_retail,s2,retail_s2_thoughts_policy_adamw30_lr1e_3_adamw_nb200_flat32_heldout,adamw,0.001,30,1.742324,0.838032,0.795665,1.97035,13459.0,19282.0,retail_s2_thoughts_policy_adamw30_lr1e_3_adamw_nb200_flat32_heldout-act-prm-ia=0-rr=0-ec=act_prm_tau2_retail-gc=act_prm_actions_only-tc=sft_flat-rbc=default-nb=200-nt=0-mc=hf_qwen3_4b_instru-0474f413
act_prm_tau2_retail,s2,retail_s2_thoughts_policy_adamw30_lr1e_3_adamw_nb200_flat32_heldout,adamw,0.001,35,1.715,0.838294,0.797424,1.944135,13459.0,19282.0,retail_s2_thoughts_policy_adamw30_lr1e_3_adamw_nb200_flat32_heldout-act-prm-ia=0-rr=0-ec=act_prm_tau2_retail-gc=act_prm_actions_only-tc=sft_flat-rbc=default-nb=200-nt=0-mc=hf_qwen3_4b_instru-0474f413
act_prm_tau2_retail,s2,retail_s2_thoughts_policy_adamw30_lr1e_3_adamw_nb200_flat32_heldout,adamw,0.001,40,1.715184,0.837857,0.795269,1.952645,13459.0,19282.0,retail_s2_thoughts_policy_adamw30_lr1e_3_adamw_nb200_flat32_heldout-act-prm-ia=0-rr=0-ec=act_prm_tau2_retail-gc=act_prm_actions_only-tc=sft_flat-rbc=default-nb=200-nt=0-mc=hf_qwen3_4b_instru-0474f413
act_prm_tau2_retail,s2,retail_s2_thoughts_policy_adamw30_lr1e_3_adamw_nb200_flat32_heldout,adamw,0.001,45,1.775246,0.836676,0.794454,2.047937,13459.0,19282.0,retail_s2_thoughts_policy_adamw30_lr1e_3_adamw_nb200_flat32_heldout-act-prm-ia=0-rr=0-ec=act_prm_tau2_retail-gc=act_prm_actions_only-tc=sft_flat-rbc=default-nb=200-nt=0-mc=hf_qwen3_4b_instru-0474f413
act_prm_tau2_retail,s2,retail_s2_thoughts_policy_adamw30_lr1e_3_adamw_nb200_flat32_heldout,adamw,0.001,50,1.752944,0.837135,0.793083,2.028917,13459.0,19282.0,retail_s2_thoughts_policy_adamw30_lr1e_3_adamw_nb200_flat32_heldout-act-prm-ia=0-rr=0-ec=act_prm_tau2_retail-gc=act_prm_actions_only-tc=sft_flat-rbc=default-nb=200-nt=0-mc=hf_qwen3_4b_instru-0474f413
act_prm_tau2_retail,s2,retail_s2_thoughts_policy_adamw30_lr1e_3_adamw_nb200_flat32_heldout,adamw,0.001,55,1.734933,0.839051,0.793896,1.997782,13459.0,19282.0,retail_s2_thoughts_policy_adamw30_lr1e_3_adamw_nb200_flat32_heldout-act-prm-ia=0-rr=0-ec=act_prm_tau2_retail-gc=act_prm_actions_only-tc=sft_flat-rbc=default-nb=200-nt=0-mc=hf_qwen3_4b_instru-0474f413
act_prm_tau2_retail,s2,retail_s2_thoughts_policy_adamw30_lr1e_3_adamw_nb200_flat32_heldout,adamw,0.001,60,1.738076,0.841486,0.795796,2.029334,13459.0,19282.0,retail_s2_thoughts_policy_adamw30_lr1e_3_adamw_nb200_flat32_heldout-act-prm-ia=0-rr=0-ec=act_prm_tau2_retail-gc=act_prm_actions_only-tc=sft_flat-rbc=default-nb=200-nt=0-mc=hf_qwen3_4b_instru-0474f413
act_prm_tau2_retail,s2,retail_s2_thoughts_policy_adamw30_lr1e_3_adamw_nb200_flat32_heldout,adamw,0.001,65,1.832805,0.837921,0.790345,2.201774,13459.0,19282.0,retail_s2_thoughts_policy_adamw30_lr1e_3_adamw_nb200_flat32_heldout-act-prm-ia=0-rr=0-ec=act_prm_tau2_retail-gc=act_prm_actions_only-tc=sft_flat-rbc=default-nb=200-nt=0-mc=hf_qwen3_4b_instru-0474f413
act_prm_tau2_retail,s2,retail_s2_thoughts_policy_adamw30_lr1e_3_adamw_nb6_validate_heldout,adamw,0.001,3,2.377462,0.771554,0.745087,2.530214,13459.0,19282.0,retail_s2_thoughts_policy_adamw30_lr1e_3_adamw_nb6_validate_heldout-act-prm-ia=0-rr=0-ec=act_prm_tau2_retail-gc=act_prm_actions_only-tc=sft_flat-rbc=default-nb=6-nt=0-mc=hf_qwen3_4b_instruct-56ad0f43
act_prm_tau2_retail,s2,retail_s2_thoughts_policy_adamw30_lr1e_3_adamw_nb6_validate_heldout,adamw,0.001,5,2.244941,0.781427,0.75472,2.387975,13459.0,19282.0,retail_s2_thoughts_policy_adamw30_lr1e_3_adamw_nb6_validate_heldout-act-prm-ia=0-rr=0-ec=act_prm_tau2_retail-gc=act_prm_actions_only-tc=sft_flat-rbc=default-nb=6-nt=0-mc=hf_qwen3_4b_instruct-56ad0f43
act_prm_tau2_retail,s2,retail_s2_thoughts_policy_adamw30_lr1e_3_nb1000_flat32sgd1k_heldout,sgd,0.001,10,3.108901,0.773258,0.726014,3.776217,13459.0,19282.0,retail_s2_thoughts_policy_adamw30_lr1e_3_nb1000_flat32sgd1k_heldout-act-prm-ia=0-rr=0-ec=act_prm_tau2_retail-gc=act_prm_actions_only-tc=sft_flat-rbc=default-nb=1000-nt=0-mc=hf_qwen3_4b_instr-067bc595
act_prm_tau2_retail,s2,retail_s2_thoughts_policy_adamw30_lr1e_3_nb1000_flat32sgd1k_heldout,sgd,0.001,20,3.086852,0.77306,0.726159,3.742169,13459.0,19282.0,retail_s2_thoughts_policy_adamw30_lr1e_3_nb1000_flat32sgd1k_heldout-act-prm-ia=0-rr=0-ec=act_prm_tau2_retail-gc=act_prm_actions_only-tc=sft_flat-rbc=default-nb=1000-nt=0-mc=hf_qwen3_4b_instr-067bc595
act_prm_tau2_retail,s2,retail_s2_thoughts_policy_adamw30_lr1e_3_nb1000_flat32sgd1k_heldout,sgd,0.001,30,3.070307,0.773147,0.726769,3.710953,13459.0,19282.0,retail_s2_thoughts_policy_adamw30_lr1e_3_nb1000_flat32sgd1k_heldout-act-prm-ia=0-rr=0-ec=act_prm_tau2_retail-gc=act_prm_actions_only-tc=sft_flat-rbc=default-nb=1000-nt=0-mc=hf_qwen3_4b_instr-067bc595
act_prm_tau2_retail,s2,retail_s2_thoughts_policy_adamw30_lr1e_3_nb1000_flat32sgd1k_heldout,sgd,0.001,40,3.040948,0.773347,0.727665,3.65373,13459.0,19282.0,retail_s2_thoughts_policy_adamw30_lr1e_3_nb1000_flat32sgd1k_heldout-act-prm-ia=0-rr=0-ec=act_prm_tau2_retail-gc=act_prm_actions_only-tc=sft_flat-rbc=default-nb=1000-nt=0-mc=hf_qwen3_4b_instr-067bc595
act_prm_tau2_retail,s2,retail_s2_thoughts_policy_adamw30_lr1e_3_nb1000_flat32sgd1k_heldout,sgd,0.001,50,3.004171,0.773432,0.727651,3.592464,13459.0,19282.0,retail_s2_thoughts_policy_adamw30_lr1e_3_nb1000_flat32sgd1k_heldout-act-prm-ia=0-rr=0-ec=act_prm_tau2_retail-gc=act_prm_actions_only-tc=sft_flat-rbc=default-nb=1000-nt=0-mc=hf_qwen3_4b_instr-067bc595
act_prm_tau2_retail,s2,retail_s2_thoughts_policy_adamw30_lr1e_3_nb1000_flat32sgd1k_heldout,sgd,0.001,60,2.965987,0.773828,0.728198,3.524666,13459.0,19282.0,retail_s2_thoughts_policy_adamw30_lr1e_3_nb1000_flat32sgd1k_heldout-act-prm-ia=0-rr=0-ec=act_prm_tau2_retail-gc=act_prm_actions_only-tc=sft_flat-rbc=default-nb=1000-nt=0-mc=hf_qwen3_4b_instr-067bc595
act_prm_tau2_retail,s2,retail_s2_thoughts_policy_adamw30_lr1e_3_nb1000_flat32sgd1k_heldout,sgd,0.001,70,2.921233,0.773575,0.729286,3.448286,13459.0,19282.0,retail_s2_thoughts_policy_adamw30_lr1e_3_nb1000_flat32sgd1k_heldout-act-prm-ia=0-rr=0-ec=act_prm_tau2_retail-gc=act_prm_actions_only-tc=sft_flat-rbc=default-nb=1000-nt=0-mc=hf_qwen3_4b_instr-067bc595
act_prm_tau2_retail,s2,retail_s2_thoughts_policy_adamw30_lr1e_3_nb1000_flat32sgd1k_heldout,sgd,0.001,80,2.883911,0.773955,0.729675,3.380755,13459.0,19282.0,retail_s2_thoughts_policy_adamw30_lr1e_3_nb1000_flat32sgd1k_heldout-act-prm-ia=0-rr=0-ec=act_prm_tau2_retail-gc=act_prm_actions_only-tc=sft_flat-rbc=default-nb=1000-nt=0-mc=hf_qwen3_4b_instr-067bc595
act_prm_tau2_retail,s2,retail_s2_thoughts_policy_adamw30_lr1e_3_nb1000_flat32sgd1k_heldout,sgd,0.001,90,2.842352,0.774108,0.730961,3.309188,13459.0,19282.0,retail_s2_thoughts_policy_adamw30_lr1e_3_nb1000_flat32sgd1k_heldout-act-prm-ia=0-rr=0-ec=act_prm_tau2_retail-gc=act_prm_actions_only-tc=sft_flat-rbc=default-nb=1000-nt=0-mc=hf_qwen3_4b_instr-067bc595
act_prm_tau2_retail,s2,retail_s2_thoughts_policy_adamw30_lr1e_3_nb1000_flat32sgd1k_heldout,sgd,0.001,100,2.795445,0.774529,0.731609,3.228566,13459.0,19282.0,retail_s2_thoughts_policy_adamw30_lr1e_3_nb1000_flat32sgd1k_heldout-act-prm-ia=0-rr=0-ec=act_prm_tau2_retail-gc=act_prm_actions_only-tc=sft_flat-rbc=default-nb=1000-nt=0-mc=hf_qwen3_4b_instr-067bc595
act_prm_tau2_retail,s2,retail_s2_thoughts_policy_adamw30_lr1e_3_nb1000_flat32sgd1k_heldout,sgd,0.001,110,2.74663,0.774928,0.732765,3.146229,13459.0,19282.0,retail_s2_thoughts_policy_adamw30_lr1e_3_nb1000_flat32sgd1k_heldout-act-prm-ia=0-rr=0-ec=act_prm_tau2_retail-gc=act_prm_actions_only-tc=sft_flat-rbc=default-nb=1000-nt=0-mc=hf_qwen3_4b_instr-067bc595
act_prm_tau2_retail,s2,retail_s2_thoughts_policy_adamw30_lr1e_3_nb1000_flat32sgd1k_heldout,sgd,0.001,120,2.705718,0.774626,0.733777,3.071246,13459.0,19282.0,retail_s2_thoughts_policy_adamw30_lr1e_3_nb1000_flat32sgd1k_heldout-act-prm-ia=0-rr=0-ec=act_prm_tau2_retail-gc=act_prm_actions_only-tc=sft_flat-rbc=default-nb=1000-nt=0-mc=hf_qwen3_4b_instr-067bc595
act_prm_tau2_retail,s2,retail_s2_thoughts_policy_adamw30_lr1e_3_nb1000_flat32sgd1k_heldout,sgd,0.001,130,2.660723,0.775054,0.735257,3.001243,13459.0,19282.0,retail_s2_thoughts_policy_adamw30_lr1e_3_nb1000_flat32sgd1k_heldout-act-prm-ia=0-rr=0-ec=act_prm_tau2_retail-gc=act_prm_actions_only-tc=sft_flat-rbc=default-nb=1000-nt=0-mc=hf_qwen3_4b_instr-067bc595
act_prm_tau2_retail,s2,retail_s2_thoughts_policy_adamw30_lr1e_3_nb1000_flat32sgd1k_heldout,sgd,0.001,140,2.617758,0.775439,0.736447,2.931676,13459.0,19282.0,retail_s2_thoughts_policy_adamw30_lr1e_3_nb1000_flat32sgd1k_heldout-act-prm-ia=0-rr=0-ec=act_prm_tau2_retail-gc=act_prm_actions_only-tc=sft_flat-rbc=default-nb=1000-nt=0-mc=hf_qwen3_4b_instr-067bc595
act_prm_tau2_retail,s2,retail_s2_thoughts_policy_adamw30_lr1e_3_nb1000_flat32sgd1k_heldout,sgd,0.001,150,2.585036,0.775359,0.737421,2.874706,13459.0,19282.0,retail_s2_thoughts_policy_adamw30_lr1e_3_nb1000_flat32sgd1k_heldout-act-prm-ia=0-rr=0-ec=act_prm_tau2_retail-gc=act_prm_actions_only-tc=sft_flat-rbc=default-nb=1000-nt=0-mc=hf_qwen3_4b_instr-067bc595
act_prm_tau2_retail,s2,retail_s2_thoughts_policy_adamw30_lr1e_3_nb1000_flat32sgd1k_heldout,sgd,0.001,160,2.54926,0.775562,0.7387,2.821874,13459.0,19282.0,retail_s2_thoughts_policy_adamw30_lr1e_3_nb1000_flat32sgd1k_heldout-act-prm-ia=0-rr=0-ec=act_prm_tau2_retail-gc=act_prm_actions_only-tc=sft_flat-rbc=default-nb=1000-nt=0-mc=hf_qwen3_4b_instr-067bc595
act_prm_tau2_retail,s2,retail_s2_thoughts_policy_adamw30_lr1e_3_nb1000_flat32sgd1k_heldout,sgd,0.001,170,2.522027,0.775413,0.739737,2.778146,13459.0,19282.0,retail_s2_thoughts_policy_adamw30_lr1e_3_nb1000_flat32sgd1k_heldout-act-prm-ia=0-rr=0-ec=act_prm_tau2_retail-gc=act_prm_actions_only-tc=sft_flat-rbc=default-nb=1000-nt=0-mc=hf_qwen3_4b_instr-067bc595
act_prm_tau2_retail,s2,retail_s2_thoughts_policy_adamw30_lr1e_3_nb1000_flat32sgd1k_heldout,sgd,0.001,180,2.497308,0.775971,0.740972,2.743397,13459.0,19282.0,retail_s2_thoughts_policy_adamw30_lr1e_3_nb1000_flat32sgd1k_heldout-act-prm-ia=0-rr=0-ec=act_prm_tau2_retail-gc=act_prm_actions_only-tc=sft_flat-rbc=default-nb=1000-nt=0-mc=hf_qwen3_4b_instr-067bc595
act_prm_tau2_retail,s2,retail_s2_thoughts_policy_adamw30_lr1e_3_nb1000_flat32sgd1k_heldout,sgd,0.001,190,2.473548,0.77501,0.740211,2.707499,13459.0,19282.0,retail_s2_thoughts_policy_adamw30_lr1e_3_nb1000_flat32sgd1k_heldout-act-prm-ia=0-rr=0-ec=act_prm_tau2_retail-gc=act_prm_actions_only-tc=sft_flat-rbc=default-nb=1000-nt=0-mc=hf_qwen3_4b_instr-067bc595
act_prm_tau2_retail,s2,retail_s2_thoughts_policy_adamw30_lr1e_3_nb1000_flat32sgd1k_heldout,sgd,0.001,200,2.458596,0.77583,0.741615,2.678869,13459.0,19282.0,retail_s2_thoughts_policy_adamw30_lr1e_3_nb1000_flat32sgd1k_heldout-act-prm-ia=0-rr=0-ec=act_prm_tau2_retail-gc=act_prm_actions_only-tc=sft_flat-rbc=default-nb=1000-nt=0-mc=hf_qwen3_4b_instr-067bc595
act_prm_tau2_retail,s2,retail_s2_thoughts_policy_adamw30_lr1e_3_nb1000_flat32sgd1k_heldout,sgd,0.001,210,2.442551,0.775666,0.742957,2.656538,13459.0,19282.0,retail_s2_thoughts_policy_adamw30_lr1e_3_nb1000_flat32sgd1k_heldout-act-prm-ia=0-rr=0-ec=act_prm_tau2_retail-gc=act_prm_actions_only-tc=sft_flat-rbc=default-nb=1000-nt=0-mc=hf_qwen3_4b_instr-067bc595
act_prm_tau2_retail,s2,retail_s2_thoughts_policy_adamw30_lr1e_3_nb1000_flat32sgd1k_heldout,sgd,0.001,220,2.427882,0.775789,0.743085,2.633733,13459.0,19282.0,retail_s2_thoughts_policy_adamw30_lr1e_3_nb1000_flat32sgd1k_heldout-act-prm-ia=0-rr=0-ec=act_prm_tau2_retail-gc=act_prm_actions_only-tc=sft_flat-rbc=default-nb=1000-nt=0-mc=hf_qwen3_4b_instr-067bc595
act_prm_tau2_retail,s2,retail_s2_thoughts_policy_adamw30_lr1e_3_nb1000_flat32sgd1k_heldout,sgd,0.001,230,2.413383,0.775878,0.742912,2.615033,13459.0,19282.0,retail_s2_thoughts_policy_adamw30_lr1e_3_nb1000_flat32sgd1k_heldout-act-prm-ia=0-rr=0-ec=act_prm_tau2_retail-gc=act_prm_actions_only-tc=sft_flat-rbc=default-nb=1000-nt=0-mc=hf_qwen3_4b_instr-067bc595
act_prm_tau2_retail,s2,retail_s2_thoughts_policy_adamw30_lr1e_3_nb1000_flat32sgd1k_heldout,sgd,0.001,240,2.402246,0.776606,0.744445,2.598639,13459.0,19282.0,retail_s2_thoughts_policy_adamw30_lr1e_3_nb1000_flat32sgd1k_heldout-act-prm-ia=0-rr=0-ec=act_prm_tau2_retail-gc=act_prm_actions_only-tc=sft_flat-rbc=default-nb=1000-nt=0-mc=hf_qwen3_4b_instr-067bc595
act_prm_tau2_retail,s2,retail_s2_thoughts_policy_adamw30_lr1e_3_nb1000_flat32sgd1k_heldout,sgd,0.001,250,2.393383,0.776204,0.744616,2.585875,13459.0,19282.0,retail_s2_thoughts_policy_adamw30_lr1e_3_nb1000_flat32sgd1k_heldout-act-prm-ia=0-rr=0-ec=act_prm_tau2_retail-gc=act_prm_actions_only-tc=sft_flat-rbc=default-nb=1000-nt=0-mc=hf_qwen3_4b_instr-067bc595
act_prm_tau2_retail,s2,retail_s2_thoughts_policy_adamw30_lr1e_3_nb1000_flat32sgd1k_heldout,sgd,0.001,260,2.384921,0.776249,0.745036,2.571669,13459.0,19282.0,retail_s2_thoughts_policy_adamw30_lr1e_3_nb1000_flat32sgd1k_heldout-act-prm-ia=0-rr=0-ec=act_prm_tau2_retail-gc=act_prm_actions_only-tc=sft_flat-rbc=default-nb=1000-nt=0-mc=hf_qwen3_4b_instr-067bc595
act_prm_tau2_retail,s2,retail_s2_thoughts_policy_adamw30_lr1e_3_nb1000_flat32sgd1k_heldout,sgd,0.001,270,2.37546,0.776336,0.745171,2.56287,13459.0,19282.0,retail_s2_thoughts_policy_adamw30_lr1e_3_nb1000_flat32sgd1k_heldout-act-prm-ia=0-rr=0-ec=act_prm_tau2_retail-gc=act_prm_actions_only-tc=sft_flat-rbc=default-nb=1000-nt=0-mc=hf_qwen3_4b_instr-067bc595
act_prm_tau2_retail,s2,retail_s2_thoughts_policy_adamw30_lr1e_3_nb1000_flat32sgd1k_heldout,sgd,0.001,280,2.366058,0.775767,0.744984,2.550815,13459.0,19282.0,retail_s2_thoughts_policy_adamw30_lr1e_3_nb1000_flat32sgd1k_heldout-act-prm-ia=0-rr=0-ec=act_prm_tau2_retail-gc=act_prm_actions_only-tc=sft_flat-rbc=default-nb=1000-nt=0-mc=hf_qwen3_4b_instr-067bc595
act_prm_tau2_retail,s2,retail_s2_thoughts_policy_adamw30_lr1e_3_nb1000_flat32sgd1k_heldout,sgd,0.001,290,2.361675,0.777139,0.746109,2.54127,13459.0,19282.0,retail_s2_thoughts_policy_adamw30_lr1e_3_nb1000_flat32sgd1k_heldout-act-prm-ia=0-rr=0-ec=act_prm_tau2_retail-gc=act_prm_actions_only-tc=sft_flat-rbc=default-nb=1000-nt=0-mc=hf_qwen3_4b_instr-067bc595
act_prm_tau2_retail,s2,retail_s2_thoughts_policy_adamw30_lr1e_3_nb1000_flat32sgd1k_heldout,sgd,0.001,300,2.356565,0.77656,0.745906,2.532559,13459.0,19282.0,retail_s2_thoughts_policy_adamw30_lr1e_3_nb1000_flat32sgd1k_heldout-act-prm-ia=0-rr=0-ec=act_prm_tau2_retail-gc=act_prm_actions_only-tc=sft_flat-rbc=default-nb=1000-nt=0-mc=hf_qwen3_4b_instr-067bc595
act_prm_tau2_retail,s2,retail_s2_thoughts_policy_adamw30_lr1e_3_nb1000_flat32sgd1k_heldout,sgd,0.001,310,2.351712,0.777624,0.746791,2.526577,13459.0,19282.0,retail_s2_thoughts_policy_adamw30_lr1e_3_nb1000_flat32sgd1k_heldout-act-prm-ia=0-rr=0-ec=act_prm_tau2_retail-gc=act_prm_actions_only-tc=sft_flat-rbc=default-nb=1000-nt=0-mc=hf_qwen3_4b_instr-067bc595
act_prm_tau2_retail,s2,retail_s2_thoughts_policy_adamw30_lr1e_3_nb1000_flat32sgd1k_heldout,sgd,0.001,320,2.346126,0.777479,0.746858,2.519121,13459.0,19282.0,retail_s2_thoughts_policy_adamw30_lr1e_3_nb1000_flat32sgd1k_heldout-act-prm-ia=0-rr=0-ec=act_prm_tau2_retail-gc=act_prm_actions_only-tc=sft_flat-rbc=default-nb=1000-nt=0-mc=hf_qwen3_4b_instr-067bc595
act_prm_tau2_retail,s2,retail_s2_thoughts_policy_adamw30_lr1e_3_nb1000_flat32sgd1k_heldout,sgd,0.001,330,2.339192,0.777562,0.746577,2.509902,13459.0,19282.0,retail_s2_thoughts_policy_adamw30_lr1e_3_nb1000_flat32sgd1k_heldout-act-prm-ia=0-rr=0-ec=act_prm_tau2_retail-gc=act_prm_actions_only-tc=sft_flat-rbc=default-nb=1000-nt=0-mc=hf_qwen3_4b_instr-067bc595
act_prm_tau2_retail,s2,retail_s2_thoughts_policy_adamw30_lr1e_3_nb1000_flat32sgd1k_heldout,sgd,0.001,340,2.337598,0.777363,0.74734,2.507373,13459.0,19282.0,retail_s2_thoughts_policy_adamw30_lr1e_3_nb1000_flat32sgd1k_heldout-act-prm-ia=0-rr=0-ec=act_prm_tau2_retail-gc=act_prm_actions_only-tc=sft_flat-rbc=default-nb=1000-nt=0-mc=hf_qwen3_4b_instr-067bc595
act_prm_tau2_retail,s2,retail_s2_thoughts_policy_adamw30_lr1e_3_nb1000_flat32sgd1k_heldout,sgd,0.001,350,2.332202,0.777316,0.74709,2.501033,13459.0,19282.0,retail_s2_thoughts_policy_adamw30_lr1e_3_nb1000_flat32sgd1k_heldout-act-prm-ia=0-rr=0-ec=act_prm_tau2_retail-gc=act_prm_actions_only-tc=sft_flat-rbc=default-nb=1000-nt=0-mc=hf_qwen3_4b_instr-067bc595
act_prm_tau2_retail,s2,retail_s2_thoughts_policy_adamw30_lr1e_3_nb1000_flat32sgd1k_heldout,sgd,0.001,360,2.330364,0.777918,0.747534,2.496743,13459.0,19282.0,retail_s2_thoughts_policy_adamw30_lr1e_3_nb1000_flat32sgd1k_heldout-act-prm-ia=0-rr=0-ec=act_prm_tau2_retail-gc=act_prm_actions_only-tc=sft_flat-rbc=default-nb=1000-nt=0-mc=hf_qwen3_4b_instr-067bc595
act_prm_tau2_retail,s2,retail_s2_thoughts_policy_adamw30_lr1e_3_nb1000_flat32sgd1k_heldout,sgd,0.001,370,2.323732,0.777772,0.747932,2.490814,13459.0,19282.0,retail_s2_thoughts_policy_adamw30_lr1e_3_nb1000_flat32sgd1k_heldout-act-prm-ia=0-rr=0-ec=act_prm_tau2_retail-gc=act_prm_actions_only-tc=sft_flat-rbc=default-nb=1000-nt=0-mc=hf_qwen3_4b_instr-067bc595
act_prm_tau2_retail,s2,retail_s2_thoughts_policy_adamw30_lr1e_3_nb1000_flat32sgd1k_heldout,sgd,0.001,380,2.324542,0.777968,0.747955,2.48946,13459.0,19282.0,retail_s2_thoughts_policy_adamw30_lr1e_3_nb1000_flat32sgd1k_heldout-act-prm-ia=0-rr=0-ec=act_prm_tau2_retail-gc=act_prm_actions_only-tc=sft_flat-rbc=default-nb=1000-nt=0-mc=hf_qwen3_4b_instr-067bc595
act_prm_tau2_retail,s2,retail_s2_thoughts_policy_adamw30_lr1e_3_nb1000_flat32sgd1k_heldout,sgd,0.001,390,2.320084,0.777901,0.748277,2.484298,13459.0,19282.0,retail_s2_thoughts_policy_adamw30_lr1e_3_nb1000_flat32sgd1k_heldout-act-prm-ia=0-rr=0-ec=act_prm_tau2_retail-gc=act_prm_actions_only-tc=sft_flat-rbc=default-nb=1000-nt=0-mc=hf_qwen3_4b_instr-067bc595
act_prm_tau2_retail,s2,retail_s2_thoughts_policy_adamw30_lr1e_3_nb1000_flat32sgd1k_heldout,sgd,0.001,400,2.317694,0.777833,0.747121,2.480469,13459.0,19282.0,retail_s2_thoughts_policy_adamw30_lr1e_3_nb1000_flat32sgd1k_heldout-act-prm-ia=0-rr=0-ec=act_prm_tau2_retail-gc=act_prm_actions_only-tc=sft_flat-rbc=default-nb=1000-nt=0-mc=hf_qwen3_4b_instr-067bc595
act_prm_tau2_retail,s2,retail_s2_thoughts_policy_adamw30_lr1e_3_nb1000_flat32sgd1k_heldout,sgd,0.001,410,2.315414,0.778926,0.748796,2.476532,13459.0,19282.0,retail_s2_thoughts_policy_adamw30_lr1e_3_nb1000_flat32sgd1k_heldout-act-prm-ia=0-rr=0-ec=act_prm_tau2_retail-gc=act_prm_actions_only-tc=sft_flat-rbc=default-nb=1000-nt=0-mc=hf_qwen3_4b_instr-067bc595
act_prm_tau2_retail,s2,retail_s2_thoughts_policy_adamw30_lr1e_3_nb1000_flat32sgd1k_heldout,sgd,0.001,420,2.310479,0.778645,0.748669,2.471128,13459.0,19282.0,retail_s2_thoughts_policy_adamw30_lr1e_3_nb1000_flat32sgd1k_heldout-act-prm-ia=0-rr=0-ec=act_prm_tau2_retail-gc=act_prm_actions_only-tc=sft_flat-rbc=default-nb=1000-nt=0-mc=hf_qwen3_4b_instr-067bc595
act_prm_tau2_retail,s2,retail_s2_thoughts_policy_adamw30_lr1e_3_nb1000_flat32sgd1k_heldout,sgd,0.001,430,2.309322,0.778398,0.749102,2.467119,13459.0,19282.0,retail_s2_thoughts_policy_adamw30_lr1e_3_nb1000_flat32sgd1k_heldout-act-prm-ia=0-rr=0-ec=act_prm_tau2_retail-gc=act_prm_actions_only-tc=sft_flat-rbc=default-nb=1000-nt=0-mc=hf_qwen3_4b_instr-067bc595
act_prm_tau2_retail,s2,retail_s2_thoughts_policy_adamw30_lr1e_3_nb1000_flat32sgd1k_heldout,sgd,0.001,440,2.308356,0.778104,0.7489,2.464613,13459.0,19282.0,retail_s2_thoughts_policy_adamw30_lr1e_3_nb1000_flat32sgd1k_heldout-act-prm-ia=0-rr=0-ec=act_prm_tau2_retail-gc=act_prm_actions_only-tc=sft_flat-rbc=default-nb=1000-nt=0-mc=hf_qwen3_4b_instr-067bc595
act_prm_tau2_retail,s2,retail_s2_thoughts_policy_adamw30_lr1e_3_nb1000_flat32sgd1k_heldout,sgd,0.001,450,2.303043,0.778772,0.749573,2.461177,13459.0,19282.0,retail_s2_thoughts_policy_adamw30_lr1e_3_nb1000_flat32sgd1k_heldout-act-prm-ia=0-rr=0-ec=act_prm_tau2_retail-gc=act_prm_actions_only-tc=sft_flat-rbc=default-nb=1000-nt=0-mc=hf_qwen3_4b_instr-067bc595
act_prm_tau2_retail,s2,retail_s2_thoughts_policy_adamw30_lr1e_3_nb1000_flat32sgd1k_heldout,sgd,0.001,460,2.301761,0.778825,0.749757,2.458867,13459.0,19282.0,retail_s2_thoughts_policy_adamw30_lr1e_3_nb1000_flat32sgd1k_heldout-act-prm-ia=0-rr=0-ec=act_prm_tau2_retail-gc=act_prm_actions_only-tc=sft_flat-rbc=default-nb=1000-nt=0-mc=hf_qwen3_4b_instr-067bc595
act_prm_tau2_retail,s2,retail_s2_thoughts_policy_adamw30_lr1e_3_nb1000_flat32sgd1k_heldout,sgd,0.001,470,2.299511,0.778139,0.74977,2.45519,13459.0,19282.0,retail_s2_thoughts_policy_adamw30_lr1e_3_nb1000_flat32sgd1k_heldout-act-prm-ia=0-rr=0-ec=act_prm_tau2_retail-gc=act_prm_actions_only-tc=sft_flat-rbc=default-nb=1000-nt=0-mc=hf_qwen3_4b_instr-067bc595
act_prm_tau2_retail,s2,retail_s2_thoughts_policy_adamw30_lr1e_3_nb1000_flat32sgd1k_heldout,sgd,0.001,480,2.297425,0.779485,0.75027,2.452415,13459.0,19282.0,retail_s2_thoughts_policy_adamw30_lr1e_3_nb1000_flat32sgd1k_heldout-act-prm-ia=0-rr=0-ec=act_prm_tau2_retail-gc=act_prm_actions_only-tc=sft_flat-rbc=default-nb=1000-nt=0-mc=hf_qwen3_4b_instr-067bc595
act_prm_tau2_retail,s2,retail_s2_thoughts_policy_adamw30_lr1e_3_nb1000_flat32sgd1k_heldout,sgd,0.001,490,2.295886,0.779427,0.749998,2.451694,13459.0,19282.0,retail_s2_thoughts_policy_adamw30_lr1e_3_nb1000_flat32sgd1k_heldout-act-prm-ia=0-rr=0-ec=act_prm_tau2_retail-gc=act_prm_actions_only-tc=sft_flat-rbc=default-nb=1000-nt=0-mc=hf_qwen3_4b_instr-067bc595
act_prm_tau2_retail,s2,retail_s2_thoughts_policy_adamw30_lr1e_3_nb1000_flat32sgd1k_heldout,sgd,0.001,500,2.296215,0.779276,0.7504,2.447761,13459.0,19282.0,retail_s2_thoughts_policy_adamw30_lr1e_3_nb1000_flat32sgd1k_heldout-act-prm-ia=0-rr=0-ec=act_prm_tau2_retail-gc=act_prm_actions_only-tc=sft_flat-rbc=default-nb=1000-nt=0-mc=hf_qwen3_4b_instr-067bc595
act_prm_tau2_retail,s2,retail_s2_thoughts_policy_adamw30_lr1e_3_nb1000_flat32sgd1k_heldout,sgd,0.001,510,2.292412,0.779783,0.750806,2.444144,13459.0,19282.0,retail_s2_thoughts_policy_adamw30_lr1e_3_nb1000_flat32sgd1k_heldout-act-prm-ia=0-rr=0-ec=act_prm_tau2_retail-gc=act_prm_actions_only-tc=sft_flat-rbc=default-nb=1000-nt=0-mc=hf_qwen3_4b_instr-067bc595
act_prm_tau2_retail,s2,retail_s2_thoughts_policy_adamw30_lr1e_3_nb1000_flat32sgd1k_heldout,sgd,0.001,520,2.290424,0.779307,0.750489,2.440584,13459.0,19282.0,retail_s2_thoughts_policy_adamw30_lr1e_3_nb1000_flat32sgd1k_heldout-act-prm-ia=0-rr=0-ec=act_prm_tau2_retail-gc=act_prm_actions_only-tc=sft_flat-rbc=default-nb=1000-nt=0-mc=hf_qwen3_4b_instr-067bc595
act_prm_tau2_retail,s2,retail_s2_thoughts_policy_adamw30_lr1e_3_nb1000_flat32sgd1k_heldout,sgd,0.001,530,2.289022,0.780209,0.75073,2.440204,13459.0,19282.0,retail_s2_thoughts_policy_adamw30_lr1e_3_nb1000_flat32sgd1k_heldout-act-prm-ia=0-rr=0-ec=act_prm_tau2_retail-gc=act_prm_actions_only-tc=sft_flat-rbc=default-nb=1000-nt=0-mc=hf_qwen3_4b_instr-067bc595
act_prm_tau2_retail,s2,retail_s2_thoughts_policy_adamw30_lr1e_3_nb1000_flat32sgd1k_heldout,sgd,0.001,540,2.288008,0.779966,0.750974,2.437944,13459.0,19282.0,retail_s2_thoughts_policy_adamw30_lr1e_3_nb1000_flat32sgd1k_heldout-act-prm-ia=0-rr=0-ec=act_prm_tau2_retail-gc=act_prm_actions_only-tc=sft_flat-rbc=default-nb=1000-nt=0-mc=hf_qwen3_4b_instr-067bc595
act_prm_tau2_retail,s2,retail_s2_thoughts_policy_adamw30_lr1e_3_nb1000_flat32sgd1k_heldout,sgd,0.001,550,2.28658,0.78108,0.751396,2.435715,13459.0,19282.0,retail_s2_thoughts_policy_adamw30_lr1e_3_nb1000_flat32sgd1k_heldout-act-prm-ia=0-rr=0-ec=act_prm_tau2_retail-gc=act_prm_actions_only-tc=sft_flat-rbc=default-nb=1000-nt=0-mc=hf_qwen3_4b_instr-067bc595
act_prm_tau2_retail,s2,retail_s2_thoughts_policy_adamw30_lr1e_3_nb1000_flat32sgd1k_heldout,sgd,0.001,560,2.284472,0.780949,0.751565,2.434684,13459.0,19282.0,retail_s2_thoughts_policy_adamw30_lr1e_3_nb1000_flat32sgd1k_heldout-act-prm-ia=0-rr=0-ec=act_prm_tau2_retail-gc=act_prm_actions_only-tc=sft_flat-rbc=default-nb=1000-nt=0-mc=hf_qwen3_4b_instr-067bc595
act_prm_tau2_retail,s2,retail_s2_thoughts_policy_adamw30_lr1e_3_nb1000_flat32sgd1k_heldout,sgd,0.001,570,2.284508,0.780867,0.751109,2.431483,13459.0,19282.0,retail_s2_thoughts_policy_adamw30_lr1e_3_nb1000_flat32sgd1k_heldout-act-prm-ia=0-rr=0-ec=act_prm_tau2_retail-gc=act_prm_actions_only-tc=sft_flat-rbc=default-nb=1000-nt=0-mc=hf_qwen3_4b_instr-067bc595
act_prm_tau2_retail,s2,retail_s2_thoughts_policy_adamw30_lr1e_3_nb1000_flat32sgd1k_heldout,sgd,0.001,580,2.282537,0.781338,0.752353,2.429958,13459.0,19282.0,retail_s2_thoughts_policy_adamw30_lr1e_3_nb1000_flat32sgd1k_heldout-act-prm-ia=0-rr=0-ec=act_prm_tau2_retail-gc=act_prm_actions_only-tc=sft_flat-rbc=default-nb=1000-nt=0-mc=hf_qwen3_4b_instr-067bc595
act_prm_tau2_retail,s2,retail_s2_thoughts_policy_adamw30_lr1e_3_nb1000_flat32sgd1k_heldout,sgd,0.001,590,2.281134,0.781442,0.751408,2.429114,13459.0,19282.0,retail_s2_thoughts_policy_adamw30_lr1e_3_nb1000_flat32sgd1k_heldout-act-prm-ia=0-rr=0-ec=act_prm_tau2_retail-gc=act_prm_actions_only-tc=sft_flat-rbc=default-nb=1000-nt=0-mc=hf_qwen3_4b_instr-067bc595
act_prm_tau2_retail,s2,retail_s2_thoughts_policy_adamw30_lr1e_3_nb1000_flat32sgd1k_heldout,sgd,0.001,600,2.281242,0.781709,0.752155,2.426829,13459.0,19282.0,retail_s2_thoughts_policy_adamw30_lr1e_3_nb1000_flat32sgd1k_heldout-act-prm-ia=0-rr=0-ec=act_prm_tau2_retail-gc=act_prm_actions_only-tc=sft_flat-rbc=default-nb=1000-nt=0-mc=hf_qwen3_4b_instr-067bc595
act_prm_tau2_retail,s2,retail_s2_thoughts_policy_adamw30_lr1e_3_nb1000_flat32sgd1k_heldout,sgd,0.001,610,2.279563,0.781617,0.75214,2.425364,13459.0,19282.0,retail_s2_thoughts_policy_adamw30_lr1e_3_nb1000_flat32sgd1k_heldout-act-prm-ia=0-rr=0-ec=act_prm_tau2_retail-gc=act_prm_actions_only-tc=sft_flat-rbc=default-nb=1000-nt=0-mc=hf_qwen3_4b_instr-067bc595
act_prm_tau2_retail,s2,retail_s2_thoughts_policy_adamw30_lr1e_3_nb1000_flat32sgd1k_heldout,sgd,0.001,620,2.277058,0.781441,0.75193,2.422365,13459.0,19282.0,retail_s2_thoughts_policy_adamw30_lr1e_3_nb1000_flat32sgd1k_heldout-act-prm-ia=0-rr=0-ec=act_prm_tau2_retail-gc=act_prm_actions_only-tc=sft_flat-rbc=default-nb=1000-nt=0-mc=hf_qwen3_4b_instr-067bc595
act_prm_tau2_retail,s2,retail_s2_thoughts_policy_adamw30_lr1e_3_nb1000_flat32sgd1k_heldout,sgd,0.001,630,2.277422,0.781941,0.752602,2.421119,13459.0,19282.0,retail_s2_thoughts_policy_adamw30_lr1e_3_nb1000_flat32sgd1k_heldout-act-prm-ia=0-rr=0-ec=act_prm_tau2_retail-gc=act_prm_actions_only-tc=sft_flat-rbc=default-nb=1000-nt=0-mc=hf_qwen3_4b_instr-067bc595
act_prm_tau2_retail,s2,retail_s2_thoughts_policy_adamw30_lr1e_3_nb1000_flat32sgd1k_heldout,sgd,0.001,640,2.276683,0.782317,0.752643,2.418206,13459.0,19282.0,retail_s2_thoughts_policy_adamw30_lr1e_3_nb1000_flat32sgd1k_heldout-act-prm-ia=0-rr=0-ec=act_prm_tau2_retail-gc=act_prm_actions_only-tc=sft_flat-rbc=default-nb=1000-nt=0-mc=hf_qwen3_4b_instr-067bc595
act_prm_tau2_retail,s2,retail_s2_thoughts_policy_adamw30_lr1e_3_nb1000_flat32sgd1k_heldout,sgd,0.001,650,2.274679,0.782169,0.752803,2.41681,13459.0,19282.0,retail_s2_thoughts_policy_adamw30_lr1e_3_nb1000_flat32sgd1k_heldout-act-prm-ia=0-rr=0-ec=act_prm_tau2_retail-gc=act_prm_actions_only-tc=sft_flat-rbc=default-nb=1000-nt=0-mc=hf_qwen3_4b_instr-067bc595
act_prm_tau2_retail,s2,retail_s2_thoughts_policy_adamw30_lr1e_3_nb1000_flat32sgd1k_heldout,sgd,0.001,660,2.269974,0.781834,0.753238,2.412124,13459.0,19282.0,retail_s2_thoughts_policy_adamw30_lr1e_3_nb1000_flat32sgd1k_heldout-act-prm-ia=0-rr=0-ec=act_prm_tau2_retail-gc=act_prm_actions_only-tc=sft_flat-rbc=default-nb=1000-nt=0-mc=hf_qwen3_4b_instr-067bc595
act_prm_tau2_retail,s2,retail_s2_thoughts_policy_adamw30_lr1e_3_nb1000_flat32sgd1k_heldout,sgd,0.001,670,2.271806,0.782802,0.754017,2.411751,13459.0,19282.0,retail_s2_thoughts_policy_adamw30_lr1e_3_nb1000_flat32sgd1k_heldout-act-prm-ia=0-rr=0-ec=act_prm_tau2_retail-gc=act_prm_actions_only-tc=sft_flat-rbc=default-nb=1000-nt=0-mc=hf_qwen3_4b_instr-067bc595
act_prm_tau2_retail,s2,retail_s2_thoughts_policy_adamw30_lr1e_3_nb1000_flat32sgd1k_heldout,sgd,0.001,680,2.272586,0.782127,0.752812,2.412051,13459.0,19282.0,retail_s2_thoughts_policy_adamw30_lr1e_3_nb1000_flat32sgd1k_heldout-act-prm-ia=0-rr=0-ec=act_prm_tau2_retail-gc=act_prm_actions_only-tc=sft_flat-rbc=default-nb=1000-nt=0-mc=hf_qwen3_4b_instr-067bc595
act_prm_tau2_retail,s2,retail_s2_thoughts_policy_adamw30_lr1e_3_nb1000_flat32sgd1k_heldout,sgd,0.001,690,2.271102,0.782375,0.753624,2.411951,13459.0,19282.0,retail_s2_thoughts_policy_adamw30_lr1e_3_nb1000_flat32sgd1k_heldout-act-prm-ia=0-rr=0-ec=act_prm_tau2_retail-gc=act_prm_actions_only-tc=sft_flat-rbc=default-nb=1000-nt=0-mc=hf_qwen3_4b_instr-067bc595
act_prm_tau2_retail,s2,retail_s2_thoughts_policy_adamw30_lr1e_3_nb1000_flat32sgd1k_heldout,sgd,0.001,700,2.271166,0.781982,0.752738,2.407731,13459.0,19282.0,retail_s2_thoughts_policy_adamw30_lr1e_3_nb1000_flat32sgd1k_heldout-act-prm-ia=0-rr=0-ec=act_prm_tau2_retail-gc=act_prm_actions_only-tc=sft_flat-rbc=default-nb=1000-nt=0-mc=hf_qwen3_4b_instr-067bc595
act_prm_tau2_retail,s2,retail_s2_thoughts_policy_adamw30_lr1e_3_nb1000_flat32sgd1k_heldout,sgd,0.001,710,2.269893,0.782084,0.753303,2.407213,13459.0,19282.0,retail_s2_thoughts_policy_adamw30_lr1e_3_nb1000_flat32sgd1k_heldout-act-prm-ia=0-rr=0-ec=act_prm_tau2_retail-gc=act_prm_actions_only-tc=sft_flat-rbc=default-nb=1000-nt=0-mc=hf_qwen3_4b_instr-067bc595
act_prm_tau2_retail,s2,retail_s2_thoughts_policy_adamw30_lr1e_3_nb1000_flat32sgd1k_heldout,sgd,0.001,720,2.268371,0.782221,0.753568,2.405116,13459.0,19282.0,retail_s2_thoughts_policy_adamw30_lr1e_3_nb1000_flat32sgd1k_heldout-act-prm-ia=0-rr=0-ec=act_prm_tau2_retail-gc=act_prm_actions_only-tc=sft_flat-rbc=default-nb=1000-nt=0-mc=hf_qwen3_4b_instr-067bc595
act_prm_tau2_retail,s2,retail_s2_thoughts_policy_adamw30_lr1e_3_nb1000_flat32sgd1k_heldout,sgd,0.001,730,2.265767,0.782664,0.754135,2.404042,13459.0,19282.0,retail_s2_thoughts_policy_adamw30_lr1e_3_nb1000_flat32sgd1k_heldout-act-prm-ia=0-rr=0-ec=act_prm_tau2_retail-gc=act_prm_actions_only-tc=sft_flat-rbc=default-nb=1000-nt=0-mc=hf_qwen3_4b_instr-067bc595
act_prm_tau2_retail,s2,retail_s2_thoughts_policy_adamw30_lr1e_3_nb1000_flat32sgd1k_heldout,sgd,0.001,740,2.266212,0.783021,0.754574,2.403673,13459.0,19282.0,retail_s2_thoughts_policy_adamw30_lr1e_3_nb1000_flat32sgd1k_heldout-act-prm-ia=0-rr=0-ec=act_prm_tau2_retail-gc=act_prm_actions_only-tc=sft_flat-rbc=default-nb=1000-nt=0-mc=hf_qwen3_4b_instr-067bc595
act_prm_tau2_retail,s2,retail_s2_thoughts_policy_adamw30_lr1e_3_nb1000_flat32sgd1k_heldout,sgd,0.001,750,2.265485,0.78243,0.753772,2.401233,13459.0,19282.0,retail_s2_thoughts_policy_adamw30_lr1e_3_nb1000_flat32sgd1k_heldout-act-prm-ia=0-rr=0-ec=act_prm_tau2_retail-gc=act_prm_actions_only-tc=sft_flat-rbc=default-nb=1000-nt=0-mc=hf_qwen3_4b_instr-067bc595
act_prm_tau2_retail,s2,retail_s2_thoughts_policy_adamw30_lr1e_3_nb1000_flat32sgd1k_heldout,sgd,0.001,760,2.262578,0.78346,0.754672,2.400557,13459.0,19282.0,retail_s2_thoughts_policy_adamw30_lr1e_3_nb1000_flat32sgd1k_heldout-act-prm-ia=0-rr=0-ec=act_prm_tau2_retail-gc=act_prm_actions_only-tc=sft_flat-rbc=default-nb=1000-nt=0-mc=hf_qwen3_4b_instr-067bc595
act_prm_tau2_retail,s2,retail_s2_thoughts_policy_adamw30_lr1e_3_nb1000_flat32sgd1k_heldout,sgd,0.001,770,2.261705,0.783796,0.7545,2.399677,13459.0,19282.0,retail_s2_thoughts_policy_adamw30_lr1e_3_nb1000_flat32sgd1k_heldout-act-prm-ia=0-rr=0-ec=act_prm_tau2_retail-gc=act_prm_actions_only-tc=sft_flat-rbc=default-nb=1000-nt=0-mc=hf_qwen3_4b_instr-067bc595
act_prm_tau2_retail,s2,retail_s2_thoughts_policy_adamw30_lr1e_3_nb1000_flat32sgd1k_heldout,sgd,0.001,780,2.262033,0.784138,0.755287,2.39854,13459.0,19282.0,retail_s2_thoughts_policy_adamw30_lr1e_3_nb1000_flat32sgd1k_heldout-act-prm-ia=0-rr=0-ec=act_prm_tau2_retail-gc=act_prm_actions_only-tc=sft_flat-rbc=default-nb=1000-nt=0-mc=hf_qwen3_4b_instr-067bc595
act_prm_tau2_retail,s2,retail_s2_thoughts_policy_adamw30_lr1e_3_nb1000_flat32sgd1k_heldout,sgd,0.001,790,2.260624,0.783697,0.754854,2.397627,13459.0,19282.0,retail_s2_thoughts_policy_adamw30_lr1e_3_nb1000_flat32sgd1k_heldout-act-prm-ia=0-rr=0-ec=act_prm_tau2_retail-gc=act_prm_actions_only-tc=sft_flat-rbc=default-nb=1000-nt=0-mc=hf_qwen3_4b_instr-067bc595
act_prm_tau2_retail,s2,retail_s2_thoughts_policy_adamw30_lr1e_3_nb1000_flat32sgd1k_heldout,sgd,0.001,800,2.259616,0.783445,0.755226,2.395518,13459.0,19282.0,retail_s2_thoughts_policy_adamw30_lr1e_3_nb1000_flat32sgd1k_heldout-act-prm-ia=0-rr=0-ec=act_prm_tau2_retail-gc=act_prm_actions_only-tc=sft_flat-rbc=default-nb=1000-nt=0-mc=hf_qwen3_4b_instr-067bc595
act_prm_tau2_retail,s2,retail_s2_thoughts_policy_adamw30_lr1e_3_nb1000_flat32sgd1k_heldout,sgd,0.001,810,2.259442,0.784139,0.755522,2.393807,13459.0,19282.0,retail_s2_thoughts_policy_adamw30_lr1e_3_nb1000_flat32sgd1k_heldout-act-prm-ia=0-rr=0-ec=act_prm_tau2_retail-gc=act_prm_actions_only-tc=sft_flat-rbc=default-nb=1000-nt=0-mc=hf_qwen3_4b_instr-067bc595
act_prm_tau2_retail,s2,retail_s2_thoughts_policy_adamw30_lr1e_3_nb1000_flat32sgd1k_heldout,sgd,0.001,820,2.258714,0.784102,0.75599,2.394104,13459.0,19282.0,retail_s2_thoughts_policy_adamw30_lr1e_3_nb1000_flat32sgd1k_heldout-act-prm-ia=0-rr=0-ec=act_prm_tau2_retail-gc=act_prm_actions_only-tc=sft_flat-rbc=default-nb=1000-nt=0-mc=hf_qwen3_4b_instr-067bc595
act_prm_tau2_retail,s2,retail_s2_thoughts_policy_adamw30_lr1e_3_nb1000_flat32sgd1k_heldout,sgd,0.001,830,2.258012,0.783727,0.755549,2.392437,13459.0,19282.0,retail_s2_thoughts_policy_adamw30_lr1e_3_nb1000_flat32sgd1k_heldout-act-prm-ia=0-rr=0-ec=act_prm_tau2_retail-gc=act_prm_actions_only-tc=sft_flat-rbc=default-nb=1000-nt=0-mc=hf_qwen3_4b_instr-067bc595
act_prm_tau2_retail,s2,retail_s2_thoughts_policy_adamw30_lr1e_3_nb1000_flat32sgd1k_heldout,sgd,0.001,840,2.256462,0.78335,0.754843,2.390835,13459.0,19282.0,retail_s2_thoughts_policy_adamw30_lr1e_3_nb1000_flat32sgd1k_heldout-act-prm-ia=0-rr=0-ec=act_prm_tau2_retail-gc=act_prm_actions_only-tc=sft_flat-rbc=default-nb=1000-nt=0-mc=hf_qwen3_4b_instr-067bc595
act_prm_tau2_retail,s2,retail_s2_thoughts_policy_adamw30_lr1e_3_nb1000_flat32sgd1k_heldout,sgd,0.001,850,2.256998,0.783755,0.755156,2.391382,13459.0,19282.0,retail_s2_thoughts_policy_adamw30_lr1e_3_nb1000_flat32sgd1k_heldout-act-prm-ia=0-rr=0-ec=act_prm_tau2_retail-gc=act_prm_actions_only-tc=sft_flat-rbc=default-nb=1000-nt=0-mc=hf_qwen3_4b_instr-067bc595
act_prm_tau2_retail,s2,retail_s2_thoughts_policy_adamw30_lr1e_3_nb1000_flat32sgd1k_heldout,sgd,0.001,860,2.253709,0.784507,0.756609,2.389637,13459.0,19282.0,retail_s2_thoughts_policy_adamw30_lr1e_3_nb1000_flat32sgd1k_heldout-act-prm-ia=0-rr=0-ec=act_prm_tau2_retail-gc=act_prm_actions_only-tc=sft_flat-rbc=default-nb=1000-nt=0-mc=hf_qwen3_4b_instr-067bc595
act_prm_tau2_retail,s2,retail_s2_thoughts_policy_adamw30_lr1e_3_nb1000_flat32sgd1k_heldout,sgd,0.001,870,2.253405,0.784522,0.756121,2.388734,13459.0,19282.0,retail_s2_thoughts_policy_adamw30_lr1e_3_nb1000_flat32sgd1k_heldout-act-prm-ia=0-rr=0-ec=act_prm_tau2_retail-gc=act_prm_actions_only-tc=sft_flat-rbc=default-nb=1000-nt=0-mc=hf_qwen3_4b_instr-067bc595
act_prm_tau2_retail,s2,retail_s2_thoughts_policy_adamw30_lr1e_3_nb1000_flat32sgd1k_heldout,sgd,0.001,880,2.252582,0.784245,0.756404,2.387207,13459.0,19282.0,retail_s2_thoughts_policy_adamw30_lr1e_3_nb1000_flat32sgd1k_heldout-act-prm-ia=0-rr=0-ec=act_prm_tau2_retail-gc=act_prm_actions_only-tc=sft_flat-rbc=default-nb=1000-nt=0-mc=hf_qwen3_4b_instr-067bc595
act_prm_tau2_retail,s2,retail_s2_thoughts_policy_adamw30_lr1e_3_nb1000_flat32sgd1k_heldout,sgd,0.001,890,2.252434,0.784284,0.755558,2.386167,13459.0,19282.0,retail_s2_thoughts_policy_adamw30_lr1e_3_nb1000_flat32sgd1k_heldout-act-prm-ia=0-rr=0-ec=act_prm_tau2_retail-gc=act_prm_actions_only-tc=sft_flat-rbc=default-nb=1000-nt=0-mc=hf_qwen3_4b_instr-067bc595
act_prm_tau2_retail,s2,retail_s2_thoughts_policy_adamw30_lr1e_3_nb1000_flat32sgd1k_heldout,sgd,0.001,900,2.250642,0.78537,0.757001,2.384861,13459.0,19282.0,retail_s2_thoughts_policy_adamw30_lr1e_3_nb1000_flat32sgd1k_heldout-act-prm-ia=0-rr=0-ec=act_prm_tau2_retail-gc=act_prm_actions_only-tc=sft_flat-rbc=default-nb=1000-nt=0-mc=hf_qwen3_4b_instr-067bc595
act_prm_tau2_retail,s2,retail_s2_thoughts_policy_adamw30_lr1e_3_nb1000_flat32sgd1k_heldout,sgd,0.001,910,2.25033,0.784395,0.756383,2.384227,13459.0,19282.0,retail_s2_thoughts_policy_adamw30_lr1e_3_nb1000_flat32sgd1k_heldout-act-prm-ia=0-rr=0-ec=act_prm_tau2_retail-gc=act_prm_actions_only-tc=sft_flat-rbc=default-nb=1000-nt=0-mc=hf_qwen3_4b_instr-067bc595
act_prm_tau2_retail,s2,retail_s2_thoughts_policy_adamw30_lr1e_3_nb1000_flat32sgd1k_heldout,sgd,0.001,920,2.249179,0.784304,0.756452,2.38329,13459.0,19282.0,retail_s2_thoughts_policy_adamw30_lr1e_3_nb1000_flat32sgd1k_heldout-act-prm-ia=0-rr=0-ec=act_prm_tau2_retail-gc=act_prm_actions_only-tc=sft_flat-rbc=default-nb=1000-nt=0-mc=hf_qwen3_4b_instr-067bc595
act_prm_tau2_retail,s2,retail_s2_thoughts_policy_adamw30_lr1e_3_nb1000_flat32sgd1k_heldout,sgd,0.001,930,2.248629,0.784967,0.755727,2.383821,13459.0,19282.0,retail_s2_thoughts_policy_adamw30_lr1e_3_nb1000_flat32sgd1k_heldout-act-prm-ia=0-rr=0-ec=act_prm_tau2_retail-gc=act_prm_actions_only-tc=sft_flat-rbc=default-nb=1000-nt=0-mc=hf_qwen3_4b_instr-067bc595
act_prm_tau2_retail,s2,retail_s2_thoughts_policy_adamw30_lr1e_3_nb1000_flat32sgd1k_heldout,sgd,0.001,940,2.247649,0.784622,0.755793,2.382086,13459.0,19282.0,retail_s2_thoughts_policy_adamw30_lr1e_3_nb1000_flat32sgd1k_heldout-act-prm-ia=0-rr=0-ec=act_prm_tau2_retail-gc=act_prm_actions_only-tc=sft_flat-rbc=default-nb=1000-nt=0-mc=hf_qwen3_4b_instr-067bc595
act_prm_tau2_retail,s2,retail_s2_thoughts_policy_adamw30_lr1e_3_nb1000_flat32sgd1k_heldout,sgd,0.001,950,2.24627,0.784646,0.756898,2.380171,13459.0,19282.0,retail_s2_thoughts_policy_adamw30_lr1e_3_nb1000_flat32sgd1k_heldout-act-prm-ia=0-rr=0-ec=act_prm_tau2_retail-gc=act_prm_actions_only-tc=sft_flat-rbc=default-nb=1000-nt=0-mc=hf_qwen3_4b_instr-067bc595
act_prm_tau2_retail,s2,retail_s2_thoughts_policy_adamw30_lr1e_3_nb1000_flat32sgd1k_heldout,sgd,0.001,960,2.245102,0.784974,0.75688,2.378871,13459.0,19282.0,retail_s2_thoughts_policy_adamw30_lr1e_3_nb1000_flat32sgd1k_heldout-act-prm-ia=0-rr=0-ec=act_prm_tau2_retail-gc=act_prm_actions_only-tc=sft_flat-rbc=default-nb=1000-nt=0-mc=hf_qwen3_4b_instr-067bc595
act_prm_tau2_retail,s2,retail_s2_thoughts_policy_adamw30_lr1e_3_nb1000_flat32sgd1k_heldout,sgd,0.001,970,2.245323,0.784777,0.756567,2.377966,13459.0,19282.0,retail_s2_thoughts_policy_adamw30_lr1e_3_nb1000_flat32sgd1k_heldout-act-prm-ia=0-rr=0-ec=act_prm_tau2_retail-gc=act_prm_actions_only-tc=sft_flat-rbc=default-nb=1000-nt=0-mc=hf_qwen3_4b_instr-067bc595
act_prm_tau2_retail,s2,retail_s2_thoughts_policy_adamw30_lr1e_3_nb1000_flat32sgd1k_heldout,sgd,0.001,980,2.243259,0.784638,0.757041,2.376531,13459.0,19282.0,retail_s2_thoughts_policy_adamw30_lr1e_3_nb1000_flat32sgd1k_heldout-act-prm-ia=0-rr=0-ec=act_prm_tau2_retail-gc=act_prm_actions_only-tc=sft_flat-rbc=default-nb=1000-nt=0-mc=hf_qwen3_4b_instr-067bc595
act_prm_tau2_retail,s2,retail_s2_thoughts_policy_adamw30_lr1e_3_nb1000_flat32sgd1k_heldout,sgd,0.001,990,2.243961,0.784883,0.756226,2.376278,13459.0,19282.0,retail_s2_thoughts_policy_adamw30_lr1e_3_nb1000_flat32sgd1k_heldout-act-prm-ia=0-rr=0-ec=act_prm_tau2_retail-gc=act_prm_actions_only-tc=sft_flat-rbc=default-nb=1000-nt=0-mc=hf_qwen3_4b_instr-067bc595
act_prm_tau2_retail,s2,retail_s2_thoughts_policy_adamw30_lr1e_3_nb1000_flat32sgd1k_heldout,sgd,0.001,999,2.242702,0.78411,0.756232,2.37465,13459.0,19282.0,retail_s2_thoughts_policy_adamw30_lr1e_3_nb1000_flat32sgd1k_heldout-act-prm-ia=0-rr=0-ec=act_prm_tau2_retail-gc=act_prm_actions_only-tc=sft_flat-rbc=default-nb=1000-nt=0-mc=hf_qwen3_4b_instr-067bc595
act_prm_tau2_retail,s2,retail_s2_thoughts_policy_adamw30_lr1e_3_nb200_flat32sgd_heldout,sgd,0.001,5,3.105806,0.773267,0.726325,3.77833,13459.0,19282.0,retail_s2_thoughts_policy_adamw30_lr1e_3_nb200_flat32sgd_heldout-act-prm-ia=0-rr=0-ec=act_prm_tau2_retail-gc=act_prm_actions_only-tc=sft_flat-rbc=default-nb=200-nt=0-mc=hf_qwen3_4b_instruct--812a8e34
act_prm_tau2_retail,s2,retail_s2_thoughts_policy_adamw30_lr1e_3_nb200_flat32sgd_heldout,sgd,0.001,10,3.105447,0.772913,0.726109,3.773477,13459.0,19282.0,retail_s2_thoughts_policy_adamw30_lr1e_3_nb200_flat32sgd_heldout-act-prm-ia=0-rr=0-ec=act_prm_tau2_retail-gc=act_prm_actions_only-tc=sft_flat-rbc=default-nb=200-nt=0-mc=hf_qwen3_4b_instruct--812a8e34
act_prm_tau2_retail,s2,retail_s2_thoughts_policy_adamw30_lr1e_3_nb200_flat32sgd_heldout,sgd,0.001,15,3.095977,0.772585,0.725878,3.760979,13459.0,19282.0,retail_s2_thoughts_policy_adamw30_lr1e_3_nb200_flat32sgd_heldout-act-prm-ia=0-rr=0-ec=act_prm_tau2_retail-gc=act_prm_actions_only-tc=sft_flat-rbc=default-nb=200-nt=0-mc=hf_qwen3_4b_instruct--812a8e34
act_prm_tau2_retail,s2,retail_s2_thoughts_policy_adamw30_lr1e_3_nb200_flat32sgd_heldout,sgd,0.001,20,3.08473,0.773278,0.726616,3.738549,13459.0,19282.0,retail_s2_thoughts_policy_adamw30_lr1e_3_nb200_flat32sgd_heldout-act-prm-ia=0-rr=0-ec=act_prm_tau2_retail-gc=act_prm_actions_only-tc=sft_flat-rbc=default-nb=200-nt=0-mc=hf_qwen3_4b_instruct--812a8e34
act_prm_tau2_retail,s2,retail_s2_thoughts_policy_adamw30_lr1e_3_nb200_flat32sgd_heldout,sgd,0.001,25,3.080373,0.772631,0.726729,3.727053,13459.0,19282.0,retail_s2_thoughts_policy_adamw30_lr1e_3_nb200_flat32sgd_heldout-act-prm-ia=0-rr=0-ec=act_prm_tau2_retail-gc=act_prm_actions_only-tc=sft_flat-rbc=default-nb=200-nt=0-mc=hf_qwen3_4b_instruct--812a8e34
act_prm_tau2_retail,s2,retail_s2_thoughts_policy_adamw30_lr1e_3_nb200_flat32sgd_heldout,sgd,0.001,30,3.07012,0.772213,0.726463,3.707953,13459.0,19282.0,retail_s2_thoughts_policy_adamw30_lr1e_3_nb200_flat32sgd_heldout-act-prm-ia=0-rr=0-ec=act_prm_tau2_retail-gc=act_prm_actions_only-tc=sft_flat-rbc=default-nb=200-nt=0-mc=hf_qwen3_4b_instruct--812a8e34
act_prm_tau2_retail,s2,retail_s2_thoughts_policy_adamw30_lr1e_3_nb200_flat32sgd_heldout,sgd,0.001,35,3.051703,0.773597,0.727027,3.681303,13459.0,19282.0,retail_s2_thoughts_policy_adamw30_lr1e_3_nb200_flat32sgd_heldout-act-prm-ia=0-rr=0-ec=act_prm_tau2_retail-gc=act_prm_actions_only-tc=sft_flat-rbc=default-nb=200-nt=0-mc=hf_qwen3_4b_instruct--812a8e34
act_prm_tau2_retail,s2,retail_s2_thoughts_policy_adamw30_lr1e_3_nb200_flat32sgd_heldout,sgd,0.001,40,3.040743,0.773481,0.72694,3.653722,13459.0,19282.0,retail_s2_thoughts_policy_adamw30_lr1e_3_nb200_flat32sgd_heldout-act-prm-ia=0-rr=0-ec=act_prm_tau2_retail-gc=act_prm_actions_only-tc=sft_flat-rbc=default-nb=200-nt=0-mc=hf_qwen3_4b_instruct--812a8e34
act_prm_tau2_retail,s2,retail_s2_thoughts_policy_adamw30_lr1e_3_nb200_flat32sgd_heldout,sgd,0.001,45,3.025029,0.773313,0.727454,3.626486,13459.0,19282.0,retail_s2_thoughts_policy_adamw30_lr1e_3_nb200_flat32sgd_heldout-act-prm-ia=0-rr=0-ec=act_prm_tau2_retail-gc=act_prm_actions_only-tc=sft_flat-rbc=default-nb=200-nt=0-mc=hf_qwen3_4b_instruct--812a8e34
act_prm_tau2_retail,s2,retail_s2_thoughts_policy_adamw30_lr1e_3_nb200_flat32sgd_heldout,sgd,0.001,50,3.00184,0.773103,0.727836,3.58997,13459.0,19282.0,retail_s2_thoughts_policy_adamw30_lr1e_3_nb200_flat32sgd_heldout-act-prm-ia=0-rr=0-ec=act_prm_tau2_retail-gc=act_prm_actions_only-tc=sft_flat-rbc=default-nb=200-nt=0-mc=hf_qwen3_4b_instruct--812a8e34
act_prm_tau2_retail,s2,retail_s2_thoughts_policy_adamw30_lr1e_3_nb200_flat32sgd_heldout,sgd,0.001,55,2.984357,0.773776,0.727977,3.558687,13459.0,19282.0,retail_s2_thoughts_policy_adamw30_lr1e_3_nb200_flat32sgd_heldout-act-prm-ia=0-rr=0-ec=act_prm_tau2_retail-gc=act_prm_actions_only-tc=sft_flat-rbc=default-nb=200-nt=0-mc=hf_qwen3_4b_instruct--812a8e34
act_prm_tau2_retail,s2,retail_s2_thoughts_policy_adamw30_lr1e_3_nb200_flat32sgd_heldout,sgd,0.001,60,2.968385,0.773588,0.728259,3.524564,13459.0,19282.0,retail_s2_thoughts_policy_adamw30_lr1e_3_nb200_flat32sgd_heldout-act-prm-ia=0-rr=0-ec=act_prm_tau2_retail-gc=act_prm_actions_only-tc=sft_flat-rbc=default-nb=200-nt=0-mc=hf_qwen3_4b_instruct--812a8e34
act_prm_tau2_retail,s2,retail_s2_thoughts_policy_adamw30_lr1e_3_nb200_flat32sgd_heldout,sgd,0.001,65,2.945444,0.773332,0.728813,3.488008,13459.0,19282.0,retail_s2_thoughts_policy_adamw30_lr1e_3_nb200_flat32sgd_heldout-act-prm-ia=0-rr=0-ec=act_prm_tau2_retail-gc=act_prm_actions_only-tc=sft_flat-rbc=default-nb=200-nt=0-mc=hf_qwen3_4b_instruct--812a8e34
act_prm_tau2_retail,s2,retail_s2_thoughts_policy_adamw30_lr1e_3_nb200_flat32sgd_heldout,sgd,0.001,70,2.922092,0.773674,0.729151,3.452393,13459.0,19282.0,retail_s2_thoughts_policy_adamw30_lr1e_3_nb200_flat32sgd_heldout-act-prm-ia=0-rr=0-ec=act_prm_tau2_retail-gc=act_prm_actions_only-tc=sft_flat-rbc=default-nb=200-nt=0-mc=hf_qwen3_4b_instruct--812a8e34
act_prm_tau2_retail,s2,retail_s2_thoughts_policy_adamw30_lr1e_3_nb200_flat32sgd_heldout,sgd,0.001,75,2.901657,0.774054,0.729924,3.418457,13459.0,19282.0,retail_s2_thoughts_policy_adamw30_lr1e_3_nb200_flat32sgd_heldout-act-prm-ia=0-rr=0-ec=act_prm_tau2_retail-gc=act_prm_actions_only-tc=sft_flat-rbc=default-nb=200-nt=0-mc=hf_qwen3_4b_instruct--812a8e34
act_prm_tau2_retail,s2,retail_s2_thoughts_policy_adamw30_lr1e_3_nb200_flat32sgd_heldout,sgd,0.001,80,2.884769,0.77427,0.729603,3.376684,13459.0,19282.0,retail_s2_thoughts_policy_adamw30_lr1e_3_nb200_flat32sgd_heldout-act-prm-ia=0-rr=0-ec=act_prm_tau2_retail-gc=act_prm_actions_only-tc=sft_flat-rbc=default-nb=200-nt=0-mc=hf_qwen3_4b_instruct--812a8e34
act_prm_tau2_retail,s2,retail_s2_thoughts_policy_adamw30_lr1e_3_nb200_flat32sgd_heldout,sgd,0.001,85,2.865736,0.774467,0.731059,3.344403,13459.0,19282.0,retail_s2_thoughts_policy_adamw30_lr1e_3_nb200_flat32sgd_heldout-act-prm-ia=0-rr=0-ec=act_prm_tau2_retail-gc=act_prm_actions_only-tc=sft_flat-rbc=default-nb=200-nt=0-mc=hf_qwen3_4b_instruct--812a8e34
act_prm_tau2_retail,s2,retail_s2_thoughts_policy_adamw30_lr1e_3_nb200_flat32sgd_heldout,sgd,0.001,90,2.843951,0.77468,0.730714,3.309689,13459.0,19282.0,retail_s2_thoughts_policy_adamw30_lr1e_3_nb200_flat32sgd_heldout-act-prm-ia=0-rr=0-ec=act_prm_tau2_retail-gc=act_prm_actions_only-tc=sft_flat-rbc=default-nb=200-nt=0-mc=hf_qwen3_4b_instruct--812a8e34
act_prm_tau2_retail,s2,retail_s2_thoughts_policy_adamw30_lr1e_3_nb200_flat32sgd_heldout,sgd,0.001,95,2.8172,0.77441,0.731124,3.260261,13459.0,19282.0,retail_s2_thoughts_policy_adamw30_lr1e_3_nb200_flat32sgd_heldout-act-prm-ia=0-rr=0-ec=act_prm_tau2_retail-gc=act_prm_actions_only-tc=sft_flat-rbc=default-nb=200-nt=0-mc=hf_qwen3_4b_instruct--812a8e34
act_prm_tau2_retail,s2,retail_s2_thoughts_policy_adamw30_lr1e_3_nb200_flat32sgd_heldout,sgd,0.001,100,2.795022,0.774207,0.731822,3.229622,13459.0,19282.0,retail_s2_thoughts_policy_adamw30_lr1e_3_nb200_flat32sgd_heldout-act-prm-ia=0-rr=0-ec=act_prm_tau2_retail-gc=act_prm_actions_only-tc=sft_flat-rbc=default-nb=200-nt=0-mc=hf_qwen3_4b_instruct--812a8e34
act_prm_tau2_retail,s2,retail_s2_thoughts_policy_adamw30_lr1e_3_nb200_flat32sgd_heldout,sgd,0.001,105,2.770893,0.773795,0.7318,3.184261,13459.0,19282.0,retail_s2_thoughts_policy_adamw30_lr1e_3_nb200_flat32sgd_heldout-act-prm-ia=0-rr=0-ec=act_prm_tau2_retail-gc=act_prm_actions_only-tc=sft_flat-rbc=default-nb=200-nt=0-mc=hf_qwen3_4b_instruct--812a8e34
act_prm_tau2_retail,s2,retail_s2_thoughts_policy_adamw30_lr1e_3_nb200_flat32sgd_heldout,sgd,0.001,110,2.748924,0.775031,0.732156,3.149993,13459.0,19282.0,retail_s2_thoughts_policy_adamw30_lr1e_3_nb200_flat32sgd_heldout-act-prm-ia=0-rr=0-ec=act_prm_tau2_retail-gc=act_prm_actions_only-tc=sft_flat-rbc=default-nb=200-nt=0-mc=hf_qwen3_4b_instruct--812a8e34
act_prm_tau2_retail,s2,retail_s2_thoughts_policy_adamw30_lr1e_3_nb200_flat32sgd_heldout,sgd,0.001,115,2.724679,0.774773,0.733353,3.112769,13459.0,19282.0,retail_s2_thoughts_policy_adamw30_lr1e_3_nb200_flat32sgd_heldout-act-prm-ia=0-rr=0-ec=act_prm_tau2_retail-gc=act_prm_actions_only-tc=sft_flat-rbc=default-nb=200-nt=0-mc=hf_qwen3_4b_instruct--812a8e34
act_prm_tau2_retail,s2,retail_s2_thoughts_policy_adamw30_lr1e_3_nb200_flat32sgd_heldout,sgd,0.001,120,2.703342,0.774737,0.733855,3.072582,13459.0,19282.0,retail_s2_thoughts_policy_adamw30_lr1e_3_nb200_flat32sgd_heldout-act-prm-ia=0-rr=0-ec=act_prm_tau2_retail-gc=act_prm_actions_only-tc=sft_flat-rbc=default-nb=200-nt=0-mc=hf_qwen3_4b_instruct--812a8e34
act_prm_tau2_retail,s2,retail_s2_thoughts_policy_adamw30_lr1e_3_nb200_flat32sgd_heldout,sgd,0.001,125,2.68007,0.775235,0.734069,3.036244,13459.0,19282.0,retail_s2_thoughts_policy_adamw30_lr1e_3_nb200_flat32sgd_heldout-act-prm-ia=0-rr=0-ec=act_prm_tau2_retail-gc=act_prm_actions_only-tc=sft_flat-rbc=default-nb=200-nt=0-mc=hf_qwen3_4b_instruct--812a8e34
act_prm_tau2_retail,s2,retail_s2_thoughts_policy_adamw30_lr1e_3_nb200_flat32sgd_heldout,sgd,0.001,130,2.661605,0.775012,0.734821,2.999204,13459.0,19282.0,retail_s2_thoughts_policy_adamw30_lr1e_3_nb200_flat32sgd_heldout-act-prm-ia=0-rr=0-ec=act_prm_tau2_retail-gc=act_prm_actions_only-tc=sft_flat-rbc=default-nb=200-nt=0-mc=hf_qwen3_4b_instruct--812a8e34
act_prm_tau2_retail,s2,retail_s2_thoughts_policy_adamw30_lr1e_3_nb200_flat32sgd_heldout,sgd,0.001,135,2.639403,0.774679,0.73575,2.963759,13459.0,19282.0,retail_s2_thoughts_policy_adamw30_lr1e_3_nb200_flat32sgd_heldout-act-prm-ia=0-rr=0-ec=act_prm_tau2_retail-gc=act_prm_actions_only-tc=sft_flat-rbc=default-nb=200-nt=0-mc=hf_qwen3_4b_instruct--812a8e34
act_prm_tau2_retail,s2,retail_s2_thoughts_policy_adamw30_lr1e_3_nb200_flat32sgd_heldout,sgd,0.001,140,2.616534,0.775448,0.736654,2.932027,13459.0,19282.0,retail_s2_thoughts_policy_adamw30_lr1e_3_nb200_flat32sgd_heldout-act-prm-ia=0-rr=0-ec=act_prm_tau2_retail-gc=act_prm_actions_only-tc=sft_flat-rbc=default-nb=200-nt=0-mc=hf_qwen3_4b_instruct--812a8e34
act_prm_tau2_retail,s2,retail_s2_thoughts_policy_adamw30_lr1e_3_nb200_flat32sgd_heldout,sgd,0.001,145,2.601183,0.775745,0.737154,2.902916,13459.0,19282.0,retail_s2_thoughts_policy_adamw30_lr1e_3_nb200_flat32sgd_heldout-act-prm-ia=0-rr=0-ec=act_prm_tau2_retail-gc=act_prm_actions_only-tc=sft_flat-rbc=default-nb=200-nt=0-mc=hf_qwen3_4b_instruct--812a8e34
act_prm_tau2_retail,s2,retail_s2_thoughts_policy_adamw30_lr1e_3_nb200_flat32sgd_heldout,sgd,0.001,150,2.585733,0.775873,0.737694,2.876517,13459.0,19282.0,retail_s2_thoughts_policy_adamw30_lr1e_3_nb200_flat32sgd_heldout-act-prm-ia=0-rr=0-ec=act_prm_tau2_retail-gc=act_prm_actions_only-tc=sft_flat-rbc=default-nb=200-nt=0-mc=hf_qwen3_4b_instruct--812a8e34
act_prm_tau2_retail,s2,retail_s2_thoughts_policy_adamw30_lr1e_3_nb200_flat32sgd_heldout,sgd,0.001,155,2.56851,0.775288,0.738097,2.849551,13459.0,19282.0,retail_s2_thoughts_policy_adamw30_lr1e_3_nb200_flat32sgd_heldout-act-prm-ia=0-rr=0-ec=act_prm_tau2_retail-gc=act_prm_actions_only-tc=sft_flat-rbc=default-nb=200-nt=0-mc=hf_qwen3_4b_instruct--812a8e34
act_prm_tau2_retail,s2,retail_s2_thoughts_policy_adamw30_lr1e_3_nb200_flat32sgd_heldout,sgd,0.001,160,2.552775,0.775402,0.737745,2.82314,13459.0,19282.0,retail_s2_thoughts_policy_adamw30_lr1e_3_nb200_flat32sgd_heldout-act-prm-ia=0-rr=0-ec=act_prm_tau2_retail-gc=act_prm_actions_only-tc=sft_flat-rbc=default-nb=200-nt=0-mc=hf_qwen3_4b_instruct--812a8e34
act_prm_tau2_retail,s2,retail_s2_thoughts_policy_adamw30_lr1e_3_nb200_flat32sgd_heldout,sgd,0.001,165,2.534634,0.775839,0.739044,2.801896,13459.0,19282.0,retail_s2_thoughts_policy_adamw30_lr1e_3_nb200_flat32sgd_heldout-act-prm-ia=0-rr=0-ec=act_prm_tau2_retail-gc=act_prm_actions_only-tc=sft_flat-rbc=default-nb=200-nt=0-mc=hf_qwen3_4b_instruct--812a8e34
act_prm_tau2_retail,s2,retail_s2_thoughts_policy_adamw30_lr1e_3_nb200_flat32sgd_heldout,sgd,0.001,170,2.524558,0.776403,0.740567,2.77953,13459.0,19282.0,retail_s2_thoughts_policy_adamw30_lr1e_3_nb200_flat32sgd_heldout-act-prm-ia=0-rr=0-ec=act_prm_tau2_retail-gc=act_prm_actions_only-tc=sft_flat-rbc=default-nb=200-nt=0-mc=hf_qwen3_4b_instruct--812a8e34
act_prm_tau2_retail,s2,retail_s2_thoughts_policy_adamw30_lr1e_3_nb200_flat32sgd_heldout,sgd,0.001,175,2.511018,0.775596,0.739912,2.760886,13459.0,19282.0,retail_s2_thoughts_policy_adamw30_lr1e_3_nb200_flat32sgd_heldout-act-prm-ia=0-rr=0-ec=act_prm_tau2_retail-gc=act_prm_actions_only-tc=sft_flat-rbc=default-nb=200-nt=0-mc=hf_qwen3_4b_instruct--812a8e34
act_prm_tau2_retail,s2,retail_s2_thoughts_policy_adamw30_lr1e_3_nb200_flat32sgd_heldout,sgd,0.001,180,2.49739,0.775809,0.740142,2.741,13459.0,19282.0,retail_s2_thoughts_policy_adamw30_lr1e_3_nb200_flat32sgd_heldout-act-prm-ia=0-rr=0-ec=act_prm_tau2_retail-gc=act_prm_actions_only-tc=sft_flat-rbc=default-nb=200-nt=0-mc=hf_qwen3_4b_instruct--812a8e34
act_prm_tau2_retail,s2,retail_s2_thoughts_policy_adamw30_lr1e_3_nb200_flat32sgd_heldout,sgd,0.001,185,2.487519,0.775803,0.740775,2.725176,13459.0,19282.0,retail_s2_thoughts_policy_adamw30_lr1e_3_nb200_flat32sgd_heldout-act-prm-ia=0-rr=0-ec=act_prm_tau2_retail-gc=act_prm_actions_only-tc=sft_flat-rbc=default-nb=200-nt=0-mc=hf_qwen3_4b_instruct--812a8e34
act_prm_tau2_retail,s2,retail_s2_thoughts_policy_adamw30_lr1e_3_nb200_flat32sgd_heldout,sgd,0.001,190,2.47534,0.775571,0.741148,2.706279,13459.0,19282.0,retail_s2_thoughts_policy_adamw30_lr1e_3_nb200_flat32sgd_heldout-act-prm-ia=0-rr=0-ec=act_prm_tau2_retail-gc=act_prm_actions_only-tc=sft_flat-rbc=default-nb=200-nt=0-mc=hf_qwen3_4b_instruct--812a8e34
act_prm_tau2_retail,s2,retail_s2_thoughts_policy_adamw30_lr1e_3_nb200_flat32sgd_heldout,sgd,0.001,195,2.465884,0.775197,0.741242,2.694182,13459.0,19282.0,retail_s2_thoughts_policy_adamw30_lr1e_3_nb200_flat32sgd_heldout-act-prm-ia=0-rr=0-ec=act_prm_tau2_retail-gc=act_prm_actions_only-tc=sft_flat-rbc=default-nb=200-nt=0-mc=hf_qwen3_4b_instruct--812a8e34
act_prm_tau2_retail,s2,retail_s2_thoughts_policy_adamw30_lr1e_3_nb200_flat32sgd_heldout,sgd,0.001,199,2.462486,0.776094,0.741684,2.68393,13459.0,19282.0,retail_s2_thoughts_policy_adamw30_lr1e_3_nb200_flat32sgd_heldout-act-prm-ia=0-rr=0-ec=act_prm_tau2_retail-gc=act_prm_actions_only-tc=sft_flat-rbc=default-nb=200-nt=0-mc=hf_qwen3_4b_instruct--812a8e34
act_prm_tau2_retail,s2,retail_s2_thoughts_policy_adamw30_lr1e_4_adamw_nb200_flat32_heldout,adamw,0.0001,5,2.543861,0.77764,0.744754,2.751128,13459.0,19282.0,retail_s2_thoughts_policy_adamw30_lr1e_4_adamw_nb200_flat32_heldout-act-prm-ia=0-rr=0-ec=act_prm_tau2_retail-gc=act_prm_actions_only-tc=sft_flat-rbc=default-nb=200-nt=0-mc=hf_qwen3_4b_instru-5e42f640
act_prm_tau2_retail,s2,retail_s2_thoughts_policy_adamw30_lr1e_4_adamw_nb200_flat32_heldout,adamw,0.0001,10,2.306034,0.781286,0.754124,2.433715,13459.0,19282.0,retail_s2_thoughts_policy_adamw30_lr1e_4_adamw_nb200_flat32_heldout-act-prm-ia=0-rr=0-ec=act_prm_tau2_retail-gc=act_prm_actions_only-tc=sft_flat-rbc=default-nb=200-nt=0-mc=hf_qwen3_4b_instru-5e42f640
act_prm_tau2_retail,s2,retail_s2_thoughts_policy_adamw30_lr1e_4_adamw_nb200_flat32_heldout,adamw,0.0001,15,2.254322,0.782782,0.757515,2.384082,13459.0,19282.0,retail_s2_thoughts_policy_adamw30_lr1e_4_adamw_nb200_flat32_heldout-act-prm-ia=0-rr=0-ec=act_prm_tau2_retail-gc=act_prm_actions_only-tc=sft_flat-rbc=default-nb=200-nt=0-mc=hf_qwen3_4b_instru-5e42f640
act_prm_tau2_retail,s2,retail_s2_thoughts_policy_adamw30_lr1e_4_adamw_nb200_flat32_heldout,adamw,0.0001,20,2.193952,0.786757,0.760057,2.325015,13459.0,19282.0,retail_s2_thoughts_policy_adamw30_lr1e_4_adamw_nb200_flat32_heldout-act-prm-ia=0-rr=0-ec=act_prm_tau2_retail-gc=act_prm_actions_only-tc=sft_flat-rbc=default-nb=200-nt=0-mc=hf_qwen3_4b_instru-5e42f640
act_prm_tau2_retail,s2,retail_s2_thoughts_policy_adamw30_lr1e_4_adamw_nb200_flat32_heldout,adamw,0.0001,25,2.136037,0.793047,0.764369,2.274583,13459.0,19282.0,retail_s2_thoughts_policy_adamw30_lr1e_4_adamw_nb200_flat32_heldout-act-prm-ia=0-rr=0-ec=act_prm_tau2_retail-gc=act_prm_actions_only-tc=sft_flat-rbc=default-nb=200-nt=0-mc=hf_qwen3_4b_instru-5e42f640
act_prm_tau2_retail,s2,retail_s2_thoughts_policy_adamw30_lr1e_4_adamw_nb200_flat32_heldout,adamw,0.0001,30,2.085257,0.797295,0.768257,2.228635,13459.0,19282.0,retail_s2_thoughts_policy_adamw30_lr1e_4_adamw_nb200_flat32_heldout-act-prm-ia=0-rr=0-ec=act_prm_tau2_retail-gc=act_prm_actions_only-tc=sft_flat-rbc=default-nb=200-nt=0-mc=hf_qwen3_4b_instru-5e42f640
act_prm_tau2_retail,s2,retail_s2_thoughts_policy_adamw30_lr1e_4_adamw_nb200_flat32_heldout,adamw,0.0001,35,2.035589,0.801307,0.771988,2.184803,13459.0,19282.0,retail_s2_thoughts_policy_adamw30_lr1e_4_adamw_nb200_flat32_heldout-act-prm-ia=0-rr=0-ec=act_prm_tau2_retail-gc=act_prm_actions_only-tc=sft_flat-rbc=default-nb=200-nt=0-mc=hf_qwen3_4b_instru-5e42f640
act_prm_tau2_retail,s2,retail_s2_thoughts_policy_adamw30_lr1e_4_adamw_nb200_flat32_heldout,adamw,0.0001,40,1.995689,0.803902,0.774993,2.149387,13459.0,19282.0,retail_s2_thoughts_policy_adamw30_lr1e_4_adamw_nb200_flat32_heldout-act-prm-ia=0-rr=0-ec=act_prm_tau2_retail-gc=act_prm_actions_only-tc=sft_flat-rbc=default-nb=200-nt=0-mc=hf_qwen3_4b_instru-5e42f640
act_prm_tau2_retail,s2,retail_s2_thoughts_policy_adamw30_lr1e_4_adamw_nb200_flat32_heldout,adamw,0.0001,45,1.960756,0.807931,0.777514,2.123776,13459.0,19282.0,retail_s2_thoughts_policy_adamw30_lr1e_4_adamw_nb200_flat32_heldout-act-prm-ia=0-rr=0-ec=act_prm_tau2_retail-gc=act_prm_actions_only-tc=sft_flat-rbc=default-nb=200-nt=0-mc=hf_qwen3_4b_instru-5e42f640
act_prm_tau2_retail,s2,retail_s2_thoughts_policy_adamw30_lr1e_4_adamw_nb200_flat32_heldout,adamw,0.0001,50,1.924449,0.811778,0.780514,2.097893,13459.0,19282.0,retail_s2_thoughts_policy_adamw30_lr1e_4_adamw_nb200_flat32_heldout-act-prm-ia=0-rr=0-ec=act_prm_tau2_retail-gc=act_prm_actions_only-tc=sft_flat-rbc=default-nb=200-nt=0-mc=hf_qwen3_4b_instru-5e42f640
act_prm_tau2_retail,s2,retail_s2_thoughts_policy_adamw30_lr1e_4_adamw_nb200_flat32_heldout,adamw,0.0001,55,1.889965,0.814019,0.78219,2.06599,13459.0,19282.0,retail_s2_thoughts_policy_adamw30_lr1e_4_adamw_nb200_flat32_heldout-act-prm-ia=0-rr=0-ec=act_prm_tau2_retail-gc=act_prm_actions_only-tc=sft_flat-rbc=default-nb=200-nt=0-mc=hf_qwen3_4b_instru-5e42f640
act_prm_tau2_retail,s2,retail_s2_thoughts_policy_adamw30_lr1e_4_adamw_nb200_flat32_heldout,adamw,0.0001,60,1.862449,0.817935,0.785271,2.044067,13459.0,19282.0,retail_s2_thoughts_policy_adamw30_lr1e_4_adamw_nb200_flat32_heldout-act-prm-ia=0-rr=0-ec=act_prm_tau2_retail-gc=act_prm_actions_only-tc=sft_flat-rbc=default-nb=200-nt=0-mc=hf_qwen3_4b_instru-5e42f640
act_prm_tau2_retail,s2,retail_s2_thoughts_policy_adamw30_lr1e_4_adamw_nb200_flat32_heldout,adamw,0.0001,65,1.84266,0.820999,0.786267,2.033868,13459.0,19282.0,retail_s2_thoughts_policy_adamw30_lr1e_4_adamw_nb200_flat32_heldout-act-prm-ia=0-rr=0-ec=act_prm_tau2_retail-gc=act_prm_actions_only-tc=sft_flat-rbc=default-nb=200-nt=0-mc=hf_qwen3_4b_instru-5e42f640
act_prm_tau2_retail,s2,retail_s2_thoughts_policy_adamw30_lr1e_4_adamw_nb200_flat32_heldout,adamw,0.0001,70,1.820687,0.82363,0.787823,2.018852,13459.0,19282.0,retail_s2_thoughts_policy_adamw30_lr1e_4_adamw_nb200_flat32_heldout-act-prm-ia=0-rr=0-ec=act_prm_tau2_retail-gc=act_prm_actions_only-tc=sft_flat-rbc=default-nb=200-nt=0-mc=hf_qwen3_4b_instru-5e42f640
act_prm_tau2_retail,s2,retail_s2_thoughts_policy_adamw30_lr1e_4_adamw_nb200_flat32_heldout,adamw,0.0001,75,1.803563,0.825683,0.790976,2.001336,13459.0,19282.0,retail_s2_thoughts_policy_adamw30_lr1e_4_adamw_nb200_flat32_heldout-act-prm-ia=0-rr=0-ec=act_prm_tau2_retail-gc=act_prm_actions_only-tc=sft_flat-rbc=default-nb=200-nt=0-mc=hf_qwen3_4b_instru-5e42f640
act_prm_tau2_retail,s2,retail_s2_thoughts_policy_adamw30_lr1e_4_adamw_nb200_flat32_heldout,adamw,0.0001,80,1.785205,0.828854,0.792545,1.985813,13459.0,19282.0,retail_s2_thoughts_policy_adamw30_lr1e_4_adamw_nb200_flat32_heldout-act-prm-ia=0-rr=0-ec=act_prm_tau2_retail-gc=act_prm_actions_only-tc=sft_flat-rbc=default-nb=200-nt=0-mc=hf_qwen3_4b_instru-5e42f640
act_prm_tau2_retail,s2,retail_s2_thoughts_policy_adamw30_lr1e_4_adamw_nb200_flat32_heldout,adamw,0.0001,85,1.774537,0.829529,0.791703,1.982797,13459.0,19282.0,retail_s2_thoughts_policy_adamw30_lr1e_4_adamw_nb200_flat32_heldout-act-prm-ia=0-rr=0-ec=act_prm_tau2_retail-gc=act_prm_actions_only-tc=sft_flat-rbc=default-nb=200-nt=0-mc=hf_qwen3_4b_instru-5e42f640
act_prm_tau2_retail,s2,retail_s2_thoughts_policy_adamw30_lr1e_4_adamw_nb200_flat32_heldout,adamw,0.0001,90,1.767909,0.831185,0.792987,1.984443,13459.0,19282.0,retail_s2_thoughts_policy_adamw30_lr1e_4_adamw_nb200_flat32_heldout-act-prm-ia=0-rr=0-ec=act_prm_tau2_retail-gc=act_prm_actions_only-tc=sft_flat-rbc=default-nb=200-nt=0-mc=hf_qwen3_4b_instru-5e42f640
act_prm_tau2_retail,s2,retail_s2_thoughts_policy_adamw30_lr1e_4_adamw_nb200_flat32_heldout,adamw,0.0001,95,1.752279,0.83361,0.795396,1.966518,13459.0,19282.0,retail_s2_thoughts_policy_adamw30_lr1e_4_adamw_nb200_flat32_heldout-act-prm-ia=0-rr=0-ec=act_prm_tau2_retail-gc=act_prm_actions_only-tc=sft_flat-rbc=default-nb=200-nt=0-mc=hf_qwen3_4b_instru-5e42f640
act_prm_tau2_retail,s2,retail_s2_thoughts_policy_adamw30_lr1e_4_adamw_nb200_flat32_heldout,adamw,0.0001,100,1.7463,0.83466,0.796114,1.962448,13459.0,19282.0,retail_s2_thoughts_policy_adamw30_lr1e_4_adamw_nb200_flat32_heldout-act-prm-ia=0-rr=0-ec=act_prm_tau2_retail-gc=act_prm_actions_only-tc=sft_flat-rbc=default-nb=200-nt=0-mc=hf_qwen3_4b_instru-5e42f640
act_prm_tau2_retail,s2,retail_s2_thoughts_policy_adamw30_lr1e_4_adamw_nb200_flat32_heldout,adamw,0.0001,105,1.744733,0.836922,0.796526,1.972803,13459.0,19282.0,retail_s2_thoughts_policy_adamw30_lr1e_4_adamw_nb200_flat32_heldout-act-prm-ia=0-rr=0-ec=act_prm_tau2_retail-gc=act_prm_actions_only-tc=sft_flat-rbc=default-nb=200-nt=0-mc=hf_qwen3_4b_instru-5e42f640
act_prm_tau2_retail,s2,retail_s2_thoughts_policy_adamw30_lr1e_4_adamw_nb200_flat32_heldout,adamw,0.0001,110,1.740172,0.836207,0.796131,1.976591,13459.0,19282.0,retail_s2_thoughts_policy_adamw30_lr1e_4_adamw_nb200_flat32_heldout-act-prm-ia=0-rr=0-ec=act_prm_tau2_retail-gc=act_prm_actions_only-tc=sft_flat-rbc=default-nb=200-nt=0-mc=hf_qwen3_4b_instru-5e42f640
act_prm_tau2_retail,s2,retail_s2_thoughts_policy_adamw30_lr1e_4_adamw_nb200_flat32_heldout,adamw,0.0001,115,1.737308,0.836681,0.796227,1.969244,13459.0,19282.0,retail_s2_thoughts_policy_adamw30_lr1e_4_adamw_nb200_flat32_heldout-act-prm-ia=0-rr=0-ec=act_prm_tau2_retail-gc=act_prm_actions_only-tc=sft_flat-rbc=default-nb=200-nt=0-mc=hf_qwen3_4b_instru-5e42f640
act_prm_tau2_retail,s2,retail_s2_thoughts_policy_adamw30_lr1e_4_adamw_nb200_flat32_heldout,adamw,0.0001,120,1.733582,0.836977,0.796903,1.964124,13459.0,19282.0,retail_s2_thoughts_policy_adamw30_lr1e_4_adamw_nb200_flat32_heldout-act-prm-ia=0-rr=0-ec=act_prm_tau2_retail-gc=act_prm_actions_only-tc=sft_flat-rbc=default-nb=200-nt=0-mc=hf_qwen3_4b_instru-5e42f640
act_prm_tau2_retail,s2,retail_s2_thoughts_policy_adamw30_lr1e_4_adamw_nb200_flat32_heldout,adamw,0.0001,125,1.737795,0.837532,0.796046,1.99027,13459.0,19282.0,retail_s2_thoughts_policy_adamw30_lr1e_4_adamw_nb200_flat32_heldout-act-prm-ia=0-rr=0-ec=act_prm_tau2_retail-gc=act_prm_actions_only-tc=sft_flat-rbc=default-nb=200-nt=0-mc=hf_qwen3_4b_instru-5e42f640
act_prm_tau2_retail,s2,retail_s2_thoughts_policy_adamw30_lr1e_4_adamw_nb200_flat32_heldout,adamw,0.0001,130,1.736068,0.838133,0.796818,1.986279,13459.0,19282.0,retail_s2_thoughts_policy_adamw30_lr1e_4_adamw_nb200_flat32_heldout-act-prm-ia=0-rr=0-ec=act_prm_tau2_retail-gc=act_prm_actions_only-tc=sft_flat-rbc=default-nb=200-nt=0-mc=hf_qwen3_4b_instru-5e42f640
act_prm_tau2_retail,s2,retail_s2_thoughts_policy_adamw30_lr1e_4_adamw_nb200_flat32_heldout,adamw,0.0001,135,1.739111,0.837853,0.795226,1.996365,13459.0,19282.0,retail_s2_thoughts_policy_adamw30_lr1e_4_adamw_nb200_flat32_heldout-act-prm-ia=0-rr=0-ec=act_prm_tau2_retail-gc=act_prm_actions_only-tc=sft_flat-rbc=default-nb=200-nt=0-mc=hf_qwen3_4b_instru-5e42f640
act_prm_tau2_retail,s2,retail_s2_thoughts_policy_adamw30_lr1e_4_adamw_nb200_flat32_heldout,adamw,0.0001,140,1.731323,0.839285,0.795747,1.985711,13459.0,19282.0,retail_s2_thoughts_policy_adamw30_lr1e_4_adamw_nb200_flat32_heldout-act-prm-ia=0-rr=0-ec=act_prm_tau2_retail-gc=act_prm_actions_only-tc=sft_flat-rbc=default-nb=200-nt=0-mc=hf_qwen3_4b_instru-5e42f640
act_prm_tau2_retail,s2,retail_s2_thoughts_policy_adamw30_lr1e_4_adamw_nb200_flat32_heldout,adamw,0.0001,145,1.738783,0.839161,0.796108,2.034532,13459.0,19282.0,retail_s2_thoughts_policy_adamw30_lr1e_4_adamw_nb200_flat32_heldout-act-prm-ia=0-rr=0-ec=act_prm_tau2_retail-gc=act_prm_actions_only-tc=sft_flat-rbc=default-nb=200-nt=0-mc=hf_qwen3_4b_instru-5e42f640
act_prm_tau2_retail,s2,retail_s2_thoughts_policy_adamw30_lr1e_4_adamw_nb200_flat32_heldout,adamw,0.0001,150,1.749548,0.836387,0.793116,2.031992,13459.0,19282.0,retail_s2_thoughts_policy_adamw30_lr1e_4_adamw_nb200_flat32_heldout-act-prm-ia=0-rr=0-ec=act_prm_tau2_retail-gc=act_prm_actions_only-tc=sft_flat-rbc=default-nb=200-nt=0-mc=hf_qwen3_4b_instru-5e42f640
act_prm_tau2_retail,s2,retail_s2_thoughts_policy_adamw30_lr1e_4_adamw_nb200_flat32_heldout,adamw,0.0001,155,1.746084,0.837318,0.794146,2.028808,13459.0,19282.0,retail_s2_thoughts_policy_adamw30_lr1e_4_adamw_nb200_flat32_heldout-act-prm-ia=0-rr=0-ec=act_prm_tau2_retail-gc=act_prm_actions_only-tc=sft_flat-rbc=default-nb=200-nt=0-mc=hf_qwen3_4b_instru-5e42f640
act_prm_tau2_retail,s2,retail_s2_thoughts_policy_adamw30_lr1e_4_adamw_nb200_flat32_heldout,adamw,0.0001,160,1.740766,0.838568,0.792966,2.034099,13459.0,19282.0,retail_s2_thoughts_policy_adamw30_lr1e_4_adamw_nb200_flat32_heldout-act-prm-ia=0-rr=0-ec=act_prm_tau2_retail-gc=act_prm_actions_only-tc=sft_flat-rbc=default-nb=200-nt=0-mc=hf_qwen3_4b_instru-5e42f640
act_prm_tau2_retail,s2,retail_s2_thoughts_policy_adamw30_lr1e_4_adamw_nb200_flat32_heldout,adamw,0.0001,165,1.761847,0.837506,0.793704,2.106933,13459.0,19282.0,retail_s2_thoughts_policy_adamw30_lr1e_4_adamw_nb200_flat32_heldout-act-prm-ia=0-rr=0-ec=act_prm_tau2_retail-gc=act_prm_actions_only-tc=sft_flat-rbc=default-nb=200-nt=0-mc=hf_qwen3_4b_instru-5e42f640
act_prm_tau2_retail,s2,retail_s2_thoughts_policy_adamw30_lr1e_4_adamw_nb200_flat32_heldout,adamw,0.0001,170,1.765894,0.836527,0.79128,2.079552,13459.0,19282.0,retail_s2_thoughts_policy_adamw30_lr1e_4_adamw_nb200_flat32_heldout-act-prm-ia=0-rr=0-ec=act_prm_tau2_retail-gc=act_prm_actions_only-tc=sft_flat-rbc=default-nb=200-nt=0-mc=hf_qwen3_4b_instru-5e42f640
act_prm_tau2_retail,s2,retail_s2_thoughts_policy_adamw30_lr3e_3_nb200_flat32sgd_heldout,sgd,0.003,5,3.098175,0.773059,0.725837,3.758361,13459.0,19282.0,retail_s2_thoughts_policy_adamw30_lr3e_3_nb200_flat32sgd_heldout-act-prm-ia=0-rr=0-ec=act_prm_tau2_retail-gc=act_prm_actions_only-tc=sft_flat-rbc=default-nb=200-nt=0-mc=hf_qwen3_4b_instruct--d46d20a4
act_prm_tau2_retail,s2,retail_s2_thoughts_policy_adamw30_lr3e_3_nb200_flat32sgd_heldout,sgd,0.003,10,3.068563,0.773321,0.726914,3.706202,13459.0,19282.0,retail_s2_thoughts_policy_adamw30_lr3e_3_nb200_flat32sgd_heldout-act-prm-ia=0-rr=0-ec=act_prm_tau2_retail-gc=act_prm_actions_only-tc=sft_flat-rbc=default-nb=200-nt=0-mc=hf_qwen3_4b_instruct--d46d20a4
act_prm_tau2_retail,s2,retail_s2_thoughts_policy_adamw30_lr3e_3_nb200_flat32sgd_heldout,sgd,0.003,15,3.023799,0.7729,0.727043,3.628549,13459.0,19282.0,retail_s2_thoughts_policy_adamw30_lr3e_3_nb200_flat32sgd_heldout-act-prm-ia=0-rr=0-ec=act_prm_tau2_retail-gc=act_prm_actions_only-tc=sft_flat-rbc=default-nb=200-nt=0-mc=hf_qwen3_4b_instruct--d46d20a4
act_prm_tau2_retail,s2,retail_s2_thoughts_policy_adamw30_lr3e_3_nb200_flat32sgd_heldout,sgd,0.003,20,2.967425,0.772609,0.727826,3.530908,13459.0,19282.0,retail_s2_thoughts_policy_adamw30_lr3e_3_nb200_flat32sgd_heldout-act-prm-ia=0-rr=0-ec=act_prm_tau2_retail-gc=act_prm_actions_only-tc=sft_flat-rbc=default-nb=200-nt=0-mc=hf_qwen3_4b_instruct--d46d20a4
act_prm_tau2_retail,s2,retail_s2_thoughts_policy_adamw30_lr3e_3_nb200_flat32sgd_heldout,sgd,0.003,25,2.909999,0.773884,0.729551,3.425994,13459.0,19282.0,retail_s2_thoughts_policy_adamw30_lr3e_3_nb200_flat32sgd_heldout-act-prm-ia=0-rr=0-ec=act_prm_tau2_retail-gc=act_prm_actions_only-tc=sft_flat-rbc=default-nb=200-nt=0-mc=hf_qwen3_4b_instruct--d46d20a4
act_prm_tau2_retail,s2,retail_s2_thoughts_policy_adamw30_lr3e_3_nb200_flat32sgd_heldout,sgd,0.003,30,2.848988,0.774584,0.73081,3.31749,13459.0,19282.0,retail_s2_thoughts_policy_adamw30_lr3e_3_nb200_flat32sgd_heldout-act-prm-ia=0-rr=0-ec=act_prm_tau2_retail-gc=act_prm_actions_only-tc=sft_flat-rbc=default-nb=200-nt=0-mc=hf_qwen3_4b_instruct--d46d20a4
act_prm_tau2_retail,s2,retail_s2_thoughts_policy_adamw30_lr3e_3_nb200_flat32sgd_heldout,sgd,0.003,35,2.782071,0.774228,0.731792,3.200409,13459.0,19282.0,retail_s2_thoughts_policy_adamw30_lr3e_3_nb200_flat32sgd_heldout-act-prm-ia=0-rr=0-ec=act_prm_tau2_retail-gc=act_prm_actions_only-tc=sft_flat-rbc=default-nb=200-nt=0-mc=hf_qwen3_4b_instruct--d46d20a4
act_prm_tau2_retail,s2,retail_s2_thoughts_policy_adamw30_lr3e_3_nb200_flat32sgd_heldout,sgd,0.003,40,2.708858,0.774742,0.73371,3.084331,13459.0,19282.0,retail_s2_thoughts_policy_adamw30_lr3e_3_nb200_flat32sgd_heldout-act-prm-ia=0-rr=0-ec=act_prm_tau2_retail-gc=act_prm_actions_only-tc=sft_flat-rbc=default-nb=200-nt=0-mc=hf_qwen3_4b_instruct--d46d20a4
act_prm_tau2_retail,s2,retail_s2_thoughts_policy_adamw30_lr3e_3_nb200_flat32sgd_heldout,sgd,0.003,45,2.647025,0.7753,0.736262,2.980186,13459.0,19282.0,retail_s2_thoughts_policy_adamw30_lr3e_3_nb200_flat32sgd_heldout-act-prm-ia=0-rr=0-ec=act_prm_tau2_retail-gc=act_prm_actions_only-tc=sft_flat-rbc=default-nb=200-nt=0-mc=hf_qwen3_4b_instruct--d46d20a4
act_prm_tau2_retail,s2,retail_s2_thoughts_policy_adamw30_lr3e_3_nb200_flat32sgd_heldout,sgd,0.003,50,2.589819,0.775684,0.737396,2.88214,13459.0,19282.0,retail_s2_thoughts_policy_adamw30_lr3e_3_nb200_flat32sgd_heldout-act-prm-ia=0-rr=0-ec=act_prm_tau2_retail-gc=act_prm_actions_only-tc=sft_flat-rbc=default-nb=200-nt=0-mc=hf_qwen3_4b_instruct--d46d20a4
act_prm_tau2_retail,s2,retail_s2_thoughts_policy_adamw30_lr3e_3_nb200_flat32sgd_heldout,sgd,0.003,55,2.536724,0.77592,0.739551,2.803406,13459.0,19282.0,retail_s2_thoughts_policy_adamw30_lr3e_3_nb200_flat32sgd_heldout-act-prm-ia=0-rr=0-ec=act_prm_tau2_retail-gc=act_prm_actions_only-tc=sft_flat-rbc=default-nb=200-nt=0-mc=hf_qwen3_4b_instruct--d46d20a4
act_prm_tau2_retail,s2,retail_s2_thoughts_policy_adamw30_lr3e_3_nb200_flat32sgd_heldout,sgd,0.003,60,2.498796,0.775095,0.740235,2.746446,13459.0,19282.0,retail_s2_thoughts_policy_adamw30_lr3e_3_nb200_flat32sgd_heldout-act-prm-ia=0-rr=0-ec=act_prm_tau2_retail-gc=act_prm_actions_only-tc=sft_flat-rbc=default-nb=200-nt=0-mc=hf_qwen3_4b_instruct--d46d20a4
act_prm_tau2_retail,s2,retail_s2_thoughts_policy_adamw30_lr3e_3_nb200_flat32sgd_heldout,sgd,0.003,65,2.465699,0.775993,0.741049,2.693971,13459.0,19282.0,retail_s2_thoughts_policy_adamw30_lr3e_3_nb200_flat32sgd_heldout-act-prm-ia=0-rr=0-ec=act_prm_tau2_retail-gc=act_prm_actions_only-tc=sft_flat-rbc=default-nb=200-nt=0-mc=hf_qwen3_4b_instruct--d46d20a4
act_prm_tau2_retail,s2,retail_s2_thoughts_policy_adamw30_lr3e_3_nb200_flat32sgd_heldout,sgd,0.003,70,2.442331,0.775837,0.742476,2.658593,13459.0,19282.0,retail_s2_thoughts_policy_adamw30_lr3e_3_nb200_flat32sgd_heldout-act-prm-ia=0-rr=0-ec=act_prm_tau2_retail-gc=act_prm_actions_only-tc=sft_flat-rbc=default-nb=200-nt=0-mc=hf_qwen3_4b_instruct--d46d20a4
act_prm_tau2_retail,s2,retail_s2_thoughts_policy_adamw30_lr3e_3_nb200_flat32sgd_heldout,sgd,0.003,75,2.421083,0.775452,0.742389,2.627942,13459.0,19282.0,retail_s2_thoughts_policy_adamw30_lr3e_3_nb200_flat32sgd_heldout-act-prm-ia=0-rr=0-ec=act_prm_tau2_retail-gc=act_prm_actions_only-tc=sft_flat-rbc=default-nb=200-nt=0-mc=hf_qwen3_4b_instruct--d46d20a4
act_prm_tau2_retail,s2,retail_s2_thoughts_policy_adamw30_lr3e_3_nb200_flat32sgd_heldout,sgd,0.003,80,2.402812,0.776373,0.744293,2.598345,13459.0,19282.0,retail_s2_thoughts_policy_adamw30_lr3e_3_nb200_flat32sgd_heldout-act-prm-ia=0-rr=0-ec=act_prm_tau2_retail-gc=act_prm_actions_only-tc=sft_flat-rbc=default-nb=200-nt=0-mc=hf_qwen3_4b_instruct--d46d20a4
act_prm_tau2_retail,s2,retail_s2_thoughts_policy_adamw30_lr3e_3_nb200_flat32sgd_heldout,sgd,0.003,85,2.390748,0.776282,0.744659,2.580282,13459.0,19282.0,retail_s2_thoughts_policy_adamw30_lr3e_3_nb200_flat32sgd_heldout-act-prm-ia=0-rr=0-ec=act_prm_tau2_retail-gc=act_prm_actions_only-tc=sft_flat-rbc=default-nb=200-nt=0-mc=hf_qwen3_4b_instruct--d46d20a4
act_prm_tau2_retail,s2,retail_s2_thoughts_policy_adamw30_lr3e_3_nb200_flat32sgd_heldout,sgd,0.003,90,2.377369,0.776505,0.745485,2.562633,13459.0,19282.0,retail_s2_thoughts_policy_adamw30_lr3e_3_nb200_flat32sgd_heldout-act-prm-ia=0-rr=0-ec=act_prm_tau2_retail-gc=act_prm_actions_only-tc=sft_flat-rbc=default-nb=200-nt=0-mc=hf_qwen3_4b_instruct--d46d20a4
act_prm_tau2_retail,s2,retail_s2_thoughts_policy_adamw30_lr3e_3_nb200_flat32sgd_heldout,sgd,0.003,95,2.36419,0.776136,0.745741,2.545814,13459.0,19282.0,retail_s2_thoughts_policy_adamw30_lr3e_3_nb200_flat32sgd_heldout-act-prm-ia=0-rr=0-ec=act_prm_tau2_retail-gc=act_prm_actions_only-tc=sft_flat-rbc=default-nb=200-nt=0-mc=hf_qwen3_4b_instruct--d46d20a4
act_prm_tau2_retail,s2,retail_s2_thoughts_policy_adamw30_lr3e_3_nb200_flat32sgd_heldout,sgd,0.003,100,2.35959,0.776248,0.745946,2.535261,13459.0,19282.0,retail_s2_thoughts_policy_adamw30_lr3e_3_nb200_flat32sgd_heldout-act-prm-ia=0-rr=0-ec=act_prm_tau2_retail-gc=act_prm_actions_only-tc=sft_flat-rbc=default-nb=200-nt=0-mc=hf_qwen3_4b_instruct--d46d20a4
act_prm_tau2_retail,s2,retail_s2_thoughts_policy_adamw30_lr3e_3_nb200_flat32sgd_heldout,sgd,0.003,105,2.353411,0.776826,0.745816,2.526942,13459.0,19282.0,retail_s2_thoughts_policy_adamw30_lr3e_3_nb200_flat32sgd_heldout-act-prm-ia=0-rr=0-ec=act_prm_tau2_retail-gc=act_prm_actions_only-tc=sft_flat-rbc=default-nb=200-nt=0-mc=hf_qwen3_4b_instruct--d46d20a4
act_prm_tau2_retail,s2,retail_s2_thoughts_policy_adamw30_lr3e_3_nb200_flat32sgd_heldout,sgd,0.003,110,2.34494,0.777732,0.747083,2.514872,13459.0,19282.0,retail_s2_thoughts_policy_adamw30_lr3e_3_nb200_flat32sgd_heldout-act-prm-ia=0-rr=0-ec=act_prm_tau2_retail-gc=act_prm_actions_only-tc=sft_flat-rbc=default-nb=200-nt=0-mc=hf_qwen3_4b_instruct--d46d20a4
act_prm_tau2_retail,s2,retail_s2_thoughts_policy_adamw30_lr3e_3_nb200_flat32sgd_heldout,sgd,0.003,115,2.336795,0.776548,0.747192,2.506359,13459.0,19282.0,retail_s2_thoughts_policy_adamw30_lr3e_3_nb200_flat32sgd_heldout-act-prm-ia=0-rr=0-ec=act_prm_tau2_retail-gc=act_prm_actions_only-tc=sft_flat-rbc=default-nb=200-nt=0-mc=hf_qwen3_4b_instruct--d46d20a4
act_prm_tau2_retail,s2,retail_s2_thoughts_policy_adamw30_lr3e_3_nb200_flat32sgd_heldout,sgd,0.003,120,2.331219,0.777551,0.746889,2.496263,13459.0,19282.0,retail_s2_thoughts_policy_adamw30_lr3e_3_nb200_flat32sgd_heldout-act-prm-ia=0-rr=0-ec=act_prm_tau2_retail-gc=act_prm_actions_only-tc=sft_flat-rbc=default-nb=200-nt=0-mc=hf_qwen3_4b_instruct--d46d20a4
act_prm_tau2_retail,s2,retail_s2_thoughts_policy_adamw30_lr3e_3_nb200_flat32sgd_heldout,sgd,0.003,125,2.324092,0.777689,0.747782,2.491022,13459.0,19282.0,retail_s2_thoughts_policy_adamw30_lr3e_3_nb200_flat32sgd_heldout-act-prm-ia=0-rr=0-ec=act_prm_tau2_retail-gc=act_prm_actions_only-tc=sft_flat-rbc=default-nb=200-nt=0-mc=hf_qwen3_4b_instruct--d46d20a4
act_prm_tau2_retail,s2,retail_s2_thoughts_policy_adamw30_lr3e_3_nb200_flat32sgd_heldout,sgd,0.003,130,2.319724,0.778335,0.748143,2.48529,13459.0,19282.0,retail_s2_thoughts_policy_adamw30_lr3e_3_nb200_flat32sgd_heldout-act-prm-ia=0-rr=0-ec=act_prm_tau2_retail-gc=act_prm_actions_only-tc=sft_flat-rbc=default-nb=200-nt=0-mc=hf_qwen3_4b_instruct--d46d20a4
act_prm_tau2_retail,s2,retail_s2_thoughts_policy_adamw30_lr3e_3_nb200_flat32sgd_heldout,sgd,0.003,135,2.315693,0.777749,0.748276,2.480897,13459.0,19282.0,retail_s2_thoughts_policy_adamw30_lr3e_3_nb200_flat32sgd_heldout-act-prm-ia=0-rr=0-ec=act_prm_tau2_retail-gc=act_prm_actions_only-tc=sft_flat-rbc=default-nb=200-nt=0-mc=hf_qwen3_4b_instruct--d46d20a4
act_prm_tau2_retail,s2,retail_s2_thoughts_policy_adamw30_lr3e_3_nb200_flat32sgd_heldout,sgd,0.003,140,2.313704,0.777806,0.747626,2.473598,13459.0,19282.0,retail_s2_thoughts_policy_adamw30_lr3e_3_nb200_flat32sgd_heldout-act-prm-ia=0-rr=0-ec=act_prm_tau2_retail-gc=act_prm_actions_only-tc=sft_flat-rbc=default-nb=200-nt=0-mc=hf_qwen3_4b_instruct--d46d20a4
act_prm_tau2_retail,s2,retail_s2_thoughts_policy_adamw30_lr3e_3_nb200_flat32sgd_heldout,sgd,0.003,145,2.30974,0.779416,0.7495,2.468522,13459.0,19282.0,retail_s2_thoughts_policy_adamw30_lr3e_3_nb200_flat32sgd_heldout-act-prm-ia=0-rr=0-ec=act_prm_tau2_retail-gc=act_prm_actions_only-tc=sft_flat-rbc=default-nb=200-nt=0-mc=hf_qwen3_4b_instruct--d46d20a4
act_prm_tau2_retail,s2,retail_s2_thoughts_policy_adamw30_lr3e_3_nb200_flat32sgd_heldout,sgd,0.003,150,2.30739,0.778756,0.74892,2.463328,13459.0,19282.0,retail_s2_thoughts_policy_adamw30_lr3e_3_nb200_flat32sgd_heldout-act-prm-ia=0-rr=0-ec=act_prm_tau2_retail-gc=act_prm_actions_only-tc=sft_flat-rbc=default-nb=200-nt=0-mc=hf_qwen3_4b_instruct--d46d20a4
act_prm_tau2_retail,s2,retail_s2_thoughts_policy_adamw30_lr3e_3_nb200_flat32sgd_heldout,sgd,0.003,155,2.305062,0.779236,0.74941,2.459605,13459.0,19282.0,retail_s2_thoughts_policy_adamw30_lr3e_3_nb200_flat32sgd_heldout-act-prm-ia=0-rr=0-ec=act_prm_tau2_retail-gc=act_prm_actions_only-tc=sft_flat-rbc=default-nb=200-nt=0-mc=hf_qwen3_4b_instruct--d46d20a4
act_prm_tau2_retail,s2,retail_s2_thoughts_policy_adamw30_lr3e_3_nb200_flat32sgd_heldout,sgd,0.003,160,2.300756,0.778745,0.750475,2.454624,13459.0,19282.0,retail_s2_thoughts_policy_adamw30_lr3e_3_nb200_flat32sgd_heldout-act-prm-ia=0-rr=0-ec=act_prm_tau2_retail-gc=act_prm_actions_only-tc=sft_flat-rbc=default-nb=200-nt=0-mc=hf_qwen3_4b_instruct--d46d20a4
act_prm_tau2_retail,s2,retail_s2_thoughts_policy_adamw30_lr3e_3_nb200_flat32sgd_heldout,sgd,0.003,165,2.294648,0.779408,0.750003,2.449165,13459.0,19282.0,retail_s2_thoughts_policy_adamw30_lr3e_3_nb200_flat32sgd_heldout-act-prm-ia=0-rr=0-ec=act_prm_tau2_retail-gc=act_prm_actions_only-tc=sft_flat-rbc=default-nb=200-nt=0-mc=hf_qwen3_4b_instruct--d46d20a4
act_prm_tau2_retail,s2,retail_s2_thoughts_policy_adamw30_lr3e_3_nb200_flat32sgd_heldout,sgd,0.003,170,2.291029,0.780199,0.750825,2.446171,13459.0,19282.0,retail_s2_thoughts_policy_adamw30_lr3e_3_nb200_flat32sgd_heldout-act-prm-ia=0-rr=0-ec=act_prm_tau2_retail-gc=act_prm_actions_only-tc=sft_flat-rbc=default-nb=200-nt=0-mc=hf_qwen3_4b_instruct--d46d20a4
act_prm_tau2_retail,s2,retail_s2_thoughts_policy_adamw30_lr3e_3_nb200_flat32sgd_heldout,sgd,0.003,175,2.291592,0.779198,0.749432,2.443073,13459.0,19282.0,retail_s2_thoughts_policy_adamw30_lr3e_3_nb200_flat32sgd_heldout-act-prm-ia=0-rr=0-ec=act_prm_tau2_retail-gc=act_prm_actions_only-tc=sft_flat-rbc=default-nb=200-nt=0-mc=hf_qwen3_4b_instruct--d46d20a4
act_prm_tau2_retail,s2,retail_s2_thoughts_policy_adamw30_lr3e_3_nb200_flat32sgd_heldout,sgd,0.003,180,2.289448,0.778923,0.749856,2.439127,13459.0,19282.0,retail_s2_thoughts_policy_adamw30_lr3e_3_nb200_flat32sgd_heldout-act-prm-ia=0-rr=0-ec=act_prm_tau2_retail-gc=act_prm_actions_only-tc=sft_flat-rbc=default-nb=200-nt=0-mc=hf_qwen3_4b_instruct--d46d20a4
act_prm_tau2_retail,s2,retail_s2_thoughts_policy_adamw30_lr3e_3_nb200_flat32sgd_heldout,sgd,0.003,185,2.28747,0.780939,0.751671,2.436756,13459.0,19282.0,retail_s2_thoughts_policy_adamw30_lr3e_3_nb200_flat32sgd_heldout-act-prm-ia=0-rr=0-ec=act_prm_tau2_retail-gc=act_prm_actions_only-tc=sft_flat-rbc=default-nb=200-nt=0-mc=hf_qwen3_4b_instruct--d46d20a4
act_prm_tau2_retail,s2,retail_s2_thoughts_policy_adamw30_lr3e_3_nb200_flat32sgd_heldout,sgd,0.003,190,2.283596,0.780463,0.752058,2.432623,13459.0,19282.0,retail_s2_thoughts_policy_adamw30_lr3e_3_nb200_flat32sgd_heldout-act-prm-ia=0-rr=0-ec=act_prm_tau2_retail-gc=act_prm_actions_only-tc=sft_flat-rbc=default-nb=200-nt=0-mc=hf_qwen3_4b_instruct--d46d20a4
act_prm_tau2_retail,s2,retail_s2_thoughts_policy_adamw30_lr3e_3_nb200_flat32sgd_heldout,sgd,0.003,195,2.283664,0.780371,0.751017,2.431115,13459.0,19282.0,retail_s2_thoughts_policy_adamw30_lr3e_3_nb200_flat32sgd_heldout-act-prm-ia=0-rr=0-ec=act_prm_tau2_retail-gc=act_prm_actions_only-tc=sft_flat-rbc=default-nb=200-nt=0-mc=hf_qwen3_4b_instruct--d46d20a4
act_prm_tau2_retail,s2,retail_s2_thoughts_policy_adamw30_lr3e_3_nb200_flat32sgd_heldout,sgd,0.003,199,2.282172,0.780874,0.752099,2.427417,13459.0,19282.0,retail_s2_thoughts_policy_adamw30_lr3e_3_nb200_flat32sgd_heldout-act-prm-ia=0-rr=0-ec=act_prm_tau2_retail-gc=act_prm_actions_only-tc=sft_flat-rbc=default-nb=200-nt=0-mc=hf_qwen3_4b_instruct--d46d20a4
act_prm_tau2_retail,s2,retail_s2_thoughts_policy_g8top1_lr1e_3_nb200_flat32sgd_heldout,sgd,0.001,5,3.107254,0.772943,0.722076,3.831951,13459.0,19526.0,retail_s2_thoughts_policy_g8top1_lr1e_3_nb200_flat32sgd_heldout-act-prm-ia=0-rr=0-ec=act_prm_tau2_retail-gc=act_prm_actions_only-tc=sft_flat-rbc=default-nb=200-nt=0-mc=hf_qwen3_4b_instruct-l-f3d2a9bd
act_prm_tau2_retail,s2,retail_s2_thoughts_policy_g8top1_lr1e_3_nb200_flat32sgd_heldout,sgd,0.001,10,3.104247,0.772495,0.722213,3.825817,13459.0,19526.0,retail_s2_thoughts_policy_g8top1_lr1e_3_nb200_flat32sgd_heldout-act-prm-ia=0-rr=0-ec=act_prm_tau2_retail-gc=act_prm_actions_only-tc=sft_flat-rbc=default-nb=200-nt=0-mc=hf_qwen3_4b_instruct-l-f3d2a9bd
act_prm_tau2_retail,s2,retail_s2_thoughts_policy_g8top1_lr1e_3_nb200_flat32sgd_heldout,sgd,0.001,15,3.09044,0.773003,0.722521,3.806205,13459.0,19526.0,retail_s2_thoughts_policy_g8top1_lr1e_3_nb200_flat32sgd_heldout-act-prm-ia=0-rr=0-ec=act_prm_tau2_retail-gc=act_prm_actions_only-tc=sft_flat-rbc=default-nb=200-nt=0-mc=hf_qwen3_4b_instruct-l-f3d2a9bd
act_prm_tau2_retail,s2,retail_s2_thoughts_policy_g8top1_lr1e_3_nb200_flat32sgd_heldout,sgd,0.001,20,3.086872,0.772197,0.722684,3.789284,13459.0,19526.0,retail_s2_thoughts_policy_g8top1_lr1e_3_nb200_flat32sgd_heldout-act-prm-ia=0-rr=0-ec=act_prm_tau2_retail-gc=act_prm_actions_only-tc=sft_flat-rbc=default-nb=200-nt=0-mc=hf_qwen3_4b_instruct-l-f3d2a9bd
act_prm_tau2_retail,s2,retail_s2_thoughts_policy_g8top1_lr1e_3_nb200_flat32sgd_heldout,sgd,0.001,25,3.078293,0.772715,0.721916,3.773145,13459.0,19526.0,retail_s2_thoughts_policy_g8top1_lr1e_3_nb200_flat32sgd_heldout-act-prm-ia=0-rr=0-ec=act_prm_tau2_retail-gc=act_prm_actions_only-tc=sft_flat-rbc=default-nb=200-nt=0-mc=hf_qwen3_4b_instruct-l-f3d2a9bd
act_prm_tau2_retail,s2,retail_s2_thoughts_policy_g8top1_lr1e_3_nb200_flat32sgd_heldout,sgd,0.001,30,3.066118,0.772686,0.723106,3.74911,13459.0,19526.0,retail_s2_thoughts_policy_g8top1_lr1e_3_nb200_flat32sgd_heldout-act-prm-ia=0-rr=0-ec=act_prm_tau2_retail-gc=act_prm_actions_only-tc=sft_flat-rbc=default-nb=200-nt=0-mc=hf_qwen3_4b_instruct-l-f3d2a9bd
act_prm_tau2_retail,s2,retail_s2_thoughts_policy_g8top1_lr1e_3_nb200_flat32sgd_heldout,sgd,0.001,35,3.042592,0.772725,0.723233,3.719616,13459.0,19526.0,retail_s2_thoughts_policy_g8top1_lr1e_3_nb200_flat32sgd_heldout-act-prm-ia=0-rr=0-ec=act_prm_tau2_retail-gc=act_prm_actions_only-tc=sft_flat-rbc=default-nb=200-nt=0-mc=hf_qwen3_4b_instruct-l-f3d2a9bd
act_prm_tau2_retail,s2,retail_s2_thoughts_policy_g8top1_lr1e_3_nb200_flat32sgd_heldout,sgd,0.001,40,3.034031,0.773215,0.72352,3.692387,13459.0,19526.0,retail_s2_thoughts_policy_g8top1_lr1e_3_nb200_flat32sgd_heldout-act-prm-ia=0-rr=0-ec=act_prm_tau2_retail-gc=act_prm_actions_only-tc=sft_flat-rbc=default-nb=200-nt=0-mc=hf_qwen3_4b_instruct-l-f3d2a9bd
act_prm_tau2_retail,s2,retail_s2_thoughts_policy_g8top1_lr1e_3_nb200_flat32sgd_heldout,sgd,0.001,45,3.016308,0.773085,0.724289,3.665879,13459.0,19526.0,retail_s2_thoughts_policy_g8top1_lr1e_3_nb200_flat32sgd_heldout-act-prm-ia=0-rr=0-ec=act_prm_tau2_retail-gc=act_prm_actions_only-tc=sft_flat-rbc=default-nb=200-nt=0-mc=hf_qwen3_4b_instruct-l-f3d2a9bd
act_prm_tau2_retail,s2,retail_s2_thoughts_policy_g8top1_lr1e_3_nb200_flat32sgd_heldout,sgd,0.001,50,2.996689,0.773068,0.723296,3.623412,13459.0,19526.0,retail_s2_thoughts_policy_g8top1_lr1e_3_nb200_flat32sgd_heldout-act-prm-ia=0-rr=0-ec=act_prm_tau2_retail-gc=act_prm_actions_only-tc=sft_flat-rbc=default-nb=200-nt=0-mc=hf_qwen3_4b_instruct-l-f3d2a9bd
act_prm_tau2_retail,s2,retail_s2_thoughts_policy_g8top1_lr1e_3_nb200_flat32sgd_heldout,sgd,0.001,55,2.977378,0.773859,0.725221,3.586487,13459.0,19526.0,retail_s2_thoughts_policy_g8top1_lr1e_3_nb200_flat32sgd_heldout-act-prm-ia=0-rr=0-ec=act_prm_tau2_retail-gc=act_prm_actions_only-tc=sft_flat-rbc=default-nb=200-nt=0-mc=hf_qwen3_4b_instruct-l-f3d2a9bd
act_prm_tau2_retail,s2,retail_s2_thoughts_policy_g8top1_lr1e_3_nb200_flat32sgd_heldout,sgd,0.001,60,2.960254,0.773404,0.724862,3.55773,13459.0,19526.0,retail_s2_thoughts_policy_g8top1_lr1e_3_nb200_flat32sgd_heldout-act-prm-ia=0-rr=0-ec=act_prm_tau2_retail-gc=act_prm_actions_only-tc=sft_flat-rbc=default-nb=200-nt=0-mc=hf_qwen3_4b_instruct-l-f3d2a9bd
act_prm_tau2_retail,s2,retail_s2_thoughts_policy_g8top1_lr1e_3_nb200_flat32sgd_heldout,sgd,0.001,65,2.946888,0.773635,0.725533,3.520808,13459.0,19526.0,retail_s2_thoughts_policy_g8top1_lr1e_3_nb200_flat32sgd_heldout-act-prm-ia=0-rr=0-ec=act_prm_tau2_retail-gc=act_prm_actions_only-tc=sft_flat-rbc=default-nb=200-nt=0-mc=hf_qwen3_4b_instruct-l-f3d2a9bd
act_prm_tau2_retail,s2,retail_s2_thoughts_policy_g8top1_lr1e_3_nb200_flat32sgd_heldout,sgd,0.001,70,2.913925,0.773495,0.726106,3.474841,13459.0,19526.0,retail_s2_thoughts_policy_g8top1_lr1e_3_nb200_flat32sgd_heldout-act-prm-ia=0-rr=0-ec=act_prm_tau2_retail-gc=act_prm_actions_only-tc=sft_flat-rbc=default-nb=200-nt=0-mc=hf_qwen3_4b_instruct-l-f3d2a9bd
act_prm_tau2_retail,s2,retail_s2_thoughts_policy_g8top1_lr1e_3_nb200_flat32sgd_heldout,sgd,0.001,75,2.890223,0.773805,0.726655,3.440392,13459.0,19526.0,retail_s2_thoughts_policy_g8top1_lr1e_3_nb200_flat32sgd_heldout-act-prm-ia=0-rr=0-ec=act_prm_tau2_retail-gc=act_prm_actions_only-tc=sft_flat-rbc=default-nb=200-nt=0-mc=hf_qwen3_4b_instruct-l-f3d2a9bd
act_prm_tau2_retail,s2,retail_s2_thoughts_policy_g8top1_lr1e_3_nb200_flat32sgd_heldout,sgd,0.001,80,2.871811,0.774283,0.72724,3.401507,13459.0,19526.0,retail_s2_thoughts_policy_g8top1_lr1e_3_nb200_flat32sgd_heldout-act-prm-ia=0-rr=0-ec=act_prm_tau2_retail-gc=act_prm_actions_only-tc=sft_flat-rbc=default-nb=200-nt=0-mc=hf_qwen3_4b_instruct-l-f3d2a9bd
act_prm_tau2_retail,s2,retail_s2_thoughts_policy_g8top1_lr1e_3_nb200_flat32sgd_heldout,sgd,0.001,85,2.850214,0.774257,0.727639,3.36458,13459.0,19526.0,retail_s2_thoughts_policy_g8top1_lr1e_3_nb200_flat32sgd_heldout-act-prm-ia=0-rr=0-ec=act_prm_tau2_retail-gc=act_prm_actions_only-tc=sft_flat-rbc=default-nb=200-nt=0-mc=hf_qwen3_4b_instruct-l-f3d2a9bd
act_prm_tau2_retail,s2,retail_s2_thoughts_policy_g8top1_lr1e_3_nb200_flat32sgd_heldout,sgd,0.001,90,2.824215,0.773761,0.727896,3.323332,13459.0,19526.0,retail_s2_thoughts_policy_g8top1_lr1e_3_nb200_flat32sgd_heldout-act-prm-ia=0-rr=0-ec=act_prm_tau2_retail-gc=act_prm_actions_only-tc=sft_flat-rbc=default-nb=200-nt=0-mc=hf_qwen3_4b_instruct-l-f3d2a9bd
act_prm_tau2_retail,s2,retail_s2_thoughts_policy_g8top1_lr1e_3_nb200_flat32sgd_heldout,sgd,0.001,95,2.801042,0.773087,0.727819,3.283702,13459.0,19526.0,retail_s2_thoughts_policy_g8top1_lr1e_3_nb200_flat32sgd_heldout-act-prm-ia=0-rr=0-ec=act_prm_tau2_retail-gc=act_prm_actions_only-tc=sft_flat-rbc=default-nb=200-nt=0-mc=hf_qwen3_4b_instruct-l-f3d2a9bd
act_prm_tau2_retail,s2,retail_s2_thoughts_policy_g8top1_lr1e_3_nb200_flat32sgd_heldout,sgd,0.001,100,2.778139,0.773431,0.728963,3.240731,13459.0,19526.0,retail_s2_thoughts_policy_g8top1_lr1e_3_nb200_flat32sgd_heldout-act-prm-ia=0-rr=0-ec=act_prm_tau2_retail-gc=act_prm_actions_only-tc=sft_flat-rbc=default-nb=200-nt=0-mc=hf_qwen3_4b_instruct-l-f3d2a9bd
act_prm_tau2_retail,s2,retail_s2_thoughts_policy_g8top1_lr1e_3_nb200_flat32sgd_heldout,sgd,0.001,105,2.753783,0.773756,0.729892,3.198391,13459.0,19526.0,retail_s2_thoughts_policy_g8top1_lr1e_3_nb200_flat32sgd_heldout-act-prm-ia=0-rr=0-ec=act_prm_tau2_retail-gc=act_prm_actions_only-tc=sft_flat-rbc=default-nb=200-nt=0-mc=hf_qwen3_4b_instruct-l-f3d2a9bd
act_prm_tau2_retail,s2,retail_s2_thoughts_policy_g8top1_lr1e_3_nb200_flat32sgd_heldout,sgd,0.001,110,2.728807,0.773434,0.729837,3.155864,13459.0,19526.0,retail_s2_thoughts_policy_g8top1_lr1e_3_nb200_flat32sgd_heldout-act-prm-ia=0-rr=0-ec=act_prm_tau2_retail-gc=act_prm_actions_only-tc=sft_flat-rbc=default-nb=200-nt=0-mc=hf_qwen3_4b_instruct-l-f3d2a9bd
act_prm_tau2_retail,s2,retail_s2_thoughts_policy_g8top1_lr1e_3_nb200_flat32sgd_heldout,sgd,0.001,115,2.704896,0.773586,0.730677,3.116137,13459.0,19526.0,retail_s2_thoughts_policy_g8top1_lr1e_3_nb200_flat32sgd_heldout-act-prm-ia=0-rr=0-ec=act_prm_tau2_retail-gc=act_prm_actions_only-tc=sft_flat-rbc=default-nb=200-nt=0-mc=hf_qwen3_4b_instruct-l-f3d2a9bd
act_prm_tau2_retail,s2,retail_s2_thoughts_policy_g8top1_lr1e_3_nb200_flat32sgd_heldout,sgd,0.001,120,2.678427,0.774182,0.732082,3.066978,13459.0,19526.0,retail_s2_thoughts_policy_g8top1_lr1e_3_nb200_flat32sgd_heldout-act-prm-ia=0-rr=0-ec=act_prm_tau2_retail-gc=act_prm_actions_only-tc=sft_flat-rbc=default-nb=200-nt=0-mc=hf_qwen3_4b_instruct-l-f3d2a9bd
act_prm_tau2_retail,s2,retail_s2_thoughts_policy_g8top1_lr1e_3_nb200_flat32sgd_heldout,sgd,0.001,125,2.659136,0.774411,0.732434,3.03564,13459.0,19526.0,retail_s2_thoughts_policy_g8top1_lr1e_3_nb200_flat32sgd_heldout-act-prm-ia=0-rr=0-ec=act_prm_tau2_retail-gc=act_prm_actions_only-tc=sft_flat-rbc=default-nb=200-nt=0-mc=hf_qwen3_4b_instruct-l-f3d2a9bd
act_prm_tau2_retail,s2,retail_s2_thoughts_policy_g8top1_lr1e_3_nb200_flat32sgd_heldout,sgd,0.001,130,2.634618,0.774819,0.73328,2.996759,13459.0,19526.0,retail_s2_thoughts_policy_g8top1_lr1e_3_nb200_flat32sgd_heldout-act-prm-ia=0-rr=0-ec=act_prm_tau2_retail-gc=act_prm_actions_only-tc=sft_flat-rbc=default-nb=200-nt=0-mc=hf_qwen3_4b_instruct-l-f3d2a9bd
act_prm_tau2_retail,s2,retail_s2_thoughts_policy_g8top1_lr1e_3_nb200_flat32sgd_heldout,sgd,0.001,135,2.617343,0.774418,0.733867,2.964466,13459.0,19526.0,retail_s2_thoughts_policy_g8top1_lr1e_3_nb200_flat32sgd_heldout-act-prm-ia=0-rr=0-ec=act_prm_tau2_retail-gc=act_prm_actions_only-tc=sft_flat-rbc=default-nb=200-nt=0-mc=hf_qwen3_4b_instruct-l-f3d2a9bd
act_prm_tau2_retail,s2,retail_s2_thoughts_policy_g8top1_lr1e_3_nb200_flat32sgd_heldout,sgd,0.001,140,2.599864,0.773879,0.733895,2.935585,13459.0,19526.0,retail_s2_thoughts_policy_g8top1_lr1e_3_nb200_flat32sgd_heldout-act-prm-ia=0-rr=0-ec=act_prm_tau2_retail-gc=act_prm_actions_only-tc=sft_flat-rbc=default-nb=200-nt=0-mc=hf_qwen3_4b_instruct-l-f3d2a9bd
act_prm_tau2_retail,s2,retail_s2_thoughts_policy_g8top1_lr1e_3_nb200_flat32sgd_heldout,sgd,0.001,145,2.577036,0.774898,0.735874,2.904681,13459.0,19526.0,retail_s2_thoughts_policy_g8top1_lr1e_3_nb200_flat32sgd_heldout-act-prm-ia=0-rr=0-ec=act_prm_tau2_retail-gc=act_prm_actions_only-tc=sft_flat-rbc=default-nb=200-nt=0-mc=hf_qwen3_4b_instruct-l-f3d2a9bd
act_prm_tau2_retail,s2,retail_s2_thoughts_policy_g8top1_lr1e_3_nb200_flat32sgd_heldout,sgd,0.001,150,2.562786,0.77437,0.735668,2.876274,13459.0,19526.0,retail_s2_thoughts_policy_g8top1_lr1e_3_nb200_flat32sgd_heldout-act-prm-ia=0-rr=0-ec=act_prm_tau2_retail-gc=act_prm_actions_only-tc=sft_flat-rbc=default-nb=200-nt=0-mc=hf_qwen3_4b_instruct-l-f3d2a9bd
act_prm_tau2_retail,s2,retail_s2_thoughts_policy_g8top1_lr1e_3_nb200_flat32sgd_heldout,sgd,0.001,155,2.549284,0.775212,0.736273,2.852589,13459.0,19526.0,retail_s2_thoughts_policy_g8top1_lr1e_3_nb200_flat32sgd_heldout-act-prm-ia=0-rr=0-ec=act_prm_tau2_retail-gc=act_prm_actions_only-tc=sft_flat-rbc=default-nb=200-nt=0-mc=hf_qwen3_4b_instruct-l-f3d2a9bd
act_prm_tau2_retail,s2,retail_s2_thoughts_policy_g8top1_lr1e_3_nb200_flat32sgd_heldout,sgd,0.001,160,2.53524,0.775047,0.736654,2.827398,13459.0,19526.0,retail_s2_thoughts_policy_g8top1_lr1e_3_nb200_flat32sgd_heldout-act-prm-ia=0-rr=0-ec=act_prm_tau2_retail-gc=act_prm_actions_only-tc=sft_flat-rbc=default-nb=200-nt=0-mc=hf_qwen3_4b_instruct-l-f3d2a9bd
act_prm_tau2_retail,s2,retail_s2_thoughts_policy_g8top1_lr1e_3_nb200_flat32sgd_heldout,sgd,0.001,165,2.515903,0.775162,0.73689,2.80336,13459.0,19526.0,retail_s2_thoughts_policy_g8top1_lr1e_3_nb200_flat32sgd_heldout-act-prm-ia=0-rr=0-ec=act_prm_tau2_retail-gc=act_prm_actions_only-tc=sft_flat-rbc=default-nb=200-nt=0-mc=hf_qwen3_4b_instruct-l-f3d2a9bd
act_prm_tau2_retail,s2,retail_s2_thoughts_policy_g8top1_lr1e_3_nb200_flat32sgd_heldout,sgd,0.001,170,2.507036,0.77428,0.737196,2.785752,13459.0,19526.0,retail_s2_thoughts_policy_g8top1_lr1e_3_nb200_flat32sgd_heldout-act-prm-ia=0-rr=0-ec=act_prm_tau2_retail-gc=act_prm_actions_only-tc=sft_flat-rbc=default-nb=200-nt=0-mc=hf_qwen3_4b_instruct-l-f3d2a9bd
act_prm_tau2_retail,s2,retail_s2_thoughts_policy_g8top1_lr1e_3_nb200_flat32sgd_heldout,sgd,0.001,175,2.490118,0.774459,0.737511,2.765997,13459.0,19526.0,retail_s2_thoughts_policy_g8top1_lr1e_3_nb200_flat32sgd_heldout-act-prm-ia=0-rr=0-ec=act_prm_tau2_retail-gc=act_prm_actions_only-tc=sft_flat-rbc=default-nb=200-nt=0-mc=hf_qwen3_4b_instruct-l-f3d2a9bd
act_prm_tau2_retail,s2,retail_s2_thoughts_policy_g8top1_lr1e_3_nb200_flat32sgd_heldout,sgd,0.001,180,2.481708,0.774605,0.737118,2.749375,13459.0,19526.0,retail_s2_thoughts_policy_g8top1_lr1e_3_nb200_flat32sgd_heldout-act-prm-ia=0-rr=0-ec=act_prm_tau2_retail-gc=act_prm_actions_only-tc=sft_flat-rbc=default-nb=200-nt=0-mc=hf_qwen3_4b_instruct-l-f3d2a9bd
act_prm_tau2_retail,s2,retail_s2_thoughts_policy_g8top1_lr1e_3_nb200_flat32sgd_heldout,sgd,0.001,185,2.469986,0.775099,0.738254,2.732515,13459.0,19526.0,retail_s2_thoughts_policy_g8top1_lr1e_3_nb200_flat32sgd_heldout-act-prm-ia=0-rr=0-ec=act_prm_tau2_retail-gc=act_prm_actions_only-tc=sft_flat-rbc=default-nb=200-nt=0-mc=hf_qwen3_4b_instruct-l-f3d2a9bd
act_prm_tau2_retail,s2,retail_s2_thoughts_policy_g8top1_lr1e_3_nb200_flat32sgd_heldout,sgd,0.001,190,2.460721,0.773708,0.737621,2.715226,13459.0,19526.0,retail_s2_thoughts_policy_g8top1_lr1e_3_nb200_flat32sgd_heldout-act-prm-ia=0-rr=0-ec=act_prm_tau2_retail-gc=act_prm_actions_only-tc=sft_flat-rbc=default-nb=200-nt=0-mc=hf_qwen3_4b_instruct-l-f3d2a9bd
act_prm_tau2_retail,s2,retail_s2_thoughts_policy_g8top1_lr1e_3_nb200_flat32sgd_heldout,sgd,0.001,195,2.451602,0.77482,0.738991,2.703048,13459.0,19526.0,retail_s2_thoughts_policy_g8top1_lr1e_3_nb200_flat32sgd_heldout-act-prm-ia=0-rr=0-ec=act_prm_tau2_retail-gc=act_prm_actions_only-tc=sft_flat-rbc=default-nb=200-nt=0-mc=hf_qwen3_4b_instruct-l-f3d2a9bd
act_prm_tau2_retail,s2,retail_s2_thoughts_policy_g8top1_lr1e_3_nb200_flat32sgd_heldout,sgd,0.001,199,2.445398,0.774797,0.738774,2.695319,13459.0,19526.0,retail_s2_thoughts_policy_g8top1_lr1e_3_nb200_flat32sgd_heldout-act-prm-ia=0-rr=0-ec=act_prm_tau2_retail-gc=act_prm_actions_only-tc=sft_flat-rbc=default-nb=200-nt=0-mc=hf_qwen3_4b_instruct-l-f3d2a9bd
act_prm_tau2_retail,s2,retail_s2_thoughts_policy_g8top2_lr1e_3_nb200_flat32sgd_heldout,sgd,0.001,5,3.110146,0.773111,0.722594,3.830596,26918.0,39052.0,retail_s2_thoughts_policy_g8top2_lr1e_3_nb200_flat32sgd_heldout-act-prm-ia=0-rr=0-ec=act_prm_tau2_retail-gc=act_prm_actions_only-tc=sft_flat-rbc=default-nb=200-nt=0-mc=hf_qwen3_4b_instruct-l-bc273f6a
act_prm_tau2_retail,s2,retail_s2_thoughts_policy_g8top2_lr1e_3_nb200_flat32sgd_heldout,sgd,0.001,10,3.100138,0.772248,0.722352,3.822453,26918.0,39052.0,retail_s2_thoughts_policy_g8top2_lr1e_3_nb200_flat32sgd_heldout-act-prm-ia=0-rr=0-ec=act_prm_tau2_retail-gc=act_prm_actions_only-tc=sft_flat-rbc=default-nb=200-nt=0-mc=hf_qwen3_4b_instruct-l-bc273f6a
act_prm_tau2_retail,s2,retail_s2_thoughts_policy_g8top2_lr1e_3_nb200_flat32sgd_heldout,sgd,0.001,15,3.093474,0.772695,0.722623,3.804326,26918.0,39052.0,retail_s2_thoughts_policy_g8top2_lr1e_3_nb200_flat32sgd_heldout-act-prm-ia=0-rr=0-ec=act_prm_tau2_retail-gc=act_prm_actions_only-tc=sft_flat-rbc=default-nb=200-nt=0-mc=hf_qwen3_4b_instruct-l-bc273f6a
act_prm_tau2_retail,s2,retail_s2_thoughts_policy_g8top2_lr1e_3_nb200_flat32sgd_heldout,sgd,0.001,20,3.087562,0.772818,0.722531,3.791741,26918.0,39052.0,retail_s2_thoughts_policy_g8top2_lr1e_3_nb200_flat32sgd_heldout-act-prm-ia=0-rr=0-ec=act_prm_tau2_retail-gc=act_prm_actions_only-tc=sft_flat-rbc=default-nb=200-nt=0-mc=hf_qwen3_4b_instruct-l-bc273f6a
act_prm_tau2_retail,s2,retail_s2_thoughts_policy_g8top2_lr1e_3_nb200_flat32sgd_heldout,sgd,0.001,25,3.072422,0.773078,0.722566,3.769898,26918.0,39052.0,retail_s2_thoughts_policy_g8top2_lr1e_3_nb200_flat32sgd_heldout-act-prm-ia=0-rr=0-ec=act_prm_tau2_retail-gc=act_prm_actions_only-tc=sft_flat-rbc=default-nb=200-nt=0-mc=hf_qwen3_4b_instruct-l-bc273f6a
act_prm_tau2_retail,s2,retail_s2_thoughts_policy_g8top2_lr1e_3_nb200_flat32sgd_heldout,sgd,0.001,30,3.062821,0.771839,0.722202,3.742617,26918.0,39052.0,retail_s2_thoughts_policy_g8top2_lr1e_3_nb200_flat32sgd_heldout-act-prm-ia=0-rr=0-ec=act_prm_tau2_retail-gc=act_prm_actions_only-tc=sft_flat-rbc=default-nb=200-nt=0-mc=hf_qwen3_4b_instruct-l-bc273f6a
act_prm_tau2_retail,s2,retail_s2_thoughts_policy_g8top2_lr1e_3_nb200_flat32sgd_heldout,sgd,0.001,35,3.050029,0.77192,0.722757,3.724128,26918.0,39052.0,retail_s2_thoughts_policy_g8top2_lr1e_3_nb200_flat32sgd_heldout-act-prm-ia=0-rr=0-ec=act_prm_tau2_retail-gc=act_prm_actions_only-tc=sft_flat-rbc=default-nb=200-nt=0-mc=hf_qwen3_4b_instruct-l-bc273f6a
act_prm_tau2_retail,s2,retail_s2_thoughts_policy_g8top2_lr1e_3_nb200_flat32sgd_heldout,sgd,0.001,40,3.033478,0.772983,0.723535,3.689104,26918.0,39052.0,retail_s2_thoughts_policy_g8top2_lr1e_3_nb200_flat32sgd_heldout-act-prm-ia=0-rr=0-ec=act_prm_tau2_retail-gc=act_prm_actions_only-tc=sft_flat-rbc=default-nb=200-nt=0-mc=hf_qwen3_4b_instruct-l-bc273f6a
act_prm_tau2_retail,s2,retail_s2_thoughts_policy_g8top2_lr1e_3_nb200_flat32sgd_heldout,sgd,0.001,45,3.011265,0.773422,0.724127,3.650681,26918.0,39052.0,retail_s2_thoughts_policy_g8top2_lr1e_3_nb200_flat32sgd_heldout-act-prm-ia=0-rr=0-ec=act_prm_tau2_retail-gc=act_prm_actions_only-tc=sft_flat-rbc=default-nb=200-nt=0-mc=hf_qwen3_4b_instruct-l-bc273f6a
act_prm_tau2_retail,s2,retail_s2_thoughts_policy_g8top2_lr1e_3_nb200_flat32sgd_heldout,sgd,0.001,50,2.992105,0.772634,0.723717,3.61404,26918.0,39052.0,retail_s2_thoughts_policy_g8top2_lr1e_3_nb200_flat32sgd_heldout-act-prm-ia=0-rr=0-ec=act_prm_tau2_retail-gc=act_prm_actions_only-tc=sft_flat-rbc=default-nb=200-nt=0-mc=hf_qwen3_4b_instruct-l-bc273f6a
act_prm_tau2_retail,s2,retail_s2_thoughts_policy_g8top2_lr1e_3_nb200_flat32sgd_heldout,sgd,0.001,55,2.975453,0.773229,0.725011,3.583993,26918.0,39052.0,retail_s2_thoughts_policy_g8top2_lr1e_3_nb200_flat32sgd_heldout-act-prm-ia=0-rr=0-ec=act_prm_tau2_retail-gc=act_prm_actions_only-tc=sft_flat-rbc=default-nb=200-nt=0-mc=hf_qwen3_4b_instruct-l-bc273f6a
act_prm_tau2_retail,s2,retail_s2_thoughts_policy_g8top2_lr1e_3_nb200_flat32sgd_heldout,sgd,0.001,60,2.954841,0.77228,0.723957,3.548432,26918.0,39052.0,retail_s2_thoughts_policy_g8top2_lr1e_3_nb200_flat32sgd_heldout-act-prm-ia=0-rr=0-ec=act_prm_tau2_retail-gc=act_prm_actions_only-tc=sft_flat-rbc=default-nb=200-nt=0-mc=hf_qwen3_4b_instruct-l-bc273f6a
act_prm_tau2_retail,s2,retail_s2_thoughts_policy_g8top2_lr1e_3_nb200_flat32sgd_heldout,sgd,0.001,65,2.930593,0.77365,0.72525,3.511902,26918.0,39052.0,retail_s2_thoughts_policy_g8top2_lr1e_3_nb200_flat32sgd_heldout-act-prm-ia=0-rr=0-ec=act_prm_tau2_retail-gc=act_prm_actions_only-tc=sft_flat-rbc=default-nb=200-nt=0-mc=hf_qwen3_4b_instruct-l-bc273f6a
act_prm_tau2_retail,s2,retail_s2_thoughts_policy_g8top2_lr1e_3_nb200_flat32sgd_heldout,sgd,0.001,70,2.909754,0.773784,0.725831,3.473647,26918.0,39052.0,retail_s2_thoughts_policy_g8top2_lr1e_3_nb200_flat32sgd_heldout-act-prm-ia=0-rr=0-ec=act_prm_tau2_retail-gc=act_prm_actions_only-tc=sft_flat-rbc=default-nb=200-nt=0-mc=hf_qwen3_4b_instruct-l-bc273f6a
act_prm_tau2_retail,s2,retail_s2_thoughts_policy_g8top2_lr1e_3_nb200_flat32sgd_heldout,sgd,0.001,75,2.883694,0.774203,0.726552,3.43093,26918.0,39052.0,retail_s2_thoughts_policy_g8top2_lr1e_3_nb200_flat32sgd_heldout-act-prm-ia=0-rr=0-ec=act_prm_tau2_retail-gc=act_prm_actions_only-tc=sft_flat-rbc=default-nb=200-nt=0-mc=hf_qwen3_4b_instruct-l-bc273f6a
act_prm_tau2_retail,s2,retail_s2_thoughts_policy_g8top2_lr1e_3_nb200_flat32sgd_heldout,sgd,0.001,80,2.866309,0.774486,0.727476,3.393481,26918.0,39052.0,retail_s2_thoughts_policy_g8top2_lr1e_3_nb200_flat32sgd_heldout-act-prm-ia=0-rr=0-ec=act_prm_tau2_retail-gc=act_prm_actions_only-tc=sft_flat-rbc=default-nb=200-nt=0-mc=hf_qwen3_4b_instruct-l-bc273f6a
act_prm_tau2_retail,s2,retail_s2_thoughts_policy_g8top2_lr1e_3_nb200_flat32sgd_heldout,sgd,0.001,85,2.844542,0.77269,0.727028,3.352423,26918.0,39052.0,retail_s2_thoughts_policy_g8top2_lr1e_3_nb200_flat32sgd_heldout-act-prm-ia=0-rr=0-ec=act_prm_tau2_retail-gc=act_prm_actions_only-tc=sft_flat-rbc=default-nb=200-nt=0-mc=hf_qwen3_4b_instruct-l-bc273f6a
act_prm_tau2_retail,s2,retail_s2_thoughts_policy_g8top2_lr1e_3_nb200_flat32sgd_heldout,sgd,0.001,90,2.81486,0.774213,0.728468,3.312136,26918.0,39052.0,retail_s2_thoughts_policy_g8top2_lr1e_3_nb200_flat32sgd_heldout-act-prm-ia=0-rr=0-ec=act_prm_tau2_retail-gc=act_prm_actions_only-tc=sft_flat-rbc=default-nb=200-nt=0-mc=hf_qwen3_4b_instruct-l-bc273f6a
act_prm_tau2_retail,s2,retail_s2_thoughts_policy_g8top2_lr1e_3_nb200_flat32sgd_heldout,sgd,0.001,95,2.792535,0.773632,0.72803,3.269045,26918.0,39052.0,retail_s2_thoughts_policy_g8top2_lr1e_3_nb200_flat32sgd_heldout-act-prm-ia=0-rr=0-ec=act_prm_tau2_retail-gc=act_prm_actions_only-tc=sft_flat-rbc=default-nb=200-nt=0-mc=hf_qwen3_4b_instruct-l-bc273f6a
act_prm_tau2_retail,s2,retail_s2_thoughts_policy_g8top2_lr1e_3_nb200_flat32sgd_heldout,sgd,0.001,100,2.769551,0.772934,0.729117,3.225384,26918.0,39052.0,retail_s2_thoughts_policy_g8top2_lr1e_3_nb200_flat32sgd_heldout-act-prm-ia=0-rr=0-ec=act_prm_tau2_retail-gc=act_prm_actions_only-tc=sft_flat-rbc=default-nb=200-nt=0-mc=hf_qwen3_4b_instruct-l-bc273f6a
act_prm_tau2_retail,s2,retail_s2_thoughts_policy_g8top2_lr1e_3_nb200_flat32sgd_heldout,sgd,0.001,105,2.74628,0.773789,0.730541,3.185453,26918.0,39052.0,retail_s2_thoughts_policy_g8top2_lr1e_3_nb200_flat32sgd_heldout-act-prm-ia=0-rr=0-ec=act_prm_tau2_retail-gc=act_prm_actions_only-tc=sft_flat-rbc=default-nb=200-nt=0-mc=hf_qwen3_4b_instruct-l-bc273f6a
act_prm_tau2_retail,s2,retail_s2_thoughts_policy_g8top2_lr1e_3_nb200_flat32sgd_heldout,sgd,0.001,110,2.720891,0.773303,0.729964,3.13822,26918.0,39052.0,retail_s2_thoughts_policy_g8top2_lr1e_3_nb200_flat32sgd_heldout-act-prm-ia=0-rr=0-ec=act_prm_tau2_retail-gc=act_prm_actions_only-tc=sft_flat-rbc=default-nb=200-nt=0-mc=hf_qwen3_4b_instruct-l-bc273f6a
act_prm_tau2_retail,s2,retail_s2_thoughts_policy_g8top2_lr1e_3_nb200_flat32sgd_heldout,sgd,0.001,115,2.698942,0.774639,0.731082,3.102755,26918.0,39052.0,retail_s2_thoughts_policy_g8top2_lr1e_3_nb200_flat32sgd_heldout-act-prm-ia=0-rr=0-ec=act_prm_tau2_retail-gc=act_prm_actions_only-tc=sft_flat-rbc=default-nb=200-nt=0-mc=hf_qwen3_4b_instruct-l-bc273f6a
act_prm_tau2_retail,s2,retail_s2_thoughts_policy_g8top2_lr1e_3_nb200_flat32sgd_heldout,sgd,0.001,120,2.667884,0.773483,0.730934,3.054229,26918.0,39052.0,retail_s2_thoughts_policy_g8top2_lr1e_3_nb200_flat32sgd_heldout-act-prm-ia=0-rr=0-ec=act_prm_tau2_retail-gc=act_prm_actions_only-tc=sft_flat-rbc=default-nb=200-nt=0-mc=hf_qwen3_4b_instruct-l-bc273f6a
act_prm_tau2_retail,s2,retail_s2_thoughts_policy_g8top2_lr1e_3_nb200_flat32sgd_heldout,sgd,0.001,125,2.650626,0.774434,0.732671,3.020516,26918.0,39052.0,retail_s2_thoughts_policy_g8top2_lr1e_3_nb200_flat32sgd_heldout-act-prm-ia=0-rr=0-ec=act_prm_tau2_retail-gc=act_prm_actions_only-tc=sft_flat-rbc=default-nb=200-nt=0-mc=hf_qwen3_4b_instruct-l-bc273f6a
act_prm_tau2_retail,s2,retail_s2_thoughts_policy_g8top2_lr1e_3_nb200_flat32sgd_heldout,sgd,0.001,130,2.629757,0.774578,0.733215,2.990684,26918.0,39052.0,retail_s2_thoughts_policy_g8top2_lr1e_3_nb200_flat32sgd_heldout-act-prm-ia=0-rr=0-ec=act_prm_tau2_retail-gc=act_prm_actions_only-tc=sft_flat-rbc=default-nb=200-nt=0-mc=hf_qwen3_4b_instruct-l-bc273f6a
act_prm_tau2_retail,s2,retail_s2_thoughts_policy_g8top2_lr1e_3_nb200_flat32sgd_heldout,sgd,0.001,135,2.607331,0.774426,0.734235,2.950166,26918.0,39052.0,retail_s2_thoughts_policy_g8top2_lr1e_3_nb200_flat32sgd_heldout-act-prm-ia=0-rr=0-ec=act_prm_tau2_retail-gc=act_prm_actions_only-tc=sft_flat-rbc=default-nb=200-nt=0-mc=hf_qwen3_4b_instruct-l-bc273f6a
act_prm_tau2_retail,s2,retail_s2_thoughts_policy_g8top2_lr1e_3_nb200_flat32sgd_heldout,sgd,0.001,140,2.589732,0.77425,0.734471,2.92287,26918.0,39052.0,retail_s2_thoughts_policy_g8top2_lr1e_3_nb200_flat32sgd_heldout-act-prm-ia=0-rr=0-ec=act_prm_tau2_retail-gc=act_prm_actions_only-tc=sft_flat-rbc=default-nb=200-nt=0-mc=hf_qwen3_4b_instruct-l-bc273f6a
act_prm_tau2_retail,s2,retail_s2_thoughts_policy_g8top2_lr1e_3_nb200_flat32sgd_heldout,sgd,0.001,145,2.570642,0.774035,0.735427,2.891812,26918.0,39052.0,retail_s2_thoughts_policy_g8top2_lr1e_3_nb200_flat32sgd_heldout-act-prm-ia=0-rr=0-ec=act_prm_tau2_retail-gc=act_prm_actions_only-tc=sft_flat-rbc=default-nb=200-nt=0-mc=hf_qwen3_4b_instruct-l-bc273f6a
act_prm_tau2_retail,s2,retail_s2_thoughts_policy_g8top2_lr1e_3_nb200_flat32sgd_heldout,sgd,0.001,150,2.554853,0.774418,0.735965,2.865852,26918.0,39052.0,retail_s2_thoughts_policy_g8top2_lr1e_3_nb200_flat32sgd_heldout-act-prm-ia=0-rr=0-ec=act_prm_tau2_retail-gc=act_prm_actions_only-tc=sft_flat-rbc=default-nb=200-nt=0-mc=hf_qwen3_4b_instruct-l-bc273f6a
act_prm_tau2_retail,s2,retail_s2_thoughts_policy_g8top2_lr1e_3_nb200_flat32sgd_heldout,sgd,0.001,155,2.537314,0.774546,0.736525,2.834109,26918.0,39052.0,retail_s2_thoughts_policy_g8top2_lr1e_3_nb200_flat32sgd_heldout-act-prm-ia=0-rr=0-ec=act_prm_tau2_retail-gc=act_prm_actions_only-tc=sft_flat-rbc=default-nb=200-nt=0-mc=hf_qwen3_4b_instruct-l-bc273f6a
act_prm_tau2_retail,s2,retail_s2_thoughts_policy_g8top2_lr1e_3_nb200_flat32sgd_heldout,sgd,0.001,160,2.522846,0.774087,0.736217,2.815685,26918.0,39052.0,retail_s2_thoughts_policy_g8top2_lr1e_3_nb200_flat32sgd_heldout-act-prm-ia=0-rr=0-ec=act_prm_tau2_retail-gc=act_prm_actions_only-tc=sft_flat-rbc=default-nb=200-nt=0-mc=hf_qwen3_4b_instruct-l-bc273f6a
act_prm_tau2_retail,s2,retail_s2_thoughts_policy_g8top2_lr1e_3_nb200_flat32sgd_heldout,sgd,0.001,165,2.505539,0.77413,0.736717,2.789585,26918.0,39052.0,retail_s2_thoughts_policy_g8top2_lr1e_3_nb200_flat32sgd_heldout-act-prm-ia=0-rr=0-ec=act_prm_tau2_retail-gc=act_prm_actions_only-tc=sft_flat-rbc=default-nb=200-nt=0-mc=hf_qwen3_4b_instruct-l-bc273f6a
act_prm_tau2_retail,s2,retail_s2_thoughts_policy_g8top2_lr1e_3_nb200_flat32sgd_heldout,sgd,0.001,170,2.493576,0.775087,0.737565,2.774099,26918.0,39052.0,retail_s2_thoughts_policy_g8top2_lr1e_3_nb200_flat32sgd_heldout-act-prm-ia=0-rr=0-ec=act_prm_tau2_retail-gc=act_prm_actions_only-tc=sft_flat-rbc=default-nb=200-nt=0-mc=hf_qwen3_4b_instruct-l-bc273f6a
act_prm_tau2_retail,s2,retail_s2_thoughts_policy_g8top2_lr1e_3_nb200_flat32sgd_heldout,sgd,0.001,175,2.4812,0.774466,0.737629,2.751687,26918.0,39052.0,retail_s2_thoughts_policy_g8top2_lr1e_3_nb200_flat32sgd_heldout-act-prm-ia=0-rr=0-ec=act_prm_tau2_retail-gc=act_prm_actions_only-tc=sft_flat-rbc=default-nb=200-nt=0-mc=hf_qwen3_4b_instruct-l-bc273f6a
act_prm_tau2_retail,s2,retail_s2_thoughts_policy_g8top2_lr1e_3_nb200_flat32sgd_heldout,sgd,0.001,180,2.470484,0.773777,0.737016,2.736963,26918.0,39052.0,retail_s2_thoughts_policy_g8top2_lr1e_3_nb200_flat32sgd_heldout-act-prm-ia=0-rr=0-ec=act_prm_tau2_retail-gc=act_prm_actions_only-tc=sft_flat-rbc=default-nb=200-nt=0-mc=hf_qwen3_4b_instruct-l-bc273f6a
act_prm_tau2_retail,s2,retail_s2_thoughts_policy_g8top2_lr1e_3_nb200_flat32sgd_heldout,sgd,0.001,185,2.460587,0.77479,0.738039,2.719056,26918.0,39052.0,retail_s2_thoughts_policy_g8top2_lr1e_3_nb200_flat32sgd_heldout-act-prm-ia=0-rr=0-ec=act_prm_tau2_retail-gc=act_prm_actions_only-tc=sft_flat-rbc=default-nb=200-nt=0-mc=hf_qwen3_4b_instruct-l-bc273f6a
act_prm_tau2_retail,s2,retail_s2_thoughts_policy_g8top2_lr1e_3_nb200_flat32sgd_heldout,sgd,0.001,190,2.451335,0.774933,0.7378,2.706269,26918.0,39052.0,retail_s2_thoughts_policy_g8top2_lr1e_3_nb200_flat32sgd_heldout-act-prm-ia=0-rr=0-ec=act_prm_tau2_retail-gc=act_prm_actions_only-tc=sft_flat-rbc=default-nb=200-nt=0-mc=hf_qwen3_4b_instruct-l-bc273f6a
act_prm_tau2_retail,s2,retail_s2_thoughts_policy_g8top2_lr1e_3_nb200_flat32sgd_heldout,sgd,0.001,195,2.443827,0.775078,0.738308,2.694824,26918.0,39052.0,retail_s2_thoughts_policy_g8top2_lr1e_3_nb200_flat32sgd_heldout-act-prm-ia=0-rr=0-ec=act_prm_tau2_retail-gc=act_prm_actions_only-tc=sft_flat-rbc=default-nb=200-nt=0-mc=hf_qwen3_4b_instruct-l-bc273f6a
act_prm_tau2_retail,s2,retail_s2_thoughts_policy_g8top2_lr1e_3_nb200_flat32sgd_heldout,sgd,0.001,199,2.438365,0.775301,0.738659,2.683283,26918.0,39052.0,retail_s2_thoughts_policy_g8top2_lr1e_3_nb200_flat32sgd_heldout-act-prm-ia=0-rr=0-ec=act_prm_tau2_retail-gc=act_prm_actions_only-tc=sft_flat-rbc=default-nb=200-nt=0-mc=hf_qwen3_4b_instruct-l-bc273f6a
act_prm_tau2_retail,s2,retail_s2_thoughts_policy_g8top4_lr1e_3_nb200_flat32sgd_heldout,sgd,0.001,5,3.108378,0.772051,0.721576,3.828733,53836.0,78104.0,retail_s2_thoughts_policy_g8top4_lr1e_3_nb200_flat32sgd_heldout-act-prm-ia=0-rr=0-ec=act_prm_tau2_retail-gc=act_prm_actions_only-tc=sft_flat-rbc=default-nb=200-nt=0-mc=hf_qwen3_4b_instruct-l-64bfb549
act_prm_tau2_retail,s2,retail_s2_thoughts_policy_g8top4_lr1e_3_nb200_flat32sgd_heldout,sgd,0.001,10,3.107305,0.772892,0.721892,3.818577,53836.0,78104.0,retail_s2_thoughts_policy_g8top4_lr1e_3_nb200_flat32sgd_heldout-act-prm-ia=0-rr=0-ec=act_prm_tau2_retail-gc=act_prm_actions_only-tc=sft_flat-rbc=default-nb=200-nt=0-mc=hf_qwen3_4b_instruct-l-64bfb549
act_prm_tau2_retail,s2,retail_s2_thoughts_policy_g8top4_lr1e_3_nb200_flat32sgd_heldout,sgd,0.001,15,3.087129,0.772596,0.722377,3.797767,53836.0,78104.0,retail_s2_thoughts_policy_g8top4_lr1e_3_nb200_flat32sgd_heldout-act-prm-ia=0-rr=0-ec=act_prm_tau2_retail-gc=act_prm_actions_only-tc=sft_flat-rbc=default-nb=200-nt=0-mc=hf_qwen3_4b_instruct-l-64bfb549
act_prm_tau2_retail,s2,retail_s2_thoughts_policy_g8top4_lr1e_3_nb200_flat32sgd_heldout,sgd,0.001,20,3.08282,0.77271,0.722053,3.78871,53836.0,78104.0,retail_s2_thoughts_policy_g8top4_lr1e_3_nb200_flat32sgd_heldout-act-prm-ia=0-rr=0-ec=act_prm_tau2_retail-gc=act_prm_actions_only-tc=sft_flat-rbc=default-nb=200-nt=0-mc=hf_qwen3_4b_instruct-l-64bfb549
act_prm_tau2_retail,s2,retail_s2_thoughts_policy_g8top4_lr1e_3_nb200_flat32sgd_heldout,sgd,0.001,25,3.075413,0.773521,0.723458,3.76762,53836.0,78104.0,retail_s2_thoughts_policy_g8top4_lr1e_3_nb200_flat32sgd_heldout-act-prm-ia=0-rr=0-ec=act_prm_tau2_retail-gc=act_prm_actions_only-tc=sft_flat-rbc=default-nb=200-nt=0-mc=hf_qwen3_4b_instruct-l-64bfb549
act_prm_tau2_retail,s2,retail_s2_thoughts_policy_g8top4_lr1e_3_nb200_flat32sgd_heldout,sgd,0.001,30,3.067401,0.772745,0.723315,3.747949,53836.0,78104.0,retail_s2_thoughts_policy_g8top4_lr1e_3_nb200_flat32sgd_heldout-act-prm-ia=0-rr=0-ec=act_prm_tau2_retail-gc=act_prm_actions_only-tc=sft_flat-rbc=default-nb=200-nt=0-mc=hf_qwen3_4b_instruct-l-64bfb549
act_prm_tau2_retail,s2,retail_s2_thoughts_policy_g8top4_lr1e_3_nb200_flat32sgd_heldout,sgd,0.001,35,3.04273,0.771959,0.72273,3.715235,53836.0,78104.0,retail_s2_thoughts_policy_g8top4_lr1e_3_nb200_flat32sgd_heldout-act-prm-ia=0-rr=0-ec=act_prm_tau2_retail-gc=act_prm_actions_only-tc=sft_flat-rbc=default-nb=200-nt=0-mc=hf_qwen3_4b_instruct-l-64bfb549
act_prm_tau2_retail,s2,retail_s2_thoughts_policy_g8top4_lr1e_3_nb200_flat32sgd_heldout,sgd,0.001,40,3.025685,0.77251,0.723008,3.680027,53836.0,78104.0,retail_s2_thoughts_policy_g8top4_lr1e_3_nb200_flat32sgd_heldout-act-prm-ia=0-rr=0-ec=act_prm_tau2_retail-gc=act_prm_actions_only-tc=sft_flat-rbc=default-nb=200-nt=0-mc=hf_qwen3_4b_instruct-l-64bfb549
act_prm_tau2_retail,s2,retail_s2_thoughts_policy_g8top4_lr1e_3_nb200_flat32sgd_heldout,sgd,0.001,45,3.007757,0.772686,0.723507,3.64768,53836.0,78104.0,retail_s2_thoughts_policy_g8top4_lr1e_3_nb200_flat32sgd_heldout-act-prm-ia=0-rr=0-ec=act_prm_tau2_retail-gc=act_prm_actions_only-tc=sft_flat-rbc=default-nb=200-nt=0-mc=hf_qwen3_4b_instruct-l-64bfb549
act_prm_tau2_retail,s2,retail_s2_thoughts_policy_g8top4_lr1e_3_nb200_flat32sgd_heldout,sgd,0.001,50,2.985548,0.772829,0.72429,3.608702,53836.0,78104.0,retail_s2_thoughts_policy_g8top4_lr1e_3_nb200_flat32sgd_heldout-act-prm-ia=0-rr=0-ec=act_prm_tau2_retail-gc=act_prm_actions_only-tc=sft_flat-rbc=default-nb=200-nt=0-mc=hf_qwen3_4b_instruct-l-64bfb549
act_prm_tau2_retail,s2,retail_s2_thoughts_policy_g8top4_lr1e_3_nb200_flat32sgd_heldout,sgd,0.001,55,2.966782,0.773022,0.724011,3.573885,53836.0,78104.0,retail_s2_thoughts_policy_g8top4_lr1e_3_nb200_flat32sgd_heldout-act-prm-ia=0-rr=0-ec=act_prm_tau2_retail-gc=act_prm_actions_only-tc=sft_flat-rbc=default-nb=200-nt=0-mc=hf_qwen3_4b_instruct-l-64bfb549
act_prm_tau2_retail,s2,retail_s2_thoughts_policy_g8top4_lr1e_3_nb200_flat32sgd_heldout,sgd,0.001,60,2.949278,0.773719,0.724645,3.536603,53836.0,78104.0,retail_s2_thoughts_policy_g8top4_lr1e_3_nb200_flat32sgd_heldout-act-prm-ia=0-rr=0-ec=act_prm_tau2_retail-gc=act_prm_actions_only-tc=sft_flat-rbc=default-nb=200-nt=0-mc=hf_qwen3_4b_instruct-l-64bfb549
act_prm_tau2_retail,s2,retail_s2_thoughts_policy_g8top4_lr1e_3_nb200_flat32sgd_heldout,sgd,0.001,65,2.921533,0.773372,0.725702,3.494156,53836.0,78104.0,retail_s2_thoughts_policy_g8top4_lr1e_3_nb200_flat32sgd_heldout-act-prm-ia=0-rr=0-ec=act_prm_tau2_retail-gc=act_prm_actions_only-tc=sft_flat-rbc=default-nb=200-nt=0-mc=hf_qwen3_4b_instruct-l-64bfb549
act_prm_tau2_retail,s2,retail_s2_thoughts_policy_g8top4_lr1e_3_nb200_flat32sgd_heldout,sgd,0.001,70,2.90352,0.772838,0.725892,3.45788,53836.0,78104.0,retail_s2_thoughts_policy_g8top4_lr1e_3_nb200_flat32sgd_heldout-act-prm-ia=0-rr=0-ec=act_prm_tau2_retail-gc=act_prm_actions_only-tc=sft_flat-rbc=default-nb=200-nt=0-mc=hf_qwen3_4b_instruct-l-64bfb549
act_prm_tau2_retail,s2,retail_s2_thoughts_policy_g8top4_lr1e_3_nb200_flat32sgd_heldout,sgd,0.001,75,2.878061,0.773089,0.726082,3.418175,53836.0,78104.0,retail_s2_thoughts_policy_g8top4_lr1e_3_nb200_flat32sgd_heldout-act-prm-ia=0-rr=0-ec=act_prm_tau2_retail-gc=act_prm_actions_only-tc=sft_flat-rbc=default-nb=200-nt=0-mc=hf_qwen3_4b_instruct-l-64bfb549
act_prm_tau2_retail,s2,retail_s2_thoughts_policy_g8top4_lr1e_3_nb200_flat32sgd_heldout,sgd,0.001,80,2.857524,0.772813,0.727209,3.375963,53836.0,78104.0,retail_s2_thoughts_policy_g8top4_lr1e_3_nb200_flat32sgd_heldout-act-prm-ia=0-rr=0-ec=act_prm_tau2_retail-gc=act_prm_actions_only-tc=sft_flat-rbc=default-nb=200-nt=0-mc=hf_qwen3_4b_instruct-l-64bfb549
act_prm_tau2_retail,s2,retail_s2_thoughts_policy_g8top4_lr1e_3_nb200_flat32sgd_heldout,sgd,0.001,85,2.834974,0.773911,0.728396,3.334663,53836.0,78104.0,retail_s2_thoughts_policy_g8top4_lr1e_3_nb200_flat32sgd_heldout-act-prm-ia=0-rr=0-ec=act_prm_tau2_retail-gc=act_prm_actions_only-tc=sft_flat-rbc=default-nb=200-nt=0-mc=hf_qwen3_4b_instruct-l-64bfb549
act_prm_tau2_retail,s2,retail_s2_thoughts_policy_g8top4_lr1e_3_nb200_flat32sgd_heldout,sgd,0.001,90,2.806009,0.773741,0.728455,3.288809,53836.0,78104.0,retail_s2_thoughts_policy_g8top4_lr1e_3_nb200_flat32sgd_heldout-act-prm-ia=0-rr=0-ec=act_prm_tau2_retail-gc=act_prm_actions_only-tc=sft_flat-rbc=default-nb=200-nt=0-mc=hf_qwen3_4b_instruct-l-64bfb549
act_prm_tau2_retail,s2,retail_s2_thoughts_policy_g8top4_lr1e_3_nb200_flat32sgd_heldout,sgd,0.001,95,2.78252,0.774392,0.729964,3.248982,53836.0,78104.0,retail_s2_thoughts_policy_g8top4_lr1e_3_nb200_flat32sgd_heldout-act-prm-ia=0-rr=0-ec=act_prm_tau2_retail-gc=act_prm_actions_only-tc=sft_flat-rbc=default-nb=200-nt=0-mc=hf_qwen3_4b_instruct-l-64bfb549
act_prm_tau2_retail,s2,retail_s2_thoughts_policy_g8top4_lr1e_3_nb200_flat32sgd_heldout,sgd,0.001,100,2.759948,0.774232,0.729221,3.205916,53836.0,78104.0,retail_s2_thoughts_policy_g8top4_lr1e_3_nb200_flat32sgd_heldout-act-prm-ia=0-rr=0-ec=act_prm_tau2_retail-gc=act_prm_actions_only-tc=sft_flat-rbc=default-nb=200-nt=0-mc=hf_qwen3_4b_instruct-l-64bfb549
act_prm_tau2_retail,s2,retail_s2_thoughts_policy_g8top4_lr1e_3_nb200_flat32sgd_heldout,sgd,0.001,105,2.736629,0.773795,0.729759,3.169214,53836.0,78104.0,retail_s2_thoughts_policy_g8top4_lr1e_3_nb200_flat32sgd_heldout-act-prm-ia=0-rr=0-ec=act_prm_tau2_retail-gc=act_prm_actions_only-tc=sft_flat-rbc=default-nb=200-nt=0-mc=hf_qwen3_4b_instruct-l-64bfb549
act_prm_tau2_retail,s2,retail_s2_thoughts_policy_g8top4_lr1e_3_nb200_flat32sgd_heldout,sgd,0.001,110,2.710049,0.7746,0.730987,3.121676,53836.0,78104.0,retail_s2_thoughts_policy_g8top4_lr1e_3_nb200_flat32sgd_heldout-act-prm-ia=0-rr=0-ec=act_prm_tau2_retail-gc=act_prm_actions_only-tc=sft_flat-rbc=default-nb=200-nt=0-mc=hf_qwen3_4b_instruct-l-64bfb549
act_prm_tau2_retail,s2,retail_s2_thoughts_policy_g8top4_lr1e_3_nb200_flat32sgd_heldout,sgd,0.001,115,2.685216,0.773965,0.731279,3.077752,53836.0,78104.0,retail_s2_thoughts_policy_g8top4_lr1e_3_nb200_flat32sgd_heldout-act-prm-ia=0-rr=0-ec=act_prm_tau2_retail-gc=act_prm_actions_only-tc=sft_flat-rbc=default-nb=200-nt=0-mc=hf_qwen3_4b_instruct-l-64bfb549
act_prm_tau2_retail,s2,retail_s2_thoughts_policy_g8top4_lr1e_3_nb200_flat32sgd_heldout,sgd,0.001,120,2.657233,0.774174,0.731829,3.036489,53836.0,78104.0,retail_s2_thoughts_policy_g8top4_lr1e_3_nb200_flat32sgd_heldout-act-prm-ia=0-rr=0-ec=act_prm_tau2_retail-gc=act_prm_actions_only-tc=sft_flat-rbc=default-nb=200-nt=0-mc=hf_qwen3_4b_instruct-l-64bfb549
act_prm_tau2_retail,s2,retail_s2_thoughts_policy_g8top4_lr1e_3_nb200_flat32sgd_heldout,sgd,0.001,125,2.636189,0.774262,0.732878,3.00104,53836.0,78104.0,retail_s2_thoughts_policy_g8top4_lr1e_3_nb200_flat32sgd_heldout-act-prm-ia=0-rr=0-ec=act_prm_tau2_retail-gc=act_prm_actions_only-tc=sft_flat-rbc=default-nb=200-nt=0-mc=hf_qwen3_4b_instruct-l-64bfb549
act_prm_tau2_retail,s2,retail_s2_thoughts_policy_g8top4_lr1e_3_nb200_flat32sgd_heldout,sgd,0.001,130,2.616209,0.774159,0.733307,2.961967,53836.0,78104.0,retail_s2_thoughts_policy_g8top4_lr1e_3_nb200_flat32sgd_heldout-act-prm-ia=0-rr=0-ec=act_prm_tau2_retail-gc=act_prm_actions_only-tc=sft_flat-rbc=default-nb=200-nt=0-mc=hf_qwen3_4b_instruct-l-64bfb549
act_prm_tau2_retail,s2,retail_s2_thoughts_policy_g8top4_lr1e_3_nb200_flat32sgd_heldout,sgd,0.001,135,2.595415,0.774868,0.735284,2.928665,53836.0,78104.0,retail_s2_thoughts_policy_g8top4_lr1e_3_nb200_flat32sgd_heldout-act-prm-ia=0-rr=0-ec=act_prm_tau2_retail-gc=act_prm_actions_only-tc=sft_flat-rbc=default-nb=200-nt=0-mc=hf_qwen3_4b_instruct-l-64bfb549
act_prm_tau2_retail,s2,retail_s2_thoughts_policy_g8top4_lr1e_3_nb200_flat32sgd_heldout,sgd,0.001,140,2.574897,0.774297,0.735422,2.898975,53836.0,78104.0,retail_s2_thoughts_policy_g8top4_lr1e_3_nb200_flat32sgd_heldout-act-prm-ia=0-rr=0-ec=act_prm_tau2_retail-gc=act_prm_actions_only-tc=sft_flat-rbc=default-nb=200-nt=0-mc=hf_qwen3_4b_instruct-l-64bfb549
act_prm_tau2_retail,s2,retail_s2_thoughts_policy_g8top4_lr1e_3_nb200_flat32sgd_heldout,sgd,0.001,145,2.556175,0.774371,0.735709,2.868357,53836.0,78104.0,retail_s2_thoughts_policy_g8top4_lr1e_3_nb200_flat32sgd_heldout-act-prm-ia=0-rr=0-ec=act_prm_tau2_retail-gc=act_prm_actions_only-tc=sft_flat-rbc=default-nb=200-nt=0-mc=hf_qwen3_4b_instruct-l-64bfb549
act_prm_tau2_retail,s2,retail_s2_thoughts_policy_g8top4_lr1e_3_nb200_flat32sgd_heldout,sgd,0.001,150,2.541966,0.774847,0.736309,2.843956,53836.0,78104.0,retail_s2_thoughts_policy_g8top4_lr1e_3_nb200_flat32sgd_heldout-act-prm-ia=0-rr=0-ec=act_prm_tau2_retail-gc=act_prm_actions_only-tc=sft_flat-rbc=default-nb=200-nt=0-mc=hf_qwen3_4b_instruct-l-64bfb549
act_prm_tau2_retail,s2,retail_s2_thoughts_policy_g8top4_lr1e_3_nb200_flat32sgd_heldout,sgd,0.001,155,2.52355,0.775001,0.737313,2.818977,53836.0,78104.0,retail_s2_thoughts_policy_g8top4_lr1e_3_nb200_flat32sgd_heldout-act-prm-ia=0-rr=0-ec=act_prm_tau2_retail-gc=act_prm_actions_only-tc=sft_flat-rbc=default-nb=200-nt=0-mc=hf_qwen3_4b_instruct-l-64bfb549
act_prm_tau2_retail,s2,retail_s2_thoughts_policy_g8top4_lr1e_3_nb200_flat32sgd_heldout,sgd,0.001,160,2.511408,0.77554,0.737162,2.793287,53836.0,78104.0,retail_s2_thoughts_policy_g8top4_lr1e_3_nb200_flat32sgd_heldout-act-prm-ia=0-rr=0-ec=act_prm_tau2_retail-gc=act_prm_actions_only-tc=sft_flat-rbc=default-nb=200-nt=0-mc=hf_qwen3_4b_instruct-l-64bfb549
act_prm_tau2_retail,s2,retail_s2_thoughts_policy_g8top4_lr1e_3_nb200_flat32sgd_heldout,sgd,0.001,165,2.494394,0.775109,0.737927,2.773866,53836.0,78104.0,retail_s2_thoughts_policy_g8top4_lr1e_3_nb200_flat32sgd_heldout-act-prm-ia=0-rr=0-ec=act_prm_tau2_retail-gc=act_prm_actions_only-tc=sft_flat-rbc=default-nb=200-nt=0-mc=hf_qwen3_4b_instruct-l-64bfb549
act_prm_tau2_retail,s2,retail_s2_thoughts_policy_g8top4_lr1e_3_nb200_flat32sgd_heldout,sgd,0.001,170,2.486778,0.77467,0.737418,2.758947,53836.0,78104.0,retail_s2_thoughts_policy_g8top4_lr1e_3_nb200_flat32sgd_heldout-act-prm-ia=0-rr=0-ec=act_prm_tau2_retail-gc=act_prm_actions_only-tc=sft_flat-rbc=default-nb=200-nt=0-mc=hf_qwen3_4b_instruct-l-64bfb549
act_prm_tau2_retail,s2,retail_s2_thoughts_policy_g8top4_lr1e_3_nb200_flat32sgd_heldout,sgd,0.001,175,2.47282,0.774615,0.73761,2.741138,53836.0,78104.0,retail_s2_thoughts_policy_g8top4_lr1e_3_nb200_flat32sgd_heldout-act-prm-ia=0-rr=0-ec=act_prm_tau2_retail-gc=act_prm_actions_only-tc=sft_flat-rbc=default-nb=200-nt=0-mc=hf_qwen3_4b_instruct-l-64bfb549
act_prm_tau2_retail,s2,retail_s2_thoughts_policy_g8top4_lr1e_3_nb200_flat32sgd_heldout,sgd,0.001,180,2.46539,0.773772,0.737016,2.721784,53836.0,78104.0,retail_s2_thoughts_policy_g8top4_lr1e_3_nb200_flat32sgd_heldout-act-prm-ia=0-rr=0-ec=act_prm_tau2_retail-gc=act_prm_actions_only-tc=sft_flat-rbc=default-nb=200-nt=0-mc=hf_qwen3_4b_instruct-l-64bfb549
act_prm_tau2_retail,s2,retail_s2_thoughts_policy_g8top4_lr1e_3_nb200_flat32sgd_heldout,sgd,0.001,185,2.456218,0.77446,0.738178,2.708735,53836.0,78104.0,retail_s2_thoughts_policy_g8top4_lr1e_3_nb200_flat32sgd_heldout-act-prm-ia=0-rr=0-ec=act_prm_tau2_retail-gc=act_prm_actions_only-tc=sft_flat-rbc=default-nb=200-nt=0-mc=hf_qwen3_4b_instruct-l-64bfb549
act_prm_tau2_retail,s2,retail_s2_thoughts_policy_g8top4_lr1e_3_nb200_flat32sgd_heldout,sgd,0.001,190,2.445183,0.774591,0.738338,2.695026,53836.0,78104.0,retail_s2_thoughts_policy_g8top4_lr1e_3_nb200_flat32sgd_heldout-act-prm-ia=0-rr=0-ec=act_prm_tau2_retail-gc=act_prm_actions_only-tc=sft_flat-rbc=default-nb=200-nt=0-mc=hf_qwen3_4b_instruct-l-64bfb549
act_prm_tau2_retail,s2,retail_s2_thoughts_policy_g8top4_lr1e_3_nb200_flat32sgd_heldout,sgd,0.001,195,2.437169,0.774726,0.739112,2.679387,53836.0,78104.0,retail_s2_thoughts_policy_g8top4_lr1e_3_nb200_flat32sgd_heldout-act-prm-ia=0-rr=0-ec=act_prm_tau2_retail-gc=act_prm_actions_only-tc=sft_flat-rbc=default-nb=200-nt=0-mc=hf_qwen3_4b_instruct-l-64bfb549
act_prm_tau2_retail,s2,retail_s2_thoughts_policy_g8top4_lr1e_3_nb200_flat32sgd_heldout,sgd,0.001,199,2.429348,0.774938,0.7395,2.671663,53836.0,78104.0,retail_s2_thoughts_policy_g8top4_lr1e_3_nb200_flat32sgd_heldout-act-prm-ia=0-rr=0-ec=act_prm_tau2_retail-gc=act_prm_actions_only-tc=sft_flat-rbc=default-nb=200-nt=0-mc=hf_qwen3_4b_instruct-l-64bfb549
act_prm_tau2_retail,s2,retail_s2_thoughts_policy_heldout,,4e-05,10,3.187748,0.781856,0.74548,,,,retail_s2_thoughts_policy_heldout-act-prm-ia=0-rr=0-ec=act_prm_tau2_retail-gc=act_prm_actions_only-tc=sft-rbc=default-nb=60-nt=0-mc=hf_qwen3_4b_instruct-lc=r8_a16_linear-nie=1-gc=0-nf=0-lp=0-88f0110d
act_prm_tau2_retail,s2,retail_s2_thoughts_policy_heldout,,4e-05,10,3.187748,0.781856,0.74548,,,,retail_s2_thoughts_policy_heldout-act-prm-ia=0-rr=0-ec=act_prm_tau2_retail-gc=act_prm_actions_only-tc=sft-rbc=default-nb=60-nt=0-mc=hf_qwen3_4b_instruct-lc=r8_a16_linear-nie=1-gc=0-nf=0-lp=0-88f0110d
act_prm_tau2_retail,s2,retail_s2_thoughts_policy_heldout,,4e-05,20,3.185856,0.782376,0.746302,,,,retail_s2_thoughts_policy_heldout-act-prm-ia=0-rr=0-ec=act_prm_tau2_retail-gc=act_prm_actions_only-tc=sft-rbc=default-nb=60-nt=0-mc=hf_qwen3_4b_instruct-lc=r8_a16_linear-nie=1-gc=0-nf=0-lp=0-88f0110d
act_prm_tau2_retail,s2,retail_s2_thoughts_policy_heldout,,4e-05,20,3.185856,0.782376,0.746302,,,,retail_s2_thoughts_policy_heldout-act-prm-ia=0-rr=0-ec=act_prm_tau2_retail-gc=act_prm_actions_only-tc=sft-rbc=default-nb=60-nt=0-mc=hf_qwen3_4b_instruct-lc=r8_a16_linear-nie=1-gc=0-nf=0-lp=0-88f0110d
act_prm_tau2_retail,s2,retail_s2_thoughts_policy_heldout,,4e-05,30,3.182361,0.78245,0.746495,,,,retail_s2_thoughts_policy_heldout-act-prm-ia=0-rr=0-ec=act_prm_tau2_retail-gc=act_prm_actions_only-tc=sft-rbc=default-nb=60-nt=0-mc=hf_qwen3_4b_instruct-lc=r8_a16_linear-nie=1-gc=0-nf=0-lp=0-88f0110d
act_prm_tau2_retail,s2,retail_s2_thoughts_policy_heldout,,4e-05,30,3.182361,0.78245,0.746495,,,,retail_s2_thoughts_policy_heldout-act-prm-ia=0-rr=0-ec=act_prm_tau2_retail-gc=act_prm_actions_only-tc=sft-rbc=default-nb=60-nt=0-mc=hf_qwen3_4b_instruct-lc=r8_a16_linear-nie=1-gc=0-nf=0-lp=0-88f0110d
act_prm_tau2_retail,s2,retail_s2_thoughts_policy_heldout,,4e-05,40,3.184252,0.782376,0.745722,,,,retail_s2_thoughts_policy_heldout-act-prm-ia=0-rr=0-ec=act_prm_tau2_retail-gc=act_prm_actions_only-tc=sft-rbc=default-nb=60-nt=0-mc=hf_qwen3_4b_instruct-lc=r8_a16_linear-nie=1-gc=0-nf=0-lp=0-88f0110d
act_prm_tau2_retail,s2,retail_s2_thoughts_policy_heldout,,4e-05,40,3.184252,0.782376,0.745722,,,,retail_s2_thoughts_policy_heldout-act-prm-ia=0-rr=0-ec=act_prm_tau2_retail-gc=act_prm_actions_only-tc=sft-rbc=default-nb=60-nt=0-mc=hf_qwen3_4b_instruct-lc=r8_a16_linear-nie=1-gc=0-nf=0-lp=0-88f0110d
act_prm_tau2_retail,s2,retail_s2_thoughts_policy_heldout,,4e-05,50,3.18343,0.782822,0.746254,,,,retail_s2_thoughts_policy_heldout-act-prm-ia=0-rr=0-ec=act_prm_tau2_retail-gc=act_prm_actions_only-tc=sft-rbc=default-nb=60-nt=0-mc=hf_qwen3_4b_instruct-lc=r8_a16_linear-nie=1-gc=0-nf=0-lp=0-88f0110d
act_prm_tau2_retail,s2,retail_s2_thoughts_policy_heldout,,4e-05,50,3.18343,0.782822,0.746254,,,,retail_s2_thoughts_policy_heldout-act-prm-ia=0-rr=0-ec=act_prm_tau2_retail-gc=act_prm_actions_only-tc=sft-rbc=default-nb=60-nt=0-mc=hf_qwen3_4b_instruct-lc=r8_a16_linear-nie=1-gc=0-nf=0-lp=0-88f0110d
act_prm_tau2_retail,s2,retail_s2_thoughts_policy_heldout,,4e-05,59,3.186905,0.782228,0.745818,,,,retail_s2_thoughts_policy_heldout-act-prm-ia=0-rr=0-ec=act_prm_tau2_retail-gc=act_prm_actions_only-tc=sft-rbc=default-nb=60-nt=0-mc=hf_qwen3_4b_instruct-lc=r8_a16_linear-nie=1-gc=0-nf=0-lp=0-88f0110d
act_prm_tau2_retail,s2,retail_s2_thoughts_policy_heldout,,4e-05,59,3.186905,0.782228,0.745818,,,,retail_s2_thoughts_policy_heldout-act-prm-ia=0-rr=0-ec=act_prm_tau2_retail-gc=act_prm_actions_only-tc=sft-rbc=default-nb=60-nt=0-mc=hf_qwen3_4b_instruct-lc=r8_a16_linear-nie=1-gc=0-nf=0-lp=0-88f0110d
act_prm_tau2_retail,s2,retail_s2_thoughts_policy_heldout_fullctx,,4e-05,10,3.004932,0.804295,0.770231,,,,retail_s2_thoughts_policy_heldout_fullctx-act-prm-ia=0-rr=0-ec=act_prm_tau2_retail-gc=act_prm_actions_only-tc=sft-rbc=default-nb=60-nt=0-mc=hf_qwen3_4b_instruct-lc=r8_a16_linear-nie=1-gc=0-n-ea36f0d0
act_prm_tau2_retail,s2,retail_s2_thoughts_policy_heldout_fullctx,,4e-05,10,3.004932,0.804295,0.770231,,,,retail_s2_thoughts_policy_heldout_fullctx-act-prm-ia=0-rr=0-ec=act_prm_tau2_retail-gc=act_prm_actions_only-tc=sft-rbc=default-nb=60-nt=0-mc=hf_qwen3_4b_instruct-lc=r8_a16_linear-nie=1-gc=0-n-ea36f0d0
act_prm_tau2_retail,s2,retail_s2_thoughts_policy_heldout_fullctx,,4e-05,20,3.003287,0.803477,0.769603,,,,retail_s2_thoughts_policy_heldout_fullctx-act-prm-ia=0-rr=0-ec=act_prm_tau2_retail-gc=act_prm_actions_only-tc=sft-rbc=default-nb=60-nt=0-mc=hf_qwen3_4b_instruct-lc=r8_a16_linear-nie=1-gc=0-n-ea36f0d0
act_prm_tau2_retail,s2,retail_s2_thoughts_policy_heldout_fullctx,,4e-05,20,3.003287,0.803477,0.769603,,,,retail_s2_thoughts_policy_heldout_fullctx-act-prm-ia=0-rr=0-ec=act_prm_tau2_retail-gc=act_prm_actions_only-tc=sft-rbc=default-nb=60-nt=0-mc=hf_qwen3_4b_instruct-lc=r8_a16_linear-nie=1-gc=0-n-ea36f0d0
act_prm_tau2_retail,s2,retail_s2_thoughts_policy_heldout_fullctx,,4e-05,30,3.000423,0.803552,0.769313,,,,retail_s2_thoughts_policy_heldout_fullctx-act-prm-ia=0-rr=0-ec=act_prm_tau2_retail-gc=act_prm_actions_only-tc=sft-rbc=default-nb=60-nt=0-mc=hf_qwen3_4b_instruct-lc=r8_a16_linear-nie=1-gc=0-n-ea36f0d0
act_prm_tau2_retail,s2,retail_s2_thoughts_policy_heldout_fullctx,,4e-05,30,3.000423,0.803552,0.769313,,,,retail_s2_thoughts_policy_heldout_fullctx-act-prm-ia=0-rr=0-ec=act_prm_tau2_retail-gc=act_prm_actions_only-tc=sft-rbc=default-nb=60-nt=0-mc=hf_qwen3_4b_instruct-lc=r8_a16_linear-nie=1-gc=0-n-ea36f0d0
act_prm_tau2_retail,s2,retail_s2_thoughts_policy_heldout_fullctx,,4e-05,40,3.001376,0.803997,0.769989,,,,retail_s2_thoughts_policy_heldout_fullctx-act-prm-ia=0-rr=0-ec=act_prm_tau2_retail-gc=act_prm_actions_only-tc=sft-rbc=default-nb=60-nt=0-mc=hf_qwen3_4b_instruct-lc=r8_a16_linear-nie=1-gc=0-n-ea36f0d0
act_prm_tau2_retail,s2,retail_s2_thoughts_policy_heldout_fullctx,,4e-05,40,3.001376,0.803997,0.769989,,,,retail_s2_thoughts_policy_heldout_fullctx-act-prm-ia=0-rr=0-ec=act_prm_tau2_retail-gc=act_prm_actions_only-tc=sft-rbc=default-nb=60-nt=0-mc=hf_qwen3_4b_instruct-lc=r8_a16_linear-nie=1-gc=0-n-ea36f0d0
act_prm_tau2_retail,s2,retail_s2_thoughts_policy_heldout_fullctx,,4e-05,50,3.001685,0.803329,0.769119,,,,retail_s2_thoughts_policy_heldout_fullctx-act-prm-ia=0-rr=0-ec=act_prm_tau2_retail-gc=act_prm_actions_only-tc=sft-rbc=default-nb=60-nt=0-mc=hf_qwen3_4b_instruct-lc=r8_a16_linear-nie=1-gc=0-n-ea36f0d0
act_prm_tau2_retail,s2,retail_s2_thoughts_policy_heldout_fullctx,,4e-05,50,3.001685,0.803329,0.769119,,,,retail_s2_thoughts_policy_heldout_fullctx-act-prm-ia=0-rr=0-ec=act_prm_tau2_retail-gc=act_prm_actions_only-tc=sft-rbc=default-nb=60-nt=0-mc=hf_qwen3_4b_instruct-lc=r8_a16_linear-nie=1-gc=0-n-ea36f0d0
act_prm_tau2_retail,s2,retail_s2_thoughts_policy_heldout_fullctx,,4e-05,59,3.000304,0.803774,0.769699,,,,retail_s2_thoughts_policy_heldout_fullctx-act-prm-ia=0-rr=0-ec=act_prm_tau2_retail-gc=act_prm_actions_only-tc=sft-rbc=default-nb=60-nt=0-mc=hf_qwen3_4b_instruct-lc=r8_a16_linear-nie=1-gc=0-n-ea36f0d0
act_prm_tau2_retail,s2,retail_s2_thoughts_policy_heldout_fullctx,,4e-05,59,3.000304,0.803774,0.769699,,,,retail_s2_thoughts_policy_heldout_fullctx-act-prm-ia=0-rr=0-ec=act_prm_tau2_retail-gc=act_prm_actions_only-tc=sft-rbc=default-nb=60-nt=0-mc=hf_qwen3_4b_instruct-lc=r8_a16_linear-nie=1-gc=0-n-ea36f0d0
act_prm_tau2_retail,s2,retail_s2_thoughts_policy_last_heldout,,4e-05,10,3.209994,0.781039,0.738953,,,,retail_s2_thoughts_policy_last_heldout-act-prm-ia=0-rr=0-ec=act_prm_tau2_retail-gc=act_prm_actions_only-tc=sft-rbc=default-nb=60-nt=0-mc=hf_qwen3_4b_instruct-lc=r8_a16_linear-nie=1-gc=0-nf=0-085705f7
act_prm_tau2_retail,s2,retail_s2_thoughts_policy_last_heldout,,4e-05,10,3.209994,0.781039,0.738953,,,,retail_s2_thoughts_policy_last_heldout-act-prm-ia=0-rr=0-ec=act_prm_tau2_retail-gc=act_prm_actions_only-tc=sft-rbc=default-nb=60-nt=0-mc=hf_qwen3_4b_instruct-lc=r8_a16_linear-nie=1-gc=0-nf=0-085705f7
act_prm_tau2_retail,s2,retail_s2_thoughts_policy_last_heldout,,4e-05,20,3.210387,0.78193,0.739866,,,,retail_s2_thoughts_policy_last_heldout-act-prm-ia=0-rr=0-ec=act_prm_tau2_retail-gc=act_prm_actions_only-tc=sft-rbc=default-nb=60-nt=0-mc=hf_qwen3_4b_instruct-lc=r8_a16_linear-nie=1-gc=0-nf=0-085705f7
act_prm_tau2_retail,s2,retail_s2_thoughts_policy_last_heldout,,4e-05,20,3.210387,0.78193,0.739866,,,,retail_s2_thoughts_policy_last_heldout-act-prm-ia=0-rr=0-ec=act_prm_tau2_retail-gc=act_prm_actions_only-tc=sft-rbc=default-nb=60-nt=0-mc=hf_qwen3_4b_instruct-lc=r8_a16_linear-nie=1-gc=0-nf=0-085705f7
act_prm_tau2_retail,s2,retail_s2_thoughts_policy_last_heldout,,4e-05,30,3.208224,0.782153,0.739914,,,,retail_s2_thoughts_policy_last_heldout-act-prm-ia=0-rr=0-ec=act_prm_tau2_retail-gc=act_prm_actions_only-tc=sft-rbc=default-nb=60-nt=0-mc=hf_qwen3_4b_instruct-lc=r8_a16_linear-nie=1-gc=0-nf=0-085705f7
act_prm_tau2_retail,s2,retail_s2_thoughts_policy_last_heldout,,4e-05,30,3.208224,0.782153,0.739914,,,,retail_s2_thoughts_policy_last_heldout-act-prm-ia=0-rr=0-ec=act_prm_tau2_retail-gc=act_prm_actions_only-tc=sft-rbc=default-nb=60-nt=0-mc=hf_qwen3_4b_instruct-lc=r8_a16_linear-nie=1-gc=0-nf=0-085705f7
act_prm_tau2_retail,s2,retail_s2_thoughts_policy_last_heldout,,4e-05,40,3.207785,0.782525,0.740251,,,,retail_s2_thoughts_policy_last_heldout-act-prm-ia=0-rr=0-ec=act_prm_tau2_retail-gc=act_prm_actions_only-tc=sft-rbc=default-nb=60-nt=0-mc=hf_qwen3_4b_instruct-lc=r8_a16_linear-nie=1-gc=0-nf=0-085705f7
act_prm_tau2_retail,s2,retail_s2_thoughts_policy_last_heldout,,4e-05,40,3.207785,0.782525,0.740251,,,,retail_s2_thoughts_policy_last_heldout-act-prm-ia=0-rr=0-ec=act_prm_tau2_retail-gc=act_prm_actions_only-tc=sft-rbc=default-nb=60-nt=0-mc=hf_qwen3_4b_instruct-lc=r8_a16_linear-nie=1-gc=0-nf=0-085705f7
act_prm_tau2_retail,s2,retail_s2_thoughts_policy_last_heldout,,4e-05,50,3.209206,0.78193,0.740059,,,,retail_s2_thoughts_policy_last_heldout-act-prm-ia=0-rr=0-ec=act_prm_tau2_retail-gc=act_prm_actions_only-tc=sft-rbc=default-nb=60-nt=0-mc=hf_qwen3_4b_instruct-lc=r8_a16_linear-nie=1-gc=0-nf=0-085705f7
act_prm_tau2_retail,s2,retail_s2_thoughts_policy_last_heldout,,4e-05,50,3.209206,0.78193,0.740059,,,,retail_s2_thoughts_policy_last_heldout-act-prm-ia=0-rr=0-ec=act_prm_tau2_retail-gc=act_prm_actions_only-tc=sft-rbc=default-nb=60-nt=0-mc=hf_qwen3_4b_instruct-lc=r8_a16_linear-nie=1-gc=0-nf=0-085705f7
act_prm_tau2_retail,s2,retail_s2_thoughts_policy_last_heldout,,4e-05,59,3.208916,0.781782,0.740059,,,,retail_s2_thoughts_policy_last_heldout-act-prm-ia=0-rr=0-ec=act_prm_tau2_retail-gc=act_prm_actions_only-tc=sft-rbc=default-nb=60-nt=0-mc=hf_qwen3_4b_instruct-lc=r8_a16_linear-nie=1-gc=0-nf=0-085705f7
act_prm_tau2_retail,s2,retail_s2_thoughts_policy_last_heldout,,4e-05,59,3.208916,0.781782,0.740059,,,,retail_s2_thoughts_policy_last_heldout-act-prm-ia=0-rr=0-ec=act_prm_tau2_retail-gc=act_prm_actions_only-tc=sft-rbc=default-nb=60-nt=0-mc=hf_qwen3_4b_instruct-lc=r8_a16_linear-nie=1-gc=0-nf=0-085705f7
act_prm_tau2_retail,s2,retail_s2_thoughts_policy_last_heldout_fullctx,,4e-05,10,2.986936,0.805706,0.763908,,,,retail_s2_thoughts_policy_last_heldout_fullctx-act-prm-ia=0-rr=0-ec=act_prm_tau2_retail-gc=act_prm_actions_only-tc=sft-rbc=default-nb=60-nt=0-mc=hf_qwen3_4b_instruct-lc=r8_a16_linear-nie=1-g-772b690f
act_prm_tau2_retail,s2,retail_s2_thoughts_policy_last_heldout_fullctx,,4e-05,10,2.986936,0.805706,0.763908,,,,retail_s2_thoughts_policy_last_heldout_fullctx-act-prm-ia=0-rr=0-ec=act_prm_tau2_retail-gc=act_prm_actions_only-tc=sft-rbc=default-nb=60-nt=0-mc=hf_qwen3_4b_instruct-lc=r8_a16_linear-nie=1-g-772b690f
act_prm_tau2_retail,s2,retail_s2_thoughts_policy_last_heldout_fullctx,,4e-05,20,2.988398,0.80526,0.763812,,,,retail_s2_thoughts_policy_last_heldout_fullctx-act-prm-ia=0-rr=0-ec=act_prm_tau2_retail-gc=act_prm_actions_only-tc=sft-rbc=default-nb=60-nt=0-mc=hf_qwen3_4b_instruct-lc=r8_a16_linear-nie=1-g-772b690f
act_prm_tau2_retail,s2,retail_s2_thoughts_policy_last_heldout_fullctx,,4e-05,20,2.988398,0.80526,0.763812,,,,retail_s2_thoughts_policy_last_heldout_fullctx-act-prm-ia=0-rr=0-ec=act_prm_tau2_retail-gc=act_prm_actions_only-tc=sft-rbc=default-nb=60-nt=0-mc=hf_qwen3_4b_instruct-lc=r8_a16_linear-nie=1-g-772b690f
act_prm_tau2_retail,s2,retail_s2_thoughts_policy_last_heldout_fullctx,,4e-05,30,2.983362,0.804963,0.763716,,,,retail_s2_thoughts_policy_last_heldout_fullctx-act-prm-ia=0-rr=0-ec=act_prm_tau2_retail-gc=act_prm_actions_only-tc=sft-rbc=default-nb=60-nt=0-mc=hf_qwen3_4b_instruct-lc=r8_a16_linear-nie=1-g-772b690f
act_prm_tau2_retail,s2,retail_s2_thoughts_policy_last_heldout_fullctx,,4e-05,30,2.983362,0.804963,0.763716,,,,retail_s2_thoughts_policy_last_heldout_fullctx-act-prm-ia=0-rr=0-ec=act_prm_tau2_retail-gc=act_prm_actions_only-tc=sft-rbc=default-nb=60-nt=0-mc=hf_qwen3_4b_instruct-lc=r8_a16_linear-nie=1-g-772b690f
act_prm_tau2_retail,s2,retail_s2_thoughts_policy_last_heldout_fullctx,,4e-05,40,2.985564,0.805186,0.763572,,,,retail_s2_thoughts_policy_last_heldout_fullctx-act-prm-ia=0-rr=0-ec=act_prm_tau2_retail-gc=act_prm_actions_only-tc=sft-rbc=default-nb=60-nt=0-mc=hf_qwen3_4b_instruct-lc=r8_a16_linear-nie=1-g-772b690f
act_prm_tau2_retail,s2,retail_s2_thoughts_policy_last_heldout_fullctx,,4e-05,40,2.985564,0.805186,0.763572,,,,retail_s2_thoughts_policy_last_heldout_fullctx-act-prm-ia=0-rr=0-ec=act_prm_tau2_retail-gc=act_prm_actions_only-tc=sft-rbc=default-nb=60-nt=0-mc=hf_qwen3_4b_instruct-lc=r8_a16_linear-nie=1-g-772b690f
act_prm_tau2_retail,s2,retail_s2_thoughts_policy_last_heldout_fullctx,,4e-05,50,2.988298,0.805335,0.763379,,,,retail_s2_thoughts_policy_last_heldout_fullctx-act-prm-ia=0-rr=0-ec=act_prm_tau2_retail-gc=act_prm_actions_only-tc=sft-rbc=default-nb=60-nt=0-mc=hf_qwen3_4b_instruct-lc=r8_a16_linear-nie=1-g-772b690f
act_prm_tau2_retail,s2,retail_s2_thoughts_policy_last_heldout_fullctx,,4e-05,50,2.988298,0.805335,0.763379,,,,retail_s2_thoughts_policy_last_heldout_fullctx-act-prm-ia=0-rr=0-ec=act_prm_tau2_retail-gc=act_prm_actions_only-tc=sft-rbc=default-nb=60-nt=0-mc=hf_qwen3_4b_instruct-lc=r8_a16_linear-nie=1-g-772b690f
act_prm_tau2_retail,s2,retail_s2_thoughts_policy_last_heldout_fullctx,,4e-05,59,2.984454,0.805112,0.76386,,,,retail_s2_thoughts_policy_last_heldout_fullctx-act-prm-ia=0-rr=0-ec=act_prm_tau2_retail-gc=act_prm_actions_only-tc=sft-rbc=default-nb=60-nt=0-mc=hf_qwen3_4b_instruct-lc=r8_a16_linear-nie=1-g-772b690f
act_prm_tau2_retail,s2,retail_s2_thoughts_policy_last_heldout_fullctx,,4e-05,59,2.984454,0.805112,0.76386,,,,retail_s2_thoughts_policy_last_heldout_fullctx-act-prm-ia=0-rr=0-ec=act_prm_tau2_retail-gc=act_prm_actions_only-tc=sft-rbc=default-nb=60-nt=0-mc=hf_qwen3_4b_instruct-lc=r8_a16_linear-nie=1-g-772b690f
act_prm_tau2_retail,s2,retail_s2_thoughts_policy_lr1e_3_nb200_flat32sgdOLDC_heldout,sgd,0.001,5,3.184132,0.782037,0.745984,3.674951,13459.0,20686.0,retail_s2_thoughts_policy_lr1e_3_nb200_flat32sgdOLDC_heldout-act-prm-ia=0-rr=0-ec=act_prm_tau2_retail-gc=act_prm_actions_only-tc=sft_flat-rbc=default-nb=200-nt=0-mc=hf_qwen3_4b_instruct-lc=r-f706a0b2
act_prm_tau2_retail,s2,retail_s2_thoughts_policy_lr1e_3_nb200_flat32sgdOLDC_heldout,sgd,0.001,10,3.17656,0.783054,0.746247,3.663877,13459.0,20686.0,retail_s2_thoughts_policy_lr1e_3_nb200_flat32sgdOLDC_heldout-act-prm-ia=0-rr=0-ec=act_prm_tau2_retail-gc=act_prm_actions_only-tc=sft_flat-rbc=default-nb=200-nt=0-mc=hf_qwen3_4b_instruct-lc=r-f706a0b2
act_prm_tau2_retail,s2,retail_s2_thoughts_policy_lr1e_3_nb200_flat32sgdOLDC_heldout,sgd,0.001,15,3.170241,0.782146,0.74629,3.653432,13459.0,20686.0,retail_s2_thoughts_policy_lr1e_3_nb200_flat32sgdOLDC_heldout-act-prm-ia=0-rr=0-ec=act_prm_tau2_retail-gc=act_prm_actions_only-tc=sft_flat-rbc=default-nb=200-nt=0-mc=hf_qwen3_4b_instruct-lc=r-f706a0b2
act_prm_tau2_retail,s2,retail_s2_thoughts_policy_lr1e_3_nb200_flat32sgdOLDC_heldout,sgd,0.001,20,3.163315,0.78313,0.746585,3.639699,13459.0,20686.0,retail_s2_thoughts_policy_lr1e_3_nb200_flat32sgdOLDC_heldout-act-prm-ia=0-rr=0-ec=act_prm_tau2_retail-gc=act_prm_actions_only-tc=sft_flat-rbc=default-nb=200-nt=0-mc=hf_qwen3_4b_instruct-lc=r-f706a0b2
act_prm_tau2_retail,s2,retail_s2_thoughts_policy_lr1e_3_nb200_flat32sgdOLDC_heldout,sgd,0.001,25,3.157828,0.78324,0.746566,3.632796,13459.0,20686.0,retail_s2_thoughts_policy_lr1e_3_nb200_flat32sgdOLDC_heldout-act-prm-ia=0-rr=0-ec=act_prm_tau2_retail-gc=act_prm_actions_only-tc=sft_flat-rbc=default-nb=200-nt=0-mc=hf_qwen3_4b_instruct-lc=r-f706a0b2
act_prm_tau2_retail,s2,retail_s2_thoughts_policy_lr1e_3_nb200_flat32sgdOLDC_heldout,sgd,0.001,30,3.140214,0.783221,0.74684,3.611518,13459.0,20686.0,retail_s2_thoughts_policy_lr1e_3_nb200_flat32sgdOLDC_heldout-act-prm-ia=0-rr=0-ec=act_prm_tau2_retail-gc=act_prm_actions_only-tc=sft_flat-rbc=default-nb=200-nt=0-mc=hf_qwen3_4b_instruct-lc=r-f706a0b2
act_prm_tau2_retail,s2,retail_s2_thoughts_policy_lr1e_3_nb200_flat32sgdOLDC_heldout,sgd,0.001,35,3.128178,0.783271,0.747038,3.589549,13459.0,20686.0,retail_s2_thoughts_policy_lr1e_3_nb200_flat32sgdOLDC_heldout-act-prm-ia=0-rr=0-ec=act_prm_tau2_retail-gc=act_prm_actions_only-tc=sft_flat-rbc=default-nb=200-nt=0-mc=hf_qwen3_4b_instruct-lc=r-f706a0b2
act_prm_tau2_retail,s2,retail_s2_thoughts_policy_lr1e_3_nb200_flat32sgdOLDC_heldout,sgd,0.001,40,3.108723,0.783256,0.746698,3.567096,13459.0,20686.0,retail_s2_thoughts_policy_lr1e_3_nb200_flat32sgdOLDC_heldout-act-prm-ia=0-rr=0-ec=act_prm_tau2_retail-gc=act_prm_actions_only-tc=sft_flat-rbc=default-nb=200-nt=0-mc=hf_qwen3_4b_instruct-lc=r-f706a0b2
act_prm_tau2_retail,s2,retail_s2_thoughts_policy_lr1e_3_nb200_flat32sgdOLDC_heldout,sgd,0.001,45,3.09386,0.783789,0.747606,3.544487,13459.0,20686.0,retail_s2_thoughts_policy_lr1e_3_nb200_flat32sgdOLDC_heldout-act-prm-ia=0-rr=0-ec=act_prm_tau2_retail-gc=act_prm_actions_only-tc=sft_flat-rbc=default-nb=200-nt=0-mc=hf_qwen3_4b_instruct-lc=r-f706a0b2
act_prm_tau2_retail,s2,retail_s2_thoughts_policy_lr1e_3_nb200_flat32sgdOLDC_heldout,sgd,0.001,50,3.077412,0.783908,0.747735,3.518602,13459.0,20686.0,retail_s2_thoughts_policy_lr1e_3_nb200_flat32sgdOLDC_heldout-act-prm-ia=0-rr=0-ec=act_prm_tau2_retail-gc=act_prm_actions_only-tc=sft_flat-rbc=default-nb=200-nt=0-mc=hf_qwen3_4b_instruct-lc=r-f706a0b2
act_prm_tau2_retail,s2,retail_s2_thoughts_policy_lr1e_3_nb200_flat32sgdOLDC_heldout,sgd,0.001,55,3.062186,0.78333,0.747416,3.497953,13459.0,20686.0,retail_s2_thoughts_policy_lr1e_3_nb200_flat32sgdOLDC_heldout-act-prm-ia=0-rr=0-ec=act_prm_tau2_retail-gc=act_prm_actions_only-tc=sft_flat-rbc=default-nb=200-nt=0-mc=hf_qwen3_4b_instruct-lc=r-f706a0b2
act_prm_tau2_retail,s2,retail_s2_thoughts_policy_lr1e_3_nb200_flat32sgdOLDC_heldout,sgd,0.001,60,3.040163,0.783882,0.748099,3.466042,13459.0,20686.0,retail_s2_thoughts_policy_lr1e_3_nb200_flat32sgdOLDC_heldout-act-prm-ia=0-rr=0-ec=act_prm_tau2_retail-gc=act_prm_actions_only-tc=sft_flat-rbc=default-nb=200-nt=0-mc=hf_qwen3_4b_instruct-lc=r-f706a0b2
act_prm_tau2_retail,s2,retail_s2_thoughts_policy_lr1e_3_nb200_flat32sgdOLDC_heldout,sgd,0.001,65,3.016776,0.783591,0.748105,3.4313,13459.0,20686.0,retail_s2_thoughts_policy_lr1e_3_nb200_flat32sgdOLDC_heldout-act-prm-ia=0-rr=0-ec=act_prm_tau2_retail-gc=act_prm_actions_only-tc=sft_flat-rbc=default-nb=200-nt=0-mc=hf_qwen3_4b_instruct-lc=r-f706a0b2
act_prm_tau2_retail,s2,retail_s2_thoughts_policy_lr1e_3_nb200_flat32sgdOLDC_heldout,sgd,0.001,70,2.994485,0.783649,0.748391,3.399744,13459.0,20686.0,retail_s2_thoughts_policy_lr1e_3_nb200_flat32sgdOLDC_heldout-act-prm-ia=0-rr=0-ec=act_prm_tau2_retail-gc=act_prm_actions_only-tc=sft_flat-rbc=default-nb=200-nt=0-mc=hf_qwen3_4b_instruct-lc=r-f706a0b2
act_prm_tau2_retail,s2,retail_s2_thoughts_policy_lr1e_3_nb200_flat32sgdOLDC_heldout,sgd,0.001,75,2.972666,0.784382,0.748257,3.375081,13459.0,20686.0,retail_s2_thoughts_policy_lr1e_3_nb200_flat32sgdOLDC_heldout-act-prm-ia=0-rr=0-ec=act_prm_tau2_retail-gc=act_prm_actions_only-tc=sft_flat-rbc=default-nb=200-nt=0-mc=hf_qwen3_4b_instruct-lc=r-f706a0b2
act_prm_tau2_retail,s2,retail_s2_thoughts_policy_lr1e_3_nb200_flat32sgdOLDC_heldout,sgd,0.001,80,2.949977,0.784106,0.748962,3.341866,13459.0,20686.0,retail_s2_thoughts_policy_lr1e_3_nb200_flat32sgdOLDC_heldout-act-prm-ia=0-rr=0-ec=act_prm_tau2_retail-gc=act_prm_actions_only-tc=sft_flat-rbc=default-nb=200-nt=0-mc=hf_qwen3_4b_instruct-lc=r-f706a0b2
act_prm_tau2_retail,s2,retail_s2_thoughts_policy_lr1e_3_nb200_flat32sgdOLDC_heldout,sgd,0.001,85,2.930257,0.784176,0.748814,3.311145,13459.0,20686.0,retail_s2_thoughts_policy_lr1e_3_nb200_flat32sgdOLDC_heldout-act-prm-ia=0-rr=0-ec=act_prm_tau2_retail-gc=act_prm_actions_only-tc=sft_flat-rbc=default-nb=200-nt=0-mc=hf_qwen3_4b_instruct-lc=r-f706a0b2
act_prm_tau2_retail,s2,retail_s2_thoughts_policy_lr1e_3_nb200_flat32sgdOLDC_heldout,sgd,0.001,90,2.902382,0.784692,0.749439,3.27601,13459.0,20686.0,retail_s2_thoughts_policy_lr1e_3_nb200_flat32sgdOLDC_heldout-act-prm-ia=0-rr=0-ec=act_prm_tau2_retail-gc=act_prm_actions_only-tc=sft_flat-rbc=default-nb=200-nt=0-mc=hf_qwen3_4b_instruct-lc=r-f706a0b2
act_prm_tau2_retail,s2,retail_s2_thoughts_policy_lr1e_3_nb200_flat32sgdOLDC_heldout,sgd,0.001,95,2.877958,0.78451,0.749834,3.238367,13459.0,20686.0,retail_s2_thoughts_policy_lr1e_3_nb200_flat32sgdOLDC_heldout-act-prm-ia=0-rr=0-ec=act_prm_tau2_retail-gc=act_prm_actions_only-tc=sft_flat-rbc=default-nb=200-nt=0-mc=hf_qwen3_4b_instruct-lc=r-f706a0b2
act_prm_tau2_retail,s2,retail_s2_thoughts_policy_lr1e_3_nb200_flat32sgdOLDC_heldout,sgd,0.001,100,2.852606,0.785135,0.750432,3.205393,13459.0,20686.0,retail_s2_thoughts_policy_lr1e_3_nb200_flat32sgdOLDC_heldout-act-prm-ia=0-rr=0-ec=act_prm_tau2_retail-gc=act_prm_actions_only-tc=sft_flat-rbc=default-nb=200-nt=0-mc=hf_qwen3_4b_instruct-lc=r-f706a0b2
act_prm_tau2_retail,s2,retail_s2_thoughts_policy_lr1e_3_nb200_flat32sgdOLDC_heldout,sgd,0.001,105,2.833327,0.784828,0.749896,3.172341,13459.0,20686.0,retail_s2_thoughts_policy_lr1e_3_nb200_flat32sgdOLDC_heldout-act-prm-ia=0-rr=0-ec=act_prm_tau2_retail-gc=act_prm_actions_only-tc=sft_flat-rbc=default-nb=200-nt=0-mc=hf_qwen3_4b_instruct-lc=r-f706a0b2
act_prm_tau2_retail,s2,retail_s2_thoughts_policy_lr1e_3_nb200_flat32sgdOLDC_heldout,sgd,0.001,110,2.802206,0.784635,0.750357,3.133136,13459.0,20686.0,retail_s2_thoughts_policy_lr1e_3_nb200_flat32sgdOLDC_heldout-act-prm-ia=0-rr=0-ec=act_prm_tau2_retail-gc=act_prm_actions_only-tc=sft_flat-rbc=default-nb=200-nt=0-mc=hf_qwen3_4b_instruct-lc=r-f706a0b2
act_prm_tau2_retail,s2,retail_s2_thoughts_policy_lr1e_3_nb200_flat32sgdOLDC_heldout,sgd,0.001,115,2.778331,0.785134,0.750457,3.09749,13459.0,20686.0,retail_s2_thoughts_policy_lr1e_3_nb200_flat32sgdOLDC_heldout-act-prm-ia=0-rr=0-ec=act_prm_tau2_retail-gc=act_prm_actions_only-tc=sft_flat-rbc=default-nb=200-nt=0-mc=hf_qwen3_4b_instruct-lc=r-f706a0b2
act_prm_tau2_retail,s2,retail_s2_thoughts_policy_lr1e_3_nb200_flat32sgdOLDC_heldout,sgd,0.001,120,2.747047,0.785682,0.751343,3.055929,13459.0,20686.0,retail_s2_thoughts_policy_lr1e_3_nb200_flat32sgdOLDC_heldout-act-prm-ia=0-rr=0-ec=act_prm_tau2_retail-gc=act_prm_actions_only-tc=sft_flat-rbc=default-nb=200-nt=0-mc=hf_qwen3_4b_instruct-lc=r-f706a0b2
act_prm_tau2_retail,s2,retail_s2_thoughts_policy_lr1e_3_nb200_flat32sgdOLDC_heldout,sgd,0.001,125,2.720831,0.784882,0.752011,3.022452,13459.0,20686.0,retail_s2_thoughts_policy_lr1e_3_nb200_flat32sgdOLDC_heldout-act-prm-ia=0-rr=0-ec=act_prm_tau2_retail-gc=act_prm_actions_only-tc=sft_flat-rbc=default-nb=200-nt=0-mc=hf_qwen3_4b_instruct-lc=r-f706a0b2
act_prm_tau2_retail,s2,retail_s2_thoughts_policy_lr1e_3_nb200_flat32sgdOLDC_heldout,sgd,0.001,130,2.692558,0.786195,0.752512,2.985585,13459.0,20686.0,retail_s2_thoughts_policy_lr1e_3_nb200_flat32sgdOLDC_heldout-act-prm-ia=0-rr=0-ec=act_prm_tau2_retail-gc=act_prm_actions_only-tc=sft_flat-rbc=default-nb=200-nt=0-mc=hf_qwen3_4b_instruct-lc=r-f706a0b2
act_prm_tau2_retail,s2,retail_s2_thoughts_policy_lr1e_3_nb200_flat32sgdOLDC_heldout,sgd,0.001,135,2.667254,0.786459,0.752229,2.953639,13459.0,20686.0,retail_s2_thoughts_policy_lr1e_3_nb200_flat32sgdOLDC_heldout-act-prm-ia=0-rr=0-ec=act_prm_tau2_retail-gc=act_prm_actions_only-tc=sft_flat-rbc=default-nb=200-nt=0-mc=hf_qwen3_4b_instruct-lc=r-f706a0b2
act_prm_tau2_retail,s2,retail_s2_thoughts_policy_lr1e_3_nb200_flat32sgdOLDC_heldout,sgd,0.001,140,2.645351,0.786265,0.752874,2.91958,13459.0,20686.0,retail_s2_thoughts_policy_lr1e_3_nb200_flat32sgdOLDC_heldout-act-prm-ia=0-rr=0-ec=act_prm_tau2_retail-gc=act_prm_actions_only-tc=sft_flat-rbc=default-nb=200-nt=0-mc=hf_qwen3_4b_instruct-lc=r-f706a0b2
act_prm_tau2_retail,s2,retail_s2_thoughts_policy_lr1e_3_nb200_flat32sgdOLDC_heldout,sgd,0.001,145,2.615977,0.786387,0.753424,2.882782,13459.0,20686.0,retail_s2_thoughts_policy_lr1e_3_nb200_flat32sgdOLDC_heldout-act-prm-ia=0-rr=0-ec=act_prm_tau2_retail-gc=act_prm_actions_only-tc=sft_flat-rbc=default-nb=200-nt=0-mc=hf_qwen3_4b_instruct-lc=r-f706a0b2
act_prm_tau2_retail,s2,retail_s2_thoughts_policy_lr1e_3_nb200_flat32sgdOLDC_heldout,sgd,0.001,150,2.594367,0.786766,0.753466,2.856395,13459.0,20686.0,retail_s2_thoughts_policy_lr1e_3_nb200_flat32sgdOLDC_heldout-act-prm-ia=0-rr=0-ec=act_prm_tau2_retail-gc=act_prm_actions_only-tc=sft_flat-rbc=default-nb=200-nt=0-mc=hf_qwen3_4b_instruct-lc=r-f706a0b2
act_prm_tau2_retail,s2,retail_s2_thoughts_policy_lr1e_3_nb200_flat32sgdOLDC_heldout,sgd,0.001,155,2.57227,0.787622,0.754336,2.825502,13459.0,20686.0,retail_s2_thoughts_policy_lr1e_3_nb200_flat32sgdOLDC_heldout-act-prm-ia=0-rr=0-ec=act_prm_tau2_retail-gc=act_prm_actions_only-tc=sft_flat-rbc=default-nb=200-nt=0-mc=hf_qwen3_4b_instruct-lc=r-f706a0b2
act_prm_tau2_retail,s2,retail_s2_thoughts_policy_lr1e_3_nb200_flat32sgdOLDC_heldout,sgd,0.001,160,2.551021,0.787682,0.754331,2.798866,13459.0,20686.0,retail_s2_thoughts_policy_lr1e_3_nb200_flat32sgdOLDC_heldout-act-prm-ia=0-rr=0-ec=act_prm_tau2_retail-gc=act_prm_actions_only-tc=sft_flat-rbc=default-nb=200-nt=0-mc=hf_qwen3_4b_instruct-lc=r-f706a0b2
act_prm_tau2_retail,s2,retail_s2_thoughts_policy_lr1e_3_nb200_flat32sgdOLDC_heldout,sgd,0.001,165,2.531516,0.787635,0.754483,2.774486,13459.0,20686.0,retail_s2_thoughts_policy_lr1e_3_nb200_flat32sgdOLDC_heldout-act-prm-ia=0-rr=0-ec=act_prm_tau2_retail-gc=act_prm_actions_only-tc=sft_flat-rbc=default-nb=200-nt=0-mc=hf_qwen3_4b_instruct-lc=r-f706a0b2
act_prm_tau2_retail,s2,retail_s2_thoughts_policy_lr1e_3_nb200_flat32sgdOLDC_heldout,sgd,0.001,170,2.508065,0.788231,0.754768,2.744503,13459.0,20686.0,retail_s2_thoughts_policy_lr1e_3_nb200_flat32sgdOLDC_heldout-act-prm-ia=0-rr=0-ec=act_prm_tau2_retail-gc=act_prm_actions_only-tc=sft_flat-rbc=default-nb=200-nt=0-mc=hf_qwen3_4b_instruct-lc=r-f706a0b2
act_prm_tau2_retail,s2,retail_s2_thoughts_policy_lr1e_3_nb200_flat32sgdOLDC_heldout,sgd,0.001,175,2.492947,0.788292,0.755339,2.723542,13459.0,20686.0,retail_s2_thoughts_policy_lr1e_3_nb200_flat32sgdOLDC_heldout-act-prm-ia=0-rr=0-ec=act_prm_tau2_retail-gc=act_prm_actions_only-tc=sft_flat-rbc=default-nb=200-nt=0-mc=hf_qwen3_4b_instruct-lc=r-f706a0b2
act_prm_tau2_retail,s2,retail_s2_thoughts_policy_lr1e_3_nb200_flat32sgdOLDC_heldout,sgd,0.001,180,2.47688,0.788562,0.755041,2.703471,13459.0,20686.0,retail_s2_thoughts_policy_lr1e_3_nb200_flat32sgdOLDC_heldout-act-prm-ia=0-rr=0-ec=act_prm_tau2_retail-gc=act_prm_actions_only-tc=sft_flat-rbc=default-nb=200-nt=0-mc=hf_qwen3_4b_instruct-lc=r-f706a0b2
act_prm_tau2_retail,s2,retail_s2_thoughts_policy_lr1e_3_nb200_flat32sgdOLDC_heldout,sgd,0.001,185,2.4591,0.789213,0.756324,2.68067,13459.0,20686.0,retail_s2_thoughts_policy_lr1e_3_nb200_flat32sgdOLDC_heldout-act-prm-ia=0-rr=0-ec=act_prm_tau2_retail-gc=act_prm_actions_only-tc=sft_flat-rbc=default-nb=200-nt=0-mc=hf_qwen3_4b_instruct-lc=r-f706a0b2
act_prm_tau2_retail,s2,retail_s2_thoughts_policy_lr1e_3_nb200_flat32sgdOLDC_heldout,sgd,0.001,190,2.444013,0.788368,0.756191,2.663967,13459.0,20686.0,retail_s2_thoughts_policy_lr1e_3_nb200_flat32sgdOLDC_heldout-act-prm-ia=0-rr=0-ec=act_prm_tau2_retail-gc=act_prm_actions_only-tc=sft_flat-rbc=default-nb=200-nt=0-mc=hf_qwen3_4b_instruct-lc=r-f706a0b2
act_prm_tau2_retail,s2,retail_s2_thoughts_policy_lr1e_3_nb200_flat32sgdOLDC_heldout,sgd,0.001,195,2.426598,0.78901,0.756064,2.646639,13459.0,20686.0,retail_s2_thoughts_policy_lr1e_3_nb200_flat32sgdOLDC_heldout-act-prm-ia=0-rr=0-ec=act_prm_tau2_retail-gc=act_prm_actions_only-tc=sft_flat-rbc=default-nb=200-nt=0-mc=hf_qwen3_4b_instruct-lc=r-f706a0b2
act_prm_tau2_retail,s2,retail_s2_thoughts_policy_lr1e_3_nb200_flat32sgdOLDC_heldout,sgd,0.001,199,2.4182,0.789235,0.75621,2.63355,13459.0,20686.0,retail_s2_thoughts_policy_lr1e_3_nb200_flat32sgdOLDC_heldout-act-prm-ia=0-rr=0-ec=act_prm_tau2_retail-gc=act_prm_actions_only-tc=sft_flat-rbc=default-nb=200-nt=0-mc=hf_qwen3_4b_instruct-lc=r-f706a0b2
act_prm_tau2_retail,s2,retail_s2_thoughts_policy_lr3e_3_nb150_heldout,,0.003,10,3.139743,0.782525,0.746592,,,,retail_s2_thoughts_policy_lr3e_3_nb150_heldout-act-prm-ia=0-rr=0-ec=act_prm_tau2_retail-gc=act_prm_actions_only-tc=sft-rbc=default-nb=150-nt=0-mc=hf_qwen3_4b_instruct-lc=r8_a16_linear-nie=1--8a65aa8f
act_prm_tau2_retail,s2,retail_s2_thoughts_policy_lr3e_3_nb150_heldout,,0.003,10,3.139743,0.782525,0.746592,,,,retail_s2_thoughts_policy_lr3e_3_nb150_heldout-act-prm-ia=0-rr=0-ec=act_prm_tau2_retail-gc=act_prm_actions_only-tc=sft-rbc=default-nb=150-nt=0-mc=hf_qwen3_4b_instruct-lc=r8_a16_linear-nie=1--8a65aa8f
act_prm_tau2_retail,s2,retail_s2_thoughts_policy_lr3e_3_nb150_heldout,,0.003,20,3.036347,0.784234,0.748187,,,,retail_s2_thoughts_policy_lr3e_3_nb150_heldout-act-prm-ia=0-rr=0-ec=act_prm_tau2_retail-gc=act_prm_actions_only-tc=sft-rbc=default-nb=150-nt=0-mc=hf_qwen3_4b_instruct-lc=r8_a16_linear-nie=1--8a65aa8f
act_prm_tau2_retail,s2,retail_s2_thoughts_policy_lr3e_3_nb150_heldout,,0.003,20,3.036347,0.784234,0.748187,,,,retail_s2_thoughts_policy_lr3e_3_nb150_heldout-act-prm-ia=0-rr=0-ec=act_prm_tau2_retail-gc=act_prm_actions_only-tc=sft-rbc=default-nb=150-nt=0-mc=hf_qwen3_4b_instruct-lc=r8_a16_linear-nie=1--8a65aa8f
act_prm_tau2_retail,s2,retail_s2_thoughts_policy_lr3e_3_nb150_heldout,,0.003,30,2.902376,0.784159,0.748961,,,,retail_s2_thoughts_policy_lr3e_3_nb150_heldout-act-prm-ia=0-rr=0-ec=act_prm_tau2_retail-gc=act_prm_actions_only-tc=sft-rbc=default-nb=150-nt=0-mc=hf_qwen3_4b_instruct-lc=r8_a16_linear-nie=1--8a65aa8f
act_prm_tau2_retail,s2,retail_s2_thoughts_policy_lr3e_3_nb150_heldout,,0.003,30,2.902376,0.784159,0.748961,,,,retail_s2_thoughts_policy_lr3e_3_nb150_heldout-act-prm-ia=0-rr=0-ec=act_prm_tau2_retail-gc=act_prm_actions_only-tc=sft-rbc=default-nb=150-nt=0-mc=hf_qwen3_4b_instruct-lc=r8_a16_linear-nie=1--8a65aa8f
act_prm_tau2_retail,s2,retail_s2_thoughts_policy_lr3e_3_nb150_heldout,,0.003,40,2.745478,0.784902,0.750798,,,,retail_s2_thoughts_policy_lr3e_3_nb150_heldout-act-prm-ia=0-rr=0-ec=act_prm_tau2_retail-gc=act_prm_actions_only-tc=sft-rbc=default-nb=150-nt=0-mc=hf_qwen3_4b_instruct-lc=r8_a16_linear-nie=1--8a65aa8f
act_prm_tau2_retail,s2,retail_s2_thoughts_policy_lr3e_3_nb150_heldout,,0.003,40,2.745478,0.784902,0.750798,,,,retail_s2_thoughts_policy_lr3e_3_nb150_heldout-act-prm-ia=0-rr=0-ec=act_prm_tau2_retail-gc=act_prm_actions_only-tc=sft-rbc=default-nb=150-nt=0-mc=hf_qwen3_4b_instruct-lc=r8_a16_linear-nie=1--8a65aa8f
act_prm_tau2_retail,s2,retail_s2_thoughts_policy_lr3e_3_nb150_heldout,,0.003,50,2.600625,0.785794,0.753118,,,,retail_s2_thoughts_policy_lr3e_3_nb150_heldout-act-prm-ia=0-rr=0-ec=act_prm_tau2_retail-gc=act_prm_actions_only-tc=sft-rbc=default-nb=150-nt=0-mc=hf_qwen3_4b_instruct-lc=r8_a16_linear-nie=1--8a65aa8f
act_prm_tau2_retail,s2,retail_s2_thoughts_policy_lr3e_3_nb150_heldout,,0.003,50,2.600625,0.785794,0.753118,,,,retail_s2_thoughts_policy_lr3e_3_nb150_heldout-act-prm-ia=0-rr=0-ec=act_prm_tau2_retail-gc=act_prm_actions_only-tc=sft-rbc=default-nb=150-nt=0-mc=hf_qwen3_4b_instruct-lc=r8_a16_linear-nie=1--8a65aa8f
act_prm_tau2_retail,s2,retail_s2_thoughts_policy_lr3e_3_nb150_heldout,,0.003,60,2.478241,0.788097,0.755052,,,,retail_s2_thoughts_policy_lr3e_3_nb150_heldout-act-prm-ia=0-rr=0-ec=act_prm_tau2_retail-gc=act_prm_actions_only-tc=sft-rbc=default-nb=150-nt=0-mc=hf_qwen3_4b_instruct-lc=r8_a16_linear-nie=1--8a65aa8f
act_prm_tau2_retail,s2,retail_s2_thoughts_policy_lr3e_3_nb150_heldout,,0.003,60,2.478241,0.788097,0.755052,,,,retail_s2_thoughts_policy_lr3e_3_nb150_heldout-act-prm-ia=0-rr=0-ec=act_prm_tau2_retail-gc=act_prm_actions_only-tc=sft-rbc=default-nb=150-nt=0-mc=hf_qwen3_4b_instruct-lc=r8_a16_linear-nie=1--8a65aa8f
act_prm_tau2_retail,s2,retail_s2_thoughts_policy_lr3e_3_nb150_heldout,,0.003,70,2.389923,0.789806,0.75655,,,,retail_s2_thoughts_policy_lr3e_3_nb150_heldout-act-prm-ia=0-rr=0-ec=act_prm_tau2_retail-gc=act_prm_actions_only-tc=sft-rbc=default-nb=150-nt=0-mc=hf_qwen3_4b_instruct-lc=r8_a16_linear-nie=1--8a65aa8f
act_prm_tau2_retail,s2,retail_s2_thoughts_policy_lr3e_3_nb150_heldout,,0.003,70,2.389923,0.789806,0.75655,,,,retail_s2_thoughts_policy_lr3e_3_nb150_heldout-act-prm-ia=0-rr=0-ec=act_prm_tau2_retail-gc=act_prm_actions_only-tc=sft-rbc=default-nb=150-nt=0-mc=hf_qwen3_4b_instruct-lc=r8_a16_linear-nie=1--8a65aa8f
act_prm_tau2_retail,s2,retail_s2_thoughts_policy_lr3e_3_nb150_heldout,,0.003,80,2.332901,0.789657,0.756937,,,,retail_s2_thoughts_policy_lr3e_3_nb150_heldout-act-prm-ia=0-rr=0-ec=act_prm_tau2_retail-gc=act_prm_actions_only-tc=sft-rbc=default-nb=150-nt=0-mc=hf_qwen3_4b_instruct-lc=r8_a16_linear-nie=1--8a65aa8f
act_prm_tau2_retail,s2,retail_s2_thoughts_policy_lr3e_3_nb150_heldout,,0.003,80,2.332901,0.789657,0.756937,,,,retail_s2_thoughts_policy_lr3e_3_nb150_heldout-act-prm-ia=0-rr=0-ec=act_prm_tau2_retail-gc=act_prm_actions_only-tc=sft-rbc=default-nb=150-nt=0-mc=hf_qwen3_4b_instruct-lc=r8_a16_linear-nie=1--8a65aa8f
act_prm_tau2_retail,s2,retail_s2_thoughts_policy_lr3e_3_nb150_heldout,,0.003,90,2.292996,0.789657,0.757517,,,,retail_s2_thoughts_policy_lr3e_3_nb150_heldout-act-prm-ia=0-rr=0-ec=act_prm_tau2_retail-gc=act_prm_actions_only-tc=sft-rbc=default-nb=150-nt=0-mc=hf_qwen3_4b_instruct-lc=r8_a16_linear-nie=1--8a65aa8f
act_prm_tau2_retail,s2,retail_s2_thoughts_policy_lr3e_3_nb150_heldout,,0.003,90,2.292996,0.789657,0.757517,,,,retail_s2_thoughts_policy_lr3e_3_nb150_heldout-act-prm-ia=0-rr=0-ec=act_prm_tau2_retail-gc=act_prm_actions_only-tc=sft-rbc=default-nb=150-nt=0-mc=hf_qwen3_4b_instruct-lc=r8_a16_linear-nie=1--8a65aa8f
act_prm_tau2_retail,s2,retail_s2_thoughts_policy_lr3e_3_nb150_heldout,,0.003,100,2.267096,0.789732,0.757856,,,,retail_s2_thoughts_policy_lr3e_3_nb150_heldout-act-prm-ia=0-rr=0-ec=act_prm_tau2_retail-gc=act_prm_actions_only-tc=sft-rbc=default-nb=150-nt=0-mc=hf_qwen3_4b_instruct-lc=r8_a16_linear-nie=1--8a65aa8f
act_prm_tau2_retail,s2,retail_s2_thoughts_policy_lr3e_3_nb150_heldout,,0.003,100,2.267096,0.789732,0.757856,,,,retail_s2_thoughts_policy_lr3e_3_nb150_heldout-act-prm-ia=0-rr=0-ec=act_prm_tau2_retail-gc=act_prm_actions_only-tc=sft-rbc=default-nb=150-nt=0-mc=hf_qwen3_4b_instruct-lc=r8_a16_linear-nie=1--8a65aa8f
act_prm_tau2_retail,s2,retail_s2_thoughts_policy_lr3e_3_nb150_heldout,,0.003,110,2.250574,0.790326,0.758001,,,,retail_s2_thoughts_policy_lr3e_3_nb150_heldout-act-prm-ia=0-rr=0-ec=act_prm_tau2_retail-gc=act_prm_actions_only-tc=sft-rbc=default-nb=150-nt=0-mc=hf_qwen3_4b_instruct-lc=r8_a16_linear-nie=1--8a65aa8f
act_prm_tau2_retail,s2,retail_s2_thoughts_policy_lr3e_3_nb150_heldout,,0.003,110,2.250574,0.790326,0.758001,,,,retail_s2_thoughts_policy_lr3e_3_nb150_heldout-act-prm-ia=0-rr=0-ec=act_prm_tau2_retail-gc=act_prm_actions_only-tc=sft-rbc=default-nb=150-nt=0-mc=hf_qwen3_4b_instruct-lc=r8_a16_linear-nie=1--8a65aa8f
act_prm_tau2_retail,s2,retail_s2_thoughts_policy_lr3e_3_nb150_heldout,,0.003,120,2.233494,0.790995,0.758967,,,,retail_s2_thoughts_policy_lr3e_3_nb150_heldout-act-prm-ia=0-rr=0-ec=act_prm_tau2_retail-gc=act_prm_actions_only-tc=sft-rbc=default-nb=150-nt=0-mc=hf_qwen3_4b_instruct-lc=r8_a16_linear-nie=1--8a65aa8f
act_prm_tau2_retail,s2,retail_s2_thoughts_policy_lr3e_3_nb150_heldout,,0.003,120,2.233494,0.790995,0.758967,,,,retail_s2_thoughts_policy_lr3e_3_nb150_heldout-act-prm-ia=0-rr=0-ec=act_prm_tau2_retail-gc=act_prm_actions_only-tc=sft-rbc=default-nb=150-nt=0-mc=hf_qwen3_4b_instruct-lc=r8_a16_linear-nie=1--8a65aa8f
act_prm_tau2_retail,s2,retail_s2_thoughts_policy_lr3e_3_nb150_heldout,,0.003,130,2.221765,0.791515,0.759741,,,,retail_s2_thoughts_policy_lr3e_3_nb150_heldout-act-prm-ia=0-rr=0-ec=act_prm_tau2_retail-gc=act_prm_actions_only-tc=sft-rbc=default-nb=150-nt=0-mc=hf_qwen3_4b_instruct-lc=r8_a16_linear-nie=1--8a65aa8f
act_prm_tau2_retail,s2,retail_s2_thoughts_policy_lr3e_3_nb150_heldout,,0.003,130,2.221765,0.791515,0.759741,,,,retail_s2_thoughts_policy_lr3e_3_nb150_heldout-act-prm-ia=0-rr=0-ec=act_prm_tau2_retail-gc=act_prm_actions_only-tc=sft-rbc=default-nb=150-nt=0-mc=hf_qwen3_4b_instruct-lc=r8_a16_linear-nie=1--8a65aa8f
act_prm_tau2_retail,s2,retail_s2_thoughts_policy_lr3e_3_nb150_heldout,,0.003,140,2.213962,0.792109,0.760563,,,,retail_s2_thoughts_policy_lr3e_3_nb150_heldout-act-prm-ia=0-rr=0-ec=act_prm_tau2_retail-gc=act_prm_actions_only-tc=sft-rbc=default-nb=150-nt=0-mc=hf_qwen3_4b_instruct-lc=r8_a16_linear-nie=1--8a65aa8f
act_prm_tau2_retail,s2,retail_s2_thoughts_policy_lr3e_3_nb150_heldout,,0.003,140,2.213962,0.792109,0.760563,,,,retail_s2_thoughts_policy_lr3e_3_nb150_heldout-act-prm-ia=0-rr=0-ec=act_prm_tau2_retail-gc=act_prm_actions_only-tc=sft-rbc=default-nb=150-nt=0-mc=hf_qwen3_4b_instruct-lc=r8_a16_linear-nie=1--8a65aa8f
act_prm_tau2_retail,s2,retail_s2_thoughts_policy_lr3e_3_nb150_heldout,,0.003,149,2.205896,0.792481,0.760949,,,,retail_s2_thoughts_policy_lr3e_3_nb150_heldout-act-prm-ia=0-rr=0-ec=act_prm_tau2_retail-gc=act_prm_actions_only-tc=sft-rbc=default-nb=150-nt=0-mc=hf_qwen3_4b_instruct-lc=r8_a16_linear-nie=1--8a65aa8f
act_prm_tau2_retail,s2,retail_s2_thoughts_policy_lr3e_3_nb150_heldout,,0.003,149,2.205896,0.792481,0.760949,,,,retail_s2_thoughts_policy_lr3e_3_nb150_heldout-act-prm-ia=0-rr=0-ec=act_prm_tau2_retail-gc=act_prm_actions_only-tc=sft-rbc=default-nb=150-nt=0-mc=hf_qwen3_4b_instruct-lc=r8_a16_linear-nie=1--8a65aa8f
act_prm_tau2_retail,other,retail_s2probe_actions_only_lr1e-3,,0.001,2,3.840115,0.760309,0.760309,,,,retail_s2probe_actions_only_lr1e_3-act-prm-ia=0-rr=0-ec=act_prm_tau2_retail-gc=act_prm_actions_only-tc=sft-rbc=default-nb=8-nt=0-mc=hf_qwen3_4b_instruct-lc=r8_a16_linear-nie=1-gc=0-nf=0-lp=0-3b058a68
act_prm_tau2_retail,other,retail_s2probe_actions_only_lr1e-3,,0.001,2,3.840115,0.760309,0.760309,,,,retail_s2probe_actions_only_lr1e_3-act-prm-ia=0-rr=0-ec=act_prm_tau2_retail-gc=act_prm_actions_only-tc=sft-rbc=default-nb=8-nt=0-mc=hf_qwen3_4b_instruct-lc=r8_a16_linear-nie=1-gc=0-nf=0-lp=0-3b058a68
act_prm_tau2_retail,other,retail_s2probe_actions_only_lr1e-3,,0.001,4,3.840956,0.760458,0.760458,,,,retail_s2probe_actions_only_lr1e_3-act-prm-ia=0-rr=0-ec=act_prm_tau2_retail-gc=act_prm_actions_only-tc=sft-rbc=default-nb=8-nt=0-mc=hf_qwen3_4b_instruct-lc=r8_a16_linear-nie=1-gc=0-nf=0-lp=0-3b058a68
act_prm_tau2_retail,other,retail_s2probe_actions_only_lr1e-3,,0.001,4,3.840956,0.760458,0.760458,,,,retail_s2probe_actions_only_lr1e_3-act-prm-ia=0-rr=0-ec=act_prm_tau2_retail-gc=act_prm_actions_only-tc=sft-rbc=default-nb=8-nt=0-mc=hf_qwen3_4b_instruct-lc=r8_a16_linear-nie=1-gc=0-nf=0-lp=0-3b058a68
act_prm_tau2_retail,other,retail_s2probe_actions_only_lr1e-3,,0.001,6,3.834905,0.761201,0.761201,,,,retail_s2probe_actions_only_lr1e_3-act-prm-ia=0-rr=0-ec=act_prm_tau2_retail-gc=act_prm_actions_only-tc=sft-rbc=default-nb=8-nt=0-mc=hf_qwen3_4b_instruct-lc=r8_a16_linear-nie=1-gc=0-nf=0-lp=0-3b058a68
act_prm_tau2_retail,other,retail_s2probe_actions_only_lr1e-3,,0.001,6,3.834905,0.761201,0.761201,,,,retail_s2probe_actions_only_lr1e_3-act-prm-ia=0-rr=0-ec=act_prm_tau2_retail-gc=act_prm_actions_only-tc=sft-rbc=default-nb=8-nt=0-mc=hf_qwen3_4b_instruct-lc=r8_a16_linear-nie=1-gc=0-nf=0-lp=0-3b058a68
act_prm_tau2_retail,other,retail_s2probe_actions_only_lr1e-3,,0.001,7,3.838241,0.760532,0.760532,,,,retail_s2probe_actions_only_lr1e_3-act-prm-ia=0-rr=0-ec=act_prm_tau2_retail-gc=act_prm_actions_only-tc=sft-rbc=default-nb=8-nt=0-mc=hf_qwen3_4b_instruct-lc=r8_a16_linear-nie=1-gc=0-nf=0-lp=0-3b058a68
act_prm_tau2_retail,other,retail_s2probe_actions_only_lr1e-3,,0.001,7,3.838241,0.760532,0.760532,,,,retail_s2probe_actions_only_lr1e_3-act-prm-ia=0-rr=0-ec=act_prm_tau2_retail-gc=act_prm_actions_only-tc=sft-rbc=default-nb=8-nt=0-mc=hf_qwen3_4b_instruct-lc=r8_a16_linear-nie=1-gc=0-nf=0-lp=0-3b058a68
act_prm_tau2_retail,other,retail_s2probe_actions_only_lr1e-4,,0.0001,2,3.839135,0.760532,0.760532,,,,retail_s2probe_actions_only_lr1e_4-act-prm-ia=0-rr=0-ec=act_prm_tau2_retail-gc=act_prm_actions_only-tc=sft-rbc=default-nb=8-nt=0-mc=hf_qwen3_4b_instruct-lc=r8_a16_linear-nie=1-gc=0-nf=0-lp=0-a5241fe3
act_prm_tau2_retail,other,retail_s2probe_actions_only_lr1e-4,,0.0001,2,3.839135,0.760532,0.760532,,,,retail_s2probe_actions_only_lr1e_4-act-prm-ia=0-rr=0-ec=act_prm_tau2_retail-gc=act_prm_actions_only-tc=sft-rbc=default-nb=8-nt=0-mc=hf_qwen3_4b_instruct-lc=r8_a16_linear-nie=1-gc=0-nf=0-lp=0-a5241fe3
act_prm_tau2_retail,other,retail_s2probe_actions_only_lr1e-4,,0.0001,4,3.842214,0.760978,0.760978,,,,retail_s2probe_actions_only_lr1e_4-act-prm-ia=0-rr=0-ec=act_prm_tau2_retail-gc=act_prm_actions_only-tc=sft-rbc=default-nb=8-nt=0-mc=hf_qwen3_4b_instruct-lc=r8_a16_linear-nie=1-gc=0-nf=0-lp=0-a5241fe3
act_prm_tau2_retail,other,retail_s2probe_actions_only_lr1e-4,,0.0001,4,3.842214,0.760978,0.760978,,,,retail_s2probe_actions_only_lr1e_4-act-prm-ia=0-rr=0-ec=act_prm_tau2_retail-gc=act_prm_actions_only-tc=sft-rbc=default-nb=8-nt=0-mc=hf_qwen3_4b_instruct-lc=r8_a16_linear-nie=1-gc=0-nf=0-lp=0-a5241fe3
act_prm_tau2_retail,other,retail_s2probe_actions_only_lr1e-4,,0.0001,6,3.84403,0.759863,0.759863,,,,retail_s2probe_actions_only_lr1e_4-act-prm-ia=0-rr=0-ec=act_prm_tau2_retail-gc=act_prm_actions_only-tc=sft-rbc=default-nb=8-nt=0-mc=hf_qwen3_4b_instruct-lc=r8_a16_linear-nie=1-gc=0-nf=0-lp=0-a5241fe3
act_prm_tau2_retail,other,retail_s2probe_actions_only_lr1e-4,,0.0001,6,3.84403,0.759863,0.759863,,,,retail_s2probe_actions_only_lr1e_4-act-prm-ia=0-rr=0-ec=act_prm_tau2_retail-gc=act_prm_actions_only-tc=sft-rbc=default-nb=8-nt=0-mc=hf_qwen3_4b_instruct-lc=r8_a16_linear-nie=1-gc=0-nf=0-lp=0-a5241fe3
act_prm_tau2_retail,other,retail_s2probe_actions_only_lr1e-4,,0.0001,7,3.843881,0.76016,0.76016,,,,retail_s2probe_actions_only_lr1e_4-act-prm-ia=0-rr=0-ec=act_prm_tau2_retail-gc=act_prm_actions_only-tc=sft-rbc=default-nb=8-nt=0-mc=hf_qwen3_4b_instruct-lc=r8_a16_linear-nie=1-gc=0-nf=0-lp=0-a5241fe3
act_prm_tau2_retail,other,retail_s2probe_actions_only_lr1e-4,,0.0001,7,3.843881,0.76016,0.76016,,,,retail_s2probe_actions_only_lr1e_4-act-prm-ia=0-rr=0-ec=act_prm_tau2_retail-gc=act_prm_actions_only-tc=sft-rbc=default-nb=8-nt=0-mc=hf_qwen3_4b_instruct-lc=r8_a16_linear-nie=1-gc=0-nf=0-lp=0-a5241fe3
act_prm_tau2_retail,other,retail_s2probe_actions_only_lr4e-5,,4e-05,2,3.842751,0.760829,0.760829,,,,retail_s2probe_actions_only_lr4e_5-act-prm-ia=0-rr=0-ec=act_prm_tau2_retail-gc=act_prm_actions_only-tc=sft-rbc=default-nb=8-nt=0-mc=hf_qwen3_4b_instruct-lc=r8_a16_linear-nie=1-gc=0-nf=0-lp=0-499e5534
act_prm_tau2_retail,other,retail_s2probe_actions_only_lr4e-5,,4e-05,2,3.842751,0.760829,0.760829,,,,retail_s2probe_actions_only_lr4e_5-act-prm-ia=0-rr=0-ec=act_prm_tau2_retail-gc=act_prm_actions_only-tc=sft-rbc=default-nb=8-nt=0-mc=hf_qwen3_4b_instruct-lc=r8_a16_linear-nie=1-gc=0-nf=0-lp=0-499e5534
act_prm_tau2_retail,other,retail_s2probe_actions_only_lr4e-5,,4e-05,4,3.844211,0.760235,0.760235,,,,retail_s2probe_actions_only_lr4e_5-act-prm-ia=0-rr=0-ec=act_prm_tau2_retail-gc=act_prm_actions_only-tc=sft-rbc=default-nb=8-nt=0-mc=hf_qwen3_4b_instruct-lc=r8_a16_linear-nie=1-gc=0-nf=0-lp=0-499e5534
act_prm_tau2_retail,other,retail_s2probe_actions_only_lr4e-5,,4e-05,4,3.844211,0.760235,0.760235,,,,retail_s2probe_actions_only_lr4e_5-act-prm-ia=0-rr=0-ec=act_prm_tau2_retail-gc=act_prm_actions_only-tc=sft-rbc=default-nb=8-nt=0-mc=hf_qwen3_4b_instruct-lc=r8_a16_linear-nie=1-gc=0-nf=0-lp=0-499e5534
act_prm_tau2_retail,other,retail_s2probe_actions_only_lr4e-5,,4e-05,6,3.839872,0.759863,0.759863,,,,retail_s2probe_actions_only_lr4e_5-act-prm-ia=0-rr=0-ec=act_prm_tau2_retail-gc=act_prm_actions_only-tc=sft-rbc=default-nb=8-nt=0-mc=hf_qwen3_4b_instruct-lc=r8_a16_linear-nie=1-gc=0-nf=0-lp=0-499e5534
act_prm_tau2_retail,other,retail_s2probe_actions_only_lr4e-5,,4e-05,6,3.839872,0.759863,0.759863,,,,retail_s2probe_actions_only_lr4e_5-act-prm-ia=0-rr=0-ec=act_prm_tau2_retail-gc=act_prm_actions_only-tc=sft-rbc=default-nb=8-nt=0-mc=hf_qwen3_4b_instruct-lc=r8_a16_linear-nie=1-gc=0-nf=0-lp=0-499e5534
act_prm_tau2_retail,other,retail_s2probe_actions_only_lr4e-5,,4e-05,7,3.840912,0.759938,0.759938,,,,retail_s2probe_actions_only_lr4e_5-act-prm-ia=0-rr=0-ec=act_prm_tau2_retail-gc=act_prm_actions_only-tc=sft-rbc=default-nb=8-nt=0-mc=hf_qwen3_4b_instruct-lc=r8_a16_linear-nie=1-gc=0-nf=0-lp=0-499e5534
act_prm_tau2_retail,other,retail_s2probe_actions_only_lr4e-5,,4e-05,7,3.840912,0.759938,0.759938,,,,retail_s2probe_actions_only_lr4e_5-act-prm-ia=0-rr=0-ec=act_prm_tau2_retail-gc=act_prm_actions_only-tc=sft-rbc=default-nb=8-nt=0-mc=hf_qwen3_4b_instruct-lc=r8_a16_linear-nie=1-gc=0-nf=0-lp=0-499e5534
act_prm_tau2_retail,other,retail_s2probe_thoughts_base_lr1e-3,,0.001,10,3.167291,0.782376,0.746024,,,,retail_s2probe_thoughts_base_lr1e_3-act-prm-ia=0-rr=0-ec=act_prm_tau2_retail-gc=act_prm_actions_only-tc=sft-rbc=default-nb=30-nt=0-mc=hf_qwen3_4b_instruct-lc=r8_a16_linear-nie=1-gc=0-nf=0-lp-ada5bbf6
act_prm_tau2_retail,other,retail_s2probe_thoughts_base_lr1e-3,,0.001,10,3.167291,0.782376,0.746024,,,,retail_s2probe_thoughts_base_lr1e_3-act-prm-ia=0-rr=0-ec=act_prm_tau2_retail-gc=act_prm_actions_only-tc=sft-rbc=default-nb=30-nt=0-mc=hf_qwen3_4b_instruct-lc=r8_a16_linear-nie=1-gc=0-nf=0-lp-ada5bbf6
act_prm_tau2_retail,other,retail_s2probe_thoughts_base_lr1e-3,,0.001,20,3.151494,0.781782,0.745433,,,,retail_s2probe_thoughts_base_lr1e_3-act-prm-ia=0-rr=0-ec=act_prm_tau2_retail-gc=act_prm_actions_only-tc=sft-rbc=default-nb=30-nt=0-mc=hf_qwen3_4b_instruct-lc=r8_a16_linear-nie=1-gc=0-nf=0-lp-ada5bbf6
act_prm_tau2_retail,other,retail_s2probe_thoughts_base_lr1e-3,,0.001,20,3.151494,0.781782,0.745433,,,,retail_s2probe_thoughts_base_lr1e_3-act-prm-ia=0-rr=0-ec=act_prm_tau2_retail-gc=act_prm_actions_only-tc=sft-rbc=default-nb=30-nt=0-mc=hf_qwen3_4b_instruct-lc=r8_a16_linear-nie=1-gc=0-nf=0-lp-ada5bbf6
act_prm_tau2_retail,other,retail_s2probe_thoughts_base_lr1e-3,,0.001,29,3.129671,0.78193,0.745679,,,,retail_s2probe_thoughts_base_lr1e_3-act-prm-ia=0-rr=0-ec=act_prm_tau2_retail-gc=act_prm_actions_only-tc=sft-rbc=default-nb=30-nt=0-mc=hf_qwen3_4b_instruct-lc=r8_a16_linear-nie=1-gc=0-nf=0-lp-ada5bbf6
act_prm_tau2_retail,other,retail_s2probe_thoughts_base_lr1e-3,,0.001,29,3.129671,0.78193,0.745679,,,,retail_s2probe_thoughts_base_lr1e_3-act-prm-ia=0-rr=0-ec=act_prm_tau2_retail-gc=act_prm_actions_only-tc=sft-rbc=default-nb=30-nt=0-mc=hf_qwen3_4b_instruct-lc=r8_a16_linear-nie=1-gc=0-nf=0-lp-ada5bbf6
act_prm_tau2_retail,other,retail_s2probe_thoughts_base_lr1e-4,,0.0001,10,3.175623,0.78193,0.745285,,,,retail_s2probe_thoughts_base_lr1e_4-act-prm-ia=0-rr=0-ec=act_prm_tau2_retail-gc=act_prm_actions_only-tc=sft-rbc=default-nb=30-nt=0-mc=hf_qwen3_4b_instruct-lc=r8_a16_linear-nie=1-gc=0-nf=0-lp-fccbd40e
act_prm_tau2_retail,other,retail_s2probe_thoughts_base_lr1e-4,,0.0001,10,3.175623,0.78193,0.745285,,,,retail_s2probe_thoughts_base_lr1e_4-act-prm-ia=0-rr=0-ec=act_prm_tau2_retail-gc=act_prm_actions_only-tc=sft-rbc=default-nb=30-nt=0-mc=hf_qwen3_4b_instruct-lc=r8_a16_linear-nie=1-gc=0-nf=0-lp-fccbd40e
act_prm_tau2_retail,other,retail_s2probe_thoughts_base_lr1e-4,,0.0001,20,3.177287,0.781187,0.74435,,,,retail_s2probe_thoughts_base_lr1e_4-act-prm-ia=0-rr=0-ec=act_prm_tau2_retail-gc=act_prm_actions_only-tc=sft-rbc=default-nb=30-nt=0-mc=hf_qwen3_4b_instruct-lc=r8_a16_linear-nie=1-gc=0-nf=0-lp-fccbd40e
act_prm_tau2_retail,other,retail_s2probe_thoughts_base_lr1e-4,,0.0001,20,3.177287,0.781187,0.74435,,,,retail_s2probe_thoughts_base_lr1e_4-act-prm-ia=0-rr=0-ec=act_prm_tau2_retail-gc=act_prm_actions_only-tc=sft-rbc=default-nb=30-nt=0-mc=hf_qwen3_4b_instruct-lc=r8_a16_linear-nie=1-gc=0-nf=0-lp-fccbd40e
act_prm_tau2_retail,other,retail_s2probe_thoughts_base_lr1e-4,,0.0001,29,3.1772,0.782153,0.745384,,,,retail_s2probe_thoughts_base_lr1e_4-act-prm-ia=0-rr=0-ec=act_prm_tau2_retail-gc=act_prm_actions_only-tc=sft-rbc=default-nb=30-nt=0-mc=hf_qwen3_4b_instruct-lc=r8_a16_linear-nie=1-gc=0-nf=0-lp-fccbd40e
act_prm_tau2_retail,other,retail_s2probe_thoughts_base_lr1e-4,,0.0001,29,3.1772,0.782153,0.745384,,,,retail_s2probe_thoughts_base_lr1e_4-act-prm-ia=0-rr=0-ec=act_prm_tau2_retail-gc=act_prm_actions_only-tc=sft-rbc=default-nb=30-nt=0-mc=hf_qwen3_4b_instruct-lc=r8_a16_linear-nie=1-gc=0-nf=0-lp-fccbd40e
act_prm_tau2_retail,other,retail_s2probe_thoughts_base_lr3e-3,,0.003,10,3.128138,0.782376,0.74627,,,,retail_s2probe_thoughts_base_lr3e_3-act-prm-ia=0-rr=0-ec=act_prm_tau2_retail-gc=act_prm_actions_only-tc=sft-rbc=default-nb=30-nt=0-mc=hf_qwen3_4b_instruct-lc=r8_a16_linear-nie=1-gc=0-nf=0-lp-c1f3cd79
act_prm_tau2_retail,other,retail_s2probe_thoughts_base_lr3e-3,,0.003,10,3.128138,0.782376,0.74627,,,,retail_s2probe_thoughts_base_lr3e_3-act-prm-ia=0-rr=0-ec=act_prm_tau2_retail-gc=act_prm_actions_only-tc=sft-rbc=default-nb=30-nt=0-mc=hf_qwen3_4b_instruct-lc=r8_a16_linear-nie=1-gc=0-nf=0-lp-c1f3cd79
act_prm_tau2_retail,other,retail_s2probe_thoughts_base_lr3e-3,,0.003,20,3.027704,0.783639,0.747353,,,,retail_s2probe_thoughts_base_lr3e_3-act-prm-ia=0-rr=0-ec=act_prm_tau2_retail-gc=act_prm_actions_only-tc=sft-rbc=default-nb=30-nt=0-mc=hf_qwen3_4b_instruct-lc=r8_a16_linear-nie=1-gc=0-nf=0-lp-c1f3cd79
act_prm_tau2_retail,other,retail_s2probe_thoughts_base_lr3e-3,,0.003,20,3.027704,0.783639,0.747353,,,,retail_s2probe_thoughts_base_lr3e_3-act-prm-ia=0-rr=0-ec=act_prm_tau2_retail-gc=act_prm_actions_only-tc=sft-rbc=default-nb=30-nt=0-mc=hf_qwen3_4b_instruct-lc=r8_a16_linear-nie=1-gc=0-nf=0-lp-c1f3cd79
act_prm_tau2_retail,other,retail_s2probe_thoughts_base_lr3e-3,,0.003,29,2.911173,0.783788,0.748387,,,,retail_s2probe_thoughts_base_lr3e_3-act-prm-ia=0-rr=0-ec=act_prm_tau2_retail-gc=act_prm_actions_only-tc=sft-rbc=default-nb=30-nt=0-mc=hf_qwen3_4b_instruct-lc=r8_a16_linear-nie=1-gc=0-nf=0-lp-c1f3cd79
act_prm_tau2_retail,other,retail_s2probe_thoughts_base_lr3e-3,,0.003,29,2.911173,0.783788,0.748387,,,,retail_s2probe_thoughts_base_lr3e_3-act-prm-ia=0-rr=0-ec=act_prm_tau2_retail-gc=act_prm_actions_only-tc=sft-rbc=default-nb=30-nt=0-mc=hf_qwen3_4b_instruct-lc=r8_a16_linear-nie=1-gc=0-nf=0-lp-c1f3cd79
act_prm_tau2_retail,other,retail_s2smoke_actiononly,,0.001,1,3.184698,0.782896,0.74635,,,,retail_s2smoke_actiononly-act-prm-ia=0-rr=0-ec=act_prm_tau2_retail-gc=act_prm_actions_only-tc=sft-rbc=default-nb=2-nt=0-mc=hf_qwen3_4b_instruct-lc=r8_a16_linear-nie=1-gc=0-nf=0-lp=0_15-ho=1--2e76ae0f
act_prm_tau2_retail,other,retail_s2smoke_actiononly,,0.001,1,3.184698,0.782896,0.74635,,,,retail_s2smoke_actiononly-act-prm-ia=0-rr=0-ec=act_prm_tau2_retail-gc=act_prm_actions_only-tc=sft-rbc=default-nb=2-nt=0-mc=hf_qwen3_4b_instruct-lc=r8_a16_linear-nie=1-gc=0-nf=0-lp=0_15-ho=1--2e76ae0f
act_prm_tau2_retail,other,retail_s2smoke_trainfull,,0.0001,0,3.186167,0.782599,0.746012,,,,retail_s2smoke_trainfull-act-prm-ia=0-rr=0-ec=act_prm_tau2_retail-gc=act_prm_actions_only-tc=sft-rbc=default-nb=1-nt=0-mc=hf_qwen3_4b_instruct-lc=r8_a16_linear-nie=1-gc=0-nf=0-lp=0_15-ho=1-g-59fdc400
act_prm_tau2_retail,other,retail_s2smoke_trainfull,,0.0001,0,3.186167,0.782599,0.746012,,,,retail_s2smoke_trainfull-act-prm-ia=0-rr=0-ec=act_prm_tau2_retail-gc=act_prm_actions_only-tc=sft-rbc=default-nb=1-nt=0-mc=hf_qwen3_4b_instruct-lc=r8_a16_linear-nie=1-gc=0-nf=0-lp=0_15-ho=1-g-59fdc400
act_prm_tau2_retail,other,smoke_sftflat,adamw,0.001,2,2.030146,0.85377,0.755053,2.581861,,,smoke_sftflat-act-prm-ia=0-rr=0-ec=act_prm_tau2_retail-gc=act_prm_actions_only-tc=sft_flat-rbc=default-nb=4-nt=0-mc=hf_qwen3_4b_instruct-lc=r8_a16_linear-nie=1-gc=0-nf=0-ho=1-bm=eval_actiono-2e44bfbd
act_prm_tau2_retail,other,smoke_sftflat,adamw,0.001,3,2.004925,0.853643,0.75777,2.528957,,,smoke_sftflat-act-prm-ia=0-rr=0-ec=act_prm_tau2_retail-gc=act_prm_actions_only-tc=sft_flat-rbc=default-nb=4-nt=0-mc=hf_qwen3_4b_instruct-lc=r8_a16_linear-nie=1-gc=0-nf=0-ho=1-bm=eval_actiono-2e44bfbd
