env_dir,stage,run_tag,env_config,trainer_name,optimizer,learning_rate,num_batches,steps_per_batch,batch_size,group_size,lora_config,dataset_path,hide_observations,require_thought,advantage_mode,length_penalty,score_with_base,best_metric,seed,keep_expert_thoughts,infer_thoughts,no_train,n_evals,last_batch,best_batch,best_actiononly_ppl,first_actiononly_ppl,final_actiononly_ppl,eval_n_action_tokens,log_dir
act_prm_snorkel_finance,other,,act_prm/snorkel_finance,rl,,4e-05,1,,2,4,r8_a16_linear,,,,,0.15,,final_reward,42,,,False,0,0,,,,,,act-prm-ia=0-rr=0-ec=act_prm_snorkel_finance-gc=act_prm-tc=pg-rbc=default-nb=1-nt=0-mc=hf_qwen3_4b_base-lc=r8_a16_linear-nie=1-gc=0-nf=0-mspt=2-s=1-lp=0_15-gs=4-bs=2-s=42-r=0-vr=0
act_prm_snorkel_finance,other,,act_prm/snorkel_finance,rl,,4e-05,2,,2,4,r8_a16_linear,,,,,0.15,,final_reward,42,,,False,0,1,,,,,,act-prm-ia=0-rr=0-ec=act_prm_snorkel_finance-gc=act_prm-tc=pg-rbc=default-nb=2-nt=0-mc=hf_qwen3_4b_base-lc=r8_a16_linear-nie=1-gc=0-nf=0-mspt=2-s=1-lp=0_15-gs=4-bs=2-s=42-r=0-vr=0
act_prm_snorkel_finance,other,,act_prm/snorkel_finance,rl,,4e-05,1,,2,4,r8_a16_linear,,False,,em,0.15,True,final_reward,42,,True,False,0,0,,,,,,act-prm-ia=0-rr=0-ec=act_prm_snorkel_finance-gc=act_prm-tc=pg-rbc=default-nb=1-nt=0-mc=hf_qwen3_4b_instruct-lc=r8_a16_linear-nie=1-gc=0-nf=0-mspt=2-s=1-am=em-swb=1-gs=4-bs=2-s=42-r=0-vr=0
act_prm_snorkel_finance,other,,act_prm/snorkel_finance,rl,,4e-05,1,,2,4,r8_a16_linear,,,,,0.15,,final_reward,42,,,False,0,0,,,,,,act-prm-ia=0-rr=0-ec=act_prm_snorkel_finance-gc=act_prm-tc=pg-rbc=default-nb=1-nt=0-mc=hf_qwen3_4b_instruct-lc=r8_a16_linear-nie=1-gc=0-nf=0-mspt=2-s=1-lp=0_15-gs=4-bs=2-s=42-r=0-vr=0
act_prm_snorkel_finance,other,,act_prm/snorkel_finance,rl,,4e-05,1,,1,2,r8_a16_linear,,,,,0.15,,final_reward,42,,,False,0,0,,,,,,act-prm-ia=0-rr=0-ec=act_prm_snorkel_finance-gc=act_prm-tc=pg-rbc=default-nb=1-nt=0-mc=hf_qwen3_4b_instruct-lc=r8_a16_linear-nie=1-gc=0-nf=0-nt=1-et=1-mspt=1-mtt=20-omc=600-lp=0_15-gs=2-bs=1-s=42-r=0-vr=0
act_prm_snorkel_finance,other,,act_prm/snorkel_finance,rl,,4e-05,1,,2,4,r8_a16_linear,,,,,0.15,,final_reward,42,,,False,0,0,,,,,,act-prm-ia=0-rr=0-ec=act_prm_snorkel_finance-gc=act_prm-tc=pg-rbc=default-nb=1-nt=0-mc=hf_qwen3_4b_instruct-lc=r8_a16_linear-nie=1-gc=0-nf=0-nt=2-et=1-mspt=2-mtt=20-lp=0_15-gs=4-bs=2-s=42-r=0-vr=0
act_prm_snorkel_finance,other,,act_prm/snorkel_finance,rl,,4e-05,2,,2,4,r8_a16_linear,,,,,0.15,,final_reward,42,,,False,0,1,,,,,,act-prm-ia=0-rr=0-ec=act_prm_snorkel_finance-gc=act_prm-tc=pg-rbc=default-nb=2-nt=0-mc=hf_qwen3_4b_instruct-lc=r8_a16_linear-nie=1-gc=0-nf=0-mspt=2-s=1-lp=0_15-gs=4-bs=2-s=42-r=0-vr=0
act_prm_snorkel_finance,other,,act_prm/snorkel_finance,rl,,4e-05,2,,3,4,r8_a16_linear,,,,,0.15,,final_reward,42,,,False,0,1,,,,,,act-prm-ia=0-rr=0-ec=act_prm_snorkel_finance-gc=act_prm-tc=pg-rbc=default-nb=2-nt=0-mc=hf_qwen3_4b_instruct-lc=r8_a16_linear-nie=1-gc=0-nf=0-nt=6-et=2-mspt=3-mtt=20-omc=800-lp=0_15-gs=4-bs=3-lr=4e_05-s=42-r=0-vr=0
act_prm_snorkel_finance,other,,act_prm/snorkel_finance,rl,,4e-05,25,,4,4,r8_a16_linear,./data/snorkel_finance,False,,,0.15,,final_reward,42,,,False,0,19,,,,,,act-prm-ia=0-rr=0-ec=act_prm_snorkel_finance-gc=act_prm-tc=pg-rbc=default-nb=25-nt=0-mc=hf_qwen3_4b_instruct-lc=r8_a16_linear-nie=1-gc=0-nf=0-dp=__data_snorkel_finance-nt=32-et=8-mspt=3-mtt=20-omc=1000-lp=0_15-gs=4-bs=4-lr=4e_05-s=42-r=0-vr=0
act_prm_snorkel_finance,other,,act_prm/snorkel_finance,rl,,4e-05,25,,4,4,r8_a16_linear,./data/snorkel_finance,False,,em,0.15,False,final_reward,42,,True,False,0,2,,,,,,act-prm-ia=0-rr=0-ec=act_prm_snorkel_finance-gc=act_prm-tc=pg-rbc=default-nb=25-nt=0-mc=hf_qwen3_4b_instruct-lc=r8_a16_linear-nie=1-gc=0-nf=0-dp=__data_snorkel_finance-nt=32-et=8-mtt=20-lp=0_15-gs=4-bs=4-lr=4e_05-s=42-r=0-vr=0
act_prm_snorkel_finance,other,,act_prm/snorkel_finance,sft,,4e-05,1,,2,4,r8_a16_linear,,False,,best,0.15,,final_reward,42,,True,False,0,0,,,,,,act-prm-ia=0-rr=0-ec=act_prm_snorkel_finance-gc=act_prm-tc=sft-rbc=default-nb=1-nt=0-mc=hf_qwen3_4b_instruct-lc=r8_a16_linear-nie=1-gc=0-nf=0-mspt=2-s=1-am=best-gs=4-bs=2-s=42-r=0-vr=0
act_prm_snorkel_finance,other,,act_prm/snorkel_finance,sft,,4e-05,1,,2,1,r8_a16_linear,,False,,uniform,0.15,,final_reward,42,,False,False,0,0,,,,,,act-prm-ia=0-rr=0-ec=act_prm_snorkel_finance-gc=act_prm_actions_only-tc=sft-rbc=default-nb=1-nt=0-mc=hf_qwen3_4b_instruct-lc=r8_a16_linear-nie=1-gc=0-nf=0-mspt=2-s=1-gs=1-bs=2-s=42-r=0-vr=0
act_prm_snorkel_finance_gym,rollout,finance_rollout_actions_only_sgdlr1e_3_step_0020_fair,act_prm/snorkel_finance_gym,rl,sgd,4e-05,1,,1,2,r8_a16_linear,,True,,,,,final_reward,42,,,True,0,0,,,,,,finance_rollout_actions_only_sgdlr1e_3_step_0020_fair-act-prm-ia=0-rr=0-ec=act_prm_snorkel_finance_gym-gc=hf_grpo-tc=pg-rbc=default-nb=1-nt=1-mc=hf_qwen3_4b_instruct-lc=r8_a16_linear-gc=0-nf-db385e63
act_prm_snorkel_finance_gym,rollout,finance_rollout_actions_only_sgdlr1e_3_step_best_fair,act_prm/snorkel_finance_gym,rl,sgd,4e-05,1,,1,2,r8_a16_linear,,True,,,,,final_reward,42,,,True,0,0,,,,,,finance_rollout_actions_only_sgdlr1e_3_step_best_fair-act-prm-ia=0-rr=0-ec=act_prm_snorkel_finance_gym-gc=hf_grpo-tc=pg-rbc=default-nb=1-nt=1-mc=hf_qwen3_4b_instruct-lc=r8_a16_linear-gc=0-nf-9018b892
act_prm_snorkel_finance_gym,rollout,finance_rollout_actions_only_v3_fair,act_prm/snorkel_finance_gym,rl,,4e-05,1,,1,2,r8_a16_linear,,True,,,,,final_reward,42,,,True,0,0,,,,,,"finance_rollout_actions_only_v3_fair-act-prm-ia=0-rr=0-ec=act_prm_snorkel_finance_gym-gc=hf_grpo-tc=pg-rbc=default-nb=1-nt=1-mc=hf_qwen3_4b_instruct-lc=r8_a16_linear-gc=0-nf=0-ho=1-eqi=['0',-2a03eca5"
act_prm_snorkel_finance_gym,rollout,finance_rollout_actions_only_v3_fair,act_prm/snorkel_finance_gym,rl,,4e-05,1,,1,2,r8_a16_linear,,True,,,,,final_reward,42,,,True,0,0,,,,,,"finance_rollout_actions_only_v3_fair-act-prm-ia=0-rr=0-ec=act_prm_snorkel_finance_gym-gc=hf_grpo-tc=pg-rbc=default-nb=1-nt=1-mc=hf_qwen3_4b_instruct-lc=r8_a16_linear-gc=0-nf=0-ho=1-eqi=['0',-5969b7b1"
act_prm_snorkel_finance_gym,rollout,finance_rollout_actions_only_v3_hard,act_prm/snorkel_finance_gym,rl,,4e-05,1,,1,2,r8_a16_linear,,True,,,,,final_reward,42,,,True,0,0,,,,,,"finance_rollout_actions_only_v3_hard-act-prm-ia=0-rr=0-ec=act_prm_snorkel_finance_gym-gc=hf_grpo-tc=pg-rbc=default-nb=1-nt=1-mc=hf_qwen3_4b_instruct-lc=r8_a16_linear-gc=0-nf=0-ho=1-eqi=['4',-9db7d71b"
act_prm_snorkel_finance_gym,rollout,finance_rollout_expert_thoughts_all_sgdlr1e_3_step_0020_fair,act_prm/snorkel_finance_gym,rl,sgd,4e-05,1,,1,2,r8_a16_linear,,True,,,,,final_reward,42,,,True,0,0,,,,,,finance_rollout_expert_thoughts_all_sgdlr1e_3_step_0020_fair-act-prm-ia=0-rr=0-ec=act_prm_snorkel_finance_gym-gc=hf_grpo-tc=pg-rbc=default-nb=1-nt=1-mc=hf_qwen3_4b_instruct-lc=r8_a16_linear--1161d271
act_prm_snorkel_finance_gym,rollout,finance_rollout_expert_thoughts_all_sgdlr1e_3_step_best_fair,act_prm/snorkel_finance_gym,rl,sgd,4e-05,1,,1,2,r8_a16_linear,,True,,,,,final_reward,42,,,True,0,0,,,,,,finance_rollout_expert_thoughts_all_sgdlr1e_3_step_best_fair-act-prm-ia=0-rr=0-ec=act_prm_snorkel_finance_gym-gc=hf_grpo-tc=pg-rbc=default-nb=1-nt=1-mc=hf_qwen3_4b_instruct-lc=r8_a16_linear--231a559f
act_prm_snorkel_finance_gym,rollout,finance_rollout_expert_thoughts_all_v3_fair,act_prm/snorkel_finance_gym,rl,,4e-05,1,,1,2,r8_a16_linear,,True,,,,,final_reward,42,,,True,0,0,,,,,,finance_rollout_expert_thoughts_all_v3_fair-act-prm-ia=0-rr=0-ec=act_prm_snorkel_finance_gym-gc=hf_grpo-tc=pg-rbc=default-nb=1-nt=1-mc=hf_qwen3_4b_instruct-lc=r8_a16_linear-gc=0-nf=0-ho=1-eq-bf4da435
act_prm_snorkel_finance_gym,rollout,finance_rollout_expert_thoughts_all_v3_hard,act_prm/snorkel_finance_gym,rl,,4e-05,1,,1,2,r8_a16_linear,,True,,,,,final_reward,42,,,True,0,0,,,,,,finance_rollout_expert_thoughts_all_v3_hard-act-prm-ia=0-rr=0-ec=act_prm_snorkel_finance_gym-gc=hf_grpo-tc=pg-rbc=default-nb=1-nt=1-mc=hf_qwen3_4b_instruct-lc=r8_a16_linear-gc=0-nf=0-ho=1-eq-e956786c
act_prm_snorkel_finance_gym,rollout,finance_rollout_expert_thoughts_v3_fair,act_prm/snorkel_finance_gym,rl,,4e-05,1,,1,2,r8_a16_linear,,True,,,,,final_reward,42,,,True,0,0,,,,,,finance_rollout_expert_thoughts_v3_fair-act-prm-ia=0-rr=0-ec=act_prm_snorkel_finance_gym-gc=hf_grpo-tc=pg-rbc=default-nb=1-nt=1-mc=hf_qwen3_4b_instruct-lc=r8_a16_linear-gc=0-nf=0-ho=1-eqi=['-f3d486cb
act_prm_snorkel_finance_gym,rollout,finance_rollout_expert_thoughts_v3_hard,act_prm/snorkel_finance_gym,rl,,4e-05,1,,1,2,r8_a16_linear,,True,,,,,final_reward,42,,,True,0,0,,,,,,finance_rollout_expert_thoughts_v3_hard-act-prm-ia=0-rr=0-ec=act_prm_snorkel_finance_gym-gc=hf_grpo-tc=pg-rbc=default-nb=1-nt=1-mc=hf_qwen3_4b_instruct-lc=r8_a16_linear-gc=0-nf=0-ho=1-eqi=['-4430730f
act_prm_snorkel_finance_gym,rollout,finance_rollout_thoughts_base_v3_fair,act_prm/snorkel_finance_gym,rl,,4e-05,1,,1,2,r8_a16_linear,,True,,,,,final_reward,42,,,True,0,0,,,,,,finance_rollout_thoughts_base_v3_fair-act-prm-ia=0-rr=0-ec=act_prm_snorkel_finance_gym-gc=hf_grpo-tc=pg-rbc=default-nb=1-nt=1-mc=hf_qwen3_4b_instruct-lc=r8_a16_linear-gc=0-nf=0-ho=1-eqi=['0'-bbf3c159
act_prm_snorkel_finance_gym,rollout,finance_rollout_thoughts_base_v3_hard,act_prm/snorkel_finance_gym,rl,,4e-05,1,,1,2,r8_a16_linear,,True,,,,,final_reward,42,,,True,0,0,,,,,,finance_rollout_thoughts_base_v3_hard-act-prm-ia=0-rr=0-ec=act_prm_snorkel_finance_gym-gc=hf_grpo-tc=pg-rbc=default-nb=1-nt=1-mc=hf_qwen3_4b_instruct-lc=r8_a16_linear-gc=0-nf=0-ho=1-eqi=['4'-c5168e3f
act_prm_snorkel_finance_gym,rollout,finance_rollout_thoughts_policy_adamw30_sgdlr1e_3_step_0020_fair,act_prm/snorkel_finance_gym,rl,sgd,4e-05,1,,1,2,r8_a16_linear,,True,,,,,final_reward,42,,,True,0,0,,,,,,finance_rollout_thoughts_policy_adamw30_sgdlr1e_3_step_0020_fair-act-prm-ia=0-rr=0-ec=act_prm_snorkel_finance_gym-gc=hf_grpo-tc=pg-rbc=default-nb=1-nt=1-mc=hf_qwen3_4b_instruct-lc=r8_a16_lin-55c7cceb
act_prm_snorkel_finance_gym,rollout,finance_rollout_thoughts_policy_adamw30_sgdlr1e_3_step_best_fair,act_prm/snorkel_finance_gym,rl,sgd,4e-05,1,,1,2,r8_a16_linear,,True,,,,,final_reward,42,,,True,0,0,,,,,,finance_rollout_thoughts_policy_adamw30_sgdlr1e_3_step_best_fair-act-prm-ia=0-rr=0-ec=act_prm_snorkel_finance_gym-gc=hf_grpo-tc=pg-rbc=default-nb=1-nt=1-mc=hf_qwen3_4b_instruct-lc=r8_a16_lin-e32d3f72
act_prm_snorkel_finance_gym,rollout,finance_rollout_thoughts_policy_v3_fair,act_prm/snorkel_finance_gym,rl,,4e-05,1,,1,2,r8_a16_linear,,True,,,,,final_reward,42,,,True,0,0,,,,,,finance_rollout_thoughts_policy_v3_fair-act-prm-ia=0-rr=0-ec=act_prm_snorkel_finance_gym-gc=hf_grpo-tc=pg-rbc=default-nb=1-nt=1-mc=hf_qwen3_4b_instruct-lc=r8_a16_linear-gc=0-nf=0-ho=1-eqi=['-26aa3528
act_prm_snorkel_finance_gym,rollout,finance_rollout_thoughts_policy_v3_hard,act_prm/snorkel_finance_gym,rl,,4e-05,1,,1,2,r8_a16_linear,,True,,,,,final_reward,42,,,True,0,0,,,,,,finance_rollout_thoughts_policy_v3_hard-act-prm-ia=0-rr=0-ec=act_prm_snorkel_finance_gym-gc=hf_grpo-tc=pg-rbc=default-nb=1-nt=1-mc=hf_qwen3_4b_instruct-lc=r8_a16_linear-gc=0-nf=0-ho=1-eqi=['-10924177
act_prm_snorkel_finance_split,other,,act_prm/snorkel_finance_split,rl,,4e-05,25,,4,4,r8_a16_linear,data/snorkel_finance_split,False,,em,0.15,False,final_reward,42,,True,False,0,5,,,,,,act-prm-ia=0-rr=0-ec=act_prm_snorkel_finance_split-gc=act_prm-tc=pg-rbc=default-nb=25-nt=0-mc=hf_qwen3_4b_instruct-lc=r8_a16_linear-nie=1-gc=0-nf=0-lp=0_15-gs=4-bs=4-s=42-r=0-vr=0
act_prm_snorkel_finance_split,other,snorkel_finance_split_s1_base,act_prm/snorkel_finance_split,rl,,4e-05,58,,4,4,r8_a16_linear,data/snorkel_finance_split,False,,em,0.15,True,final_reward,42,False,True,False,0,57,,,,,,snorkel_finance_split_s1_base-act-prm-ia=0-rr=0-ec=act_prm_snorkel_finance_split-gc=act_prm-tc=pg-rbc=default-nb=58-nt=0-mc=hf_qwen3_4b_instruct-lc=r8_a16_linear-nie=1-gc=1-nf=0-lp=0_15-swb=-bcacce88
act_prm_snorkel_finance_split,other,snorkel_finance_split_s1_policy,act_prm/snorkel_finance_split,rl,,4e-05,58,,4,4,r8_a16_linear,data/snorkel_finance_split,False,,em,0.15,False,final_reward,42,False,True,False,0,57,,,,,,snorkel_finance_split_s1_policy-act-prm-ia=0-rr=0-ec=act_prm_snorkel_finance_split-gc=act_prm-tc=pg-rbc=default-nb=58-nt=0-mc=hf_qwen3_4b_instruct-lc=r8_a16_linear-nie=1-gc=1-nf=0-lp=0_15-sw-25a30cb3
act_prm_snorkel_finance_split,s1em,finance_s1em_policy_adamw30,act_prm/snorkel_finance_split,rl,adamw,4e-05,30,,4,4,r32_a32_linear,data/snorkel_finance_split_v3,False,,action_probs,0.0,False,final_reward,42,False,True,False,0,29,,,,,,finance_s1em_policy_adamw30-act-prm-ia=0-rr=0-ec=act_prm_snorkel_finance_split-gc=act_prm-tc=pg-rbc=default-nb=30-nt=0-mc=hf_qwen3_4b_instruct-lc=r32_a32_linear-nie=1-gc=1-nf=0-lp=0_0-am=act-2d67c1b3
act_prm_snorkel_finance_split,s1relabel,finance_s1relabel_policy_adamw30,act_prm/snorkel_finance_split,rl,sgd,4e-05,29,,4,4,r32_a32_linear,data/snorkel_finance_split_v3,False,,best,0.0,False,final_reward,42,False,True,True,0,28,,,,,,finance_s1relabel_policy_adamw30-act-prm-ia=0-rr=0-ec=act_prm_snorkel_finance_split-gc=act_prm-tc=pg-rbc=default-nb=29-nt=1-mc=hf_qwen3_4b_instruct-lc=r32_a32_linear-nie=1-gc=0-nf=0-lp=0_0-a-955126bf
act_prm_snorkel_finance_split,s1relabel,snorkel_finance_split_s1relabel_base,act_prm/snorkel_finance_split,rl,,4e-05,31,,4,4,r8_a16_linear,data/snorkel_finance_split,False,,best,0.15,True,final_reward,42,False,True,True,0,30,,,,,,snorkel_finance_split_s1relabel_base-act-prm-ia=0-rr=0-ec=act_prm_snorkel_finance_split-gc=act_prm-tc=pg-rbc=default-nb=31-nt=1-mc=hf_qwen3_4b_instruct-lc=r8_a16_linear-nie=1-gc=0-nf=0-lp=0_-5507cf78
act_prm_snorkel_finance_split,s1relabel,snorkel_finance_split_s1relabel_base_last,act_prm/snorkel_finance_split,rl,,4e-05,31,,4,4,r8_a16_linear,data/snorkel_finance_split,False,,best,0.15,True,final_reward,42,False,True,True,0,30,,,,,,snorkel_finance_split_s1relabel_base_last-act-prm-ia=0-rr=0-ec=act_prm_snorkel_finance_split-gc=act_prm-tc=pg-rbc=default-nb=31-nt=1-mc=hf_qwen3_4b_instruct-lc=r8_a16_linear-nie=1-gc=0-nf=0--6ad96164
act_prm_snorkel_finance_split,s1relabel,snorkel_finance_split_s1relabel_policy,act_prm/snorkel_finance_split,rl,,4e-05,31,,4,4,r8_a16_linear,data/snorkel_finance_split,False,,best,0.15,False,final_reward,42,False,True,True,0,30,,,,,,snorkel_finance_split_s1relabel_policy-act-prm-ia=0-rr=0-ec=act_prm_snorkel_finance_split-gc=act_prm-tc=pg-rbc=default-nb=31-nt=1-mc=hf_qwen3_4b_instruct-lc=r8_a16_linear-nie=1-gc=0-nf=0-lp=-ea76292c
act_prm_snorkel_finance_split,s1relabel,snorkel_finance_split_s1relabel_policy_last,act_prm/snorkel_finance_split,rl,,4e-05,31,,4,4,r8_a16_linear,data/snorkel_finance_split,False,,best,0.15,False,final_reward,42,False,True,True,0,30,,,,,,snorkel_finance_split_s1relabel_policy_last-act-prm-ia=0-rr=0-ec=act_prm_snorkel_finance_split-gc=act_prm-tc=pg-rbc=default-nb=31-nt=1-mc=hf_qwen3_4b_instruct-lc=r8_a16_linear-nie=1-gc=0-nf=-af14920d
act_prm_snorkel_finance_split,s2,snorkel_finance_split_s2_actions_only_heldout,act_prm/snorkel_finance_split,sft,,4e-05,60,,4,4,r8_a16_linear,data/snorkel_finance_split,True,,uniform,0.15,,eval_action_ppl,42,False,False,False,24,59,5,2.8426,2.8426,2.846,,snorkel_finance_split_s2_actions_only_heldout-act-prm-ia=0-rr=0-ec=act_prm_snorkel_finance_split-gc=act_prm_actions_only-tc=sft-rbc=default-nb=60-nt=0-mc=hf_qwen3_4b_instruct-lc=r8_a16_linea-515c91d1
act_prm_snorkel_finance_split,s2,snorkel_finance_split_s2_actions_only_heldout_fullctx,act_prm/snorkel_finance_split,sft,,4e-05,60,,4,4,r8_a16_linear,data/snorkel_finance_split,False,,uniform,0.15,,eval_action_ppl,42,False,False,False,24,59,25,2.4411,2.4457,2.4455,,snorkel_finance_split_s2_actions_only_heldout_fullctx-act-prm-ia=0-rr=0-ec=act_prm_snorkel_finance_split-gc=act_prm_actions_only-tc=sft-rbc=default-nb=60-nt=0-mc=hf_qwen3_4b_instruct-lc=r8_a-2d09b853
act_prm_snorkel_finance_split,s2,snorkel_finance_split_s2_actions_only_lr1e_3_adamw_nb100_heldout,act_prm/snorkel_finance_split,sft,adamw,0.001,100,,4,4,r8_a16_linear,data/snorkel_finance_split_v3,True,False,uniform,0.15,,eval_actiononly_ppl,42,False,False,False,15,80,50,1.6535,1.7603,1.6942,,snorkel_finance_split_s2_actions_only_lr1e_3_adamw_nb100_heldout-act-prm-ia=0-rr=0-ec=act_prm_snorkel_finance_split-gc=act_prm_actions_only-tc=sft-rbc=default-nb=100-nt=0-mc=hf_qwen3_4b_inst-36e2c3ab
act_prm_snorkel_finance_split,s2,snorkel_finance_split_s2_actions_only_lr1e_3_adamw_nb200_flat32_heldout,act_prm/snorkel_finance_split,sft_flat,adamw,0.001,200,32,4,4,r8_a16_linear,data/snorkel_finance_split_v3,True,False,uniform,0.15,,eval_actiononly_ppl,42,False,False,False,21,105,75,1.6554,1.8934,1.7063,34497.0,snorkel_finance_split_s2_actions_only_lr1e_3_adamw_nb200_flat32_heldout-act-prm-ia=0-rr=0-ec=act_prm_snorkel_finance_split-gc=act_prm_actions_only-tc=sft_flat-rbc=default-nb=200-nt=0-mc=hf_q-829b5468
act_prm_snorkel_finance_split,s2,snorkel_finance_split_s2_actions_only_lr1e_3_nb200_flat32sgd_heldout,act_prm/snorkel_finance_split,sft_flat,sgd,0.001,200,32,4,4,r8_a16_linear,data/snorkel_finance_split_v3,True,False,uniform,0.15,,eval_actiononly_ppl,42,False,False,False,40,199,199,2.0637,2.7774,2.0637,34497.0,snorkel_finance_split_s2_actions_only_lr1e_3_nb200_flat32sgd_heldout-act-prm-ia=0-rr=0-ec=act_prm_snorkel_finance_split-gc=act_prm_actions_only-tc=sft_flat-rbc=default-nb=200-nt=0-mc=hf_qwen-0b8bb895
act_prm_snorkel_finance_split,s2,snorkel_finance_split_s2_actions_only_lr3e_3_nb150_heldout,act_prm/snorkel_finance_split,sft,,0.003,150,,4,4,r8_a16_linear,data/snorkel_finance_split,True,,uniform,0.15,,eval_action_ppl,42,False,False,False,30,149,149,1.893,2.7729,1.893,,snorkel_finance_split_s2_actions_only_lr3e_3_nb150_heldout-act-prm-ia=0-rr=0-ec=act_prm_snorkel_finance_split-gc=act_prm_actions_only-tc=sft-rbc=default-nb=150-nt=0-mc=hf_qwen3_4b_instruct-l-71940788
act_prm_snorkel_finance_split,s2,snorkel_finance_split_s2_actions_only_v3_lr3e_3_nb150_heldout,act_prm/snorkel_finance_split,sft,,0.003,150,,4,4,r8_a16_linear,data/snorkel_finance_split_v3,True,False,uniform,0.15,,eval_action_ppl,42,False,False,False,30,149,149,1.9282,2.7191,1.9282,,snorkel_finance_split_s2_actions_only_v3_lr3e_3_nb150_heldout-act-prm-ia=0-rr=0-ec=act_prm_snorkel_finance_split-gc=act_prm_actions_only-tc=sft-rbc=default-nb=150-nt=0-mc=hf_qwen3_4b_instruc-2e63bdc4
act_prm_snorkel_finance_split,s2,snorkel_finance_split_s2_expert_thoughts_all_lr1e_3_nb200_flat32sgd_heldout,act_prm/snorkel_finance_split,sft_flat,sgd,0.001,200,32,4,4,r8_a16_linear,data/snorkel_finance_split_expert_thoughts_all_v3,True,True,uniform,0.15,,eval_actiononly_ppl,42,True,False,False,40,199,199,2.0437,2.6526,2.0437,34497.0,snorkel_finance_split_s2_expert_thoughts_all_lr1e_3_nb200_flat32sgd_heldout-act-prm-ia=0-rr=0-ec=act_prm_snorkel_finance_split-gc=act_prm_actions_only-tc=sft_flat-rbc=default-nb=200-nt=0-mc=-a285925c
act_prm_snorkel_finance_split,s2,snorkel_finance_split_s2_expert_thoughts_all_v3_lr3e_3_nb150_heldout,act_prm/snorkel_finance_split,sft,,0.003,150,,4,4,r8_a16_linear,data/snorkel_finance_split_expert_thoughts_all_v3,True,True,uniform,0.15,,eval_action_ppl,42,True,False,False,30,149,149,1.9557,2.6243,1.9557,,snorkel_finance_split_s2_expert_thoughts_all_v3_lr3e_3_nb150_heldout-act-prm-ia=0-rr=0-ec=act_prm_snorkel_finance_split-gc=act_prm_actions_only-tc=sft-rbc=default-nb=150-nt=0-mc=hf_qwen3_4b_-30f8eb22
act_prm_snorkel_finance_split,s2,snorkel_finance_split_s2_expert_thoughts_heldout,act_prm/snorkel_finance_split,sft,,4e-05,60,,4,4,r8_a16_linear,data/snorkel_finance_split_expert_thoughts,True,,uniform,0.15,,eval_action_ppl,42,True,False,False,24,59,35,2.6515,2.6537,2.6522,,snorkel_finance_split_s2_expert_thoughts_heldout-act-prm-ia=0-rr=0-ec=act_prm_snorkel_finance_split-gc=act_prm_actions_only-tc=sft-rbc=default-nb=60-nt=0-mc=hf_qwen3_4b_instruct-lc=r8_a16_li-f637d77d
act_prm_snorkel_finance_split,s2,snorkel_finance_split_s2_expert_thoughts_heldout_fullctx,act_prm/snorkel_finance_split,sft,,4e-05,60,,4,4,r8_a16_linear,data/snorkel_finance_split_expert_thoughts,False,,uniform,0.15,,eval_action_ppl,42,True,False,False,24,59,59,2.2221,2.225,2.2221,,snorkel_finance_split_s2_expert_thoughts_heldout_fullctx-act-prm-ia=0-rr=0-ec=act_prm_snorkel_finance_split-gc=act_prm_actions_only-tc=sft-rbc=default-nb=60-nt=0-mc=hf_qwen3_4b_instruct-lc=r-d632d668
act_prm_snorkel_finance_split,s2,snorkel_finance_split_s2_expert_thoughts_lr1e_3_adamw_nb100_heldout,act_prm/snorkel_finance_split,sft,adamw,0.001,100,,4,4,r8_a16_linear,data/snorkel_finance_split_expert_thoughts,True,False,uniform,0.15,,eval_actiononly_ppl,42,True,False,False,15,80,50,1.596,1.6835,1.6045,,snorkel_finance_split_s2_expert_thoughts_lr1e_3_adamw_nb100_heldout-act-prm-ia=0-rr=0-ec=act_prm_snorkel_finance_split-gc=act_prm_actions_only-tc=sft-rbc=default-nb=100-nt=0-mc=hf_qwen3_4b_i-818919e8
act_prm_snorkel_finance_split,s2,snorkel_finance_split_s2_expert_thoughts_lr1e_3_adamw_nb200_flat32_heldout,act_prm/snorkel_finance_split,sft_flat,adamw,0.001,200,32,4,4,r8_a16_linear,data/snorkel_finance_split_expert_thoughts_v3,True,False,uniform,0.15,,eval_actiononly_ppl,42,True,False,False,21,105,75,1.6337,1.8436,1.6628,34497.0,snorkel_finance_split_s2_expert_thoughts_lr1e_3_adamw_nb200_flat32_heldout-act-prm-ia=0-rr=0-ec=act_prm_snorkel_finance_split-gc=act_prm_actions_only-tc=sft_flat-rbc=default-nb=200-nt=0-mc=h-ca0dfc34
act_prm_snorkel_finance_split,s2,snorkel_finance_split_s2_expert_thoughts_lr3e_3_nb150_heldout,act_prm/snorkel_finance_split,sft,,0.003,150,,4,4,r8_a16_linear,data/snorkel_finance_split_expert_thoughts,True,,uniform,0.15,,eval_action_ppl,42,True,False,False,30,149,149,1.8589,2.6217,1.8589,,snorkel_finance_split_s2_expert_thoughts_lr3e_3_nb150_heldout-act-prm-ia=0-rr=0-ec=act_prm_snorkel_finance_split-gc=act_prm_actions_only-tc=sft-rbc=default-nb=150-nt=0-mc=hf_qwen3_4b_instruc-01dd0aea
act_prm_snorkel_finance_split,s2,snorkel_finance_split_s2_expert_thoughts_v3_lr3e_3_nb150_heldout,act_prm/snorkel_finance_split,sft,,0.003,150,,4,4,r8_a16_linear,data/snorkel_finance_split_expert_thoughts_v3,True,False,uniform,0.15,,eval_action_ppl,42,True,False,False,30,149,149,1.9031,2.6243,1.9031,,snorkel_finance_split_s2_expert_thoughts_v3_lr3e_3_nb150_heldout-act-prm-ia=0-rr=0-ec=act_prm_snorkel_finance_split-gc=act_prm_actions_only-tc=sft-rbc=default-nb=150-nt=0-mc=hf_qwen3_4b_inst-f4a32cf1
act_prm_snorkel_finance_split,s2,snorkel_finance_split_s2_thoughts_base_heldout,act_prm/snorkel_finance_split,sft,,4e-05,60,,4,4,r8_a16_linear,data/sft_corpus/snorkel_finance_split/base,True,,uniform,0.15,,eval_action_ppl,42,False,False,False,24,59,59,2.3662,2.3673,2.3662,,snorkel_finance_split_s2_thoughts_base_heldout-act-prm-ia=0-rr=0-ec=act_prm_snorkel_finance_split-gc=act_prm_actions_only-tc=sft-rbc=default-nb=60-nt=0-mc=hf_qwen3_4b_instruct-lc=r8_a16_line-aeb61467
act_prm_snorkel_finance_split,s2,snorkel_finance_split_s2_thoughts_base_heldout_fullctx,act_prm/snorkel_finance_split,sft,,4e-05,60,,4,4,r8_a16_linear,data/sft_corpus/snorkel_finance_split/base,False,,uniform,0.15,,eval_action_ppl,42,False,False,False,24,59,40,2.0637,2.0666,2.0649,,snorkel_finance_split_s2_thoughts_base_heldout_fullctx-act-prm-ia=0-rr=0-ec=act_prm_snorkel_finance_split-gc=act_prm_actions_only-tc=sft-rbc=default-nb=60-nt=0-mc=hf_qwen3_4b_instruct-lc=r8_-f8a68e46
act_prm_snorkel_finance_split,s2,snorkel_finance_split_s2_thoughts_base_last_heldout,act_prm/snorkel_finance_split,sft,,4e-05,60,,4,4,r8_a16_linear,data/sft_corpus/snorkel_finance_split/base_last,True,,uniform,0.15,,eval_action_ppl,42,False,False,False,24,59,30,2.335,2.3354,2.3361,,snorkel_finance_split_s2_thoughts_base_last_heldout-act-prm-ia=0-rr=0-ec=act_prm_snorkel_finance_split-gc=act_prm_actions_only-tc=sft-rbc=default-nb=60-nt=0-mc=hf_qwen3_4b_instruct-lc=r8_a16-1bb0cba7
act_prm_snorkel_finance_split,s2,snorkel_finance_split_s2_thoughts_base_last_heldout_fullctx,act_prm/snorkel_finance_split,sft,,4e-05,60,,4,4,r8_a16_linear,data/sft_corpus/snorkel_finance_split/base_last,False,,uniform,0.15,,eval_action_ppl,42,False,False,False,24,59,45,2.0425,2.044,2.0432,,snorkel_finance_split_s2_thoughts_base_last_heldout_fullctx-act-prm-ia=0-rr=0-ec=act_prm_snorkel_finance_split-gc=act_prm_actions_only-tc=sft-rbc=default-nb=60-nt=0-mc=hf_qwen3_4b_instruct-l-5a56e266
act_prm_snorkel_finance_split,s2,snorkel_finance_split_s2_thoughts_base_lr3e_3_nb150_heldout,act_prm/snorkel_finance_split,sft,,0.003,150,,4,4,r8_a16_linear,data/sft_corpus/snorkel_finance_split/base,True,,uniform,0.15,,eval_action_ppl,42,False,False,False,30,149,149,1.8167,2.3483,1.8167,,snorkel_finance_split_s2_thoughts_base_lr3e_3_nb150_heldout-act-prm-ia=0-rr=0-ec=act_prm_snorkel_finance_split-gc=act_prm_actions_only-tc=sft-rbc=default-nb=150-nt=0-mc=hf_qwen3_4b_instruct--17f2cd72
act_prm_snorkel_finance_split,s2,snorkel_finance_split_s2_thoughts_base_v3_lr3e_3_nb150_heldout,act_prm/snorkel_finance_split,sft,,0.003,150,,4,4,r8_a16_linear,data/sft_corpus/snorkel_finance_split/base_v3,True,False,uniform,0.15,,eval_action_ppl,42,False,False,False,30,149,149,1.7954,2.2606,1.7954,,snorkel_finance_split_s2_thoughts_base_v3_lr3e_3_nb150_heldout-act-prm-ia=0-rr=0-ec=act_prm_snorkel_finance_split-gc=act_prm_actions_only-tc=sft-rbc=default-nb=150-nt=0-mc=hf_qwen3_4b_instru-25bad5ba
act_prm_snorkel_finance_split,s2,snorkel_finance_split_s2_thoughts_policy_adamw30_lr1e_3_adamw_nb100_heldout,act_prm/snorkel_finance_split,sft,adamw,0.001,100,,4,4,r8_a16_linear,data/sft_corpus/snorkel_finance_split/policy_adamw30,True,False,uniform,0.15,,eval_actiononly_ppl,42,False,False,False,15,80,50,1.6293,1.7302,1.6604,,snorkel_finance_split_s2_thoughts_policy_adamw30_lr1e_3_adamw_nb100_heldout-act-prm-ia=0-rr=0-ec=act_prm_snorkel_finance_split-gc=act_prm_actions_only-tc=sft-rbc=default-nb=100-nt=0-mc=hf_qw-b9ed805a
act_prm_snorkel_finance_split,s2,snorkel_finance_split_s2_thoughts_policy_adamw30_lr1e_3_adamw_nb200_flat32_heldout,act_prm/snorkel_finance_split,sft_flat,adamw,0.001,200,32,4,4,r8_a16_linear,data/sft_corpus/snorkel_finance_split/policy_adamw30,True,False,uniform,0.15,,eval_actiononly_ppl,42,False,False,False,23,115,85,1.634,1.9037,1.6815,34497.0,snorkel_finance_split_s2_thoughts_policy_adamw30_lr1e_3_adamw_nb200_flat32_heldout-act-prm-ia=0-rr=0-ec=act_prm_snorkel_finance_split-gc=act_prm_actions_only-tc=sft_flat-rbc=default-nb=200-n-991aaae9
act_prm_snorkel_finance_split,s2,snorkel_finance_split_s2_thoughts_policy_adamw30_lr1e_3_nb200_flat32sgd_heldout,act_prm/snorkel_finance_split,sft_flat,sgd,0.001,200,32,4,4,r8_a16_linear,data/sft_corpus/snorkel_finance_split/policy_adamw30,True,False,uniform,0.15,,eval_actiononly_ppl,42,False,False,False,40,199,199,2.08,2.526,2.08,34497.0,snorkel_finance_split_s2_thoughts_policy_adamw30_lr1e_3_nb200_flat32sgd_heldout-act-prm-ia=0-rr=0-ec=act_prm_snorkel_finance_split-gc=act_prm_actions_only-tc=sft_flat-rbc=default-nb=200-nt=0-4f9d7ed0
act_prm_snorkel_finance_split,s2,snorkel_finance_split_s2_thoughts_policy_heldout,act_prm/snorkel_finance_split,sft,,4e-05,60,,4,4,r8_a16_linear,data/sft_corpus/snorkel_finance_split/policy,True,,uniform,0.15,,eval_action_ppl,42,False,False,False,24,59,55,2.3069,2.3078,2.3077,,snorkel_finance_split_s2_thoughts_policy_heldout-act-prm-ia=0-rr=0-ec=act_prm_snorkel_finance_split-gc=act_prm_actions_only-tc=sft-rbc=default-nb=60-nt=0-mc=hf_qwen3_4b_instruct-lc=r8_a16_li-76b816fc
act_prm_snorkel_finance_split,s2,snorkel_finance_split_s2_thoughts_policy_heldout_fullctx,act_prm/snorkel_finance_split,sft,,4e-05,60,,4,4,r8_a16_linear,data/sft_corpus/snorkel_finance_split/policy,False,,uniform,0.15,,eval_action_ppl,42,False,False,False,24,59,50,2.0398,2.0421,2.0416,,snorkel_finance_split_s2_thoughts_policy_heldout_fullctx-act-prm-ia=0-rr=0-ec=act_prm_snorkel_finance_split-gc=act_prm_actions_only-tc=sft-rbc=default-nb=60-nt=0-mc=hf_qwen3_4b_instruct-lc=r-917e498b
act_prm_snorkel_finance_split,s2,snorkel_finance_split_s2_thoughts_policy_last_heldout,act_prm/snorkel_finance_split,sft,,4e-05,60,,4,4,r8_a16_linear,data/sft_corpus/snorkel_finance_split/policy_last,True,,uniform,0.15,,eval_action_ppl,42,False,False,False,24,59,55,2.3421,2.3435,2.3433,,snorkel_finance_split_s2_thoughts_policy_last_heldout-act-prm-ia=0-rr=0-ec=act_prm_snorkel_finance_split-gc=act_prm_actions_only-tc=sft-rbc=default-nb=60-nt=0-mc=hf_qwen3_4b_instruct-lc=r8_a-cfcdea1b
act_prm_snorkel_finance_split,s2,snorkel_finance_split_s2_thoughts_policy_last_heldout_fullctx,act_prm/snorkel_finance_split,sft,,4e-05,60,,4,4,r8_a16_linear,data/sft_corpus/snorkel_finance_split/policy_last,False,,uniform,0.15,,eval_action_ppl,42,False,False,False,24,59,35,2.0634,2.0649,2.0645,,snorkel_finance_split_s2_thoughts_policy_last_heldout_fullctx-act-prm-ia=0-rr=0-ec=act_prm_snorkel_finance_split-gc=act_prm_actions_only-tc=sft-rbc=default-nb=60-nt=0-mc=hf_qwen3_4b_instruct-ac4a858f
act_prm_snorkel_finance_split,s2,snorkel_finance_split_s2_thoughts_policy_lr3e_3_nb150_heldout,act_prm/snorkel_finance_split,sft,,0.003,150,,4,4,r8_a16_linear,data/sft_corpus/snorkel_finance_split/policy,True,,uniform,0.15,,eval_action_ppl,42,False,False,False,30,149,149,1.7969,2.2881,1.7969,,snorkel_finance_split_s2_thoughts_policy_lr3e_3_nb150_heldout-act-prm-ia=0-rr=0-ec=act_prm_snorkel_finance_split-gc=act_prm_actions_only-tc=sft-rbc=default-nb=150-nt=0-mc=hf_qwen3_4b_instruc-b2430617
act_prm_snorkel_finance_split,s2,snorkel_finance_split_s2_thoughts_policy_v3_lr3e_3_nb150_heldout,act_prm/snorkel_finance_split,sft,,0.003,150,,4,4,r8_a16_linear,data/sft_corpus/snorkel_finance_split/policy_v3,True,False,uniform,0.15,,eval_action_ppl,42,False,False,False,30,149,149,1.7919,2.2541,1.7919,,snorkel_finance_split_s2_thoughts_policy_v3_lr3e_3_nb150_heldout-act-prm-ia=0-rr=0-ec=act_prm_snorkel_finance_split-gc=act_prm_actions_only-tc=sft-rbc=default-nb=150-nt=0-mc=hf_qwen3_4b_inst-5d9b9c7f
act_prm_snorkel_insurance,s1em,insurance_s1em_base,act_prm/snorkel_insurance,rl,,4e-05,25,,4,4,r8_a16_linear,data/snorkel_insurance_split,False,,em,0.15,True,final_reward,42,False,True,False,0,24,,,,,,insurance_s1em_base-act-prm-ia=0-rr=0-ec=act_prm_snorkel_insurance-gc=act_prm-tc=pg-rbc=default-nb=25-nt=0-mc=hf_qwen3_4b_instruct-lc=r8_a16_linear-nie=1-gc=1-nf=0-lp=0_15-swb=1-sg=1-gs=4-bs-78563b52
act_prm_snorkel_insurance,s1em,insurance_s1em_base_adamw30,act_prm/snorkel_insurance,rl,adamw,4e-05,30,,4,4,r32_a32_linear,data/snorkel_insurance_split,False,,action_probs,0.0,True,final_reward,42,False,True,False,0,29,,,,,,insurance_s1em_base_adamw30-act-prm-ia=0-rr=0-ec=act_prm_snorkel_insurance-gc=act_prm-tc=pg-rbc=default-nb=30-nt=0-mc=hf_qwen3_4b_instruct-lc=r32_a32_linear-nie=1-gc=1-nf=0-lp=0_0-am=action_-e55770a1
act_prm_snorkel_insurance,s1em,insurance_s1em_policy,act_prm/snorkel_insurance,rl,,4e-05,25,,4,4,r8_a16_linear,data/snorkel_insurance_split,False,,em,0.15,False,final_reward,42,False,True,False,0,24,,,,,,insurance_s1em_policy-act-prm-ia=0-rr=0-ec=act_prm_snorkel_insurance-gc=act_prm-tc=pg-rbc=default-nb=25-nt=0-mc=hf_qwen3_4b_instruct-lc=r8_a16_linear-nie=1-gc=1-nf=0-lp=0_15-swb=0-sg=1-gs=4--6f93f447
act_prm_snorkel_insurance,s1em,insurance_s1em_policy_adamw30,act_prm/snorkel_insurance,rl,adamw,4e-05,30,,4,4,r32_a32_linear,data/snorkel_insurance_split,False,,action_probs,0.0,False,final_reward,42,False,True,False,0,29,,,,,,insurance_s1em_policy_adamw30-act-prm-ia=0-rr=0-ec=act_prm_snorkel_insurance-gc=act_prm-tc=pg-rbc=default-nb=30-nt=0-mc=hf_qwen3_4b_instruct-lc=r32_a32_linear-nie=1-gc=1-nf=0-lp=0_0-am=actio-c50ff707
act_prm_snorkel_insurance,s1relabel,insurance_s1relabel_base_adamw30,act_prm/snorkel_insurance,rl,sgd,4e-05,45,,4,4,r32_a32_linear,data/snorkel_insurance_split,False,,best,0.0,True,final_reward,42,False,True,True,0,44,,,,,,insurance_s1relabel_base_adamw30-act-prm-ia=0-rr=0-ec=act_prm_snorkel_insurance-gc=act_prm-tc=pg-rbc=default-nb=45-nt=1-mc=hf_qwen3_4b_instruct-lc=r32_a32_linear-nie=1-gc=0-nf=0-lp=0_0-am=be-b34a9126
act_prm_snorkel_insurance,s1relabel,insurance_s1relabel_policy,act_prm/snorkel_insurance,rl,,4e-05,45,,4,4,r8_a16_linear,data/snorkel_insurance_split,False,,best,0.15,False,final_reward,42,False,True,True,0,44,,,,,,insurance_s1relabel_policy-act-prm-ia=0-rr=0-ec=act_prm_snorkel_insurance-gc=act_prm-tc=pg-rbc=default-nb=45-nt=1-mc=hf_qwen3_4b_instruct-lc=r8_a16_linear-nie=1-gc=0-nf=0-lp=0_15-am=best-swb-1e71b1d2
act_prm_snorkel_insurance,s1relabel,insurance_s1relabel_policy_adamw30,act_prm/snorkel_insurance,rl,sgd,4e-05,45,,4,4,r32_a32_linear,data/snorkel_insurance_split,False,,best,0.0,False,final_reward,42,False,True,True,0,44,,,,,,insurance_s1relabel_policy_adamw30-act-prm-ia=0-rr=0-ec=act_prm_snorkel_insurance-gc=act_prm-tc=pg-rbc=default-nb=45-nt=1-mc=hf_qwen3_4b_instruct-lc=r32_a32_linear-nie=1-gc=0-nf=0-lp=0_0-am=-5245b66c
act_prm_snorkel_insurance,s1relabel,insurance_s1relabel_policy_g8,act_prm/snorkel_insurance,rl,sgd,4e-05,45,,4,8,r32_a32_linear,data/snorkel_insurance_split,False,,best,0.0,False,final_reward,42,False,True,True,0,44,,,,,,insurance_s1relabel_policy_g8-act-prm-ia=0-rr=0-ec=act_prm_snorkel_insurance-gc=act_prm-tc=pg-rbc=default-nb=45-nt=1-mc=hf_qwen3_4b_instruct-lc=r32_a32_linear-nie=1-gc=0-nf=0-lp=0_0-am=best--cba52736
act_prm_snorkel_insurance,s2,snorkel_insurance_s2_actions_only_lr1e_3_adamw_nb100_heldout,act_prm/snorkel_insurance,sft,adamw,0.001,100,,4,4,r8_a16_linear,data/snorkel_insurance_split,True,False,uniform,0.15,,eval_actiononly_ppl,42,False,False,False,20,99,90,1.718,2.2956,1.7446,,snorkel_insurance_s2_actions_only_lr1e_3_adamw_nb100_heldout-act-prm-ia=0-rr=0-ec=act_prm_snorkel_insurance-gc=act_prm_actions_only-tc=sft-rbc=default-nb=100-nt=0-mc=hf_qwen3_4b_instruct-lc=-e0393762
act_prm_snorkel_insurance,s2,snorkel_insurance_s2_actions_only_lr1e_3_adamw_nb200_flat32_heldout,act_prm/snorkel_insurance,sft_flat,adamw,0.001,200,32,4,4,r8_a16_linear,data/snorkel_insurance_split,True,False,uniform,0.15,,eval_actiononly_ppl,42,False,False,False,30,150,120,1.7598,2.6318,1.7966,35663.0,snorkel_insurance_s2_actions_only_lr1e_3_adamw_nb200_flat32_heldout-act-prm-ia=0-rr=0-ec=act_prm_snorkel_insurance-gc=act_prm_actions_only-tc=sft_flat-rbc=default-nb=200-nt=0-mc=hf_qwen3_4b_-a2c32106
act_prm_snorkel_insurance,s2,snorkel_insurance_s2_actions_only_lr1e_3_nb200_flat32sgd_heldout,act_prm/snorkel_insurance,sft_flat,sgd,0.001,200,32,4,4,r8_a16_linear,data/snorkel_insurance_split,True,False,uniform,0.15,,eval_actiononly_ppl,42,False,False,False,40,199,199,2.8049,5.3754,2.8049,35663.0,snorkel_insurance_s2_actions_only_lr1e_3_nb200_flat32sgd_heldout-act-prm-ia=0-rr=0-ec=act_prm_snorkel_insurance-gc=act_prm_actions_only-tc=sft_flat-rbc=default-nb=200-nt=0-mc=hf_qwen3_4b_ins-843a326f
act_prm_snorkel_insurance,s2,snorkel_insurance_s2_expert_thoughts_all_lr1e_3_nb200_flat32sgd_heldout,act_prm/snorkel_insurance,sft_flat,sgd,0.001,200,32,4,4,r8_a16_linear,data/snorkel_insurance_expert_thoughts,True,True,uniform,0.15,,eval_actiononly_ppl,42,True,False,False,40,199,199,2.5542,3.5342,2.5542,35663.0,snorkel_insurance_s2_expert_thoughts_all_lr1e_3_nb200_flat32sgd_heldout-act-prm-ia=0-rr=0-ec=act_prm_snorkel_insurance-gc=act_prm_actions_only-tc=sft_flat-rbc=default-nb=200-nt=0-mc=hf_qwen3-b51583f4
act_prm_snorkel_insurance,s2,snorkel_insurance_s2_expert_thoughts_lr1e_3_adamw_nb100_heldout,act_prm/snorkel_insurance,sft,adamw,0.001,100,,4,4,r8_a16_linear,data/snorkel_insurance_expert_thoughts,True,False,uniform,0.15,,eval_actiononly_ppl,42,True,False,False,20,99,90,1.6783,2.1292,1.6817,,snorkel_insurance_s2_expert_thoughts_lr1e_3_adamw_nb100_heldout-act-prm-ia=0-rr=0-ec=act_prm_snorkel_insurance-gc=act_prm_actions_only-tc=sft-rbc=default-nb=100-nt=0-mc=hf_qwen3_4b_instruct--95d9d89d
act_prm_snorkel_insurance,s2,snorkel_insurance_s2_expert_thoughts_lr1e_3_adamw_nb200_flat32_heldout,act_prm/snorkel_insurance,sft_flat,adamw,0.001,200,32,4,4,r8_a16_linear,data/snorkel_insurance_expert_thoughts,True,False,uniform,0.15,,eval_actiononly_ppl,42,True,False,False,34,170,140,1.6695,2.2933,1.6729,35663.0,snorkel_insurance_s2_expert_thoughts_lr1e_3_adamw_nb200_flat32_heldout-act-prm-ia=0-rr=0-ec=act_prm_snorkel_insurance-gc=act_prm_actions_only-tc=sft_flat-rbc=default-nb=200-nt=0-mc=hf_qwen3_-dfc7bb11
act_prm_snorkel_insurance,s2,snorkel_insurance_s2_thoughts_base_adamw30_lr1e_3_nb200_flat32sgd_heldout,act_prm/snorkel_insurance,sft_flat,sgd,0.001,200,32,4,4,r8_a16_linear,data/sft_corpus/snorkel_insurance/base_adamw30,True,False,uniform,0.15,,eval_actiononly_ppl,42,False,False,False,40,199,199,2.9982,4.7776,2.9982,35663.0,snorkel_insurance_s2_thoughts_base_adamw30_lr1e_3_nb200_flat32sgd_heldout-act-prm-ia=0-rr=0-ec=act_prm_snorkel_insurance-gc=act_prm_actions_only-tc=sft_flat-rbc=default-nb=200-nt=0-mc=hf_qwe-9377ae95
act_prm_snorkel_insurance,s2,snorkel_insurance_s2_thoughts_policy_adamw30_lr1e_3_adamw_nb100_heldout,act_prm/snorkel_insurance,sft,adamw,0.001,100,,4,4,r8_a16_linear,data/sft_corpus/snorkel_insurance/policy_adamw30,True,False,uniform,0.15,,eval_actiononly_ppl,42,False,False,False,20,99,90,1.7371,2.412,1.7558,,snorkel_insurance_s2_thoughts_policy_adamw30_lr1e_3_adamw_nb100_heldout-act-prm-ia=0-rr=0-ec=act_prm_snorkel_insurance-gc=act_prm_actions_only-tc=sft-rbc=default-nb=100-nt=0-mc=hf_qwen3_4b_i-01474eac
act_prm_snorkel_insurance,s2,snorkel_insurance_s2_thoughts_policy_adamw30_lr1e_3_adamw_nb200_flat32_heldout,act_prm/snorkel_insurance,sft_flat,adamw,0.001,200,32,4,4,r8_a16_linear,data/sft_corpus/snorkel_insurance/policy_adamw30,True,False,uniform,0.15,,eval_actiononly_ppl,42,False,False,False,34,170,140,1.7272,2.6654,1.737,35663.0,snorkel_insurance_s2_thoughts_policy_adamw30_lr1e_3_adamw_nb200_flat32_heldout-act-prm-ia=0-rr=0-ec=act_prm_snorkel_insurance-gc=act_prm_actions_only-tc=sft_flat-rbc=default-nb=200-nt=0-mc=h-1f9e1a99
act_prm_snorkel_insurance,s2,snorkel_insurance_s2_thoughts_policy_adamw30_lr1e_3_nb200_flat32sgd_heldout,act_prm/snorkel_insurance,sft_flat,sgd,0.001,200,32,4,4,r8_a16_linear,data/sft_corpus/snorkel_insurance/policy_adamw30,True,False,uniform,0.15,,eval_actiononly_ppl,42,False,False,False,40,199,199,2.9952,4.6953,2.9952,35663.0,snorkel_insurance_s2_thoughts_policy_adamw30_lr1e_3_nb200_flat32sgd_heldout-act-prm-ia=0-rr=0-ec=act_prm_snorkel_insurance-gc=act_prm_actions_only-tc=sft_flat-rbc=default-nb=200-nt=0-mc=hf_q-3c2d38a8
act_prm_snorkel_insurance,s2,snorkel_insurance_s2_thoughts_policy_g8top1_lr1e_3_nb200_flat32sgd_heldout,act_prm/snorkel_insurance,sft_flat,sgd,0.001,200,32,4,4,r8_a16_linear,data/sft_corpus/snorkel_insurance/policy_g8_top1,True,False,uniform,0.15,,eval_actiononly_ppl,42,False,False,False,40,199,199,3.017,4.7484,3.017,35663.0,snorkel_insurance_s2_thoughts_policy_g8top1_lr1e_3_nb200_flat32sgd_heldout-act-prm-ia=0-rr=0-ec=act_prm_snorkel_insurance-gc=act_prm_actions_only-tc=sft_flat-rbc=default-nb=200-nt=0-mc=hf_qw-da7e89c8
act_prm_snorkel_insurance,s2,snorkel_insurance_s2_thoughts_policy_g8top2_lr1e_3_nb200_flat32sgd_heldout,act_prm/snorkel_insurance,sft_flat,sgd,0.001,200,32,4,4,r8_a16_linear,data/sft_corpus/snorkel_insurance/policy_g8_top2,True,False,uniform,0.15,,eval_actiononly_ppl,42,False,False,False,40,199,199,3.012,4.7546,3.012,71326.0,snorkel_insurance_s2_thoughts_policy_g8top2_lr1e_3_nb200_flat32sgd_heldout-act-prm-ia=0-rr=0-ec=act_prm_snorkel_insurance-gc=act_prm_actions_only-tc=sft_flat-rbc=default-nb=200-nt=0-mc=hf_qw-b851383d
act_prm_snorkel_insurance,s2,snorkel_insurance_s2_thoughts_policy_g8top4_lr1e_3_nb200_flat32sgd_heldout,act_prm/snorkel_insurance,sft_flat,sgd,0.001,200,32,4,4,r8_a16_linear,data/sft_corpus/snorkel_insurance/policy_g8_top4,True,False,uniform,0.15,,eval_actiononly_ppl,42,False,False,False,40,199,199,3.0115,4.7524,3.0115,142652.0,snorkel_insurance_s2_thoughts_policy_g8top4_lr1e_3_nb200_flat32sgd_heldout-act-prm-ia=0-rr=0-ec=act_prm_snorkel_insurance-gc=act_prm_actions_only-tc=sft_flat-rbc=default-nb=200-nt=0-mc=hf_qw-0bd95b65
act_prm_snorkel_insurance,s2,snorkel_insurance_s2_thoughts_policy_g8top8_lr1e_3_nb200_flat32sgd_heldout,act_prm/snorkel_insurance,sft_flat,sgd,0.001,200,32,4,4,r8_a16_linear,data/sft_corpus/snorkel_insurance/policy_g8_top8,True,False,uniform,0.15,,eval_actiononly_ppl,42,False,False,False,40,199,199,3.0095,4.7449,3.0095,285304.0,snorkel_insurance_s2_thoughts_policy_g8top8_lr1e_3_nb200_flat32sgd_heldout-act-prm-ia=0-rr=0-ec=act_prm_snorkel_insurance-gc=act_prm_actions_only-tc=sft_flat-rbc=default-nb=200-nt=0-mc=hf_qw-66e32f31
act_prm_snorkel_insurance_gym,rollout,insurance_rollout_BASE,act_prm/snorkel_insurance_gym,rl,sgd,4e-05,1,,1,2,r8_a16_linear,,True,,,,,final_reward,42,,,True,0,0,,,,,,insurance_rollout_BASE-act-prm-ia=0-rr=0-ec=act_prm_snorkel_insurance_gym-gc=hf_grpo-tc=pg-rbc=default-nb=1-nt=1-mc=hf_qwen3_4b_instruct-lc=r8_a16_linear-gc=0-nf=0-ho=1-mt=2048-gs=2-bs=1-s=42-r=0-vr=0
act_prm_snorkel_insurance_gym,rollout,insurance_rollout_actions_only_seed1234_step_0020,act_prm/snorkel_insurance_gym,rl,sgd,4e-05,1,,1,2,r8_a16_linear,,True,,,,,final_reward,1234,,,True,0,0,,,,,,insurance_rollout_actions_only_seed1234_step_0020-act-prm-ia=0-rr=0-ec=act_prm_snorkel_insurance_gym-gc=hf_grpo-tc=pg-rbc=default-nb=1-nt=1-mc=hf_qwen3_4b_instruct-lc=r8_a16_linear-gc=0-nf=0-4b82d747
act_prm_snorkel_insurance_gym,rollout,insurance_rollout_actions_only_seed555_step_0020,act_prm/snorkel_insurance_gym,rl,sgd,4e-05,1,,1,2,r8_a16_linear,,True,,,,,final_reward,555,,,True,0,0,,,,,,insurance_rollout_actions_only_seed555_step_0020-act-prm-ia=0-rr=0-ec=act_prm_snorkel_insurance_gym-gc=hf_grpo-tc=pg-rbc=default-nb=1-nt=1-mc=hf_qwen3_4b_instruct-lc=r8_a16_linear-gc=0-nf=0--8f79b49f
act_prm_snorkel_insurance_gym,rollout,insurance_rollout_actions_only_seed777_step_0020,act_prm/snorkel_insurance_gym,rl,sgd,4e-05,1,,1,2,r8_a16_linear,,True,,,,,final_reward,777,,,True,0,0,,,,,,insurance_rollout_actions_only_seed777_step_0020-act-prm-ia=0-rr=0-ec=act_prm_snorkel_insurance_gym-gc=hf_grpo-tc=pg-rbc=default-nb=1-nt=1-mc=hf_qwen3_4b_instruct-lc=r8_a16_linear-gc=0-nf=0--bb3e9ea4
act_prm_snorkel_insurance_gym,rollout,insurance_rollout_actions_only_seed999_step_0020,act_prm/snorkel_insurance_gym,rl,sgd,4e-05,1,,1,2,r8_a16_linear,,True,,,,,final_reward,999,,,True,0,0,,,,,,insurance_rollout_actions_only_seed999_step_0020-act-prm-ia=0-rr=0-ec=act_prm_snorkel_insurance_gym-gc=hf_grpo-tc=pg-rbc=default-nb=1-nt=1-mc=hf_qwen3_4b_instruct-lc=r8_a16_linear-gc=0-nf=0--671202f7
act_prm_snorkel_insurance_gym,rollout,insurance_rollout_actions_only_sgdlr1e_3_rep2_step_0020,act_prm/snorkel_insurance_gym,rl,sgd,4e-05,1,,1,2,r8_a16_linear,,True,,,,,final_reward,42,,,True,0,0,,,,,,insurance_rollout_actions_only_sgdlr1e_3_rep2_step_0020-act-prm-ia=0-rr=0-ec=act_prm_snorkel_insurance_gym-gc=hf_grpo-tc=pg-rbc=default-nb=1-nt=1-mc=hf_qwen3_4b_instruct-lc=r8_a16_linear-gc=-cb993b0a
act_prm_snorkel_insurance_gym,rollout,insurance_rollout_actions_only_sgdlr1e_3_rep2_step_best,act_prm/snorkel_insurance_gym,rl,sgd,4e-05,1,,1,2,r8_a16_linear,,True,,,,,final_reward,42,,,True,0,0,,,,,,insurance_rollout_actions_only_sgdlr1e_3_rep2_step_best-act-prm-ia=0-rr=0-ec=act_prm_snorkel_insurance_gym-gc=hf_grpo-tc=pg-rbc=default-nb=1-nt=1-mc=hf_qwen3_4b_instruct-lc=r8_a16_linear-gc=-f9e54f95
act_prm_snorkel_insurance_gym,rollout,insurance_rollout_actions_only_sgdlr1e_3_step_0020,act_prm/snorkel_insurance_gym,rl,sgd,4e-05,1,,1,2,r8_a16_linear,,True,,,,,final_reward,42,,,True,0,0,,,,,,insurance_rollout_actions_only_sgdlr1e_3_step_0020-act-prm-ia=0-rr=0-ec=act_prm_snorkel_insurance_gym-gc=hf_grpo-tc=pg-rbc=default-nb=1-nt=1-mc=hf_qwen3_4b_instruct-lc=r8_a16_linear-gc=0-nf=-8084cbf1
act_prm_snorkel_insurance_gym,rollout,insurance_rollout_actions_only_sgdlr1e_3_step_best,act_prm/snorkel_insurance_gym,rl,sgd,4e-05,1,,1,2,r8_a16_linear,,True,,,,,final_reward,42,,,True,0,0,,,,,,insurance_rollout_actions_only_sgdlr1e_3_step_best-act-prm-ia=0-rr=0-ec=act_prm_snorkel_insurance_gym-gc=hf_grpo-tc=pg-rbc=default-nb=1-nt=1-mc=hf_qwen3_4b_instruct-lc=r8_a16_linear-gc=0-nf=-d866dbfc
act_prm_snorkel_insurance_gym,rollout,insurance_rollout_expert_thoughts_all_seed1234_step_0020,act_prm/snorkel_insurance_gym,rl,sgd,4e-05,1,,1,2,r8_a16_linear,,True,,,,,final_reward,1234,,,True,0,0,,,,,,insurance_rollout_expert_thoughts_all_seed1234_step_0020-act-prm-ia=0-rr=0-ec=act_prm_snorkel_insurance_gym-gc=hf_grpo-tc=pg-rbc=default-nb=1-nt=1-mc=hf_qwen3_4b_instruct-lc=r8_a16_linear-gc-32b0331e
act_prm_snorkel_insurance_gym,rollout,insurance_rollout_expert_thoughts_all_seed555_step_0020,act_prm/snorkel_insurance_gym,rl,sgd,4e-05,1,,1,2,r8_a16_linear,,True,,,,,final_reward,555,,,True,0,0,,,,,,insurance_rollout_expert_thoughts_all_seed555_step_0020-act-prm-ia=0-rr=0-ec=act_prm_snorkel_insurance_gym-gc=hf_grpo-tc=pg-rbc=default-nb=1-nt=1-mc=hf_qwen3_4b_instruct-lc=r8_a16_linear-gc=-acd327f7
act_prm_snorkel_insurance_gym,rollout,insurance_rollout_expert_thoughts_all_seed777_step_0020,act_prm/snorkel_insurance_gym,rl,sgd,4e-05,1,,1,2,r8_a16_linear,,True,,,,,final_reward,777,,,True,0,0,,,,,,insurance_rollout_expert_thoughts_all_seed777_step_0020-act-prm-ia=0-rr=0-ec=act_prm_snorkel_insurance_gym-gc=hf_grpo-tc=pg-rbc=default-nb=1-nt=1-mc=hf_qwen3_4b_instruct-lc=r8_a16_linear-gc=-3caae944
act_prm_snorkel_insurance_gym,rollout,insurance_rollout_expert_thoughts_all_seed999_step_0020,act_prm/snorkel_insurance_gym,rl,sgd,4e-05,1,,1,2,r8_a16_linear,,True,,,,,final_reward,999,,,True,0,0,,,,,,insurance_rollout_expert_thoughts_all_seed999_step_0020-act-prm-ia=0-rr=0-ec=act_prm_snorkel_insurance_gym-gc=hf_grpo-tc=pg-rbc=default-nb=1-nt=1-mc=hf_qwen3_4b_instruct-lc=r8_a16_linear-gc=-5343603d
act_prm_snorkel_insurance_gym,rollout,insurance_rollout_expert_thoughts_all_sgdlr1e_3_step_0020,act_prm/snorkel_insurance_gym,rl,sgd,4e-05,1,,1,2,r8_a16_linear,,True,,,,,final_reward,42,,,True,0,0,,,,,,insurance_rollout_expert_thoughts_all_sgdlr1e_3_step_0020-act-prm-ia=0-rr=0-ec=act_prm_snorkel_insurance_gym-gc=hf_grpo-tc=pg-rbc=default-nb=1-nt=1-mc=hf_qwen3_4b_instruct-lc=r8_a16_linear-g-bb3ed93d
act_prm_snorkel_insurance_gym,rollout,insurance_rollout_expert_thoughts_all_sgdlr1e_3_step_best,act_prm/snorkel_insurance_gym,rl,sgd,4e-05,1,,1,2,r8_a16_linear,,True,,,,,final_reward,42,,,True,0,0,,,,,,insurance_rollout_expert_thoughts_all_sgdlr1e_3_step_best-act-prm-ia=0-rr=0-ec=act_prm_snorkel_insurance_gym-gc=hf_grpo-tc=pg-rbc=default-nb=1-nt=1-mc=hf_qwen3_4b_instruct-lc=r8_a16_linear-g-6783a944
act_prm_snorkel_insurance_gym,rollout,insurance_rollout_thoughts_base_adamw30_seed1234_step_0020,act_prm/snorkel_insurance_gym,rl,sgd,4e-05,1,,1,2,r8_a16_linear,,True,,,,,final_reward,1234,,,True,0,0,,,,,,insurance_rollout_thoughts_base_adamw30_seed1234_step_0020-act-prm-ia=0-rr=0-ec=act_prm_snorkel_insurance_gym-gc=hf_grpo-tc=pg-rbc=default-nb=1-nt=1-mc=hf_qwen3_4b_instruct-lc=r8_a16_linear--49a62f8e
act_prm_snorkel_insurance_gym,rollout,insurance_rollout_thoughts_base_adamw30_seed555_step_0020,act_prm/snorkel_insurance_gym,rl,sgd,4e-05,1,,1,2,r8_a16_linear,,True,,,,,final_reward,555,,,True,0,0,,,,,,insurance_rollout_thoughts_base_adamw30_seed555_step_0020-act-prm-ia=0-rr=0-ec=act_prm_snorkel_insurance_gym-gc=hf_grpo-tc=pg-rbc=default-nb=1-nt=1-mc=hf_qwen3_4b_instruct-lc=r8_a16_linear-g-4a000b6d
act_prm_snorkel_insurance_gym,rollout,insurance_rollout_thoughts_base_adamw30_seed777_step_0020,act_prm/snorkel_insurance_gym,rl,sgd,4e-05,1,,1,2,r8_a16_linear,,True,,,,,final_reward,777,,,True,0,0,,,,,,insurance_rollout_thoughts_base_adamw30_seed777_step_0020-act-prm-ia=0-rr=0-ec=act_prm_snorkel_insurance_gym-gc=hf_grpo-tc=pg-rbc=default-nb=1-nt=1-mc=hf_qwen3_4b_instruct-lc=r8_a16_linear-g-f8112ed3
act_prm_snorkel_insurance_gym,rollout,insurance_rollout_thoughts_base_adamw30_seed999_step_0020,act_prm/snorkel_insurance_gym,rl,sgd,4e-05,1,,1,2,r8_a16_linear,,True,,,,,final_reward,999,,,True,0,0,,,,,,insurance_rollout_thoughts_base_adamw30_seed999_step_0020-act-prm-ia=0-rr=0-ec=act_prm_snorkel_insurance_gym-gc=hf_grpo-tc=pg-rbc=default-nb=1-nt=1-mc=hf_qwen3_4b_instruct-lc=r8_a16_linear-g-aa9beb41
act_prm_snorkel_insurance_gym,rollout,insurance_rollout_thoughts_base_adamw30_sgdlr1e_3_step_0020,act_prm/snorkel_insurance_gym,rl,sgd,4e-05,1,,1,2,r8_a16_linear,,True,,,,,final_reward,42,,,True,0,0,,,,,,insurance_rollout_thoughts_base_adamw30_sgdlr1e_3_step_0020-act-prm-ia=0-rr=0-ec=act_prm_snorkel_insurance_gym-gc=hf_grpo-tc=pg-rbc=default-nb=1-nt=1-mc=hf_qwen3_4b_instruct-lc=r8_a16_linear-ba9cfddf
act_prm_snorkel_insurance_gym,rollout,insurance_rollout_thoughts_base_adamw30_sgdlr1e_3_step_best,act_prm/snorkel_insurance_gym,rl,sgd,4e-05,1,,1,2,r8_a16_linear,,True,,,,,final_reward,42,,,True,0,0,,,,,,insurance_rollout_thoughts_base_adamw30_sgdlr1e_3_step_best-act-prm-ia=0-rr=0-ec=act_prm_snorkel_insurance_gym-gc=hf_grpo-tc=pg-rbc=default-nb=1-nt=1-mc=hf_qwen3_4b_instruct-lc=r8_a16_linear-504422fb
act_prm_snorkel_insurance_gym,rollout,insurance_rollout_thoughts_policy_adamw30_seed1234_step_0020,act_prm/snorkel_insurance_gym,rl,sgd,4e-05,1,,1,2,r8_a16_linear,,True,,,,,final_reward,1234,,,True,0,0,,,,,,insurance_rollout_thoughts_policy_adamw30_seed1234_step_0020-act-prm-ia=0-rr=0-ec=act_prm_snorkel_insurance_gym-gc=hf_grpo-tc=pg-rbc=default-nb=1-nt=1-mc=hf_qwen3_4b_instruct-lc=r8_a16_linea-971abd29
act_prm_snorkel_insurance_gym,rollout,insurance_rollout_thoughts_policy_adamw30_seed1234_step_best,act_prm/snorkel_insurance_gym,rl,sgd,4e-05,1,,1,2,r8_a16_linear,,True,,,,,final_reward,1234,,,True,0,0,,,,,,insurance_rollout_thoughts_policy_adamw30_seed1234_step_best-act-prm-ia=0-rr=0-ec=act_prm_snorkel_insurance_gym-gc=hf_grpo-tc=pg-rbc=default-nb=1-nt=1-mc=hf_qwen3_4b_instruct-lc=r8_a16_linea-9ddab41f
act_prm_snorkel_insurance_gym,rollout,insurance_rollout_thoughts_policy_adamw30_seed777_step_0020,act_prm/snorkel_insurance_gym,rl,sgd,4e-05,1,,1,2,r8_a16_linear,,True,,,,,final_reward,777,,,True,0,0,,,,,,insurance_rollout_thoughts_policy_adamw30_seed777_step_0020-act-prm-ia=0-rr=0-ec=act_prm_snorkel_insurance_gym-gc=hf_grpo-tc=pg-rbc=default-nb=1-nt=1-mc=hf_qwen3_4b_instruct-lc=r8_a16_linear-90490246
act_prm_snorkel_insurance_gym,rollout,insurance_rollout_thoughts_policy_adamw30_seed777_step_best,act_prm/snorkel_insurance_gym,rl,sgd,4e-05,1,,1,2,r8_a16_linear,,True,,,,,final_reward,777,,,True,0,0,,,,,,insurance_rollout_thoughts_policy_adamw30_seed777_step_best-act-prm-ia=0-rr=0-ec=act_prm_snorkel_insurance_gym-gc=hf_grpo-tc=pg-rbc=default-nb=1-nt=1-mc=hf_qwen3_4b_instruct-lc=r8_a16_linear-14a069c6
act_prm_snorkel_insurance_gym,rollout,insurance_rollout_thoughts_policy_adamw30_sgdlr1e_3_rep2_step_0020,act_prm/snorkel_insurance_gym,rl,sgd,4e-05,1,,1,2,r8_a16_linear,,True,,,,,final_reward,42,,,True,0,0,,,,,,insurance_rollout_thoughts_policy_adamw30_sgdlr1e_3_rep2_step_0020-act-prm-ia=0-rr=0-ec=act_prm_snorkel_insurance_gym-gc=hf_grpo-tc=pg-rbc=default-nb=1-nt=1-mc=hf_qwen3_4b_instruct-lc=r8_a16-b4e19d3b
act_prm_snorkel_insurance_gym,rollout,insurance_rollout_thoughts_policy_adamw30_sgdlr1e_3_rep2_step_best,act_prm/snorkel_insurance_gym,rl,sgd,4e-05,1,,1,2,r8_a16_linear,,True,,,,,final_reward,42,,,True,0,0,,,,,,insurance_rollout_thoughts_policy_adamw30_sgdlr1e_3_rep2_step_best-act-prm-ia=0-rr=0-ec=act_prm_snorkel_insurance_gym-gc=hf_grpo-tc=pg-rbc=default-nb=1-nt=1-mc=hf_qwen3_4b_instruct-lc=r8_a16-790a608c
act_prm_snorkel_insurance_gym,rollout,insurance_rollout_thoughts_policy_adamw30_sgdlr1e_3_rep3_step_0020,act_prm/snorkel_insurance_gym,rl,sgd,4e-05,1,,1,2,r8_a16_linear,,True,,,,,final_reward,42,,,True,0,0,,,,,,insurance_rollout_thoughts_policy_adamw30_sgdlr1e_3_rep3_step_0020-act-prm-ia=0-rr=0-ec=act_prm_snorkel_insurance_gym-gc=hf_grpo-tc=pg-rbc=default-nb=1-nt=1-mc=hf_qwen3_4b_instruct-lc=r8_a16-5c5c10fa
act_prm_snorkel_insurance_gym,rollout,insurance_rollout_thoughts_policy_adamw30_sgdlr1e_3_step_0020,act_prm/snorkel_insurance_gym,rl,sgd,4e-05,1,,1,2,r8_a16_linear,,True,,,,,final_reward,42,,,True,0,0,,,,,,insurance_rollout_thoughts_policy_adamw30_sgdlr1e_3_step_0020-act-prm-ia=0-rr=0-ec=act_prm_snorkel_insurance_gym-gc=hf_grpo-tc=pg-rbc=default-nb=1-nt=1-mc=hf_qwen3_4b_instruct-lc=r8_a16_line-7a0a4493
act_prm_snorkel_insurance_gym,rollout,insurance_rollout_thoughts_policy_adamw30_sgdlr1e_3_step_best,act_prm/snorkel_insurance_gym,rl,sgd,4e-05,1,,1,2,r8_a16_linear,,True,,,,,final_reward,42,,,True,0,0,,,,,,insurance_rollout_thoughts_policy_adamw30_sgdlr1e_3_step_best-act-prm-ia=0-rr=0-ec=act_prm_snorkel_insurance_gym-gc=hf_grpo-tc=pg-rbc=default-nb=1-nt=1-mc=hf_qwen3_4b_instruct-lc=r8_a16_line-c8bf4821
act_prm_snorkel_insurance_gym,rollout,insurance_rollout_thoughts_policy_g8top1_g8top1_step_0020,act_prm/snorkel_insurance_gym,rl,sgd,4e-05,1,,1,2,r8_a16_linear,,True,,,,,final_reward,42,,,True,0,0,,,,,,insurance_rollout_thoughts_policy_g8top1_g8top1_step_0020-act-prm-ia=0-rr=0-ec=act_prm_snorkel_insurance_gym-gc=hf_grpo-tc=pg-rbc=default-nb=1-nt=1-mc=hf_qwen3_4b_instruct-lc=r8_a16_linear-g-6e9def82
act_prm_snorkel_insurance_gym,rollout,insurance_rollout_thoughts_policy_g8top1_g8top1_step_best,act_prm/snorkel_insurance_gym,rl,sgd,4e-05,1,,1,2,r8_a16_linear,,True,,,,,final_reward,42,,,True,0,0,,,,,,insurance_rollout_thoughts_policy_g8top1_g8top1_step_best-act-prm-ia=0-rr=0-ec=act_prm_snorkel_insurance_gym-gc=hf_grpo-tc=pg-rbc=default-nb=1-nt=1-mc=hf_qwen3_4b_instruct-lc=r8_a16_linear-g-7ea9cfd2
act_prm_snorkel_insurance_gym,rollout,insurance_rollout_thoughts_policy_g8top2_g8top2_step_0020,act_prm/snorkel_insurance_gym,rl,sgd,4e-05,1,,1,2,r8_a16_linear,,True,,,,,final_reward,42,,,True,0,0,,,,,,insurance_rollout_thoughts_policy_g8top2_g8top2_step_0020-act-prm-ia=0-rr=0-ec=act_prm_snorkel_insurance_gym-gc=hf_grpo-tc=pg-rbc=default-nb=1-nt=1-mc=hf_qwen3_4b_instruct-lc=r8_a16_linear-g-2af46b43
act_prm_snorkel_insurance_gym,rollout,insurance_rollout_thoughts_policy_g8top2_g8top2_step_best,act_prm/snorkel_insurance_gym,rl,sgd,4e-05,1,,1,2,r8_a16_linear,,True,,,,,final_reward,42,,,True,0,0,,,,,,insurance_rollout_thoughts_policy_g8top2_g8top2_step_best-act-prm-ia=0-rr=0-ec=act_prm_snorkel_insurance_gym-gc=hf_grpo-tc=pg-rbc=default-nb=1-nt=1-mc=hf_qwen3_4b_instruct-lc=r8_a16_linear-g-eb455b8c
act_prm_snorkel_insurance_gym,rollout,insurance_rollout_thoughts_policy_g8top4_g8top4_step_0020,act_prm/snorkel_insurance_gym,rl,sgd,4e-05,1,,1,2,r8_a16_linear,,True,,,,,final_reward,42,,,True,0,0,,,,,,insurance_rollout_thoughts_policy_g8top4_g8top4_step_0020-act-prm-ia=0-rr=0-ec=act_prm_snorkel_insurance_gym-gc=hf_grpo-tc=pg-rbc=default-nb=1-nt=1-mc=hf_qwen3_4b_instruct-lc=r8_a16_linear-g-d9eefdf9
act_prm_snorkel_insurance_gym,rollout,insurance_rollout_thoughts_policy_g8top4_g8top4_step_best,act_prm/snorkel_insurance_gym,rl,sgd,4e-05,1,,1,2,r8_a16_linear,,True,,,,,final_reward,42,,,True,0,0,,,,,,insurance_rollout_thoughts_policy_g8top4_g8top4_step_best-act-prm-ia=0-rr=0-ec=act_prm_snorkel_insurance_gym-gc=hf_grpo-tc=pg-rbc=default-nb=1-nt=1-mc=hf_qwen3_4b_instruct-lc=r8_a16_linear-g-342308f4
act_prm_snorkel_insurance_gym,rollout,insurance_rollout_thoughts_policy_g8top8_g8top8_step_0020,act_prm/snorkel_insurance_gym,rl,sgd,4e-05,1,,1,2,r8_a16_linear,,True,,,,,final_reward,42,,,True,0,0,,,,,,insurance_rollout_thoughts_policy_g8top8_g8top8_step_0020-act-prm-ia=0-rr=0-ec=act_prm_snorkel_insurance_gym-gc=hf_grpo-tc=pg-rbc=default-nb=1-nt=1-mc=hf_qwen3_4b_instruct-lc=r8_a16_linear-g-200141d0
act_prm_snorkel_insurance_gym,rollout,insurance_rollout_thoughts_policy_g8top8_g8top8_step_best,act_prm/snorkel_insurance_gym,rl,sgd,4e-05,1,,1,2,r8_a16_linear,,True,,,,,final_reward,42,,,True,0,0,,,,,,insurance_rollout_thoughts_policy_g8top8_g8top8_step_best-act-prm-ia=0-rr=0-ec=act_prm_snorkel_insurance_gym-gc=hf_grpo-tc=pg-rbc=default-nb=1-nt=1-mc=hf_qwen3_4b_instruct-lc=r8_a16_linear-g-0d66ff09
act_prm_snorkel_insurance_gym,rollout,insurance_smoke_base,act_prm/snorkel_insurance_gym,rl,sgd,4e-05,1,,1,1,r8_a16_linear,,True,,,,,final_reward,42,,,True,0,0,,,,,,insurance_smoke_base-act-prm-ia=0-rr=0-ec=act_prm_snorkel_insurance_gym-gc=hf_grpo-tc=pg-rbc=default-nb=1-nt=1-mc=hf_qwen3_4b_instruct-lc=r8_a16_linear-gc=0-nf=0-ho=1-mt=10-mt=2048-gs=1-bs=1-4319629a
act_prm_tau2_airline,s1em,airline_s1em_base_adamw30,act_prm/tau2_airline,rl,adamw,4e-05,30,,4,4,r32_a32_linear,data/tau2_airline,False,,action_probs,0.0,True,final_reward,42,False,True,False,0,29,,,,,,airline_s1em_base_adamw30-act-prm-ia=0-rr=0-ec=act_prm_tau2_airline-gc=act_prm-tc=pg-rbc=default-nb=30-nt=0-mc=hf_qwen3_4b_instruct-lc=r32_a32_linear-nie=1-gc=1-nf=0-lp=0_0-am=action_probs-s-1f8b6f79
act_prm_tau2_airline,s1em,airline_s1em_policy_adamw30,act_prm/tau2_airline,rl,adamw,4e-05,30,,4,4,r32_a32_linear,data/tau2_airline,False,,action_probs,0.0,False,final_reward,42,False,True,False,0,29,,,,,,airline_s1em_policy_adamw30-act-prm-ia=0-rr=0-ec=act_prm_tau2_airline-gc=act_prm-tc=pg-rbc=default-nb=30-nt=0-mc=hf_qwen3_4b_instruct-lc=r32_a32_linear-nie=1-gc=1-nf=0-lp=0_0-am=action_probs-cc49e59d
act_prm_tau2_airline,s1em,airline_s1em_policy_ap32,act_prm/tau2_airline,rl,,4e-05,100,,4,4,r32_a32_linear,data/tau2_airline,False,,action_probs,0.0,False,final_reward,42,False,True,False,0,99,,,,,,airline_s1em_policy_ap32-act-prm-ia=0-rr=0-ec=act_prm_tau2_airline-gc=act_prm-tc=pg-rbc=default-nb=100-nt=0-mc=hf_qwen3_4b_instruct-lc=r32_a32_linear-nie=1-gc=1-nf=0-lp=0_0-am=action_probs-s-41d53310
act_prm_tau2_airline,s1em,airline_s1em_policy_lr3e3,act_prm/tau2_airline,rl,,0.003,25,,4,4,r32_a32_linear,data/tau2_airline,False,,action_probs,0.0,False,final_reward,42,False,True,False,0,24,,,,,,airline_s1em_policy_lr3e3-act-prm-ia=0-rr=0-ec=act_prm_tau2_airline-gc=act_prm-tc=pg-rbc=default-nb=25-nt=0-mc=hf_qwen3_4b_instruct-lc=r32_a32_linear-nie=1-gc=1-nf=0-lp=0_0-am=action_probs-s-4a8f68e5
act_prm_tau2_airline,s1relabel,airline_s1relabel_base_adamw30,act_prm/tau2_airline,rl,sgd,4e-05,6,,4,4,r32_a32_linear,data/tau2_airline,False,,best,0.0,True,final_reward,42,False,True,True,0,5,,,,,,airline_s1relabel_base_adamw30-act-prm-ia=0-rr=0-ec=act_prm_tau2_airline-gc=act_prm-tc=pg-rbc=default-nb=6-nt=1-mc=hf_qwen3_4b_instruct-lc=r32_a32_linear-nie=1-gc=0-nf=0-lp=0_0-am=best-swb=1-294a967a
act_prm_tau2_airline,s1relabel,airline_s1relabel_policy_adamw30,act_prm/tau2_airline,rl,sgd,4e-05,6,,4,4,r32_a32_linear,data/tau2_airline,False,,best,0.0,False,final_reward,42,False,True,True,0,5,,,,,,airline_s1relabel_policy_adamw30-act-prm-ia=0-rr=0-ec=act_prm_tau2_airline-gc=act_prm-tc=pg-rbc=default-nb=6-nt=1-mc=hf_qwen3_4b_instruct-lc=r32_a32_linear-nie=1-gc=0-nf=0-lp=0_0-am=best-swb-92d3f0f9
act_prm_tau2_airline,s1relabel,airline_s1relabel_policy_ap32,act_prm/tau2_airline,rl,,4e-05,6,,4,4,r32_a32_linear,data/tau2_airline,False,,best,0.0,False,final_reward,42,False,True,True,0,5,,,,,,airline_s1relabel_policy_ap32-act-prm-ia=0-rr=0-ec=act_prm_tau2_airline-gc=act_prm-tc=pg-rbc=default-nb=6-nt=1-mc=hf_qwen3_4b_instruct-lc=r32_a32_linear-nie=1-gc=0-nf=0-lp=0_0-am=best-swb=0--7ead84b2
act_prm_tau2_airline,s1relabel,airline_s1relabel_policy_lr3e3,act_prm/tau2_airline,rl,,4e-05,6,,4,4,r32_a32_linear,data/tau2_airline,False,,best,0.0,False,final_reward,42,False,True,True,0,5,,,,,,airline_s1relabel_policy_lr3e3-act-prm-ia=0-rr=0-ec=act_prm_tau2_airline-gc=act_prm-tc=pg-rbc=default-nb=6-nt=1-mc=hf_qwen3_4b_instruct-lc=r32_a32_linear-nie=1-gc=0-nf=0-lp=0_0-am=best-swb=0-afcf976e
act_prm_tau2_airline,s2,airline_s2_actions_only_lr1e_3_adamw_nb100_heldout,act_prm/tau2_airline,sft,adamw,0.001,100,,4,4,r8_a16_linear,data/tau2_airline,True,False,uniform,0.15,,eval_actiononly_ppl,42,False,False,False,9,50,20,2.1296,2.1901,3.3899,,airline_s2_actions_only_lr1e_3_adamw_nb100_heldout-act-prm-ia=0-rr=0-ec=act_prm_tau2_airline-gc=act_prm_actions_only-tc=sft-rbc=default-nb=100-nt=0-mc=hf_qwen3_4b_instruct-lc=r8_a16_linear-n-5a984508
act_prm_tau2_airline,s2,airline_s2_actions_only_lr1e_3_adamw_nb200_flat32_heldout,act_prm/tau2_airline,sft_flat,adamw,0.001,200,32,4,4,r8_a16_linear,data/tau2_airline,True,False,uniform,0.15,,eval_actiononly_ppl,42,False,False,False,9,45,15,2.1001,2.2776,2.985,6393.0,airline_s2_actions_only_lr1e_3_adamw_nb200_flat32_heldout-act-prm-ia=0-rr=0-ec=act_prm_tau2_airline-gc=act_prm_actions_only-tc=sft_flat-rbc=default-nb=200-nt=0-mc=hf_qwen3_4b_instruct-lc=r8_-872838d6
act_prm_tau2_airline,s2,airline_s2_actions_only_lr1e_3_nb200_flat32sgd_heldout,act_prm/tau2_airline,sft_flat,sgd,0.001,200,32,4,4,r8_a16_linear,data/tau2_airline,True,False,uniform,0.15,,eval_actiononly_ppl,42,False,False,False,40,199,199,2.8307,4.1913,2.8307,6393.0,airline_s2_actions_only_lr1e_3_nb200_flat32sgd_heldout-act-prm-ia=0-rr=0-ec=act_prm_tau2_airline-gc=act_prm_actions_only-tc=sft_flat-rbc=default-nb=200-nt=0-mc=hf_qwen3_4b_instruct-lc=r8_a16-c6f2b13a
act_prm_tau2_airline,s2,airline_s2_actions_only_lr3e_3_nb150_heldout,act_prm/tau2_airline,sft,,0.003,150,,4,4,r8_a16_linear,data/tau2_airline,True,,uniform,0.15,,eval_action_ppl,42,False,False,False,30,149,149,2.4506,4.1321,2.4506,,airline_s2_actions_only_lr3e_3_nb150_heldout-act-prm-ia=0-rr=0-ec=act_prm_tau2_airline-gc=act_prm_actions_only-tc=sft-rbc=default-nb=150-nt=0-mc=hf_qwen3_4b_instruct-lc=r8_a16_linear-nie=1-g-b7c63939
act_prm_tau2_airline,s2,airline_s2_expert_thoughts_all_lr1e_3_nb200_flat32sgd_heldout,act_prm/tau2_airline,sft_flat,sgd,0.001,200,32,4,4,r8_a16_linear,data/tau2_airline_expert_thoughts,True,True,uniform,0.15,,eval_actiononly_ppl,42,True,False,False,40,199,199,2.5772,3.4458,2.5772,6393.0,airline_s2_expert_thoughts_all_lr1e_3_nb200_flat32sgd_heldout-act-prm-ia=0-rr=0-ec=act_prm_tau2_airline-gc=act_prm_actions_only-tc=sft_flat-rbc=default-nb=200-nt=0-mc=hf_qwen3_4b_instruct-lc-8a3b68a9
act_prm_tau2_airline,s2,airline_s2_expert_thoughts_all_lr3e_3_nb150_heldout,act_prm/tau2_airline,sft,,0.003,150,,4,4,r8_a16_linear,data/tau2_airline_expert_thoughts,True,True,uniform,0.15,,eval_action_ppl,42,True,False,False,30,149,149,2.4185,3.2156,2.4185,,airline_s2_expert_thoughts_all_lr3e_3_nb150_heldout-act-prm-ia=0-rr=0-ec=act_prm_tau2_airline-gc=act_prm_actions_only-tc=sft-rbc=default-nb=150-nt=0-mc=hf_qwen3_4b_instruct-lc=r8_a16_linear--07d9094b
act_prm_tau2_airline,s2,airline_s2_expert_thoughts_all_lr3e_3_nb150_heldout_fixeval,act_prm/tau2_airline,sft,,0.003,150,,4,4,r8_a16_linear,data/tau2_airline_expert_thoughts,True,True,uniform,0.15,,eval_action_ppl,42,True,False,False,30,149,149,2.3673,3.3843,2.3673,,airline_s2_expert_thoughts_all_lr3e_3_nb150_heldout_fixeval-act-prm-ia=0-rr=0-ec=act_prm_tau2_airline-gc=act_prm_actions_only-tc=sft-rbc=default-nb=150-nt=0-mc=hf_qwen3_4b_instruct-lc=r8_a16-372ce489
act_prm_tau2_airline,s2,airline_s2_expert_thoughts_lr1e_3_adamw_nb100_heldout,act_prm/tau2_airline,sft,adamw,0.001,100,,4,4,r8_a16_linear,data/tau2_airline_expert_thoughts,True,False,uniform,0.15,,eval_actiononly_ppl,42,True,False,False,9,50,20,1.9863,2.0737,3.1936,,airline_s2_expert_thoughts_lr1e_3_adamw_nb100_heldout-act-prm-ia=0-rr=0-ec=act_prm_tau2_airline-gc=act_prm_actions_only-tc=sft-rbc=default-nb=100-nt=0-mc=hf_qwen3_4b_instruct-lc=r8_a16_linea-4d4e8b09
act_prm_tau2_airline,s2,airline_s2_expert_thoughts_lr1e_3_adamw_nb200_flat32_heldout,act_prm/tau2_airline,sft_flat,adamw,0.001,200,32,4,4,r8_a16_linear,data/tau2_airline_expert_thoughts,True,False,uniform,0.15,,eval_actiononly_ppl,42,True,False,False,10,50,20,1.9604,2.2052,2.2707,6393.0,airline_s2_expert_thoughts_lr1e_3_adamw_nb200_flat32_heldout-act-prm-ia=0-rr=0-ec=act_prm_tau2_airline-gc=act_prm_actions_only-tc=sft_flat-rbc=default-nb=200-nt=0-mc=hf_qwen3_4b_instruct-lc=-b3911037
act_prm_tau2_airline,s2,airline_s2_expert_thoughts_lr3e_3_nb150_heldout,act_prm/tau2_airline,sft,,0.003,150,,4,4,r8_a16_linear,data/tau2_airline_expert_thoughts,True,,uniform,0.15,,eval_action_ppl,42,True,False,False,30,149,149,2.3383,3.4028,2.3383,,airline_s2_expert_thoughts_lr3e_3_nb150_heldout-act-prm-ia=0-rr=0-ec=act_prm_tau2_airline-gc=act_prm_actions_only-tc=sft-rbc=default-nb=150-nt=0-mc=hf_qwen3_4b_instruct-lc=r8_a16_linear-nie=-bc97f306
act_prm_tau2_airline,s2,airline_s2_thoughts_base_adamw30_lr1e_3_nb200_flat32sgd_heldout,act_prm/tau2_airline,sft_flat,sgd,0.001,200,32,4,4,r8_a16_linear,data/sft_corpus/tau2_airline/base_adamw30,True,False,uniform,0.15,,eval_actiononly_ppl,42,False,False,False,40,199,199,2.6673,3.5146,2.6673,6393.0,airline_s2_thoughts_base_adamw30_lr1e_3_nb200_flat32sgd_heldout-act-prm-ia=0-rr=0-ec=act_prm_tau2_airline-gc=act_prm_actions_only-tc=sft_flat-rbc=default-nb=200-nt=0-mc=hf_qwen3_4b_instruct--0c4643e2
act_prm_tau2_airline,s2,airline_s2_thoughts_base_lr3e_3_nb150_heldout,act_prm/tau2_airline,sft,,0.003,150,,4,4,r8_a16_linear,data/sft_corpus/tau2_airline/base,True,,uniform,0.15,,eval_action_ppl,42,False,False,False,30,149,149,2.3981,3.5459,2.3981,,airline_s2_thoughts_base_lr3e_3_nb150_heldout-act-prm-ia=0-rr=0-ec=act_prm_tau2_airline-gc=act_prm_actions_only-tc=sft-rbc=default-nb=150-nt=0-mc=hf_qwen3_4b_instruct-lc=r8_a16_linear-nie=1--55cd93ac
act_prm_tau2_airline,s2,airline_s2_thoughts_policy_adamw30_lr1e_3_adamw_nb100_heldout,act_prm/tau2_airline,sft,adamw,0.001,100,,4,4,r8_a16_linear,data/sft_corpus/tau2_airline/policy_adamw30,True,False,uniform,0.15,,eval_actiononly_ppl,42,False,False,False,9,50,20,2.0055,2.0724,3.4621,,airline_s2_thoughts_policy_adamw30_lr1e_3_adamw_nb100_heldout-act-prm-ia=0-rr=0-ec=act_prm_tau2_airline-gc=act_prm_actions_only-tc=sft-rbc=default-nb=100-nt=0-mc=hf_qwen3_4b_instruct-lc=r8_a-444a4d2e
act_prm_tau2_airline,s2,airline_s2_thoughts_policy_adamw30_lr1e_3_adamw_nb200_flat32_heldout,act_prm/tau2_airline,sft_flat,adamw,0.001,200,32,4,4,r8_a16_linear,data/sft_corpus/tau2_airline/policy_adamw30,True,False,uniform,0.15,,eval_actiononly_ppl,42,False,False,False,10,50,20,1.9879,2.223,2.683,6393.0,airline_s2_thoughts_policy_adamw30_lr1e_3_adamw_nb200_flat32_heldout-act-prm-ia=0-rr=0-ec=act_prm_tau2_airline-gc=act_prm_actions_only-tc=sft_flat-rbc=default-nb=200-nt=0-mc=hf_qwen3_4b_inst-dcfa70b2
act_prm_tau2_airline,s2,airline_s2_thoughts_policy_adamw30_lr1e_3_nb200_flat32sgd_heldout,act_prm/tau2_airline,sft_flat,sgd,0.001,200,32,4,4,r8_a16_linear,data/sft_corpus/tau2_airline/policy_adamw30,True,False,uniform,0.15,,eval_actiononly_ppl,42,False,False,False,40,199,199,2.5375,3.2944,2.5375,6393.0,airline_s2_thoughts_policy_adamw30_lr1e_3_nb200_flat32sgd_heldout-act-prm-ia=0-rr=0-ec=act_prm_tau2_airline-gc=act_prm_actions_only-tc=sft_flat-rbc=default-nb=200-nt=0-mc=hf_qwen3_4b_instruc-7744a1fd
act_prm_tau2_airline,s2,airline_s2_thoughts_policy_lr3e_3_nb150_heldout,act_prm/tau2_airline,sft,,0.003,150,,4,4,r8_a16_linear,data/sft_corpus/tau2_airline/policy,True,,uniform,0.15,,eval_action_ppl,42,False,False,False,30,149,149,2.3868,3.4803,2.3868,,airline_s2_thoughts_policy_lr3e_3_nb150_heldout-act-prm-ia=0-rr=0-ec=act_prm_tau2_airline-gc=act_prm_actions_only-tc=sft-rbc=default-nb=150-nt=0-mc=hf_qwen3_4b_instruct-lc=r8_a16_linear-nie=-63847bed
act_prm_tau2_retail,other,,act_prm/tau2_retail,rl,,4e-05,25,,4,4,r8_a16_linear,data/tau2_retail,False,,em,0.15,False,final_reward,42,,True,False,0,24,,,,,,act-prm-ia=0-rr=0-ec=act_prm_tau2_retail-gc=act_prm-tc=pg-rbc=default-nb=25-nt=0-mc=hf_qwen3_4b_instruct-lc=r8_a16_linear-nie=1-gc=0-nf=0-lp=0_15-swb=0-gs=4-bs=4-s=42-r=0-vr=0
act_prm_tau2_retail,other,,act_prm/tau2_retail,rl,,4e-05,25,,4,4,r8_a16_linear,data/tau2_retail,False,,em,0.15,True,final_reward,42,False,True,False,0,24,,,,,,act-prm-ia=0-rr=0-ec=act_prm_tau2_retail-gc=act_prm-tc=pg-rbc=default-nb=25-nt=0-mc=hf_qwen3_4b_instruct-lc=r8_a16_linear-nie=1-gc=0-nf=0-lp=0_15-swb=1-gs=4-bs=4-s=42-r=0-vr=0
act_prm_tau2_retail,other,basePPL_actionsonly,act_prm/tau2_retail,sft_flat,adamw,0.001,1,4,8,4,r8_a16_linear,data/tau2_retail,True,False,uniform,0.15,,eval_actiononly_ppl,42,False,False,False,1,0,0,3.8428,3.8428,3.8428,13459.0,basePPL_actionsonly-act-prm-ia=0-rr=0-ec=act_prm_tau2_retail-gc=act_prm_actions_only-tc=sft_flat-rbc=default-nb=1-nt=0-mc=hf_qwen3_4b_instruct-lc=r8_a16_linear-gc=0-nf=0-ho=1-bm=eval_actiono-352fae85
act_prm_tau2_retail,other,equiv_flat,act_prm/tau2_retail,sft_flat,adamw,0.001,1,4,8,4,r8_a16_linear,data/sft_corpus/tau2_retail/policy_adamw30,True,False,uniform,0.15,,eval_actiononly_ppl,42,False,False,False,1,0,0,3.1133,3.1133,3.1133,13459.0,equiv_flat-act-prm-ia=0-rr=0-ec=act_prm_tau2_retail-gc=act_prm_actions_only-tc=sft_flat-rbc=default-nb=1-nt=0-mc=hf_qwen3_4b_instruct-lc=r8_a16_linear-gc=0-nf=0-ho=1-bm=eval_actiononly_ppl-l-5603a521
act_prm_tau2_retail,other,equiv_sft,act_prm/tau2_retail,sft,adamw,0.001,1,,4,4,r8_a16_linear,data/sft_corpus/tau2_retail/policy_adamw30,True,False,uniform,0.15,,eval_actiononly_ppl,42,False,False,False,2,0,0,3.1119,3.1119,3.1119,,equiv_sft-act-prm-ia=0-rr=0-ec=act_prm_tau2_retail-gc=act_prm_actions_only-tc=sft-rbc=default-nb=1-nt=0-mc=hf_qwen3_4b_instruct-lc=r8_a16_linear-gc=0-nf=0-ho=1-bm=eval_actiononly_ppl-gs=4-bs-8c45be8b
act_prm_tau2_retail,other,retail_s2probe_actions_only_lr1e-3,act_prm/tau2_retail,sft,,0.001,8,,4,4,r8_a16_linear,data/tau2_retail,True,,uniform,0.15,,eval_action_ppl,42,False,False,False,8,7,6,3.8349,3.8401,3.8382,,retail_s2probe_actions_only_lr1e_3-act-prm-ia=0-rr=0-ec=act_prm_tau2_retail-gc=act_prm_actions_only-tc=sft-rbc=default-nb=8-nt=0-mc=hf_qwen3_4b_instruct-lc=r8_a16_linear-nie=1-gc=0-nf=0-lp=0-3b058a68
act_prm_tau2_retail,other,retail_s2probe_actions_only_lr1e-4,act_prm/tau2_retail,sft,,0.0001,8,,4,4,r8_a16_linear,data/tau2_retail,True,,uniform,0.15,,eval_action_ppl,42,False,False,False,8,7,2,3.8391,3.8391,3.8439,,retail_s2probe_actions_only_lr1e_4-act-prm-ia=0-rr=0-ec=act_prm_tau2_retail-gc=act_prm_actions_only-tc=sft-rbc=default-nb=8-nt=0-mc=hf_qwen3_4b_instruct-lc=r8_a16_linear-nie=1-gc=0-nf=0-lp=0-a5241fe3
act_prm_tau2_retail,other,retail_s2probe_actions_only_lr4e-5,act_prm/tau2_retail,sft,,4e-05,8,,4,4,r8_a16_linear,data/tau2_retail,True,,uniform,0.15,,eval_action_ppl,42,False,False,False,8,7,6,3.8399,3.8428,3.8409,,retail_s2probe_actions_only_lr4e_5-act-prm-ia=0-rr=0-ec=act_prm_tau2_retail-gc=act_prm_actions_only-tc=sft-rbc=default-nb=8-nt=0-mc=hf_qwen3_4b_instruct-lc=r8_a16_linear-nie=1-gc=0-nf=0-lp=0-499e5534
act_prm_tau2_retail,other,retail_s2probe_thoughts_base_lr1e-3,act_prm/tau2_retail,sft,,0.001,30,,4,4,r8_a16_linear,data/sft_corpus/tau2_retail/base,True,,uniform,0.15,,eval_action_ppl,42,False,False,False,6,29,29,3.1297,3.1673,3.1297,,retail_s2probe_thoughts_base_lr1e_3-act-prm-ia=0-rr=0-ec=act_prm_tau2_retail-gc=act_prm_actions_only-tc=sft-rbc=default-nb=30-nt=0-mc=hf_qwen3_4b_instruct-lc=r8_a16_linear-nie=1-gc=0-nf=0-lp-ada5bbf6
act_prm_tau2_retail,other,retail_s2probe_thoughts_base_lr1e-4,act_prm/tau2_retail,sft,,0.0001,30,,4,4,r8_a16_linear,data/sft_corpus/tau2_retail/base,True,False,uniform,0.15,,eval_action_ppl,42,False,False,False,6,1,10,3.1756,3.1756,3.1772,,retail_s2probe_thoughts_base_lr1e_4-act-prm-ia=0-rr=0-ec=act_prm_tau2_retail-gc=act_prm_actions_only-tc=sft-rbc=default-nb=30-nt=0-mc=hf_qwen3_4b_instruct-lc=r8_a16_linear-nie=1-gc=0-nf=0-lp-fccbd40e
act_prm_tau2_retail,other,retail_s2probe_thoughts_base_lr3e-3,act_prm/tau2_retail,sft,,0.003,30,,4,4,r8_a16_linear,data/sft_corpus/tau2_retail/base,True,,uniform,0.15,,eval_action_ppl,42,False,False,False,6,29,29,2.9112,3.1281,2.9112,,retail_s2probe_thoughts_base_lr3e_3-act-prm-ia=0-rr=0-ec=act_prm_tau2_retail-gc=act_prm_actions_only-tc=sft-rbc=default-nb=30-nt=0-mc=hf_qwen3_4b_instruct-lc=r8_a16_linear-nie=1-gc=0-nf=0-lp-c1f3cd79
act_prm_tau2_retail,other,retail_s2smoke_actiononly,act_prm/tau2_retail,sft,,0.001,2,,4,4,r8_a16_linear,data/sft_corpus/tau2_retail/policy,True,,uniform,0.15,,final_reward,42,False,False,False,2,1,1,3.1847,3.1847,3.1847,,retail_s2smoke_actiononly-act-prm-ia=0-rr=0-ec=act_prm_tau2_retail-gc=act_prm_actions_only-tc=sft-rbc=default-nb=2-nt=0-mc=hf_qwen3_4b_instruct-lc=r8_a16_linear-nie=1-gc=0-nf=0-lp=0_15-ho=1--2e76ae0f
act_prm_tau2_retail,other,retail_s2smoke_trainfull,act_prm/tau2_retail,sft,,0.0001,1,,4,4,r8_a16_linear,data/sft_corpus/tau2_retail/policy,True,,uniform,0.15,,final_reward,42,False,False,False,2,0,0,3.1862,3.1862,3.1862,,retail_s2smoke_trainfull-act-prm-ia=0-rr=0-ec=act_prm_tau2_retail-gc=act_prm_actions_only-tc=sft-rbc=default-nb=1-nt=0-mc=hf_qwen3_4b_instruct-lc=r8_a16_linear-nie=1-gc=0-nf=0-lp=0_15-ho=1-g-59fdc400
act_prm_tau2_retail,other,smoke_sftflat,act_prm/tau2_retail,sft_flat,adamw,0.001,4,8,8,4,r8_a16_linear,data/sft_corpus/tau2_retail/policy_adamw30,True,False,uniform,0.15,,eval_actiononly_ppl,42,False,False,False,2,3,3,2.0049,2.0301,2.0049,,smoke_sftflat-act-prm-ia=0-rr=0-ec=act_prm_tau2_retail-gc=act_prm_actions_only-tc=sft_flat-rbc=default-nb=4-nt=0-mc=hf_qwen3_4b_instruct-lc=r8_a16_linear-nie=1-gc=0-nf=0-ho=1-bm=eval_actiono-2e44bfbd
act_prm_tau2_retail,s1em,retail_s1em_base_adamw30,act_prm/tau2_retail,rl,adamw,4e-05,30,,4,4,r32_a32_linear,data/tau2_retail,False,,action_probs,0.0,True,final_reward,42,False,True,False,0,29,,,,,,retail_s1em_base_adamw30-act-prm-ia=0-rr=0-ec=act_prm_tau2_retail-gc=act_prm-tc=pg-rbc=default-nb=30-nt=0-mc=hf_qwen3_4b_instruct-lc=r32_a32_linear-nie=1-gc=1-nf=0-lp=0_0-am=action_probs-swb-4f291b93
act_prm_tau2_retail,s1em,retail_s1em_policy_adamw,act_prm/tau2_retail,rl,adamw,4e-05,100,,4,4,r32_a32_linear,data/tau2_retail,False,,action_probs,0.0,False,final_reward,42,False,True,False,0,99,,,,,,retail_s1em_policy_adamw-act-prm-ia=0-rr=0-ec=act_prm_tau2_retail-gc=act_prm-tc=pg-rbc=default-nb=100-nt=0-mc=hf_qwen3_4b_instruct-lc=r32_a32_linear-nie=1-gc=1-nf=0-lp=0_0-am=action_probs-sw-f7a13752
act_prm_tau2_retail,s1em,retail_s1em_policy_adamw30,act_prm/tau2_retail,rl,adamw,4e-05,30,,4,4,r32_a32_linear,data/tau2_retail,False,,action_probs,0.0,False,final_reward,42,False,True,False,0,29,,,,,,retail_s1em_policy_adamw30-act-prm-ia=0-rr=0-ec=act_prm_tau2_retail-gc=act_prm-tc=pg-rbc=default-nb=30-nt=0-mc=hf_qwen3_4b_instruct-lc=r32_a32_linear-nie=1-gc=1-nf=0-lp=0_0-am=action_probs-s-ae78f981
act_prm_tau2_retail,s1em,retail_s1em_policy_adamw_lp15,act_prm/tau2_retail,rl,adamw,4e-05,30,,4,4,r32_a32_linear,data/tau2_retail,False,,action_probs,0.15,False,final_reward,42,False,True,False,0,29,,,,,,retail_s1em_policy_adamw_lp15-act-prm-ia=0-rr=0-ec=act_prm_tau2_retail-gc=act_prm-tc=pg-rbc=default-nb=30-nt=0-mc=hf_qwen3_4b_instruct-lc=r32_a32_linear-nie=1-gc=1-nf=0-lp=0_15-am=action_pro-21332bc6
act_prm_tau2_retail,s1relabel,retail_s1relabel_base_adamw30,act_prm/tau2_retail,rl,sgd,4e-05,13,,4,4,r32_a32_linear,data/tau2_retail,False,,best,0.0,True,final_reward,42,False,True,True,0,12,,,,,,retail_s1relabel_base_adamw30-act-prm-ia=0-rr=0-ec=act_prm_tau2_retail-gc=act_prm-tc=pg-rbc=default-nb=13-nt=1-mc=hf_qwen3_4b_instruct-lc=r32_a32_linear-nie=1-gc=0-nf=0-lp=0_0-am=best-swb=1--ce7561c5
act_prm_tau2_retail,s1relabel,retail_s1relabel_base_best_heldout,act_prm/tau2_retail,rl,,4e-05,20,,4,4,r8_a16_linear,data/tau2_retail,False,,best,0.15,True,final_reward,42,False,True,True,0,19,,,,,,retail_s1relabel_base_best_heldout-act-prm-ia=0-rr=0-ec=act_prm_tau2_retail-gc=act_prm-tc=pg-rbc=default-nb=20-nt=1-mc=hf_qwen3_4b_instruct-lc=r8_a16_linear-nie=1-gc=0-nf=0-lp=0_15-am=best-s-f268bc2a
act_prm_tau2_retail,s1relabel,retail_s1relabel_base_heldout,act_prm/tau2_retail,rl,,4e-05,40,,4,4,r8_a16_linear,data/tau2_retail,False,,best,0.15,True,final_reward,42,False,True,True,0,39,,,,,,retail_s1relabel_base_heldout-act-prm-ia=0-rr=0-ec=act_prm_tau2_retail-gc=act_prm-tc=pg-rbc=default-nb=40-nt=1-mc=hf_qwen3_4b_instruct-lc=r8_a16_linear-nie=1-gc=0-nf=0-lp=0_15-am=best-swb=1-sg=1-gs=4-bs=4-s=42-r=0-vr=0
act_prm_tau2_retail,s1relabel,retail_s1relabel_base_last_heldout,act_prm/tau2_retail,rl,,4e-05,20,,4,4,r8_a16_linear,data/tau2_retail,False,,best,0.15,True,final_reward,42,False,True,True,0,19,,,,,,retail_s1relabel_base_last_heldout-act-prm-ia=0-rr=0-ec=act_prm_tau2_retail-gc=act_prm-tc=pg-rbc=default-nb=20-nt=1-mc=hf_qwen3_4b_instruct-lc=r8_a16_linear-nie=1-gc=0-nf=0-lp=0_15-am=best-s-7b16986e
act_prm_tau2_retail,s1relabel,retail_s1relabel_policy_adamw30,act_prm/tau2_retail,rl,sgd,4e-05,13,,4,4,r32_a32_linear,data/tau2_retail,False,,best,0.0,False,final_reward,42,False,True,True,0,12,,,,,,retail_s1relabel_policy_adamw30-act-prm-ia=0-rr=0-ec=act_prm_tau2_retail-gc=act_prm-tc=pg-rbc=default-nb=13-nt=1-mc=hf_qwen3_4b_instruct-lc=r32_a32_linear-nie=1-gc=0-nf=0-lp=0_0-am=best-swb=-55d31f76
act_prm_tau2_retail,s1relabel,retail_s1relabel_policy_adamw_lp15,act_prm/tau2_retail,rl,sgd,4e-05,13,,4,4,r32_a32_linear,data/tau2_retail,False,,best,0.15,False,final_reward,42,False,True,True,0,12,,,,,,retail_s1relabel_policy_adamw_lp15-act-prm-ia=0-rr=0-ec=act_prm_tau2_retail-gc=act_prm-tc=pg-rbc=default-nb=13-nt=1-mc=hf_qwen3_4b_instruct-lc=r32_a32_linear-nie=1-gc=0-nf=0-lp=0_15-am=best--e39012e2
act_prm_tau2_retail,s1relabel,retail_s1relabel_policy_best_heldout,act_prm/tau2_retail,rl,,4e-05,20,,4,4,r8_a16_linear,data/tau2_retail,False,,best,0.15,False,final_reward,42,False,True,True,0,19,,,,,,retail_s1relabel_policy_best_heldout-act-prm-ia=0-rr=0-ec=act_prm_tau2_retail-gc=act_prm-tc=pg-rbc=default-nb=20-nt=1-mc=hf_qwen3_4b_instruct-lc=r8_a16_linear-nie=1-gc=0-nf=0-lp=0_15-am=best-0ed9967c
act_prm_tau2_retail,s1relabel,retail_s1relabel_policy_g8,act_prm/tau2_retail,rl,sgd,4e-05,13,,4,8,r32_a32_linear,data/tau2_retail,False,,best,0.0,False,final_reward,42,False,True,True,0,12,,,,,,retail_s1relabel_policy_g8-act-prm-ia=0-rr=0-ec=act_prm_tau2_retail-gc=act_prm-tc=pg-rbc=default-nb=13-nt=1-mc=hf_qwen3_4b_instruct-lc=r32_a32_linear-nie=1-gc=0-nf=0-lp=0_0-am=best-swb=0-sg=-ebb000b5
act_prm_tau2_retail,s1relabel,retail_s1relabel_policy_heldout,act_prm/tau2_retail,rl,,4e-05,40,,4,4,r8_a16_linear,data/tau2_retail,False,,best,0.15,False,final_reward,42,False,True,True,0,39,,,,,,retail_s1relabel_policy_heldout-act-prm-ia=0-rr=0-ec=act_prm_tau2_retail-gc=act_prm-tc=pg-rbc=default-nb=40-nt=1-mc=hf_qwen3_4b_instruct-lc=r8_a16_linear-nie=1-gc=0-nf=0-lp=0_15-am=best-swb=0-sg=1-gs=4-bs=4-s=42-r=0-vr=0
act_prm_tau2_retail,s1relabel,retail_s1relabel_policy_last_heldout,act_prm/tau2_retail,rl,,4e-05,20,,4,4,r8_a16_linear,data/tau2_retail,False,,best,0.15,False,final_reward,42,False,True,True,0,19,,,,,,retail_s1relabel_policy_last_heldout-act-prm-ia=0-rr=0-ec=act_prm_tau2_retail-gc=act_prm-tc=pg-rbc=default-nb=20-nt=1-mc=hf_qwen3_4b_instruct-lc=r8_a16_linear-nie=1-gc=0-nf=0-lp=0_15-am=best-8d01ddb9
act_prm_tau2_retail,s2,retail_s2_actions_only_heldout,act_prm/tau2_retail,sft,,4e-05,60,,4,4,r8_a16_linear,data/tau2_retail,True,,uniform,0.15,,eval_action_ppl,42,False,False,False,12,59,40,3.8378,3.8413,3.8455,,retail_s2_actions_only_heldout-act-prm-ia=0-rr=0-ec=act_prm_tau2_retail-gc=act_prm_actions_only-tc=sft-rbc=default-nb=60-nt=0-mc=hf_qwen3_4b_instruct-lc=r8_a16_linear-nie=1-gc=0-nf=0-lp=0_15-37fce582
act_prm_tau2_retail,s2,retail_s2_actions_only_heldout_fullctx,act_prm/tau2_retail,sft,,4e-05,60,,4,4,r8_a16_linear,data/tau2_retail,False,,uniform,0.15,,eval_action_ppl,42,False,False,False,12,59,50,3.3836,3.389,3.3841,,retail_s2_actions_only_heldout_fullctx-act-prm-ia=0-rr=0-ec=act_prm_tau2_retail-gc=act_prm_actions_only-tc=sft-rbc=default-nb=60-nt=0-mc=hf_qwen3_4b_instruct-lc=r8_a16_linear-nie=1-gc=0-nf=0-2df1cba7
act_prm_tau2_retail,s2,retail_s2_actions_only_lr1e_3_adamw_nb100_heldout,act_prm/tau2_retail,sft,adamw,0.001,100,,4,4,r8_a16_linear,data/tau2_retail,True,False,uniform,0.15,,eval_action_ppl,42,False,False,False,0,3,,,,,,retail_s2_actions_only_lr1e_3_adamw_nb100_heldout-act-prm-ia=0-rr=0-ec=act_prm_tau2_retail-gc=act_prm_actions_only-tc=sft-rbc=default-nb=100-nt=0-mc=hf_qwen3_4b_instruct-lc=r8_a16_linear-nie-00c9fbf0
act_prm_tau2_retail,s2,retail_s2_actions_only_lr1e_3_adamw_nb150_heldout,act_prm/tau2_retail,sft,adamw,0.001,150,,4,4,r8_a16_linear,data/tau2_retail,True,False,uniform,0.15,,eval_action_ppl,42,False,False,False,24,125,20,1.7915,1.9265,2.389,,retail_s2_actions_only_lr1e_3_adamw_nb150_heldout-act-prm-ia=0-rr=0-ec=act_prm_tau2_retail-gc=act_prm_actions_only-tc=sft-rbc=default-nb=150-nt=0-mc=hf_qwen3_4b_instruct-lc=r8_a16_linear-nie-07d6a5bf
act_prm_tau2_retail,s2,retail_s2_actions_only_lr1e_3_adamw_nb200_flat32_heldout,act_prm/tau2_retail,sft_flat,adamw,0.001,200,32,4,4,r8_a16_linear,data/tau2_retail,True,False,uniform,0.15,,eval_actiononly_ppl,42,False,False,False,12,60,30,1.767,2.1524,1.8642,13459.0,retail_s2_actions_only_lr1e_3_adamw_nb200_flat32_heldout-act-prm-ia=0-rr=0-ec=act_prm_tau2_retail-gc=act_prm_actions_only-tc=sft_flat-rbc=default-nb=200-nt=0-mc=hf_qwen3_4b_instruct-lc=r8_a1-d051ef82
act_prm_tau2_retail,s2,retail_s2_actions_only_lr1e_3_adamw_nb6_validate_heldout,act_prm/tau2_retail,sft_flat,adamw,0.001,6,8,4,4,r8_a16_linear,data/tau2_retail,True,False,uniform,0.15,,eval_actiononly_ppl,42,False,False,False,2,5,5,2.3125,2.4827,2.3125,13459.0,retail_s2_actions_only_lr1e_3_adamw_nb6_validate_heldout-act-prm-ia=0-rr=0-ec=act_prm_tau2_retail-gc=act_prm_actions_only-tc=sft_flat-rbc=default-nb=6-nt=0-mc=hf_qwen3_4b_instruct-lc=r8_a16_-35018701
act_prm_tau2_retail,s2,retail_s2_actions_only_lr1e_3_heldout,act_prm/tau2_retail,sft,,0.001,60,,4,4,r8_a16_linear,data/tau2_retail,True,,uniform,0.15,,eval_action_ppl,42,False,False,False,12,59,59,3.6702,3.8355,3.6702,,retail_s2_actions_only_lr1e_3_heldout-act-prm-ia=0-rr=0-ec=act_prm_tau2_retail-gc=act_prm_actions_only-tc=sft-rbc=default-nb=60-nt=0-mc=hf_qwen3_4b_instruct-lc=r8_a16_linear-nie=1-gc=0-nf=0--5bbe1bdf
act_prm_tau2_retail,s2,retail_s2_actions_only_lr1e_3_nb150_heldout,act_prm/tau2_retail,sft,,0.001,150,,4,4,r8_a16_linear,data/tau2_retail,True,,uniform,0.15,,eval_action_ppl,42,False,False,False,30,149,149,3.0719,3.8307,3.0719,,retail_s2_actions_only_lr1e_3_nb150_heldout-act-prm-ia=0-rr=0-ec=act_prm_tau2_retail-gc=act_prm_actions_only-tc=sft-rbc=default-nb=150-nt=0-mc=hf_qwen3_4b_instruct-lc=r8_a16_linear-nie=1-gc=-827deef0
act_prm_tau2_retail,s2,retail_s2_actions_only_lr1e_3_nb200_flat32sgd_heldout,act_prm/tau2_retail,sft_flat,sgd,0.001,200,32,4,4,r8_a16_linear,data/tau2_retail,True,False,uniform,0.15,,eval_actiononly_ppl,42,False,False,False,40,199,199,2.7517,3.847,2.7517,13459.0,retail_s2_actions_only_lr1e_3_nb200_flat32sgd_heldout-act-prm-ia=0-rr=0-ec=act_prm_tau2_retail-gc=act_prm_actions_only-tc=sft_flat-rbc=default-nb=200-nt=0-mc=hf_qwen3_4b_instruct-lc=r8_a16_l-1c2c8e4f
act_prm_tau2_retail,s2,retail_s2_actions_only_lr1e_4_adamw_nb200_flat32_heldout,act_prm/tau2_retail,sft_flat,adamw,0.0001,200,32,4,4,r8_a16_linear,data/tau2_retail,True,False,uniform,0.15,,eval_actiononly_ppl,42,False,False,False,29,145,115,1.7538,2.755,1.8227,13459.0,retail_s2_actions_only_lr1e_4_adamw_nb200_flat32_heldout-act-prm-ia=0-rr=0-ec=act_prm_tau2_retail-gc=act_prm_actions_only-tc=sft_flat-rbc=default-nb=200-nt=0-mc=hf_qwen3_4b_instruct-lc=r8_a1-ea7b4feb
act_prm_tau2_retail,s2,retail_s2_actions_only_lr1e_4_heldout,act_prm/tau2_retail,sft,,0.0001,60,,4,4,r8_a16_linear,data/tau2_retail,True,,uniform,0.15,,eval_action_ppl,42,False,False,False,12,59,50,3.8346,3.8446,3.8354,,retail_s2_actions_only_lr1e_4_heldout-act-prm-ia=0-rr=0-ec=act_prm_tau2_retail-gc=act_prm_actions_only-tc=sft-rbc=default-nb=60-nt=0-mc=hf_qwen3_4b_instruct-lc=r8_a16_linear-nie=1-gc=0-nf=0--36df0255
act_prm_tau2_retail,s2,retail_s2_actions_only_lr3e_3_nb150_heldout,act_prm/tau2_retail,sft,,0.003,150,,4,4,r8_a16_linear,data/tau2_retail,True,,uniform,0.15,,eval_action_ppl,42,False,False,False,30,149,149,2.3422,3.7799,2.3422,,retail_s2_actions_only_lr3e_3_nb150_heldout-act-prm-ia=0-rr=0-ec=act_prm_tau2_retail-gc=act_prm_actions_only-tc=sft-rbc=default-nb=150-nt=0-mc=hf_qwen3_4b_instruct-lc=r8_a16_linear-nie=1-gc=-4bc01552
act_prm_tau2_retail,s2,retail_s2_actions_only_lr3e_3_nb150_heldout_fullctx,act_prm/tau2_retail,sft,,0.003,150,,4,4,r8_a16_linear,data/tau2_retail,False,,uniform,0.15,,eval_action_ppl,42,False,False,False,8,45,40,2.983,3.3412,2.983,,retail_s2_actions_only_lr3e_3_nb150_heldout_fullctx-act-prm-ia=0-rr=0-ec=act_prm_tau2_retail-gc=act_prm_actions_only-tc=sft-rbc=default-nb=150-nt=0-mc=hf_qwen3_4b_instruct-lc=r8_a16_linear-n-393da656
act_prm_tau2_retail,s2,retail_s2_actions_only_lr3e_3_nb200_flat32sgd_heldout,act_prm/tau2_retail,sft_flat,sgd,0.003,200,32,4,4,r8_a16_linear,data/tau2_retail,True,False,uniform,0.15,,eval_actiononly_ppl,42,False,False,False,40,199,199,2.2983,3.8258,2.2983,13459.0,retail_s2_actions_only_lr3e_3_nb200_flat32sgd_heldout-act-prm-ia=0-rr=0-ec=act_prm_tau2_retail-gc=act_prm_actions_only-tc=sft_flat-rbc=default-nb=200-nt=0-mc=hf_qwen3_4b_instruct-lc=r8_a16_l-178b23ae
act_prm_tau2_retail,s2,retail_s2_expert_thoughts_all_lr1e_3_nb200_flat32sgd_heldout,act_prm/tau2_retail,sft_flat,sgd,0.001,200,32,4,4,r8_a16_linear,data/tau2_retail_expert_thoughts_matched,True,True,uniform,0.15,,eval_actiononly_ppl,42,True,False,False,40,199,199,2.2837,2.9671,2.2837,13459.0,retail_s2_expert_thoughts_all_lr1e_3_nb200_flat32sgd_heldout-act-prm-ia=0-rr=0-ec=act_prm_tau2_retail-gc=act_prm_actions_only-tc=sft_flat-rbc=default-nb=200-nt=0-mc=hf_qwen3_4b_instruct-lc=r-9a06591b
act_prm_tau2_retail,s2,retail_s2_expert_thoughts_all_lr1e_4_adamw_nb200_flat32_heldout,act_prm/tau2_retail,sft_flat,adamw,0.0001,200,32,4,4,r8_a16_linear,data/tau2_retail_expert_thoughts_matched,True,True,uniform,0.15,,eval_actiononly_ppl,42,True,False,False,53,120,115,1.634,2.356,1.7873,13459.0,retail_s2_expert_thoughts_all_lr1e_4_adamw_nb200_flat32_heldout-act-prm-ia=0-rr=0-ec=act_prm_tau2_retail-gc=act_prm_actions_only-tc=sft_flat-rbc=default-nb=200-nt=0-mc=hf_qwen3_4b_instruct-l-ca374230
act_prm_tau2_retail,s2,retail_s2_expert_thoughts_all_lr3e_3_nb150_heldout,act_prm/tau2_retail,sft,,0.003,150,,4,4,r8_a16_linear,data/tau2_retail_expert_thoughts,True,True,uniform,0.15,,eval_action_ppl,42,True,False,False,30,149,149,2.2503,2.9336,2.2503,,retail_s2_expert_thoughts_all_lr3e_3_nb150_heldout-act-prm-ia=0-rr=0-ec=act_prm_tau2_retail-gc=act_prm_actions_only-tc=sft-rbc=default-nb=150-nt=0-mc=hf_qwen3_4b_instruct-lc=r8_a16_linear-ni-8ece9847
act_prm_tau2_retail,s2,retail_s2_expert_thoughts_all_lr3e_3_nb150_heldout_fixeval,act_prm/tau2_retail,sft,,0.003,150,,4,4,r8_a16_linear,data/tau2_retail_expert_thoughts,True,True,uniform,0.15,,eval_action_ppl,42,True,False,False,30,149,149,2.1192,2.8685,2.1192,,retail_s2_expert_thoughts_all_lr3e_3_nb150_heldout_fixeval-act-prm-ia=0-rr=0-ec=act_prm_tau2_retail-gc=act_prm_actions_only-tc=sft-rbc=default-nb=150-nt=0-mc=hf_qwen3_4b_instruct-lc=r8_a16_l-a2e2d2ae
act_prm_tau2_retail,s2,retail_s2_expert_thoughts_heldout,act_prm/tau2_retail,sft,,4e-05,60,,4,4,r8_a16_linear,data/tau2_retail_expert_thoughts,True,,uniform,0.15,,eval_action_ppl,42,True,False,False,12,59,50,2.9165,2.9177,2.919,,retail_s2_expert_thoughts_heldout-act-prm-ia=0-rr=0-ec=act_prm_tau2_retail-gc=act_prm_actions_only-tc=sft-rbc=default-nb=60-nt=0-mc=hf_qwen3_4b_instruct-lc=r8_a16_linear-nie=1-gc=0-nf=0-ket=-5ae0595c
act_prm_tau2_retail,s2,retail_s2_expert_thoughts_heldout_fullctx,act_prm/tau2_retail,sft,,4e-05,60,,4,4,r8_a16_linear,data/tau2_retail_expert_thoughts,False,,uniform,0.15,,eval_action_ppl,42,True,False,False,12,59,40,2.8024,2.8045,2.8065,,retail_s2_expert_thoughts_heldout_fullctx-act-prm-ia=0-rr=0-ec=act_prm_tau2_retail-gc=act_prm_actions_only-tc=sft-rbc=default-nb=60-nt=0-mc=hf_qwen3_4b_instruct-lc=r8_a16_linear-nie=1-gc=0-n-17adb4f1
act_prm_tau2_retail,s2,retail_s2_expert_thoughts_lr1e_3_adamw_nb100_heldout,act_prm/tau2_retail,sft,adamw,0.001,100,,4,4,r8_a16_linear,data/tau2_retail_expert_thoughts,True,False,uniform,0.15,,eval_actiononly_ppl,42,True,False,False,11,60,30,1.666,1.8014,1.7078,,retail_s2_expert_thoughts_lr1e_3_adamw_nb100_heldout-act-prm-ia=0-rr=0-ec=act_prm_tau2_retail-gc=act_prm_actions_only-tc=sft-rbc=default-nb=100-nt=0-mc=hf_qwen3_4b_instruct-lc=r8_a16_linear--5459b949
act_prm_tau2_retail,s2,retail_s2_expert_thoughts_lr1e_3_adamw_nb100_heldout,act_prm/tau2_retail,sft,adamw,0.001,100,,4,4,r8_a16_linear,data/tau2_retail_expert_thoughts,True,False,uniform,0.15,,eval_action_ppl,42,True,False,False,6,30,30,1.6634,1.7999,1.6634,,retail_s2_expert_thoughts_lr1e_3_adamw_nb100_heldout-act-prm-ia=0-rr=0-ec=act_prm_tau2_retail-gc=act_prm_actions_only-tc=sft-rbc=default-nb=100-nt=0-mc=hf_qwen3_4b_instruct-lc=r8_a16_linear--a9200222
act_prm_tau2_retail,s2,retail_s2_expert_thoughts_lr1e_3_adamw_nb200_flat32_heldout,act_prm/tau2_retail,sft_flat,adamw,0.001,200,32,4,4,r8_a16_linear,data/tau2_retail_expert_thoughts_matched,True,False,uniform,0.15,,eval_actiononly_ppl,42,True,False,False,17,85,55,1.6409,1.9852,1.702,13459.0,retail_s2_expert_thoughts_lr1e_3_adamw_nb200_flat32_heldout-act-prm-ia=0-rr=0-ec=act_prm_tau2_retail-gc=act_prm_actions_only-tc=sft_flat-rbc=default-nb=200-nt=0-mc=hf_qwen3_4b_instruct-lc=r8-d596939e
act_prm_tau2_retail,s2,retail_s2_expert_thoughts_lr1e_3_adamw_nb6_validate_heldout,act_prm/tau2_retail,sft_flat,adamw,0.001,6,8,4,4,r8_a16_linear,data/tau2_retail_expert_thoughts,True,False,uniform,0.15,,eval_actiononly_ppl,42,True,False,False,2,5,5,2.0729,2.2879,2.0729,18425.0,retail_s2_expert_thoughts_lr1e_3_adamw_nb6_validate_heldout-act-prm-ia=0-rr=0-ec=act_prm_tau2_retail-gc=act_prm_actions_only-tc=sft_flat-rbc=default-nb=6-nt=0-mc=hf_qwen3_4b_instruct-lc=r8_a-8edc9e8e
act_prm_tau2_retail,s2,retail_s2_expert_thoughts_lr1e_4_adamw_nb200_flat32_heldout,act_prm/tau2_retail,sft_flat,adamw,0.0001,200,32,4,4,r8_a16_linear,data/tau2_retail_expert_thoughts_matched,True,False,uniform,0.15,,eval_actiononly_ppl,42,True,False,False,29,145,115,1.6373,2.355,1.6524,13459.0,retail_s2_expert_thoughts_lr1e_4_adamw_nb200_flat32_heldout-act-prm-ia=0-rr=0-ec=act_prm_tau2_retail-gc=act_prm_actions_only-tc=sft_flat-rbc=default-nb=200-nt=0-mc=hf_qwen3_4b_instruct-lc=r8-b9c2afda
act_prm_tau2_retail,s2,retail_s2_expert_thoughts_lr3e_3_nb150_heldout,act_prm/tau2_retail,sft,,0.003,150,,4,4,r8_a16_linear,data/tau2_retail_expert_thoughts,True,,uniform,0.15,,eval_action_ppl,42,True,False,False,30,149,149,2.1071,2.8855,2.1071,,retail_s2_expert_thoughts_lr3e_3_nb150_heldout-act-prm-ia=0-rr=0-ec=act_prm_tau2_retail-gc=act_prm_actions_only-tc=sft-rbc=default-nb=150-nt=0-mc=hf_qwen3_4b_instruct-lc=r8_a16_linear-nie=1--f4656361
act_prm_tau2_retail,s2,retail_s2_thoughts_base_adamw30_lr1e_3_nb200_flat32sgd_heldout,act_prm/tau2_retail,sft_flat,sgd,0.001,200,32,4,4,r8_a16_linear,data/sft_corpus/tau2_retail/base_adamw30,True,False,uniform,0.15,,eval_actiononly_ppl,42,False,False,False,40,199,199,2.5499,3.1858,2.5499,13459.0,retail_s2_thoughts_base_adamw30_lr1e_3_nb200_flat32sgd_heldout-act-prm-ia=0-rr=0-ec=act_prm_tau2_retail-gc=act_prm_actions_only-tc=sft_flat-rbc=default-nb=200-nt=0-mc=hf_qwen3_4b_instruct-lc-0129b620
act_prm_tau2_retail,s2,retail_s2_thoughts_base_heldout,act_prm/tau2_retail,sft,,4e-05,60,,4,4,r8_a16_linear,data/sft_corpus/tau2_retail/base,True,,uniform,0.15,,eval_action_ppl,42,False,False,False,12,59,59,3.1735,3.1746,3.1735,,retail_s2_thoughts_base_heldout-act-prm-ia=0-rr=0-ec=act_prm_tau2_retail-gc=act_prm_actions_only-tc=sft-rbc=default-nb=60-nt=0-mc=hf_qwen3_4b_instruct-lc=r8_a16_linear-nie=1-gc=0-nf=0-lp=0_1-86a38cc0
act_prm_tau2_retail,s2,retail_s2_thoughts_base_heldout_fullctx,act_prm/tau2_retail,sft,,4e-05,60,,4,4,r8_a16_linear,data/sft_corpus/tau2_retail/base,False,,uniform,0.15,,eval_action_ppl,42,False,False,False,12,59,30,2.9999,3.0057,3.0008,,retail_s2_thoughts_base_heldout_fullctx-act-prm-ia=0-rr=0-ec=act_prm_tau2_retail-gc=act_prm_actions_only-tc=sft-rbc=default-nb=60-nt=0-mc=hf_qwen3_4b_instruct-lc=r8_a16_linear-nie=1-gc=0-nf=-14351c55
act_prm_tau2_retail,s2,retail_s2_thoughts_base_last_heldout,act_prm/tau2_retail,sft,,4e-05,60,,4,4,r8_a16_linear,data/sft_corpus/tau2_retail/base_last,True,,uniform,0.15,,eval_action_ppl,42,False,False,False,12,59,59,3.1928,3.1949,3.1928,,retail_s2_thoughts_base_last_heldout-act-prm-ia=0-rr=0-ec=act_prm_tau2_retail-gc=act_prm_actions_only-tc=sft-rbc=default-nb=60-nt=0-mc=hf_qwen3_4b_instruct-lc=r8_a16_linear-nie=1-gc=0-nf=0-l-4774a745
act_prm_tau2_retail,s2,retail_s2_thoughts_base_last_heldout_fullctx,act_prm/tau2_retail,sft,,4e-05,60,,4,4,r8_a16_linear,data/sft_corpus/tau2_retail/base_last,False,,uniform,0.15,,eval_action_ppl,42,False,False,False,12,59,59,2.9816,2.983,2.9816,,retail_s2_thoughts_base_last_heldout_fullctx-act-prm-ia=0-rr=0-ec=act_prm_tau2_retail-gc=act_prm_actions_only-tc=sft-rbc=default-nb=60-nt=0-mc=hf_qwen3_4b_instruct-lc=r8_a16_linear-nie=1-gc=-fd15d648
act_prm_tau2_retail,s2,retail_s2_thoughts_base_lr3e_3_nb150_heldout,act_prm/tau2_retail,sft,,0.003,150,,4,4,r8_a16_linear,data/sft_corpus/tau2_retail/base,True,,uniform,0.15,,eval_action_ppl,42,False,False,False,30,149,149,2.2003,3.1273,2.2003,,retail_s2_thoughts_base_lr3e_3_nb150_heldout-act-prm-ia=0-rr=0-ec=act_prm_tau2_retail-gc=act_prm_actions_only-tc=sft-rbc=default-nb=150-nt=0-mc=hf_qwen3_4b_instruct-lc=r8_a16_linear-nie=1-gc-3b961e82
act_prm_tau2_retail,s2,retail_s2_thoughts_policy_1gen_lr3e_3_nb150_heldout,act_prm/tau2_retail,sft,,0.003,150,,4,4,r8_a16_linear,data/sft_corpus/tau2_retail/policy_1gen,True,False,uniform,0.15,,eval_action_ppl,42,False,False,False,30,149,149,2.2058,3.1357,2.2058,,retail_s2_thoughts_policy_1gen_lr3e_3_nb150_heldout-act-prm-ia=0-rr=0-ec=act_prm_tau2_retail-gc=act_prm_actions_only-tc=sft-rbc=default-nb=150-nt=0-mc=hf_qwen3_4b_instruct-lc=r8_a16_linear-n-99f9aa0d
act_prm_tau2_retail,s2,retail_s2_thoughts_policy_adamw30_lr1e_3_adamw_nb100_heldout,act_prm/tau2_retail,sft,adamw,0.001,100,,4,4,r8_a16_linear,data/sft_corpus/tau2_retail/policy_adamw30,True,False,uniform,0.15,,eval_actiononly_ppl,42,False,False,False,13,70,40,1.7358,1.8959,1.9718,,retail_s2_thoughts_policy_adamw30_lr1e_3_adamw_nb100_heldout-act-prm-ia=0-rr=0-ec=act_prm_tau2_retail-gc=act_prm_actions_only-tc=sft-rbc=default-nb=100-nt=0-mc=hf_qwen3_4b_instruct-lc=r8_a16-b2097f6f
act_prm_tau2_retail,s2,retail_s2_thoughts_policy_adamw30_lr1e_3_adamw_nb200_flat32_heldout,act_prm/tau2_retail,sft_flat,adamw,0.001,200,32,4,4,r8_a16_linear,data/sft_corpus/tau2_retail/policy_adamw30,True,False,uniform,0.15,,eval_actiononly_ppl,42,False,False,False,13,65,35,1.715,2.123,1.8328,13459.0,retail_s2_thoughts_policy_adamw30_lr1e_3_adamw_nb200_flat32_heldout-act-prm-ia=0-rr=0-ec=act_prm_tau2_retail-gc=act_prm_actions_only-tc=sft_flat-rbc=default-nb=200-nt=0-mc=hf_qwen3_4b_instru-0474f413
act_prm_tau2_retail,s2,retail_s2_thoughts_policy_adamw30_lr1e_3_adamw_nb6_validate_heldout,act_prm/tau2_retail,sft_flat,adamw,0.001,6,8,4,4,r8_a16_linear,data/sft_corpus/tau2_retail/policy_adamw30,True,False,uniform,0.15,,eval_actiononly_ppl,42,False,False,False,2,5,5,2.2449,2.3775,2.2449,13459.0,retail_s2_thoughts_policy_adamw30_lr1e_3_adamw_nb6_validate_heldout-act-prm-ia=0-rr=0-ec=act_prm_tau2_retail-gc=act_prm_actions_only-tc=sft_flat-rbc=default-nb=6-nt=0-mc=hf_qwen3_4b_instruct-56ad0f43
act_prm_tau2_retail,s2,retail_s2_thoughts_policy_adamw30_lr1e_3_nb1000_flat32sgd1k_heldout,act_prm/tau2_retail,sft_flat,sgd,0.001,1000,32,4,4,r8_a16_linear,data/sft_corpus/tau2_retail/policy_adamw30,True,False,uniform,0.15,,eval_actiononly_ppl,42,False,False,False,100,999,999,2.2427,3.1089,2.2427,13459.0,retail_s2_thoughts_policy_adamw30_lr1e_3_nb1000_flat32sgd1k_heldout-act-prm-ia=0-rr=0-ec=act_prm_tau2_retail-gc=act_prm_actions_only-tc=sft_flat-rbc=default-nb=1000-nt=0-mc=hf_qwen3_4b_instr-067bc595
act_prm_tau2_retail,s2,retail_s2_thoughts_policy_adamw30_lr1e_3_nb200_flat32sgd_heldout,act_prm/tau2_retail,sft_flat,sgd,0.001,200,32,4,4,r8_a16_linear,data/sft_corpus/tau2_retail/policy_adamw30,True,False,uniform,0.15,,eval_actiononly_ppl,42,False,False,False,40,199,199,2.4625,3.1058,2.4625,13459.0,retail_s2_thoughts_policy_adamw30_lr1e_3_nb200_flat32sgd_heldout-act-prm-ia=0-rr=0-ec=act_prm_tau2_retail-gc=act_prm_actions_only-tc=sft_flat-rbc=default-nb=200-nt=0-mc=hf_qwen3_4b_instruct--812a8e34
act_prm_tau2_retail,s2,retail_s2_thoughts_policy_adamw30_lr1e_4_adamw_nb200_flat32_heldout,act_prm/tau2_retail,sft_flat,adamw,0.0001,200,32,4,4,r8_a16_linear,data/sft_corpus/tau2_retail/policy_adamw30,True,False,uniform,0.15,,eval_actiononly_ppl,42,False,False,False,34,170,140,1.7313,2.5439,1.7659,13459.0,retail_s2_thoughts_policy_adamw30_lr1e_4_adamw_nb200_flat32_heldout-act-prm-ia=0-rr=0-ec=act_prm_tau2_retail-gc=act_prm_actions_only-tc=sft_flat-rbc=default-nb=200-nt=0-mc=hf_qwen3_4b_instru-5e42f640
act_prm_tau2_retail,s2,retail_s2_thoughts_policy_adamw30_lr3e_3_nb200_flat32sgd_heldout,act_prm/tau2_retail,sft_flat,sgd,0.003,200,32,4,4,r8_a16_linear,data/sft_corpus/tau2_retail/policy_adamw30,True,False,uniform,0.15,,eval_actiononly_ppl,42,False,False,False,40,199,199,2.2822,3.0982,2.2822,13459.0,retail_s2_thoughts_policy_adamw30_lr3e_3_nb200_flat32sgd_heldout-act-prm-ia=0-rr=0-ec=act_prm_tau2_retail-gc=act_prm_actions_only-tc=sft_flat-rbc=default-nb=200-nt=0-mc=hf_qwen3_4b_instruct--d46d20a4
act_prm_tau2_retail,s2,retail_s2_thoughts_policy_g8top1_lr1e_3_nb200_flat32sgd_heldout,act_prm/tau2_retail,sft_flat,sgd,0.001,200,32,4,4,r8_a16_linear,data/sft_corpus/tau2_retail/policy_g8_top1,True,False,uniform,0.15,,eval_actiononly_ppl,42,False,False,False,40,199,199,2.4454,3.1073,2.4454,13459.0,retail_s2_thoughts_policy_g8top1_lr1e_3_nb200_flat32sgd_heldout-act-prm-ia=0-rr=0-ec=act_prm_tau2_retail-gc=act_prm_actions_only-tc=sft_flat-rbc=default-nb=200-nt=0-mc=hf_qwen3_4b_instruct-l-f3d2a9bd
act_prm_tau2_retail,s2,retail_s2_thoughts_policy_g8top2_lr1e_3_nb200_flat32sgd_heldout,act_prm/tau2_retail,sft_flat,sgd,0.001,200,32,4,4,r8_a16_linear,data/sft_corpus/tau2_retail/policy_g8_top2,True,False,uniform,0.15,,eval_actiononly_ppl,42,False,False,False,40,199,199,2.4384,3.1101,2.4384,26918.0,retail_s2_thoughts_policy_g8top2_lr1e_3_nb200_flat32sgd_heldout-act-prm-ia=0-rr=0-ec=act_prm_tau2_retail-gc=act_prm_actions_only-tc=sft_flat-rbc=default-nb=200-nt=0-mc=hf_qwen3_4b_instruct-l-bc273f6a
act_prm_tau2_retail,s2,retail_s2_thoughts_policy_g8top4_lr1e_3_nb200_flat32sgd_heldout,act_prm/tau2_retail,sft_flat,sgd,0.001,200,32,4,4,r8_a16_linear,data/sft_corpus/tau2_retail/policy_g8_top4,True,False,uniform,0.15,,eval_actiononly_ppl,42,False,False,False,40,199,199,2.4293,3.1084,2.4293,53836.0,retail_s2_thoughts_policy_g8top4_lr1e_3_nb200_flat32sgd_heldout-act-prm-ia=0-rr=0-ec=act_prm_tau2_retail-gc=act_prm_actions_only-tc=sft_flat-rbc=default-nb=200-nt=0-mc=hf_qwen3_4b_instruct-l-64bfb549
act_prm_tau2_retail,s2,retail_s2_thoughts_policy_heldout,act_prm/tau2_retail,sft,,4e-05,60,,4,4,r8_a16_linear,data/sft_corpus/tau2_retail/policy,True,,uniform,0.15,,eval_action_ppl,42,False,False,False,12,59,30,3.1824,3.1877,3.1869,,retail_s2_thoughts_policy_heldout-act-prm-ia=0-rr=0-ec=act_prm_tau2_retail-gc=act_prm_actions_only-tc=sft-rbc=default-nb=60-nt=0-mc=hf_qwen3_4b_instruct-lc=r8_a16_linear-nie=1-gc=0-nf=0-lp=0-88f0110d
act_prm_tau2_retail,s2,retail_s2_thoughts_policy_heldout_fullctx,act_prm/tau2_retail,sft,,4e-05,60,,4,4,r8_a16_linear,data/sft_corpus/tau2_retail/policy,False,,uniform,0.15,,eval_action_ppl,42,False,False,False,12,59,59,3.0003,3.0049,3.0003,,retail_s2_thoughts_policy_heldout_fullctx-act-prm-ia=0-rr=0-ec=act_prm_tau2_retail-gc=act_prm_actions_only-tc=sft-rbc=default-nb=60-nt=0-mc=hf_qwen3_4b_instruct-lc=r8_a16_linear-nie=1-gc=0-n-ea36f0d0
act_prm_tau2_retail,s2,retail_s2_thoughts_policy_last_heldout,act_prm/tau2_retail,sft,,4e-05,60,,4,4,r8_a16_linear,data/sft_corpus/tau2_retail/policy_last,True,,uniform,0.15,,eval_action_ppl,42,False,False,False,12,59,40,3.2078,3.21,3.2089,,retail_s2_thoughts_policy_last_heldout-act-prm-ia=0-rr=0-ec=act_prm_tau2_retail-gc=act_prm_actions_only-tc=sft-rbc=default-nb=60-nt=0-mc=hf_qwen3_4b_instruct-lc=r8_a16_linear-nie=1-gc=0-nf=0-085705f7
act_prm_tau2_retail,s2,retail_s2_thoughts_policy_last_heldout_fullctx,act_prm/tau2_retail,sft,,4e-05,60,,4,4,r8_a16_linear,data/sft_corpus/tau2_retail/policy_last,False,,uniform,0.15,,eval_action_ppl,42,False,False,False,12,59,30,2.9834,2.9869,2.9845,,retail_s2_thoughts_policy_last_heldout_fullctx-act-prm-ia=0-rr=0-ec=act_prm_tau2_retail-gc=act_prm_actions_only-tc=sft-rbc=default-nb=60-nt=0-mc=hf_qwen3_4b_instruct-lc=r8_a16_linear-nie=1-g-772b690f
act_prm_tau2_retail,s2,retail_s2_thoughts_policy_lr1e_3_nb200_flat32sgdOLDC_heldout,act_prm/tau2_retail,sft_flat,sgd,0.001,200,32,4,4,r8_a16_linear,data/sft_corpus/tau2_retail/policy,True,False,uniform,0.15,,eval_actiononly_ppl,42,False,False,False,40,199,199,2.4182,3.1841,2.4182,13459.0,retail_s2_thoughts_policy_lr1e_3_nb200_flat32sgdOLDC_heldout-act-prm-ia=0-rr=0-ec=act_prm_tau2_retail-gc=act_prm_actions_only-tc=sft_flat-rbc=default-nb=200-nt=0-mc=hf_qwen3_4b_instruct-lc=r-f706a0b2
act_prm_tau2_retail,s2,retail_s2_thoughts_policy_lr3e_3_nb150_heldout,act_prm/tau2_retail,sft,,0.003,150,,4,4,r8_a16_linear,data/sft_corpus/tau2_retail/policy,True,,uniform,0.15,,eval_action_ppl,42,False,False,False,30,149,149,2.2059,3.1397,2.2059,,retail_s2_thoughts_policy_lr3e_3_nb150_heldout-act-prm-ia=0-rr=0-ec=act_prm_tau2_retail-gc=act_prm_actions_only-tc=sft-rbc=default-nb=150-nt=0-mc=hf_qwen3_4b_instruct-lc=r8_a16_linear-nie=1--8a65aa8f
tau2bench_airline,other,,tau2bench/airline,rl,,4e-05,1,,1,2,r8_a16_linear,,False,,,,,final_reward,42,,,False,0,0,,,,,,act-prm-ia=0-rr=0-ec=tau2bench_airline-gc=hf_grpo-tc=pg-rbc=default-nb=1-nt=0-mc=hf_qwen3_4b_instruct-lc=r8_a16_linear-nie=1-gc=0-nf=0-ntt=4-ntt=1-mt=4-mt=128-gs=2-bs=1-s=42-r=0-vr=0
tau2bench_airline_rlvr,rollout,airline_rollout_actions_only_flat32,tau2bench/airline_rlvr,rl,sgd,4e-05,1,,1,2,r8_a16_linear,,True,,,,,final_reward,42,,,True,0,0,,,,,,airline_rollout_actions_only_flat32-act-prm-ia=0-rr=0-ec=tau2bench_airline_rlvr-gc=hf_rlvr-tc=pg-rbc=default-nb=1-nt=1-mc=hf_qwen3_4b_instruct-lc=r8_a16_linear-nie=1-gc=0-nf=0-ho=1-mt=20-mt=-2c4280c9
tau2bench_airline_rlvr,rollout,airline_rollout_actions_only_lr3e_3,tau2bench/airline_rlvr,rl,,4e-05,1,,1,2,r8_a16_linear,,True,,,,,final_reward,42,,,True,0,0,,,,,,airline_rollout_actions_only_lr3e_3-act-prm-ia=0-rr=0-ec=tau2bench_airline_rlvr-gc=hf_rlvr-tc=pg-rbc=default-nb=1-nt=1-mc=hf_qwen3_4b_instruct-lc=r8_a16_linear-nie=1-gc=0-nf=0-ho=1-mt=20-mt=-a1e77fae
tau2bench_airline_rlvr,rollout,airline_rollout_actions_only_sgdlr1e_3_s1234_step_0020,tau2bench/airline_rlvr,rl,sgd,4e-05,1,,1,2,r8_a16_linear,,True,,,,,final_reward,1234,,,True,0,0,,,,,,airline_rollout_actions_only_sgdlr1e_3_s1234_step_0020-act-prm-ia=0-rr=0-ec=tau2bench_airline_rlvr-gc=hf_rlvr-tc=pg-rbc=default-nb=1-nt=1-mc=hf_qwen3_4b_instruct-lc=r8_a16_linear-nie=1-gc=0--fcc372a5
tau2bench_airline_rlvr,rollout,airline_rollout_actions_only_sgdlr1e_3_s777_step_0020,tau2bench/airline_rlvr,rl,sgd,4e-05,1,,1,2,r8_a16_linear,,True,,,,,final_reward,777,,,True,0,0,,,,,,airline_rollout_actions_only_sgdlr1e_3_s777_step_0020-act-prm-ia=0-rr=0-ec=tau2bench_airline_rlvr-gc=hf_rlvr-tc=pg-rbc=default-nb=1-nt=1-mc=hf_qwen3_4b_instruct-lc=r8_a16_linear-nie=1-gc=0-n-85e41f20
tau2bench_airline_rlvr,rollout,airline_rollout_actions_only_sgdlr1e_3_step_0020,tau2bench/airline_rlvr,rl,sgd,4e-05,1,,1,2,r8_a16_linear,,True,,,,,final_reward,42,,,True,0,0,,,,,,airline_rollout_actions_only_sgdlr1e_3_step_0020-act-prm-ia=0-rr=0-ec=tau2bench_airline_rlvr-gc=hf_rlvr-tc=pg-rbc=default-nb=1-nt=1-mc=hf_qwen3_4b_instruct-lc=r8_a16_linear-nie=1-gc=0-nf=0-h-f07e1384
tau2bench_airline_rlvr,rollout,airline_rollout_actions_only_sgdlr1e_3_step_best,tau2bench/airline_rlvr,rl,sgd,4e-05,1,,1,2,r8_a16_linear,,True,,,,,final_reward,42,,,True,0,0,,,,,,airline_rollout_actions_only_sgdlr1e_3_step_best-act-prm-ia=0-rr=0-ec=tau2bench_airline_rlvr-gc=hf_rlvr-tc=pg-rbc=default-nb=1-nt=1-mc=hf_qwen3_4b_instruct-lc=r8_a16_linear-nie=1-gc=0-nf=0-h-69ee2df6
tau2bench_airline_rlvr,rollout,airline_rollout_actions_only_x1seed0,tau2bench/airline_rlvr,rl,,4e-05,1,,1,2,r8_a16_linear,,True,,,,,final_reward,0,,,True,0,0,,,,,,airline_rollout_actions_only_x1seed0-act-prm-ia=0-rr=0-ec=tau2bench_airline_rlvr-gc=hf_rlvr-tc=pg-rbc=default-nb=1-nt=1-mc=hf_qwen3_4b_instruct-lc=r8_a16_linear-nie=1-gc=0-nf=0-ho=1-mt=20-mt-7dfb4fc8
tau2bench_airline_rlvr,rollout,airline_rollout_actions_only_x1seed1,tau2bench/airline_rlvr,rl,,4e-05,1,,1,2,r8_a16_linear,,True,,,,,final_reward,1,,,True,0,0,,,,,,airline_rollout_actions_only_x1seed1-act-prm-ia=0-rr=0-ec=tau2bench_airline_rlvr-gc=hf_rlvr-tc=pg-rbc=default-nb=1-nt=1-mc=hf_qwen3_4b_instruct-lc=r8_a16_linear-nie=1-gc=0-nf=0-ho=1-mt=20-mt-c6e4025f
tau2bench_airline_rlvr,rollout,airline_rollout_actions_only_x1seed42,tau2bench/airline_rlvr,rl,,4e-05,1,,1,2,r8_a16_linear,,True,,,,,final_reward,42,,,True,0,0,,,,,,airline_rollout_actions_only_x1seed42-act-prm-ia=0-rr=0-ec=tau2bench_airline_rlvr-gc=hf_rlvr-tc=pg-rbc=default-nb=1-nt=1-mc=hf_qwen3_4b_instruct-lc=r8_a16_linear-nie=1-gc=0-nf=0-ho=1-mt=20-m-b3aa07f3
tau2bench_airline_rlvr,rollout,airline_rollout_actions_only_x1seed7,tau2bench/airline_rlvr,rl,,4e-05,1,,1,2,r8_a16_linear,,True,,,,,final_reward,7,,,True,0,0,,,,,,airline_rollout_actions_only_x1seed7-act-prm-ia=0-rr=0-ec=tau2bench_airline_rlvr-gc=hf_rlvr-tc=pg-rbc=default-nb=1-nt=1-mc=hf_qwen3_4b_instruct-lc=r8_a16_linear-nie=1-gc=0-nf=0-ho=1-mt=20-mt-ce1fde47
tau2bench_airline_rlvr,rollout,airline_rollout_actions_only_x3,tau2bench/airline_rlvr,rl,,4e-05,1,,1,2,r8_a16_linear,,True,,,,,final_reward,42,,,True,0,0,,,,,,airline_rollout_actions_only_x3-act-prm-ia=0-rr=0-ec=tau2bench_airline_rlvr-gc=hf_rlvr-tc=pg-rbc=default-nb=1-nt=1-mc=hf_qwen3_4b_instruct-lc=r8_a16_linear-nie=1-gc=0-nf=0-ho=1-mt=20-mt=2048-8fae7a7c
tau2bench_airline_rlvr,rollout,airline_rollout_base,tau2bench/airline_rlvr,rl,,4e-05,1,,1,2,r8_a16_linear,,True,,,,,final_reward,42,,,True,0,0,,,,,,airline_rollout_base-act-prm-ia=0-rr=0-ec=tau2bench_airline_rlvr-gc=hf_rlvr-tc=pg-rbc=default-nb=1-nt=1-mc=hf_qwen3_4b_instruct-lc=r8_a16_linear-nie=1-gc=0-nf=0-ho=1-mt=20-mt=2048-df=1_0-gs=-ccb6614c
tau2bench_airline_rlvr,rollout,airline_rollout_expert_thoughts_all_lr3e_3,tau2bench/airline_rlvr,rl,,4e-05,1,,1,2,r8_a16_linear,,True,,,,,final_reward,42,,,True,0,0,,,,,,airline_rollout_expert_thoughts_all_lr3e_3-act-prm-ia=0-rr=0-ec=tau2bench_airline_rlvr-gc=hf_rlvr-tc=pg-rbc=default-nb=1-nt=1-mc=hf_qwen3_4b_instruct-lc=r8_a16_linear-nie=1-gc=0-nf=0-ho=1-mt-13861f68
tau2bench_airline_rlvr,rollout,airline_rollout_expert_thoughts_all_lr3e_3_fixeval,tau2bench/airline_rlvr,rl,,4e-05,1,,1,2,r8_a16_linear,,True,,,,,final_reward,42,,,True,0,0,,,,,,airline_rollout_expert_thoughts_all_lr3e_3_fixeval-act-prm-ia=0-rr=0-ec=tau2bench_airline_rlvr-gc=hf_rlvr-tc=pg-rbc=default-nb=1-nt=1-mc=hf_qwen3_4b_instruct-lc=r8_a16_linear-nie=1-gc=0-nf=0-89b95a26
tau2bench_airline_rlvr,rollout,airline_rollout_expert_thoughts_all_sgdlr1e_3_s1234_step_0020,tau2bench/airline_rlvr,rl,sgd,4e-05,1,,1,2,r8_a16_linear,,True,,,,,final_reward,1234,,,True,0,0,,,,,,airline_rollout_expert_thoughts_all_sgdlr1e_3_s1234_step_0020-act-prm-ia=0-rr=0-ec=tau2bench_airline_rlvr-gc=hf_rlvr-tc=pg-rbc=default-nb=1-nt=1-mc=hf_qwen3_4b_instruct-lc=r8_a16_linear-nie=-f5960cdb
tau2bench_airline_rlvr,rollout,airline_rollout_expert_thoughts_all_sgdlr1e_3_s777_step_0020,tau2bench/airline_rlvr,rl,sgd,4e-05,1,,1,2,r8_a16_linear,,True,,,,,final_reward,777,,,True,0,0,,,,,,airline_rollout_expert_thoughts_all_sgdlr1e_3_s777_step_0020-act-prm-ia=0-rr=0-ec=tau2bench_airline_rlvr-gc=hf_rlvr-tc=pg-rbc=default-nb=1-nt=1-mc=hf_qwen3_4b_instruct-lc=r8_a16_linear-nie=1-a91c957e
tau2bench_airline_rlvr,rollout,airline_rollout_expert_thoughts_all_sgdlr1e_3_step_0020,tau2bench/airline_rlvr,rl,sgd,4e-05,1,,1,2,r8_a16_linear,,True,,,,,final_reward,42,,,True,0,0,,,,,,airline_rollout_expert_thoughts_all_sgdlr1e_3_step_0020-act-prm-ia=0-rr=0-ec=tau2bench_airline_rlvr-gc=hf_rlvr-tc=pg-rbc=default-nb=1-nt=1-mc=hf_qwen3_4b_instruct-lc=r8_a16_linear-nie=1-gc=0-a580bf98
tau2bench_airline_rlvr,rollout,airline_rollout_expert_thoughts_all_sgdlr1e_3_step_best,tau2bench/airline_rlvr,rl,sgd,4e-05,1,,1,2,r8_a16_linear,,True,,,,,final_reward,42,,,True,0,0,,,,,,airline_rollout_expert_thoughts_all_sgdlr1e_3_step_best-act-prm-ia=0-rr=0-ec=tau2bench_airline_rlvr-gc=hf_rlvr-tc=pg-rbc=default-nb=1-nt=1-mc=hf_qwen3_4b_instruct-lc=r8_a16_linear-nie=1-gc=0-73c9e478
tau2bench_airline_rlvr,rollout,airline_rollout_expert_thoughts_lr3e_3,tau2bench/airline_rlvr,rl,,4e-05,1,,1,2,r8_a16_linear,,True,,,,,final_reward,42,,,True,0,0,,,,,,airline_rollout_expert_thoughts_lr3e_3-act-prm-ia=0-rr=0-ec=tau2bench_airline_rlvr-gc=hf_rlvr-tc=pg-rbc=default-nb=1-nt=1-mc=hf_qwen3_4b_instruct-lc=r8_a16_linear-nie=1-gc=0-nf=0-ho=1-mt=20--f4b99687
tau2bench_airline_rlvr,rollout,airline_rollout_expert_thoughts_x3,tau2bench/airline_rlvr,rl,sgd,4e-05,1,,1,2,r8_a16_linear,,True,,,,,final_reward,42,,,True,0,0,,,,,,airline_rollout_expert_thoughts_x3-act-prm-ia=0-rr=0-ec=tau2bench_airline_rlvr-gc=hf_rlvr-tc=pg-rbc=default-nb=1-nt=1-mc=hf_qwen3_4b_instruct-lc=r8_a16_linear-nie=1-gc=0-nf=0-ho=1-mt=20-mt=2-fc6b8046
tau2bench_airline_rlvr,rollout,airline_rollout_thoughts_base_adamw30_sgdlr1e_3_step_0020,tau2bench/airline_rlvr,rl,sgd,4e-05,1,,1,2,r8_a16_linear,,True,,,,,final_reward,42,,,True,0,0,,,,,,airline_rollout_thoughts_base_adamw30_sgdlr1e_3_step_0020-act-prm-ia=0-rr=0-ec=tau2bench_airline_rlvr-gc=hf_rlvr-tc=pg-rbc=default-nb=1-nt=1-mc=hf_qwen3_4b_instruct-lc=r8_a16_linear-nie=1-gc-5d7aa984
tau2bench_airline_rlvr,rollout,airline_rollout_thoughts_base_adamw30_sgdlr1e_3_step_best,tau2bench/airline_rlvr,rl,sgd,4e-05,1,,1,2,r8_a16_linear,,True,,,,,final_reward,42,,,True,0,0,,,,,,airline_rollout_thoughts_base_adamw30_sgdlr1e_3_step_best-act-prm-ia=0-rr=0-ec=tau2bench_airline_rlvr-gc=hf_rlvr-tc=pg-rbc=default-nb=1-nt=1-mc=hf_qwen3_4b_instruct-lc=r8_a16_linear-nie=1-gc-df18cb0e
tau2bench_airline_rlvr,rollout,airline_rollout_thoughts_base_lr3e_3,tau2bench/airline_rlvr,rl,,4e-05,1,,1,2,r8_a16_linear,,True,,,,,final_reward,42,,,True,0,0,,,,,,airline_rollout_thoughts_base_lr3e_3-act-prm-ia=0-rr=0-ec=tau2bench_airline_rlvr-gc=hf_rlvr-tc=pg-rbc=default-nb=1-nt=1-mc=hf_qwen3_4b_instruct-lc=r8_a16_linear-nie=1-gc=0-nf=0-ho=1-mt=20-mt-5dfb01c8
tau2bench_airline_rlvr,rollout,airline_rollout_thoughts_policy_adamw30_flat32,tau2bench/airline_rlvr,rl,sgd,4e-05,1,,1,2,r8_a16_linear,,True,,,,,final_reward,42,,,True,0,0,,,,,,airline_rollout_thoughts_policy_adamw30_flat32-act-prm-ia=0-rr=0-ec=tau2bench_airline_rlvr-gc=hf_rlvr-tc=pg-rbc=default-nb=1-nt=1-mc=hf_qwen3_4b_instruct-lc=r8_a16_linear-nie=1-gc=0-nf=0-ho=-f07b79b3
tau2bench_airline_rlvr,rollout,airline_rollout_thoughts_policy_adamw30_sgdlr1e_3_rep3_step_0020,tau2bench/airline_rlvr,rl,sgd,4e-05,1,,1,2,r8_a16_linear,,True,,,,,final_reward,42,,,True,0,0,,,,,,airline_rollout_thoughts_policy_adamw30_sgdlr1e_3_rep3_step_0020-act-prm-ia=0-rr=0-ec=tau2bench_airline_rlvr-gc=hf_rlvr-tc=pg-rbc=default-nb=1-nt=1-mc=hf_qwen3_4b_instruct-lc=r8_a16_linear-n-5bec8a38
tau2bench_airline_rlvr,rollout,airline_rollout_thoughts_policy_adamw30_sgdlr1e_3_s1234_step_0020,tau2bench/airline_rlvr,rl,sgd,4e-05,1,,1,2,r8_a16_linear,,True,,,,,final_reward,1234,,,True,0,0,,,,,,airline_rollout_thoughts_policy_adamw30_sgdlr1e_3_s1234_step_0020-act-prm-ia=0-rr=0-ec=tau2bench_airline_rlvr-gc=hf_rlvr-tc=pg-rbc=default-nb=1-nt=1-mc=hf_qwen3_4b_instruct-lc=r8_a16_linear--018f461f
tau2bench_airline_rlvr,rollout,airline_rollout_thoughts_policy_adamw30_sgdlr1e_3_s777_step_0020,tau2bench/airline_rlvr,rl,sgd,4e-05,1,,1,2,r8_a16_linear,,True,,,,,final_reward,777,,,True,0,0,,,,,,airline_rollout_thoughts_policy_adamw30_sgdlr1e_3_s777_step_0020-act-prm-ia=0-rr=0-ec=tau2bench_airline_rlvr-gc=hf_rlvr-tc=pg-rbc=default-nb=1-nt=1-mc=hf_qwen3_4b_instruct-lc=r8_a16_linear-n-8c5fe506
tau2bench_airline_rlvr,rollout,airline_rollout_thoughts_policy_adamw30_sgdlr1e_3_step_0020,tau2bench/airline_rlvr,rl,sgd,4e-05,1,,1,2,r8_a16_linear,,True,,,,,final_reward,42,,,True,0,0,,,,,,airline_rollout_thoughts_policy_adamw30_sgdlr1e_3_step_0020-act-prm-ia=0-rr=0-ec=tau2bench_airline_rlvr-gc=hf_rlvr-tc=pg-rbc=default-nb=1-nt=1-mc=hf_qwen3_4b_instruct-lc=r8_a16_linear-nie=1--a93e47d1
tau2bench_airline_rlvr,rollout,airline_rollout_thoughts_policy_adamw30_sgdlr1e_3_step_best,tau2bench/airline_rlvr,rl,sgd,4e-05,1,,1,2,r8_a16_linear,,True,,,,,final_reward,42,,,True,0,0,,,,,,airline_rollout_thoughts_policy_adamw30_sgdlr1e_3_step_best-act-prm-ia=0-rr=0-ec=tau2bench_airline_rlvr-gc=hf_rlvr-tc=pg-rbc=default-nb=1-nt=1-mc=hf_qwen3_4b_instruct-lc=r8_a16_linear-nie=1--2f4669c1
tau2bench_airline_rlvr,rollout,airline_rollout_thoughts_policy_lr3e_3,tau2bench/airline_rlvr,rl,,4e-05,1,,1,2,r8_a16_linear,,True,,,,,final_reward,42,,,True,0,0,,,,,,airline_rollout_thoughts_policy_lr3e_3-act-prm-ia=0-rr=0-ec=tau2bench_airline_rlvr-gc=hf_rlvr-tc=pg-rbc=default-nb=1-nt=1-mc=hf_qwen3_4b_instruct-lc=r8_a16_linear-nie=1-gc=0-nf=0-ho=1-mt=20--5982d65f
tau2bench_airline_rlvr,rollout,airline_rollout_thoughts_policy_x1seed0,tau2bench/airline_rlvr,rl,,4e-05,1,,1,2,r8_a16_linear,,True,,,,,final_reward,0,,,True,0,0,,,,,,airline_rollout_thoughts_policy_x1seed0-act-prm-ia=0-rr=0-ec=tau2bench_airline_rlvr-gc=hf_rlvr-tc=pg-rbc=default-nb=1-nt=1-mc=hf_qwen3_4b_instruct-lc=r8_a16_linear-nie=1-gc=0-nf=0-ho=1-mt=20-7b2c3555
tau2bench_airline_rlvr,rollout,airline_rollout_thoughts_policy_x1seed1,tau2bench/airline_rlvr,rl,,4e-05,1,,1,2,r8_a16_linear,,True,,,,,final_reward,1,,,True,0,0,,,,,,airline_rollout_thoughts_policy_x1seed1-act-prm-ia=0-rr=0-ec=tau2bench_airline_rlvr-gc=hf_rlvr-tc=pg-rbc=default-nb=1-nt=1-mc=hf_qwen3_4b_instruct-lc=r8_a16_linear-nie=1-gc=0-nf=0-ho=1-mt=20-db50b87e
tau2bench_airline_rlvr,rollout,airline_rollout_thoughts_policy_x1seed42,tau2bench/airline_rlvr,rl,,4e-05,1,,1,2,r8_a16_linear,,True,,,,,final_reward,42,,,True,0,0,,,,,,airline_rollout_thoughts_policy_x1seed42-act-prm-ia=0-rr=0-ec=tau2bench_airline_rlvr-gc=hf_rlvr-tc=pg-rbc=default-nb=1-nt=1-mc=hf_qwen3_4b_instruct-lc=r8_a16_linear-nie=1-gc=0-nf=0-ho=1-mt=2-6d828c5b
tau2bench_airline_rlvr,rollout,airline_rollout_thoughts_policy_x1seed7,tau2bench/airline_rlvr,rl,,4e-05,1,,1,2,r8_a16_linear,,True,,,,,final_reward,7,,,True,0,0,,,,,,airline_rollout_thoughts_policy_x1seed7-act-prm-ia=0-rr=0-ec=tau2bench_airline_rlvr-gc=hf_rlvr-tc=pg-rbc=default-nb=1-nt=1-mc=hf_qwen3_4b_instruct-lc=r8_a16_linear-nie=1-gc=0-nf=0-ho=1-mt=20-6ccdd9f7
tau2bench_airline_rlvr,rollout,airline_rollout_thoughts_policy_x3,tau2bench/airline_rlvr,rl,,4e-05,1,,1,2,r8_a16_linear,,True,,,,,final_reward,42,,,True,0,0,,,,,,airline_rollout_thoughts_policy_x3-act-prm-ia=0-rr=0-ec=tau2bench_airline_rlvr-gc=hf_rlvr-tc=pg-rbc=default-nb=1-nt=1-mc=hf_qwen3_4b_instruct-lc=r8_a16_linear-nie=1-gc=0-nf=0-ho=1-mt=20-mt=2-8534c071
tau2bench_retail,other,retail_rl_actions_only,tau2bench/retail,rl,,4e-05,50,,2,4,r8_a16_linear,,False,,,,,final_reward,42,,,False,0,49,,,,,,retail_rl_actions_only-act-prm-ia=0-rr=0-ec=tau2bench_retail-gc=hf_grpo-tc=pg-rbc=default-nb=50-nt=0-mc=hf_qwen3_4b_instruct-lc=r8_a16_linear-nie=1-gc=0-nf=0-mt=20-mt=2048-gs=4-bs=2-s=42-r=0-vr=0
tau2bench_retail,other,retail_rl_base,tau2bench/retail,rl,,4e-05,50,,2,4,r8_a16_linear,,False,,,,,final_reward,42,,,False,0,49,,,,,,retail_rl_base-act-prm-ia=0-rr=0-ec=tau2bench_retail-gc=hf_grpo-tc=pg-rbc=default-nb=50-nt=0-mc=hf_qwen3_4b_instruct-lc=r8_a16_linear-nie=1-gc=0-nf=0-mt=20-mt=2048-gs=4-bs=2-s=42-r=0-vr=0
tau2bench_retail,other,retail_rl_thoughts_base,tau2bench/retail,rl,,4e-05,50,,2,4,r8_a16_linear,,False,,,,,final_reward,42,,,False,0,49,,,,,,retail_rl_thoughts_base-act-prm-ia=0-rr=0-ec=tau2bench_retail-gc=hf_grpo-tc=pg-rbc=default-nb=50-nt=0-mc=hf_qwen3_4b_instruct-lc=r8_a16_linear-nie=1-gc=0-nf=0-mt=20-mt=2048-gs=4-bs=2-s=42-r=0-vr=0
tau2bench_retail,other,retail_rl_thoughts_policy,tau2bench/retail,rl,,4e-05,50,,2,4,r8_a16_linear,,False,,,,,final_reward,42,,,False,0,9,,,,,,retail_rl_thoughts_policy-act-prm-ia=0-rr=0-ec=tau2bench_retail-gc=hf_grpo-tc=pg-rbc=default-nb=50-nt=0-mc=hf_qwen3_4b_instruct-lc=r8_a16_linear-nie=1-gc=0-nf=0-mt=20-mt=2048-gs=4-bs=2-s=42-r=0-vr=0
tau2bench_retail,other,retail_rl_thoughts_policy_last,tau2bench/retail,rl,,4e-05,50,,2,4,r8_a16_linear,,False,,,,,final_reward,42,,,False,0,7,,,,,,retail_rl_thoughts_policy_last-act-prm-ia=0-rr=0-ec=tau2bench_retail-gc=hf_grpo-tc=pg-rbc=default-nb=50-nt=0-mc=hf_qwen3_4b_instruct-lc=r8_a16_linear-nie=1-gc=0-nf=0-mt=20-mt=2048-gs=4-bs=2--31f24dee
tau2bench_retail,other,retail_s3_smoke,tau2bench/retail,rl,,4e-05,1,,1,2,r8_a16_linear,,False,,,,,final_reward,42,,,False,0,0,,,,,,retail_s3_smoke-act-prm-ia=0-rr=0-ec=tau2bench_retail-gc=hf_grpo-tc=pg-rbc=default-nb=1-nt=0-mc=hf_qwen3_4b_instruct-lc=r8_a16_linear-nie=1-gc=0-nf=0-ntt=1-mt=4-mt=2048-gs=2-bs=1-s=42-r=0-vr=0
tau2bench_retail,rollout,retail_rl_actions_only_eval42,tau2bench/retail,rl,,4e-05,1,,2,4,r8_a16_linear,,False,,,,,final_reward,42,,,True,0,0,,,,,,retail_rl_actions_only_eval42-act-prm-ia=0-rr=0-ec=tau2bench_retail-gc=hf_grpo-tc=pg-rbc=default-nb=1-nt=1-mc=hf_qwen3_4b_instruct-lc=r8_a16_linear-nie=1-gc=0-nf=0-mt=20-mt=2048-gs=4-bs=2-s=-636ffe9c
tau2bench_retail,rollout,retail_rl_base_eval42,tau2bench/retail,rl,,4e-05,1,,2,4,r8_a16_linear,,False,,,,,final_reward,42,,,True,0,0,,,,,,retail_rl_base_eval42-act-prm-ia=0-rr=0-ec=tau2bench_retail-gc=hf_grpo-tc=pg-rbc=default-nb=1-nt=1-mc=hf_qwen3_4b_instruct-lc=r8_a16_linear-nie=1-gc=0-nf=0-mt=20-mt=2048-gs=4-bs=2-s=42-r=0-vr=0
tau2bench_retail,rollout,retail_rl_thoughts_base_eval42,tau2bench/retail,rl,,4e-05,1,,2,4,r8_a16_linear,,False,,,,,final_reward,42,,,True,0,0,,,,,,retail_rl_thoughts_base_eval42-act-prm-ia=0-rr=0-ec=tau2bench_retail-gc=hf_grpo-tc=pg-rbc=default-nb=1-nt=1-mc=hf_qwen3_4b_instruct-lc=r8_a16_linear-nie=1-gc=0-nf=0-mt=20-mt=2048-gs=4-bs=2-s-ca44b537
tau2bench_retail_rlvr,other,retail_rlvr_actions_only_hide,tau2bench/retail_rlvr,rl,,4e-05,100,,1,8,r8_a16_linear,,True,,,,,final_reward,42,,,False,0,3,,,,,,retail_rlvr_actions_only_hide-act-prm-ia=0-rr=0-ec=tau2bench_retail_rlvr-gc=hf_rlvr-tc=pg-rbc=default-nb=100-nt=0-mc=hf_qwen3_4b_instruct-lc=r8_a16_linear-nie=1-gc=1-nf=0-ho=1-mt=30-mt=2048--b6bbeefb
tau2bench_retail_rlvr,other,retail_rlvr_actions_only_hide,tau2bench/retail_rlvr,rl,,4e-05,40,,2,4,r8_a16_linear,,True,,,,,final_reward,42,,,False,0,39,,,,,,retail_rlvr_actions_only_hide-act-prm-ia=0-rr=0-ec=tau2bench_retail_rlvr-gc=hf_rlvr-tc=pg-rbc=default-nb=40-nt=0-mc=hf_qwen3_4b_instruct-lc=r8_a16_linear-nie=1-gc=0-nf=0-ho=1-mt=20-mt=2048-d-d26858c0
tau2bench_retail_rlvr,other,retail_rlvr_base,tau2bench/retail_rlvr,rl,,4e-05,100,,1,8,r8_a16_linear,,False,,,,,final_reward,42,,,False,0,8,,,,,,retail_rlvr_base-act-prm-ia=0-rr=0-ec=tau2bench_retail_rlvr-gc=hf_rlvr-tc=pg-rbc=default-nb=100-nt=0-mc=hf_qwen3_4b_instruct-lc=r8_a16_linear-nie=1-gc=1-nf=0-mt=30-mt=2048-df=1_0-gs=8-bs=1-s-6ca13c45
tau2bench_retail_rlvr,other,retail_rlvr_base_hide,tau2bench/retail_rlvr,rl,,4e-05,100,,1,8,r8_a16_linear,,True,,,,,final_reward,42,,,False,0,10,,,,,,retail_rlvr_base_hide-act-prm-ia=0-rr=0-ec=tau2bench_retail_rlvr-gc=hf_rlvr-tc=pg-rbc=default-nb=100-nt=0-mc=hf_qwen3_4b_instruct-lc=r8_a16_linear-nie=1-gc=1-nf=0-ho=1-mt=30-mt=2048-df=1_0-g-65060de1
tau2bench_retail_rlvr,other,retail_rlvr_base_hide,tau2bench/retail_rlvr,rl,,4e-05,40,,2,4,r8_a16_linear,,True,,,,,final_reward,42,,,False,0,39,,,,,,retail_rlvr_base_hide-act-prm-ia=0-rr=0-ec=tau2bench_retail_rlvr-gc=hf_rlvr-tc=pg-rbc=default-nb=40-nt=0-mc=hf_qwen3_4b_instruct-lc=r8_a16_linear-nie=1-gc=0-nf=0-ho=1-mt=20-mt=2048-df=1_0-gs-8ec2e338
tau2bench_retail_rlvr,other,retail_rlvr_smoke,tau2bench/retail_rlvr,rl,,4e-05,1,,1,2,r8_a16_linear,,False,,,,,final_reward,42,,,False,0,0,,,,,,retail_rlvr_smoke-act-prm-ia=0-rr=0-ec=tau2bench_retail_rlvr-gc=hf_rlvr-tc=pg-rbc=default-nb=1-nt=0-mc=hf_qwen3_4b_instruct-lc=r8_a16_linear-nie=1-gc=0-nf=0-ntt=1-mt=4-mt=2048-df=1_0-gs=2-bs-b53065f2
tau2bench_retail_rlvr,other,retail_rlvr_smoke_hide,tau2bench/retail_rlvr,rl,,4e-05,1,,1,2,r8_a16_linear,,True,,,,,final_reward,42,,,False,0,0,,,,,,retail_rlvr_smoke_hide-act-prm-ia=0-rr=0-ec=tau2bench_retail_rlvr-gc=hf_rlvr-tc=pg-rbc=default-nb=1-nt=0-mc=hf_qwen3_4b_instruct-lc=r8_a16_linear-nie=1-gc=0-nf=0-ho=1-ntt=1-mt=4-mt=2048-df=1-a802f4c7
tau2bench_retail_rlvr,other,retail_rlvr_thoughts_base_hide,tau2bench/retail_rlvr,rl,,4e-05,40,,2,4,r8_a16_linear,,True,,,,,final_reward,42,,,False,0,39,,,,,,retail_rlvr_thoughts_base_hide-act-prm-ia=0-rr=0-ec=tau2bench_retail_rlvr-gc=hf_rlvr-tc=pg-rbc=default-nb=40-nt=0-mc=hf_qwen3_4b_instruct-lc=r8_a16_linear-nie=1-gc=0-nf=0-ho=1-mt=20-mt=2048--af6a11cc
tau2bench_retail_rlvr,other,retail_rlvr_thoughts_policy_hide,tau2bench/retail_rlvr,rl,,4e-05,40,,2,4,r8_a16_linear,,True,,,,,final_reward,42,,,False,0,39,,,,,,retail_rlvr_thoughts_policy_hide-act-prm-ia=0-rr=0-ec=tau2bench_retail_rlvr-gc=hf_rlvr-tc=pg-rbc=default-nb=40-nt=0-mc=hf_qwen3_4b_instruct-lc=r8_a16_linear-nie=1-gc=0-nf=0-ho=1-mt=20-mt=204-3dbce2e9
tau2bench_retail_rlvr,rollout,retail_rollout_actions_only_flat32,tau2bench/retail_rlvr,rl,sgd,4e-05,1,,1,2,r8_a16_linear,,True,,,,,final_reward,42,,,True,0,0,,,,,,retail_rollout_actions_only_flat32-act-prm-ia=0-rr=0-ec=tau2bench_retail_rlvr-gc=hf_rlvr-tc=pg-rbc=default-nb=1-nt=1-mc=hf_qwen3_4b_instruct-lc=r8_a16_linear-nie=1-gc=0-nf=0-ho=1-mt=20-mt=20-5b111d1d
tau2bench_retail_rlvr,rollout,retail_rollout_actions_only_flat32_step_0020,tau2bench/retail_rlvr,rl,sgd,4e-05,1,,1,2,r8_a16_linear,,True,,,,,final_reward,42,,,True,0,0,,,,,,retail_rollout_actions_only_flat32_step_0020-act-prm-ia=0-rr=0-ec=tau2bench_retail_rlvr-gc=hf_rlvr-tc=pg-rbc=default-nb=1-nt=1-mc=hf_qwen3_4b_instruct-lc=r8_a16_linear-nie=1-gc=0-nf=0-ho=1-m-80ebd16f
tau2bench_retail_rlvr,rollout,retail_rollout_actions_only_lr1e4_step_best,tau2bench/retail_rlvr,rl,sgd,4e-05,1,,1,2,r8_a16_linear,,True,,,,,final_reward,42,,,True,0,0,,,,,,retail_rollout_actions_only_lr1e4_step_best-act-prm-ia=0-rr=0-ec=tau2bench_retail_rlvr-gc=hf_rlvr-tc=pg-rbc=default-nb=1-nt=1-mc=hf_qwen3_4b_instruct-lc=r8_a16_linear-nie=1-gc=0-nf=0-ho=1-mt-1c9c9df2
tau2bench_retail_rlvr,rollout,retail_rollout_actions_only_lr3e_3,tau2bench/retail_rlvr,rl,,4e-05,1,,1,2,r8_a16_linear,,True,,,,,final_reward,42,,,True,0,0,,,,,,retail_rollout_actions_only_lr3e_3-act-prm-ia=0-rr=0-ec=tau2bench_retail_rlvr-gc=hf_rlvr-tc=pg-rbc=default-nb=1-nt=1-mc=hf_qwen3_4b_instruct-lc=r8_a16_linear-nie=1-gc=0-nf=0-ho=1-mt=20-mt=20-db9e94d8
tau2bench_retail_rlvr,rollout,retail_rollout_actions_only_lr3e_3_smoke,tau2bench/retail_rlvr,rl,,4e-05,1,,1,2,r8_a16_linear,,True,,,,,final_reward,42,,,True,0,0,,,,,,retail_rollout_actions_only_lr3e_3_smoke-act-prm-ia=0-rr=0-ec=tau2bench_retail_rlvr-gc=hf_rlvr-tc=pg-rbc=default-nb=1-nt=1-mc=hf_qwen3_4b_instruct-lc=r8_a16_linear-nie=1-gc=0-nf=0-ho=1-mt=4--d1551a97
tau2bench_retail_rlvr,rollout,retail_rollout_actions_only_sgd3e_3flat_step_best,tau2bench/retail_rlvr,rl,sgd,4e-05,1,,1,2,r8_a16_linear,,True,,,,,final_reward,42,,,True,0,0,,,,,,retail_rollout_actions_only_sgd3e_3flat_step_best-act-prm-ia=0-rr=0-ec=tau2bench_retail_rlvr-gc=hf_rlvr-tc=pg-rbc=default-nb=1-nt=1-mc=hf_qwen3_4b_instruct-lc=r8_a16_linear-nie=1-gc=0-nf=0-h-91456ea1
tau2bench_retail_rlvr,rollout,retail_rollout_actions_only_sgdlr1e_3_s1234_step_0020,tau2bench/retail_rlvr,rl,sgd,4e-05,1,,1,2,r8_a16_linear,,True,,,,,final_reward,1234,,,True,0,0,,,,,,retail_rollout_actions_only_sgdlr1e_3_s1234_step_0020-act-prm-ia=0-rr=0-ec=tau2bench_retail_rlvr-gc=hf_rlvr-tc=pg-rbc=default-nb=1-nt=1-mc=hf_qwen3_4b_instruct-lc=r8_a16_linear-nie=1-gc=0-nf-54ad30ec
tau2bench_retail_rlvr,rollout,retail_rollout_actions_only_sgdlr1e_3_s777_step_0020,tau2bench/retail_rlvr,rl,sgd,4e-05,1,,1,2,r8_a16_linear,,True,,,,,final_reward,777,,,True,0,0,,,,,,retail_rollout_actions_only_sgdlr1e_3_s777_step_0020-act-prm-ia=0-rr=0-ec=tau2bench_retail_rlvr-gc=hf_rlvr-tc=pg-rbc=default-nb=1-nt=1-mc=hf_qwen3_4b_instruct-lc=r8_a16_linear-nie=1-gc=0-nf=-c05e492c
tau2bench_retail_rlvr,rollout,retail_rollout_actions_only_sgdlr1e_3_step_0020,tau2bench/retail_rlvr,rl,sgd,4e-05,1,,1,2,r8_a16_linear,,True,,,,,final_reward,42,,,True,0,0,,,,,,retail_rollout_actions_only_sgdlr1e_3_step_0020-act-prm-ia=0-rr=0-ec=tau2bench_retail_rlvr-gc=hf_rlvr-tc=pg-rbc=default-nb=1-nt=1-mc=hf_qwen3_4b_instruct-lc=r8_a16_linear-nie=1-gc=0-nf=0-ho=-4651ecdc
tau2bench_retail_rlvr,rollout,retail_rollout_actions_only_sgdlr1e_3_step_best,tau2bench/retail_rlvr,rl,sgd,4e-05,1,,1,2,r8_a16_linear,,True,,,,,final_reward,42,,,True,0,0,,,,,,retail_rollout_actions_only_sgdlr1e_3_step_best-act-prm-ia=0-rr=0-ec=tau2bench_retail_rlvr-gc=hf_rlvr-tc=pg-rbc=default-nb=1-nt=1-mc=hf_qwen3_4b_instruct-lc=r8_a16_linear-nie=1-gc=0-nf=0-ho=-dc1f0ff0
tau2bench_retail_rlvr,rollout,retail_rollout_actions_only_x3,tau2bench/retail_rlvr,rl,,4e-05,1,,1,2,r8_a16_linear,,True,,,,,final_reward,42,,,True,0,0,,,,,,retail_rollout_actions_only_x3-act-prm-ia=0-rr=0-ec=tau2bench_retail_rlvr-gc=hf_rlvr-tc=pg-rbc=default-nb=1-nt=1-mc=hf_qwen3_4b_instruct-lc=r8_a16_linear-nie=1-gc=0-nf=0-ho=1-mt=20-mt=2048-d-10c8f92c
tau2bench_retail_rlvr,rollout,retail_rollout_base,tau2bench/retail_rlvr,rl,,4e-05,1,,1,2,r8_a16_linear,,True,,,,,final_reward,42,,,True,0,0,,,,,,retail_rollout_base-act-prm-ia=0-rr=0-ec=tau2bench_retail_rlvr-gc=hf_rlvr-tc=pg-rbc=default-nb=1-nt=1-mc=hf_qwen3_4b_instruct-lc=r8_a16_linear-nie=1-gc=0-nf=0-ho=1-mt=20-mt=2048-df=1_0-gs=2--d1acb3e5
tau2bench_retail_rlvr,rollout,retail_rollout_expert_thoughts_all_lr1e4_step_best,tau2bench/retail_rlvr,rl,sgd,4e-05,1,,1,2,r8_a16_linear,,True,,,,,final_reward,42,,,True,0,0,,,,,,retail_rollout_expert_thoughts_all_lr1e4_step_best-act-prm-ia=0-rr=0-ec=tau2bench_retail_rlvr-gc=hf_rlvr-tc=pg-rbc=default-nb=1-nt=1-mc=hf_qwen3_4b_instruct-lc=r8_a16_linear-nie=1-gc=0-nf=0--fe60b23e
tau2bench_retail_rlvr,rollout,retail_rollout_expert_thoughts_all_lr3e_3,tau2bench/retail_rlvr,rl,,4e-05,1,,1,2,r8_a16_linear,,True,,,,,final_reward,42,,,True,0,0,,,,,,retail_rollout_expert_thoughts_all_lr3e_3-act-prm-ia=0-rr=0-ec=tau2bench_retail_rlvr-gc=hf_rlvr-tc=pg-rbc=default-nb=1-nt=1-mc=hf_qwen3_4b_instruct-lc=r8_a16_linear-nie=1-gc=0-nf=0-ho=1-mt=2-ba9c2cfb
tau2bench_retail_rlvr,rollout,retail_rollout_expert_thoughts_all_lr3e_3_fixeval,tau2bench/retail_rlvr,rl,,4e-05,1,,1,2,r8_a16_linear,,True,,,,,final_reward,42,,,True,0,0,,,,,,retail_rollout_expert_thoughts_all_lr3e_3_fixeval-act-prm-ia=0-rr=0-ec=tau2bench_retail_rlvr-gc=hf_rlvr-tc=pg-rbc=default-nb=1-nt=1-mc=hf_qwen3_4b_instruct-lc=r8_a16_linear-nie=1-gc=0-nf=0-h-bd65e5a2
tau2bench_retail_rlvr,rollout,retail_rollout_expert_thoughts_all_sgdlr1e_3_s1234_step_0020,tau2bench/retail_rlvr,rl,sgd,4e-05,1,,1,2,r8_a16_linear,,True,,,,,final_reward,1234,,,True,0,0,,,,,,retail_rollout_expert_thoughts_all_sgdlr1e_3_s1234_step_0020-act-prm-ia=0-rr=0-ec=tau2bench_retail_rlvr-gc=hf_rlvr-tc=pg-rbc=default-nb=1-nt=1-mc=hf_qwen3_4b_instruct-lc=r8_a16_linear-nie=1--709b0788
tau2bench_retail_rlvr,rollout,retail_rollout_expert_thoughts_all_sgdlr1e_3_s777_step_0020,tau2bench/retail_rlvr,rl,sgd,4e-05,1,,1,2,r8_a16_linear,,True,,,,,final_reward,777,,,True,0,0,,,,,,retail_rollout_expert_thoughts_all_sgdlr1e_3_s777_step_0020-act-prm-ia=0-rr=0-ec=tau2bench_retail_rlvr-gc=hf_rlvr-tc=pg-rbc=default-nb=1-nt=1-mc=hf_qwen3_4b_instruct-lc=r8_a16_linear-nie=1-g-b66dfb17
tau2bench_retail_rlvr,rollout,retail_rollout_expert_thoughts_all_sgdlr1e_3_step_0020,tau2bench/retail_rlvr,rl,sgd,4e-05,1,,1,2,r8_a16_linear,,True,,,,,final_reward,42,,,True,0,0,,,,,,retail_rollout_expert_thoughts_all_sgdlr1e_3_step_0020-act-prm-ia=0-rr=0-ec=tau2bench_retail_rlvr-gc=hf_rlvr-tc=pg-rbc=default-nb=1-nt=1-mc=hf_qwen3_4b_instruct-lc=r8_a16_linear-nie=1-gc=0-n-a602123e
tau2bench_retail_rlvr,rollout,retail_rollout_expert_thoughts_all_sgdlr1e_3_step_best,tau2bench/retail_rlvr,rl,sgd,4e-05,1,,1,2,r8_a16_linear,,True,,,,,final_reward,42,,,True,0,0,,,,,,retail_rollout_expert_thoughts_all_sgdlr1e_3_step_best-act-prm-ia=0-rr=0-ec=tau2bench_retail_rlvr-gc=hf_rlvr-tc=pg-rbc=default-nb=1-nt=1-mc=hf_qwen3_4b_instruct-lc=r8_a16_linear-nie=1-gc=0-n-c24012d0
tau2bench_retail_rlvr,rollout,retail_rollout_expert_thoughts_flat32,tau2bench/retail_rlvr,rl,sgd,4e-05,1,,1,2,r8_a16_linear,,True,,,,,final_reward,42,,,True,0,0,,,,,,retail_rollout_expert_thoughts_flat32-act-prm-ia=0-rr=0-ec=tau2bench_retail_rlvr-gc=hf_rlvr-tc=pg-rbc=default-nb=1-nt=1-mc=hf_qwen3_4b_instruct-lc=r8_a16_linear-nie=1-gc=0-nf=0-ho=1-mt=20-mt-7c88f599
tau2bench_retail_rlvr,rollout,retail_rollout_expert_thoughts_lr3e_3,tau2bench/retail_rlvr,rl,,4e-05,1,,1,2,r8_a16_linear,,True,,,,,final_reward,42,,,True,0,0,,,,,,retail_rollout_expert_thoughts_lr3e_3-act-prm-ia=0-rr=0-ec=tau2bench_retail_rlvr-gc=hf_rlvr-tc=pg-rbc=default-nb=1-nt=1-mc=hf_qwen3_4b_instruct-lc=r8_a16_linear-nie=1-gc=0-nf=0-ho=1-mt=20-mt-20593742
tau2bench_retail_rlvr,rollout,retail_rollout_expert_thoughts_x3,tau2bench/retail_rlvr,rl,sgd,4e-05,1,,1,2,r8_a16_linear,,True,,,,,final_reward,42,,,True,0,0,,,,,,retail_rollout_expert_thoughts_x3-act-prm-ia=0-rr=0-ec=tau2bench_retail_rlvr-gc=hf_rlvr-tc=pg-rbc=default-nb=1-nt=1-mc=hf_qwen3_4b_instruct-lc=r8_a16_linear-nie=1-gc=0-nf=0-ho=1-mt=20-mt=204-0a238b92
tau2bench_retail_rlvr,rollout,retail_rollout_thoughts_base_adamw30_sgdlr1e_3_step_0020,tau2bench/retail_rlvr,rl,sgd,4e-05,1,,1,2,r8_a16_linear,,True,,,,,final_reward,42,,,True,0,0,,,,,,retail_rollout_thoughts_base_adamw30_sgdlr1e_3_step_0020-act-prm-ia=0-rr=0-ec=tau2bench_retail_rlvr-gc=hf_rlvr-tc=pg-rbc=default-nb=1-nt=1-mc=hf_qwen3_4b_instruct-lc=r8_a16_linear-nie=1-gc=0-05517b79
tau2bench_retail_rlvr,rollout,retail_rollout_thoughts_base_adamw30_sgdlr1e_3_step_best,tau2bench/retail_rlvr,rl,sgd,4e-05,1,,1,2,r8_a16_linear,,True,,,,,final_reward,42,,,True,0,0,,,,,,retail_rollout_thoughts_base_adamw30_sgdlr1e_3_step_best-act-prm-ia=0-rr=0-ec=tau2bench_retail_rlvr-gc=hf_rlvr-tc=pg-rbc=default-nb=1-nt=1-mc=hf_qwen3_4b_instruct-lc=r8_a16_linear-nie=1-gc=0-efd6b05c
tau2bench_retail_rlvr,rollout,retail_rollout_thoughts_base_lr3e_3,tau2bench/retail_rlvr,rl,,4e-05,1,,1,2,r8_a16_linear,,True,,,,,final_reward,42,,,True,0,0,,,,,,retail_rollout_thoughts_base_lr3e_3-act-prm-ia=0-rr=0-ec=tau2bench_retail_rlvr-gc=hf_rlvr-tc=pg-rbc=default-nb=1-nt=1-mc=hf_qwen3_4b_instruct-lc=r8_a16_linear-nie=1-gc=0-nf=0-ho=1-mt=20-mt=2-0afc8f1f
tau2bench_retail_rlvr,rollout,retail_rollout_thoughts_policy_1gen_lr3e_3,tau2bench/retail_rlvr,rl,,4e-05,1,,1,2,r8_a16_linear,,True,,,,,final_reward,42,,,True,0,0,,,,,,retail_rollout_thoughts_policy_1gen_lr3e_3-act-prm-ia=0-rr=0-ec=tau2bench_retail_rlvr-gc=hf_rlvr-tc=pg-rbc=default-nb=1-nt=1-mc=hf_qwen3_4b_instruct-lc=r8_a16_linear-nie=1-gc=0-nf=0-ho=1-mt=-6dc317b3
tau2bench_retail_rlvr,rollout,retail_rollout_thoughts_policy_adamw30_flat32,tau2bench/retail_rlvr,rl,sgd,4e-05,1,,1,2,r8_a16_linear,,True,,,,,final_reward,42,,,True,0,0,,,,,,retail_rollout_thoughts_policy_adamw30_flat32-act-prm-ia=0-rr=0-ec=tau2bench_retail_rlvr-gc=hf_rlvr-tc=pg-rbc=default-nb=1-nt=1-mc=hf_qwen3_4b_instruct-lc=r8_a16_linear-nie=1-gc=0-nf=0-ho=1--aa37d926
tau2bench_retail_rlvr,rollout,retail_rollout_thoughts_policy_adamw30_flat32_step_0020,tau2bench/retail_rlvr,rl,sgd,4e-05,1,,1,2,r8_a16_linear,,True,,,,,final_reward,42,,,True,0,0,,,,,,retail_rollout_thoughts_policy_adamw30_flat32_step_0020-act-prm-ia=0-rr=0-ec=tau2bench_retail_rlvr-gc=hf_rlvr-tc=pg-rbc=default-nb=1-nt=1-mc=hf_qwen3_4b_instruct-lc=r8_a16_linear-nie=1-gc=0--d210249d
tau2bench_retail_rlvr,rollout,retail_rollout_thoughts_policy_adamw30_lr1e4_step_0020,tau2bench/retail_rlvr,rl,sgd,4e-05,1,,1,2,r8_a16_linear,,True,,,,,final_reward,42,,,True,0,0,,,,,,retail_rollout_thoughts_policy_adamw30_lr1e4_step_0020-act-prm-ia=0-rr=0-ec=tau2bench_retail_rlvr-gc=hf_rlvr-tc=pg-rbc=default-nb=1-nt=1-mc=hf_qwen3_4b_instruct-lc=r8_a16_linear-nie=1-gc=0-n-f88932e4
tau2bench_retail_rlvr,rollout,retail_rollout_thoughts_policy_adamw30_lr1e4_step_0060,tau2bench/retail_rlvr,rl,sgd,4e-05,1,,1,2,r8_a16_linear,,True,,,,,final_reward,42,,,True,0,0,,,,,,retail_rollout_thoughts_policy_adamw30_lr1e4_step_0060-act-prm-ia=0-rr=0-ec=tau2bench_retail_rlvr-gc=hf_rlvr-tc=pg-rbc=default-nb=1-nt=1-mc=hf_qwen3_4b_instruct-lc=r8_a16_linear-nie=1-gc=0-n-7c0bb547
tau2bench_retail_rlvr,rollout,retail_rollout_thoughts_policy_adamw30_lr1e4_step_best,tau2bench/retail_rlvr,rl,sgd,4e-05,1,,1,2,r8_a16_linear,,True,,,,,final_reward,42,,,True,0,0,,,,,,retail_rollout_thoughts_policy_adamw30_lr1e4_step_best-act-prm-ia=0-rr=0-ec=tau2bench_retail_rlvr-gc=hf_rlvr-tc=pg-rbc=default-nb=1-nt=1-mc=hf_qwen3_4b_instruct-lc=r8_a16_linear-nie=1-gc=0-n-f7376186
tau2bench_retail_rlvr,rollout,retail_rollout_thoughts_policy_adamw30_lr3e_3_smoke,tau2bench/retail_rlvr,rl,sgd,4e-05,1,,1,2,r8_a16_linear,,True,,,,,final_reward,42,,,True,0,0,,,,,,retail_rollout_thoughts_policy_adamw30_lr3e_3_smoke-act-prm-ia=0-rr=0-ec=tau2bench_retail_rlvr-gc=hf_rlvr-tc=pg-rbc=default-nb=1-nt=1-mc=hf_qwen3_4b_instruct-lc=r8_a16_linear-nie=1-gc=0-nf=0-0fa67a84
tau2bench_retail_rlvr,rollout,retail_rollout_thoughts_policy_adamw30_sgd1e_3_nb1k_step_0020,tau2bench/retail_rlvr,rl,sgd,4e-05,1,,1,2,r8_a16_linear,,True,,,,,final_reward,42,,,True,0,0,,,,,,retail_rollout_thoughts_policy_adamw30_sgd1e_3_nb1k_step_0020-act-prm-ia=0-rr=0-ec=tau2bench_retail_rlvr-gc=hf_rlvr-tc=pg-rbc=default-nb=1-nt=1-mc=hf_qwen3_4b_instruct-lc=r8_a16_linear-nie=1-52c90d54
tau2bench_retail_rlvr,rollout,retail_rollout_thoughts_policy_adamw30_sgd1e_3_nb1k_step_best,tau2bench/retail_rlvr,rl,sgd,4e-05,1,,1,2,r8_a16_linear,,True,,,,,final_reward,42,,,True,0,0,,,,,,retail_rollout_thoughts_policy_adamw30_sgd1e_3_nb1k_step_best-act-prm-ia=0-rr=0-ec=tau2bench_retail_rlvr-gc=hf_rlvr-tc=pg-rbc=default-nb=1-nt=1-mc=hf_qwen3_4b_instruct-lc=r8_a16_linear-nie=1-fc934db4
tau2bench_retail_rlvr,rollout,retail_rollout_thoughts_policy_adamw30_sgd3e_3flat_step_best,tau2bench/retail_rlvr,rl,sgd,4e-05,1,,1,2,r8_a16_linear,,True,,,,,final_reward,42,,,True,0,0,,,,,,retail_rollout_thoughts_policy_adamw30_sgd3e_3flat_step_best-act-prm-ia=0-rr=0-ec=tau2bench_retail_rlvr-gc=hf_rlvr-tc=pg-rbc=default-nb=1-nt=1-mc=hf_qwen3_4b_instruct-lc=r8_a16_linear-nie=1--5824a904
tau2bench_retail_rlvr,rollout,retail_rollout_thoughts_policy_adamw30_sgdlr1e_3_rep3_step_0020,tau2bench/retail_rlvr,rl,sgd,4e-05,1,,1,2,r8_a16_linear,,True,,,,,final_reward,42,,,True,0,0,,,,,,retail_rollout_thoughts_policy_adamw30_sgdlr1e_3_rep3_step_0020-act-prm-ia=0-rr=0-ec=tau2bench_retail_rlvr-gc=hf_rlvr-tc=pg-rbc=default-nb=1-nt=1-mc=hf_qwen3_4b_instruct-lc=r8_a16_linear-nie-0a10743d
tau2bench_retail_rlvr,rollout,retail_rollout_thoughts_policy_adamw30_sgdlr1e_3_s1234_step_0020,tau2bench/retail_rlvr,rl,sgd,4e-05,1,,1,2,r8_a16_linear,,True,,,,,final_reward,1234,,,True,0,0,,,,,,retail_rollout_thoughts_policy_adamw30_sgdlr1e_3_s1234_step_0020-act-prm-ia=0-rr=0-ec=tau2bench_retail_rlvr-gc=hf_rlvr-tc=pg-rbc=default-nb=1-nt=1-mc=hf_qwen3_4b_instruct-lc=r8_a16_linear-ni-55260f94
tau2bench_retail_rlvr,rollout,retail_rollout_thoughts_policy_adamw30_sgdlr1e_3_s777_step_0020,tau2bench/retail_rlvr,rl,sgd,4e-05,1,,1,2,r8_a16_linear,,True,,,,,final_reward,777,,,True,0,0,,,,,,retail_rollout_thoughts_policy_adamw30_sgdlr1e_3_s777_step_0020-act-prm-ia=0-rr=0-ec=tau2bench_retail_rlvr-gc=hf_rlvr-tc=pg-rbc=default-nb=1-nt=1-mc=hf_qwen3_4b_instruct-lc=r8_a16_linear-nie-6a4b1c9a
tau2bench_retail_rlvr,rollout,retail_rollout_thoughts_policy_adamw30_sgdlr1e_3_step_0020,tau2bench/retail_rlvr,rl,sgd,4e-05,1,,1,2,r8_a16_linear,,True,,,,,final_reward,42,,,True,0,0,,,,,,retail_rollout_thoughts_policy_adamw30_sgdlr1e_3_step_0020-act-prm-ia=0-rr=0-ec=tau2bench_retail_rlvr-gc=hf_rlvr-tc=pg-rbc=default-nb=1-nt=1-mc=hf_qwen3_4b_instruct-lc=r8_a16_linear-nie=1-gc-e81a2b4e
tau2bench_retail_rlvr,rollout,retail_rollout_thoughts_policy_adamw30_sgdlr1e_3_step_best,tau2bench/retail_rlvr,rl,sgd,4e-05,1,,1,2,r8_a16_linear,,True,,,,,final_reward,42,,,True,0,0,,,,,,retail_rollout_thoughts_policy_adamw30_sgdlr1e_3_step_best-act-prm-ia=0-rr=0-ec=tau2bench_retail_rlvr-gc=hf_rlvr-tc=pg-rbc=default-nb=1-nt=1-mc=hf_qwen3_4b_instruct-lc=r8_a16_linear-nie=1-gc-dc9f1f37
tau2bench_retail_rlvr,rollout,retail_rollout_thoughts_policy_g8top1_g8top1_step_0020,tau2bench/retail_rlvr,rl,sgd,4e-05,1,,1,2,r8_a16_linear,,True,,,,,final_reward,42,,,True,0,0,,,,,,retail_rollout_thoughts_policy_g8top1_g8top1_step_0020-act-prm-ia=0-rr=0-ec=tau2bench_retail_rlvr-gc=hf_rlvr-tc=pg-rbc=default-nb=1-nt=1-mc=hf_qwen3_4b_instruct-lc=r8_a16_linear-nie=1-gc=0-n-3e6a9c6e
tau2bench_retail_rlvr,rollout,retail_rollout_thoughts_policy_g8top1_g8top1_step_best,tau2bench/retail_rlvr,rl,sgd,4e-05,1,,1,2,r8_a16_linear,,True,,,,,final_reward,42,,,True,0,0,,,,,,retail_rollout_thoughts_policy_g8top1_g8top1_step_best-act-prm-ia=0-rr=0-ec=tau2bench_retail_rlvr-gc=hf_rlvr-tc=pg-rbc=default-nb=1-nt=1-mc=hf_qwen3_4b_instruct-lc=r8_a16_linear-nie=1-gc=0-n-6b12085a
tau2bench_retail_rlvr,rollout,retail_rollout_thoughts_policy_g8top2_g8top2_step_0020,tau2bench/retail_rlvr,rl,sgd,4e-05,1,,1,2,r8_a16_linear,,True,,,,,final_reward,42,,,True,0,0,,,,,,retail_rollout_thoughts_policy_g8top2_g8top2_step_0020-act-prm-ia=0-rr=0-ec=tau2bench_retail_rlvr-gc=hf_rlvr-tc=pg-rbc=default-nb=1-nt=1-mc=hf_qwen3_4b_instruct-lc=r8_a16_linear-nie=1-gc=0-n-81e533e1
tau2bench_retail_rlvr,rollout,retail_rollout_thoughts_policy_g8top2_g8top2_step_best,tau2bench/retail_rlvr,rl,sgd,4e-05,1,,1,2,r8_a16_linear,,True,,,,,final_reward,42,,,True,0,0,,,,,,retail_rollout_thoughts_policy_g8top2_g8top2_step_best-act-prm-ia=0-rr=0-ec=tau2bench_retail_rlvr-gc=hf_rlvr-tc=pg-rbc=default-nb=1-nt=1-mc=hf_qwen3_4b_instruct-lc=r8_a16_linear-nie=1-gc=0-n-2b63a5df
tau2bench_retail_rlvr,rollout,retail_rollout_thoughts_policy_g8top4_g8top4_step_0020,tau2bench/retail_rlvr,rl,sgd,4e-05,1,,1,2,r8_a16_linear,,True,,,,,final_reward,42,,,True,0,0,,,,,,retail_rollout_thoughts_policy_g8top4_g8top4_step_0020-act-prm-ia=0-rr=0-ec=tau2bench_retail_rlvr-gc=hf_rlvr-tc=pg-rbc=default-nb=1-nt=1-mc=hf_qwen3_4b_instruct-lc=r8_a16_linear-nie=1-gc=0-n-6086db66
tau2bench_retail_rlvr,rollout,retail_rollout_thoughts_policy_g8top4_g8top4_step_best,tau2bench/retail_rlvr,rl,sgd,4e-05,1,,1,2,r8_a16_linear,,True,,,,,final_reward,42,,,True,0,0,,,,,,retail_rollout_thoughts_policy_g8top4_g8top4_step_best-act-prm-ia=0-rr=0-ec=tau2bench_retail_rlvr-gc=hf_rlvr-tc=pg-rbc=default-nb=1-nt=1-mc=hf_qwen3_4b_instruct-lc=r8_a16_linear-nie=1-gc=0-n-85fbd6ec
tau2bench_retail_rlvr,rollout,retail_rollout_thoughts_policy_lr3e_3,tau2bench/retail_rlvr,rl,,4e-05,1,,1,2,r8_a16_linear,,True,,,,,final_reward,42,,,True,0,0,,,,,,retail_rollout_thoughts_policy_lr3e_3-act-prm-ia=0-rr=0-ec=tau2bench_retail_rlvr-gc=hf_rlvr-tc=pg-rbc=default-nb=1-nt=1-mc=hf_qwen3_4b_instruct-lc=r8_a16_linear-nie=1-gc=0-nf=0-ho=1-mt=20-mt-3cec8c83
tau2bench_retail_rlvr,rollout,retail_rollout_thoughts_policy_sgd1e_3_oldcorpus_step_0020,tau2bench/retail_rlvr,rl,sgd,4e-05,1,,1,2,r8_a16_linear,,True,,,,,final_reward,42,,,True,0,0,,,,,,retail_rollout_thoughts_policy_sgd1e_3_oldcorpus_step_0020-act-prm-ia=0-rr=0-ec=tau2bench_retail_rlvr-gc=hf_rlvr-tc=pg-rbc=default-nb=1-nt=1-mc=hf_qwen3_4b_instruct-lc=r8_a16_linear-nie=1-gc-31bd7c4b
tau2bench_retail_rlvr,rollout,retail_rollout_thoughts_policy_sgd1e_3_oldcorpus_step_best,tau2bench/retail_rlvr,rl,sgd,4e-05,1,,1,2,r8_a16_linear,,True,,,,,final_reward,42,,,True,0,0,,,,,,retail_rollout_thoughts_policy_sgd1e_3_oldcorpus_step_best-act-prm-ia=0-rr=0-ec=tau2bench_retail_rlvr-gc=hf_rlvr-tc=pg-rbc=default-nb=1-nt=1-mc=hf_qwen3_4b_instruct-lc=r8_a16_linear-nie=1-gc-fb5d5307
tau2bench_retail_rlvr,rollout,retail_rollout_thoughts_policy_x3,tau2bench/retail_rlvr,rl,,4e-05,1,,1,2,r8_a16_linear,,True,,,,,final_reward,42,,,True,0,0,,,,,,retail_rollout_thoughts_policy_x3-act-prm-ia=0-rr=0-ec=tau2bench_retail_rlvr-gc=hf_rlvr-tc=pg-rbc=default-nb=1-nt=1-mc=hf_qwen3_4b_instruct-lc=r8_a16_linear-nie=1-gc=0-nf=0-ho=1-mt=20-mt=204-70ddcb4c
